CountyName,CustomersServed,CustomersAffected,timestamp,EMC
Dale,0,27,05-23-2024 17:10:01,PEA River Electric Coop
Dale,0,27,05-23-2024 17:25:01,PEA River Electric Coop
Dale,0,27,05-23-2024 17:40:01,PEA River Electric Coop
Dale,0,27,05-23-2024 17:55:01,PEA River Electric Coop
Barbour,0,2,05-23-2024 19:40:01,PEA River Electric Coop
Barbour,0,2,05-23-2024 19:55:01,PEA River Electric Coop
Barbour,0,2,05-23-2024 20:10:01,PEA River Electric Coop
Barbour,0,2,05-23-2024 20:25:01,PEA River Electric Coop
Dale,0,1,05-24-2024 12:10:02,PEA River Electric Coop
Dale,0,1,05-24-2024 12:25:01,PEA River Electric Coop
Dale,0,1,05-24-2024 12:40:02,PEA River Electric Coop
Dale,0,1,05-24-2024 12:55:02,PEA River Electric Coop
Dale,0,1,05-24-2024 13:10:01,PEA River Electric Coop
Barbour,0,3,05-24-2024 13:10:01,PEA River Electric Coop
Dale,0,3,05-24-2024 13:25:01,PEA River Electric Coop
Barbour,0,3,05-24-2024 13:25:01,PEA River Electric Coop
Dale,0,24,05-24-2024 13:40:01,PEA River Electric Coop
Barbour,0,3,05-24-2024 13:40:01,PEA River Electric Coop
Dale,0,24,05-24-2024 13:55:02,PEA River Electric Coop
Barbour,0,3,05-24-2024 13:55:02,PEA River Electric Coop
Dale,0,24,05-24-2024 14:10:01,PEA River Electric Coop
Dale,0,24,05-24-2024 14:25:02,PEA River Electric Coop
Henry,0,1,05-24-2024 14:25:02,PEA River Electric Coop
Dale,0,1,05-24-2024 14:40:01,PEA River Electric Coop
Henry,0,1,05-24-2024 14:40:01,PEA River Electric Coop
Dale,0,1,05-24-2024 14:55:01,PEA River Electric Coop
Henry,0,1,05-24-2024 14:55:01,PEA River Electric Coop
Henry,0,1,05-24-2024 15:10:01,PEA River Electric Coop
Henry,0,1,05-24-2024 15:25:01,PEA River Electric Coop
Henry,0,1,05-24-2024 15:40:02,PEA River Electric Coop
Dale,0,1,05-24-2024 19:25:02,PEA River Electric Coop
Dale,0,2,05-24-2024 19:40:01,PEA River Electric Coop
Dale,0,2,05-24-2024 19:55:01,PEA River Electric Coop
Dale,0,1,05-24-2024 20:10:05,PEA River Electric Coop
Dale,0,1,05-24-2024 20:25:01,PEA River Electric Coop
Dale,0,3,05-24-2024 20:55:01,PEA River Electric Coop
Dale,0,3,05-24-2024 21:10:01,PEA River Electric Coop
Dale,0,62,05-25-2024 02:10:01,PEA River Electric Coop
Dale,0,63,05-25-2024 02:25:01,PEA River Electric Coop
Dale,0,63,05-25-2024 02:40:01,PEA River Electric Coop
Barbour,0,2,05-25-2024 15:10:07,PEA River Electric Coop
Barbour,0,2,05-25-2024 15:25:13,PEA River Electric Coop
Barbour,0,2,05-25-2024 15:40:06,PEA River Electric Coop
Dale,0,1,05-25-2024 15:55:13,PEA River Electric Coop
Barbour,0,2,05-25-2024 15:55:13,PEA River Electric Coop
Dale,0,1,05-25-2024 16:10:07,PEA River Electric Coop
Barbour,0,2,05-25-2024 16:10:07,PEA River Electric Coop
Dale,0,1,05-25-2024 16:25:03,PEA River Electric Coop
Barbour,0,2,05-25-2024 16:25:03,PEA River Electric Coop
Dale,0,1,05-25-2024 16:40:05,PEA River Electric Coop
Barbour,0,2,05-25-2024 16:40:05,PEA River Electric Coop
Barbour,0,2,05-25-2024 16:55:03,PEA River Electric Coop
Barbour,0,2,05-25-2024 17:10:04,PEA River Electric Coop
Barbour,0,2,05-25-2024 17:25:03,PEA River Electric Coop
Dale,0,1,05-25-2024 19:10:02,PEA River Electric Coop
Dale,0,2,05-25-2024 19:25:03,PEA River Electric Coop
Dale,0,122,05-25-2024 19:40:06,PEA River Electric Coop
Coffee,0,11,05-25-2024 19:40:06,PEA River Electric Coop
Dale,0,137,05-25-2024 19:55:05,PEA River Electric Coop
Coffee,0,14,05-25-2024 19:55:05,PEA River Electric Coop
Dale,0,258,05-25-2024 20:10:02,PEA River Electric Coop
Henry,0,1,05-25-2024 20:10:02,PEA River Electric Coop
Coffee,0,14,05-25-2024 20:10:02,PEA River Electric Coop
Dale,0,258,05-25-2024 20:25:04,PEA River Electric Coop
Henry,0,1,05-25-2024 20:25:04,PEA River Electric Coop
Coffee,0,14,05-25-2024 20:25:04,PEA River Electric Coop
Dale,0,258,05-25-2024 20:40:01,PEA River Electric Coop
Henry,0,1,05-25-2024 20:40:01,PEA River Electric Coop
Coffee,0,14,05-25-2024 20:40:01,PEA River Electric Coop
Dale,0,258,05-25-2024 20:55:03,PEA River Electric Coop
Henry,0,1,05-25-2024 20:55:03,PEA River Electric Coop
Coffee,0,14,05-25-2024 20:55:03,PEA River Electric Coop
Dale,0,259,05-25-2024 21:10:01,PEA River Electric Coop
Henry,0,1,05-25-2024 21:10:01,PEA River Electric Coop
Coffee,0,14,05-25-2024 21:10:01,PEA River Electric Coop
Dale,0,259,05-25-2024 21:25:01,PEA River Electric Coop
Henry,0,1,05-25-2024 21:25:01,PEA River Electric Coop
Coffee,0,14,05-25-2024 21:25:01,PEA River Electric Coop
Dale,0,259,05-25-2024 21:40:01,PEA River Electric Coop
Henry,0,1,05-25-2024 21:40:01,PEA River Electric Coop
Coffee,0,14,05-25-2024 21:40:01,PEA River Electric Coop
Dale,0,260,05-25-2024 21:55:01,PEA River Electric Coop
Henry,0,1,05-25-2024 21:55:01,PEA River Electric Coop
Coffee,0,14,05-25-2024 21:55:01,PEA River Electric Coop
Dale,0,260,05-25-2024 22:10:02,PEA River Electric Coop
Henry,0,1,05-25-2024 22:10:02,PEA River Electric Coop
Coffee,0,14,05-25-2024 22:10:02,PEA River Electric Coop
Dale,0,260,05-25-2024 22:25:05,PEA River Electric Coop
Henry,0,1,05-25-2024 22:25:05,PEA River Electric Coop
Coffee,0,14,05-25-2024 22:25:05,PEA River Electric Coop
Dale,0,262,05-25-2024 22:40:05,PEA River Electric Coop
Henry,0,1,05-25-2024 22:40:05,PEA River Electric Coop
Coffee,0,14,05-25-2024 22:40:05,PEA River Electric Coop
Dale,0,205,05-25-2024 22:55:05,PEA River Electric Coop
Henry,0,1,05-25-2024 22:55:05,PEA River Electric Coop
Coffee,0,14,05-25-2024 22:55:05,PEA River Electric Coop
Dale,0,205,05-25-2024 23:10:04,PEA River Electric Coop
Henry,0,1,05-25-2024 23:10:04,PEA River Electric Coop
Coffee,0,14,05-25-2024 23:10:04,PEA River Electric Coop
Dale,0,205,05-25-2024 23:25:05,PEA River Electric Coop
Henry,0,1,05-25-2024 23:25:05,PEA River Electric Coop
Coffee,0,14,05-25-2024 23:25:05,PEA River Electric Coop
Dale,0,205,05-25-2024 23:40:12,PEA River Electric Coop
Henry,0,1,05-25-2024 23:40:12,PEA River Electric Coop
Coffee,0,14,05-25-2024 23:40:12,PEA River Electric Coop
Dale,0,13,05-25-2024 23:55:04,PEA River Electric Coop
Henry,0,1,05-25-2024 23:55:04,PEA River Electric Coop
Dale,0,13,05-26-2024 00:10:08,PEA River Electric Coop
Dale,0,13,05-26-2024 00:25:04,PEA River Electric Coop
Dale,0,10,05-26-2024 00:40:13,PEA River Electric Coop
Dale,0,10,05-26-2024 00:55:05,PEA River Electric Coop
Dale,0,10,05-26-2024 01:10:01,PEA River Electric Coop
Dale,0,10,05-26-2024 01:25:06,PEA River Electric Coop
Dale,0,10,05-26-2024 01:40:04,PEA River Electric Coop
Dale,0,10,05-26-2024 01:55:05,PEA River Electric Coop
Dale,0,45,05-26-2024 02:10:04,PEA River Electric Coop
Dale,0,45,05-26-2024 02:25:06,PEA River Electric Coop
Barbour,0,1,05-26-2024 08:55:01,PEA River Electric Coop
Barbour,0,1,05-26-2024 09:10:05,PEA River Electric Coop
Barbour,0,1,05-26-2024 09:25:03,PEA River Electric Coop
Barbour,0,1,05-26-2024 09:40:01,PEA River Electric Coop
Dale,0,1,05-26-2024 17:25:01,PEA River Electric Coop
Dale,0,1,05-26-2024 17:40:01,PEA River Electric Coop
Dale,0,1,05-26-2024 17:55:07,PEA River Electric Coop
Dale,0,1,05-26-2024 18:10:03,PEA River Electric Coop
Dale,0,1,05-27-2024 00:55:09,PEA River Electric Coop
Dale,0,1,05-27-2024 01:10:09,PEA River Electric Coop
Dale,0,1,05-27-2024 01:25:10,PEA River Electric Coop
Dale,0,4,05-27-2024 11:40:10,PEA River Electric Coop
Dale,0,4,05-27-2024 12:10:01,PEA River Electric Coop
Dale,0,4,05-27-2024 12:25:06,PEA River Electric Coop
Barbour,0,2,05-27-2024 12:25:06,PEA River Electric Coop
Dale,0,4,05-27-2024 12:40:07,PEA River Electric Coop
Barbour,0,2,05-27-2024 12:40:07,PEA River Electric Coop
Dale,0,4,05-27-2024 12:55:05,PEA River Electric Coop
Barbour,0,2,05-27-2024 12:55:05,PEA River Electric Coop
Barbour,0,2,05-27-2024 13:10:08,PEA River Electric Coop
Barbour,0,1,05-27-2024 16:40:01,PEA River Electric Coop
Dale,0,1,05-27-2024 16:55:01,PEA River Electric Coop
Barbour,0,1,05-27-2024 16:55:01,PEA River Electric Coop
Dale,0,1,05-27-2024 17:10:02,PEA River Electric Coop
Dale,0,1,05-27-2024 17:25:01,PEA River Electric Coop
Dale,0,1,05-27-2024 17:40:01,PEA River Electric Coop
Dale,0,2,05-28-2024 00:40:05,PEA River Electric Coop
Dale,0,21,05-28-2024 00:55:05,PEA River Electric Coop
Dale,0,178,05-28-2024 01:10:03,PEA River Electric Coop
Dale,0,178,05-28-2024 01:25:06,PEA River Electric Coop
Dale,0,159,05-28-2024 01:40:08,PEA River Electric Coop
Dale,0,159,05-28-2024 01:55:05,PEA River Electric Coop
Dale,0,159,05-28-2024 02:10:08,PEA River Electric Coop
Dale,0,159,05-28-2024 02:25:07,PEA River Electric Coop
Dale,0,1,05-28-2024 02:40:05,PEA River Electric Coop
Dale,0,3,05-28-2024 13:10:01,PEA River Electric Coop
Dale,0,3,05-28-2024 13:25:02,PEA River Electric Coop
Dale,0,3,05-28-2024 13:40:02,PEA River Electric Coop
Dale,0,3,05-28-2024 13:55:08,PEA River Electric Coop
Barbour,0,1,05-28-2024 17:55:02,PEA River Electric Coop
Barbour,0,1,05-28-2024 18:25:01,PEA River Electric Coop
Barbour,0,1,05-28-2024 18:40:01,PEA River Electric Coop
Barbour,0,1,05-28-2024 18:55:01,PEA River Electric Coop
Barbour,0,1,05-28-2024 19:10:02,PEA River Electric Coop
Barbour,0,1,05-28-2024 19:25:02,PEA River Electric Coop
Barbour,0,1,05-28-2024 19:40:01,PEA River Electric Coop
Henry,0,1,05-29-2024 11:10:01,PEA River Electric Coop
Henry,0,1,05-29-2024 11:25:01,PEA River Electric Coop
Henry,0,1,05-29-2024 11:40:01,PEA River Electric Coop
Henry,0,1,05-29-2024 11:55:01,PEA River Electric Coop
Henry,0,1,05-29-2024 12:10:01,PEA River Electric Coop
Henry,0,1,05-29-2024 12:25:01,PEA River Electric Coop
Henry,0,1,05-29-2024 12:40:01,PEA River Electric Coop
Henry,0,1,05-29-2024 12:55:01,PEA River Electric Coop
Dale,0,2,05-29-2024 13:55:02,PEA River Electric Coop
Dale,0,2,05-29-2024 14:10:01,PEA River Electric Coop
Dale,0,2,05-29-2024 14:25:01,PEA River Electric Coop
Dale,0,5,05-29-2024 14:40:02,PEA River Electric Coop
Barbour,0,11,05-29-2024 15:25:13,PEA River Electric Coop
Barbour,0,11,05-29-2024 15:40:01,PEA River Electric Coop
Dale,0,1,05-29-2024 18:10:01,PEA River Electric Coop
Dale,0,1,05-29-2024 18:25:02,PEA River Electric Coop
Barbour,0,1,05-30-2024 00:25:01,PEA River Electric Coop
Barbour,0,1,05-30-2024 00:40:01,PEA River Electric Coop
Barbour,0,1,05-30-2024 00:55:00,PEA River Electric Coop
Dale,0,1,05-30-2024 11:25:03,PEA River Electric Coop
Dale,0,1,05-30-2024 11:40:02,PEA River Electric Coop
Barbour,0,2,05-30-2024 11:40:02,PEA River Electric Coop
Dale,0,1,05-30-2024 11:55:01,PEA River Electric Coop
Barbour,0,2,05-30-2024 11:55:01,PEA River Electric Coop
Dale,0,1,05-30-2024 12:10:02,PEA River Electric Coop
Barbour,0,2,05-30-2024 12:10:02,PEA River Electric Coop
Barbour,0,2,05-30-2024 12:25:01,PEA River Electric Coop
Dale,0,5,05-30-2024 21:55:01,PEA River Electric Coop
Dale,0,3,05-31-2024 05:10:03,PEA River Electric Coop
Henry,0,1,06-01-2024 13:55:05,PEA River Electric Coop
Henry,0,11,06-01-2024 14:10:04,PEA River Electric Coop
Barbour,0,5,06-01-2024 14:10:04,PEA River Electric Coop
Henry,0,11,06-01-2024 14:25:07,PEA River Electric Coop
Barbour,0,5,06-01-2024 14:25:07,PEA River Electric Coop
Henry,0,11,06-01-2024 14:40:04,PEA River Electric Coop
Barbour,0,5,06-01-2024 14:40:04,PEA River Electric Coop
Henry,0,11,06-01-2024 14:55:04,PEA River Electric Coop
Barbour,0,5,06-01-2024 14:55:04,PEA River Electric Coop
Dale,0,1,06-01-2024 15:10:03,PEA River Electric Coop
Dale,0,1,06-01-2024 15:25:03,PEA River Electric Coop
Dale,0,5,06-01-2024 15:40:03,PEA River Electric Coop
Dale,0,594,06-01-2024 19:55:09,PEA River Electric Coop
Dale,0,671,06-01-2024 20:10:05,PEA River Electric Coop
Dale,0,671,06-01-2024 20:25:02,PEA River Electric Coop
Dale,0,671,06-01-2024 20:40:04,PEA River Electric Coop
Dale,0,671,06-01-2024 20:55:02,PEA River Electric Coop
Dale,0,671,06-01-2024 21:10:04,PEA River Electric Coop
Dale,0,671,06-01-2024 21:25:06,PEA River Electric Coop
Dale,0,3,06-01-2024 21:55:07,PEA River Electric Coop
Dale,0,4,06-01-2024 22:10:04,PEA River Electric Coop
Dale,0,3,06-01-2024 22:25:04,PEA River Electric Coop
Dale,0,3,06-02-2024 20:55:01,PEA River Electric Coop
Dale,0,3,06-02-2024 21:10:03,PEA River Electric Coop
Dale,0,3,06-02-2024 21:25:03,PEA River Electric Coop
Dale,0,3,06-02-2024 21:40:04,PEA River Electric Coop
Dale,0,1,06-03-2024 01:10:09,PEA River Electric Coop
Dale,0,1,06-03-2024 01:25:08,PEA River Electric Coop
Dale,0,1,06-03-2024 01:40:04,PEA River Electric Coop
Dale,0,1,06-03-2024 01:55:08,PEA River Electric Coop
Barbour,0,1,06-03-2024 08:25:10,PEA River Electric Coop
Barbour,0,1,06-03-2024 08:40:15,PEA River Electric Coop
Barbour,0,1,06-03-2024 08:55:10,PEA River Electric Coop
Dale,0,1,06-03-2024 13:10:14,PEA River Electric Coop
Dale,0,1,06-03-2024 19:40:01,PEA River Electric Coop
Dale,0,1,06-03-2024 19:55:01,PEA River Electric Coop
Dale,0,1,06-03-2024 20:10:01,PEA River Electric Coop
Dale,0,1,06-03-2024 20:25:01,PEA River Electric Coop
Dale,0,1,06-03-2024 20:40:01,PEA River Electric Coop
Dale,0,1,06-03-2024 20:55:01,PEA River Electric Coop
Dale,0,1,06-03-2024 21:10:01,PEA River Electric Coop
Dale,0,1,06-03-2024 21:25:01,PEA River Electric Coop
Dale,0,1,06-03-2024 21:40:10,PEA River Electric Coop
Dale,0,1,06-03-2024 21:55:05,PEA River Electric Coop
Dale,0,1,06-03-2024 22:10:07,PEA River Electric Coop
Henry,0,1,06-03-2024 22:10:07,PEA River Electric Coop
Dale,0,1,06-03-2024 22:25:01,PEA River Electric Coop
Henry,0,1,06-03-2024 22:25:01,PEA River Electric Coop
Henry,0,1,06-03-2024 22:40:01,PEA River Electric Coop
Dale,0,1,06-04-2024 00:25:01,PEA River Electric Coop
Dale,0,1,06-04-2024 00:40:01,PEA River Electric Coop
Barbour,0,1,06-04-2024 02:25:03,PEA River Electric Coop
Barbour,0,1,06-04-2024 02:40:04,PEA River Electric Coop
Dale,0,45,06-04-2024 02:55:04,PEA River Electric Coop
Barbour,0,55,06-04-2024 02:55:04,PEA River Electric Coop
Dale,0,45,06-04-2024 03:10:00,PEA River Electric Coop
Barbour,0,55,06-04-2024 03:10:00,PEA River Electric Coop
Dale,0,45,06-04-2024 03:25:04,PEA River Electric Coop
Barbour,0,55,06-04-2024 03:25:04,PEA River Electric Coop
Barbour,0,1,06-04-2024 14:10:01,PEA River Electric Coop
Barbour,0,39,06-04-2024 14:25:01,PEA River Electric Coop
Barbour,0,39,06-04-2024 14:40:03,PEA River Electric Coop
Dale,0,1,06-04-2024 15:25:01,PEA River Electric Coop
Barbour,0,3,06-05-2024 00:55:01,PEA River Electric Coop
Barbour,0,3,06-05-2024 01:10:01,PEA River Electric Coop
Barbour,0,3,06-05-2024 01:25:04,PEA River Electric Coop
Barbour,0,2,06-05-2024 12:10:13,PEA River Electric Coop
Barbour,0,2,06-05-2024 12:25:05,PEA River Electric Coop
Barbour,0,2,06-05-2024 12:40:01,PEA River Electric Coop
Barbour,0,2,06-05-2024 12:55:02,PEA River Electric Coop
Barbour,0,2,06-05-2024 13:10:14,PEA River Electric Coop
Dale,0,18,06-05-2024 19:10:03,PEA River Electric Coop
Dale,0,18,06-05-2024 19:25:02,PEA River Electric Coop
Dale,0,93,06-05-2024 19:40:01,PEA River Electric Coop
Dale,0,93,06-05-2024 19:55:05,PEA River Electric Coop
Dale,0,93,06-05-2024 20:10:01,PEA River Electric Coop
Dale,0,93,06-05-2024 20:25:01,PEA River Electric Coop
Barbour,0,1,06-06-2024 10:10:05,PEA River Electric Coop
Barbour,0,1,06-06-2024 10:25:05,PEA River Electric Coop
Barbour,0,1,06-06-2024 10:40:09,PEA River Electric Coop
Barbour,0,10,06-06-2024 13:55:02,PEA River Electric Coop
Dale,0,3,06-06-2024 15:55:01,PEA River Electric Coop
Dale,0,3,06-06-2024 16:10:06,PEA River Electric Coop
Henry,0,46,06-06-2024 17:10:02,PEA River Electric Coop
Henry,0,46,06-06-2024 17:25:01,PEA River Electric Coop
Henry,0,53,06-06-2024 17:40:02,PEA River Electric Coop
Henry,0,53,06-06-2024 17:55:02,PEA River Electric Coop
Henry,0,53,06-06-2024 18:10:01,PEA River Electric Coop
Henry,0,53,06-06-2024 18:25:01,PEA River Electric Coop
Henry,0,53,06-06-2024 18:40:01,PEA River Electric Coop
Henry,0,53,06-06-2024 18:55:01,PEA River Electric Coop
Dale,0,1,06-06-2024 19:10:01,PEA River Electric Coop
Henry,0,53,06-06-2024 19:10:01,PEA River Electric Coop
Dale,0,1,06-06-2024 19:25:01,PEA River Electric Coop
Henry,0,1,06-06-2024 19:25:01,PEA River Electric Coop
Dale,0,2,06-06-2024 19:40:01,PEA River Electric Coop
Henry,0,1,06-06-2024 19:40:01,PEA River Electric Coop
Dale,0,2,06-06-2024 19:55:01,PEA River Electric Coop
Dale,0,2,06-06-2024 20:10:01,PEA River Electric Coop
Dale,0,2,06-06-2024 20:25:01,PEA River Electric Coop
Dale,0,1,06-06-2024 20:40:01,PEA River Electric Coop
Dale,0,1,06-06-2024 23:25:02,PEA River Electric Coop
Dale,0,1,06-06-2024 23:40:00,PEA River Electric Coop
Dale,0,1,06-06-2024 23:55:07,PEA River Electric Coop
Dale,0,3,06-07-2024 12:55:12,PEA River Electric Coop
Dale,0,3,06-07-2024 13:10:01,PEA River Electric Coop
Dale,0,3,06-07-2024 13:25:02,PEA River Electric Coop
Dale,0,3,06-07-2024 13:55:08,PEA River Electric Coop
Dale,0,3,06-07-2024 14:25:02,PEA River Electric Coop
Dale,0,3,06-07-2024 14:40:01,PEA River Electric Coop
Dale,0,3,06-07-2024 14:55:03,PEA River Electric Coop
Dale,0,3,06-07-2024 15:10:05,PEA River Electric Coop
Dale,0,3,06-07-2024 15:25:03,PEA River Electric Coop
Dale,0,3,06-07-2024 15:40:01,PEA River Electric Coop
Dale,0,3,06-07-2024 15:55:03,PEA River Electric Coop
Henry,0,1,06-08-2024 02:25:00,PEA River Electric Coop
Dale,0,1,06-08-2024 15:55:01,PEA River Electric Coop
Dale,0,5,06-08-2024 16:55:01,PEA River Electric Coop
Dale,0,5,06-08-2024 17:10:01,PEA River Electric Coop
Dale,0,5,06-08-2024 17:25:01,PEA River Electric Coop
Dale,0,5,06-08-2024 17:40:01,PEA River Electric Coop
Henry,0,1,06-08-2024 19:55:01,PEA River Electric Coop
Henry,0,1,06-08-2024 20:10:01,PEA River Electric Coop
Henry,0,1,06-08-2024 20:25:01,PEA River Electric Coop
Henry,0,2,06-08-2024 23:10:01,PEA River Electric Coop
Henry,0,2,06-08-2024 23:25:01,PEA River Electric Coop
Henry,0,2,06-08-2024 23:40:01,PEA River Electric Coop
Henry,0,2,06-08-2024 23:55:01,PEA River Electric Coop
Dale,0,1,06-09-2024 11:25:08,PEA River Electric Coop
Dale,0,1,06-09-2024 11:40:12,PEA River Electric Coop
Dale,0,1,06-09-2024 11:55:03,PEA River Electric Coop
Dale,0,1,06-09-2024 12:10:09,PEA River Electric Coop
Barbour,0,1,06-10-2024 14:55:01,PEA River Electric Coop
Barbour,0,1,06-10-2024 15:10:02,PEA River Electric Coop
Barbour,0,1,06-10-2024 15:25:01,PEA River Electric Coop
Henry,0,26,06-10-2024 20:10:01,PEA River Electric Coop
Henry,0,26,06-10-2024 20:25:02,PEA River Electric Coop
Henry,0,26,06-10-2024 20:40:02,PEA River Electric Coop
Henry,0,26,06-10-2024 20:55:01,PEA River Electric Coop
Henry,0,26,06-10-2024 21:10:02,PEA River Electric Coop
Henry,0,26,06-10-2024 21:25:02,PEA River Electric Coop
Henry,0,26,06-10-2024 21:40:01,PEA River Electric Coop
Henry,0,26,06-10-2024 21:55:01,PEA River Electric Coop
Henry,0,26,06-10-2024 22:10:03,PEA River Electric Coop
Henry,0,26,06-10-2024 22:25:03,PEA River Electric Coop
Henry,0,26,06-10-2024 22:40:02,PEA River Electric Coop
Henry,0,26,06-10-2024 22:55:02,PEA River Electric Coop
Henry,0,26,06-10-2024 23:10:06,PEA River Electric Coop
Dale,0,5,06-11-2024 00:10:05,PEA River Electric Coop
Dale,0,5,06-11-2024 00:25:03,PEA River Electric Coop
Dale,0,5,06-11-2024 00:40:03,PEA River Electric Coop
Henry,0,1,06-11-2024 11:55:01,PEA River Electric Coop
Henry,0,1,06-11-2024 12:10:02,PEA River Electric Coop
Henry,0,1,06-11-2024 12:40:01,PEA River Electric Coop
Henry,0,1,06-11-2024 12:55:01,PEA River Electric Coop
Henry,0,26,06-11-2024 17:25:01,PEA River Electric Coop
Henry,0,26,06-11-2024 17:40:01,PEA River Electric Coop
Henry,0,26,06-11-2024 17:55:02,PEA River Electric Coop
Henry,0,26,06-11-2024 18:10:01,PEA River Electric Coop
Henry,0,26,06-11-2024 18:25:01,PEA River Electric Coop
Henry,0,27,06-11-2024 18:40:01,PEA River Electric Coop
Henry,0,27,06-11-2024 18:55:01,PEA River Electric Coop
Henry,0,1,06-11-2024 19:10:01,PEA River Electric Coop
Henry,0,1,06-11-2024 19:25:01,PEA River Electric Coop
Henry,0,1,06-11-2024 19:40:01,PEA River Electric Coop
Dale,0,1,06-12-2024 13:40:01,PEA River Electric Coop
Dale,0,1,06-12-2024 13:55:01,PEA River Electric Coop
Dale,0,1,06-12-2024 14:10:01,PEA River Electric Coop
Dale,0,1,06-12-2024 14:25:02,PEA River Electric Coop
Dale,0,1,06-12-2024 14:40:01,PEA River Electric Coop
Henry,0,2,06-12-2024 21:40:01,PEA River Electric Coop
Henry,0,2,06-12-2024 21:55:01,PEA River Electric Coop
Henry,0,2,06-12-2024 22:10:03,PEA River Electric Coop
Henry,0,2,06-12-2024 22:25:05,PEA River Electric Coop
Henry,0,2,06-12-2024 22:40:04,PEA River Electric Coop
Dale,0,1,06-13-2024 01:10:03,PEA River Electric Coop
Dale,0,1,06-13-2024 01:25:04,PEA River Electric Coop
Dale,0,1,06-13-2024 01:40:03,PEA River Electric Coop
Dale,0,1,06-13-2024 01:55:03,PEA River Electric Coop
Henry,0,1,06-13-2024 12:40:03,PEA River Electric Coop
Henry,0,1,06-13-2024 12:55:02,PEA River Electric Coop
Barbour,0,1,06-13-2024 16:10:01,PEA River Electric Coop
Barbour,0,1,06-13-2024 16:25:02,PEA River Electric Coop
Barbour,0,1,06-13-2024 16:40:01,PEA River Electric Coop
Barbour,0,1,06-13-2024 16:55:01,PEA River Electric Coop
Barbour,0,1,06-13-2024 17:10:02,PEA River Electric Coop
Barbour,0,1,06-13-2024 17:25:01,PEA River Electric Coop
Barbour,0,1,06-13-2024 17:40:01,PEA River Electric Coop
Barbour,0,1,06-13-2024 17:55:03,PEA River Electric Coop
Barbour,0,1,06-13-2024 18:10:02,PEA River Electric Coop
Barbour,0,1,06-13-2024 18:25:03,PEA River Electric Coop
Barbour,0,1,06-13-2024 18:40:01,PEA River Electric Coop
Dale,0,1,06-14-2024 00:55:03,PEA River Electric Coop
Dale,0,1,06-14-2024 01:10:05,PEA River Electric Coop
Dale,0,1,06-14-2024 01:25:07,PEA River Electric Coop
Dale,0,1,06-14-2024 01:40:08,PEA River Electric Coop
Dale,0,1,06-14-2024 01:55:03,PEA River Electric Coop
Dale,0,2,06-14-2024 23:10:03,PEA River Electric Coop
Dale,0,2,06-14-2024 23:25:04,PEA River Electric Coop
Dale,0,2,06-14-2024 23:40:03,PEA River Electric Coop
Dale,0,4,06-15-2024 12:10:02,PEA River Electric Coop
Dale,0,4,06-15-2024 12:25:06,PEA River Electric Coop
Dale,0,4,06-15-2024 12:40:05,PEA River Electric Coop
Dale,0,4,06-15-2024 12:55:06,PEA River Electric Coop
Dale,0,3,06-15-2024 13:25:04,PEA River Electric Coop
Dale,0,3,06-15-2024 13:40:07,PEA River Electric Coop
Dale,0,3,06-15-2024 13:55:05,PEA River Electric Coop
Dale,0,3,06-15-2024 14:10:08,PEA River Electric Coop
Dale,0,3,06-15-2024 14:25:05,PEA River Electric Coop
Dale,0,3,06-15-2024 14:40:04,PEA River Electric Coop
Barbour,0,1,06-15-2024 14:40:04,PEA River Electric Coop
Barbour,0,1,06-15-2024 14:55:04,PEA River Electric Coop
Barbour,0,1,06-15-2024 15:10:05,PEA River Electric Coop
Dale,0,4,06-15-2024 15:25:08,PEA River Electric Coop
Dale,0,4,06-15-2024 15:40:07,PEA River Electric Coop
Dale,0,4,06-15-2024 15:55:03,PEA River Electric Coop
Dale,0,6,06-15-2024 16:10:04,PEA River Electric Coop
Dale,0,2,06-15-2024 16:25:05,PEA River Electric Coop
Henry,0,1,06-15-2024 22:10:03,PEA River Electric Coop
Henry,0,1,06-15-2024 22:25:06,PEA River Electric Coop
Henry,0,1,06-15-2024 22:40:03,PEA River Electric Coop
Henry,0,1,06-15-2024 22:55:04,PEA River Electric Coop
Henry,0,1,06-15-2024 23:10:05,PEA River Electric Coop
Henry,0,1,06-15-2024 23:25:05,PEA River Electric Coop
Henry,0,1,06-15-2024 23:40:05,PEA River Electric Coop
Henry,0,1,06-15-2024 23:55:05,PEA River Electric Coop
Henry,0,1,06-16-2024 01:10:04,PEA River Electric Coop
Henry,0,1,06-16-2024 01:25:03,PEA River Electric Coop
Henry,0,1,06-16-2024 01:40:01,PEA River Electric Coop
Henry,0,1,06-16-2024 01:55:01,PEA River Electric Coop
Henry,0,2,06-16-2024 23:25:02,PEA River Electric Coop
Henry,0,2,06-16-2024 23:40:03,PEA River Electric Coop
Dale,0,1,06-17-2024 00:55:03,PEA River Electric Coop
Dale,0,1,06-17-2024 01:10:07,PEA River Electric Coop
Dale,0,31,06-17-2024 02:55:03,PEA River Electric Coop
Dale,0,31,06-17-2024 03:10:05,PEA River Electric Coop
Dale,0,31,06-17-2024 03:25:04,PEA River Electric Coop
Dale,0,31,06-17-2024 03:40:06,PEA River Electric Coop
Dale,0,31,06-17-2024 03:55:05,PEA River Electric Coop
Dale,0,31,06-17-2024 04:10:06,PEA River Electric Coop
Dale,0,31,06-17-2024 04:25:04,PEA River Electric Coop
Dale,0,31,06-17-2024 04:40:08,PEA River Electric Coop
Dale,0,2,06-17-2024 12:40:11,PEA River Electric Coop
Dale,0,2,06-17-2024 12:55:09,PEA River Electric Coop
Dale,0,2,06-17-2024 13:10:07,PEA River Electric Coop
Barbour,0,1,06-17-2024 15:10:17,PEA River Electric Coop
Barbour,0,1,06-17-2024 15:25:07,PEA River Electric Coop
Barbour,0,1,06-17-2024 15:40:08,PEA River Electric Coop
Barbour,0,1,06-17-2024 15:55:06,PEA River Electric Coop
Barbour,0,1,06-17-2024 16:10:04,PEA River Electric Coop
Dale,0,1,06-18-2024 00:25:03,PEA River Electric Coop
Dale,0,1,06-18-2024 00:40:02,PEA River Electric Coop
Dale,0,1,06-18-2024 00:55:03,PEA River Electric Coop
Dale,0,1,06-18-2024 01:10:03,PEA River Electric Coop
Dale,0,1,06-18-2024 01:25:01,PEA River Electric Coop
Dale,0,1,06-18-2024 01:40:02,PEA River Electric Coop
Henry,0,1,06-18-2024 01:40:02,PEA River Electric Coop
Henry,0,1,06-18-2024 01:55:01,PEA River Electric Coop
Barbour,0,1,06-18-2024 02:10:03,PEA River Electric Coop
Barbour,0,1,06-18-2024 02:25:04,PEA River Electric Coop
Barbour,0,1,06-18-2024 02:40:11,PEA River Electric Coop
Barbour,0,1,06-18-2024 02:55:03,PEA River Electric Coop
Dale,0,1,06-18-2024 12:10:08,PEA River Electric Coop
Dale,0,2,06-18-2024 12:55:10,PEA River Electric Coop
Henry,0,1,06-18-2024 14:10:05,PEA River Electric Coop
Henry,0,1,06-18-2024 14:25:05,PEA River Electric Coop
Henry,0,1,06-18-2024 14:40:06,PEA River Electric Coop
Henry,0,1,06-18-2024 14:55:05,PEA River Electric Coop
Henry,0,1,06-18-2024 15:10:05,PEA River Electric Coop
Henry,0,21,06-18-2024 15:25:06,PEA River Electric Coop
Henry,0,21,06-18-2024 15:40:09,PEA River Electric Coop
Henry,0,21,06-18-2024 15:55:05,PEA River Electric Coop
Henry,0,21,06-18-2024 16:10:06,PEA River Electric Coop
Dale,0,1,06-18-2024 16:40:07,PEA River Electric Coop
Dale,0,1,06-18-2024 16:55:06,PEA River Electric Coop
Dale,0,1,06-18-2024 17:10:05,PEA River Electric Coop
Dale,0,1,06-18-2024 22:10:03,PEA River Electric Coop
Dale,0,1,06-18-2024 22:25:03,PEA River Electric Coop
Dale,0,1,06-18-2024 22:40:01,PEA River Electric Coop
Dale,0,1,06-19-2024 12:55:01,PEA River Electric Coop
Dale,0,1,06-19-2024 13:10:02,PEA River Electric Coop
Dale,0,1,06-19-2024 13:25:01,PEA River Electric Coop
Dale,0,4,06-19-2024 19:25:02,PEA River Electric Coop
Dale,0,4,06-19-2024 19:40:07,PEA River Electric Coop
Henry,0,14,06-19-2024 21:40:01,PEA River Electric Coop
Henry,0,14,06-19-2024 21:55:02,PEA River Electric Coop
Henry,0,26,06-19-2024 22:10:07,PEA River Electric Coop
Henry,0,26,06-19-2024 22:25:03,PEA River Electric Coop
Henry,0,26,06-19-2024 22:40:04,PEA River Electric Coop
Henry,0,26,06-19-2024 22:55:03,PEA River Electric Coop
Henry,0,15,06-20-2024 17:40:05,PEA River Electric Coop
Henry,0,15,06-20-2024 17:55:03,PEA River Electric Coop
Henry,0,15,06-20-2024 18:10:02,PEA River Electric Coop
Henry,0,15,06-20-2024 18:25:02,PEA River Electric Coop
Henry,0,15,06-20-2024 18:40:01,PEA River Electric Coop
Henry,0,15,06-20-2024 18:55:05,PEA River Electric Coop
Henry,0,15,06-20-2024 19:10:05,PEA River Electric Coop
Henry,0,15,06-20-2024 19:25:13,PEA River Electric Coop
Henry,0,15,06-20-2024 19:40:10,PEA River Electric Coop
Henry,0,15,06-20-2024 19:55:09,PEA River Electric Coop
Henry,0,15,06-20-2024 20:10:05,PEA River Electric Coop
Henry,0,15,06-20-2024 20:25:17,PEA River Electric Coop
Henry,0,15,06-20-2024 20:40:02,PEA River Electric Coop
Henry,0,1,06-20-2024 22:25:09,PEA River Electric Coop
Henry,0,1,06-20-2024 22:40:03,PEA River Electric Coop
Dale,0,1,06-21-2024 14:10:04,PEA River Electric Coop
Dale,0,8,06-21-2024 14:25:05,PEA River Electric Coop
Dale,0,8,06-21-2024 14:40:15,PEA River Electric Coop
Dale,0,8,06-21-2024 14:55:01,PEA River Electric Coop
Dale,0,8,06-21-2024 15:10:02,PEA River Electric Coop
Dale,0,8,06-21-2024 15:25:01,PEA River Electric Coop
Dale,0,5,06-21-2024 15:55:02,PEA River Electric Coop
Dale,0,1,06-21-2024 23:40:06,PEA River Electric Coop
Dale,0,1,06-21-2024 23:55:06,PEA River Electric Coop
Dale,0,1,06-22-2024 00:10:04,PEA River Electric Coop
Dale,0,1,06-22-2024 00:25:01,PEA River Electric Coop
Dale,0,1,06-22-2024 00:55:09,PEA River Electric Coop
Dale,0,1,06-22-2024 01:10:03,PEA River Electric Coop
Barbour,0,186,06-22-2024 12:10:01,PEA River Electric Coop
Barbour,0,247,06-22-2024 12:25:02,PEA River Electric Coop
Barbour,0,247,06-22-2024 12:40:01,PEA River Electric Coop
Barbour,0,247,06-22-2024 12:55:01,PEA River Electric Coop
Dale,0,4,06-22-2024 13:10:01,PEA River Electric Coop
Barbour,0,247,06-22-2024 13:10:01,PEA River Electric Coop
Barbour,0,247,06-22-2024 13:25:01,PEA River Electric Coop
Barbour,0,247,06-22-2024 13:40:01,PEA River Electric Coop
Barbour,0,247,06-22-2024 13:55:01,PEA River Electric Coop
Barbour,0,247,06-22-2024 14:10:01,PEA River Electric Coop
Coffee,0,34,06-22-2024 17:40:02,PEA River Electric Coop
Coffee,0,34,06-22-2024 17:55:03,PEA River Electric Coop
Coffee,0,34,06-22-2024 18:10:01,PEA River Electric Coop
Coffee,0,34,06-22-2024 18:25:02,PEA River Electric Coop
Coffee,0,34,06-22-2024 18:40:01,PEA River Electric Coop
Coffee,0,34,06-22-2024 18:55:12,PEA River Electric Coop
Coffee,0,34,06-22-2024 19:10:04,PEA River Electric Coop
Coffee,0,34,06-22-2024 19:25:03,PEA River Electric Coop
Coffee,0,34,06-22-2024 19:40:06,PEA River Electric Coop
Coffee,0,34,06-22-2024 19:55:04,PEA River Electric Coop
Coffee,0,34,06-22-2024 20:10:01,PEA River Electric Coop
Coffee,0,34,06-22-2024 20:25:03,PEA River Electric Coop
Barbour,0,4,06-22-2024 20:40:03,PEA River Electric Coop
Barbour,0,4,06-22-2024 21:10:08,PEA River Electric Coop
Dale,0,1,06-22-2024 21:40:06,PEA River Electric Coop
Dale,0,1,06-22-2024 21:55:01,PEA River Electric Coop
Dale,0,1,06-22-2024 22:10:01,PEA River Electric Coop
Dale,0,1,06-22-2024 22:25:01,PEA River Electric Coop
Dale,0,1,06-22-2024 22:40:01,PEA River Electric Coop
Barbour,0,1,06-23-2024 00:55:04,PEA River Electric Coop
Barbour,0,1,06-23-2024 01:10:01,PEA River Electric Coop
Barbour,0,1,06-23-2024 01:25:01,PEA River Electric Coop
Barbour,0,2,06-23-2024 01:40:01,PEA River Electric Coop
Henry,0,1,06-23-2024 14:40:09,PEA River Electric Coop
Henry,0,1,06-23-2024 15:10:15,PEA River Electric Coop
Henry,0,1,06-23-2024 17:40:08,PEA River Electric Coop
Henry,0,1,06-23-2024 17:55:12,PEA River Electric Coop
Henry,0,1,06-23-2024 18:10:05,PEA River Electric Coop
Henry,0,1,06-23-2024 18:25:07,PEA River Electric Coop
Henry,0,1,06-23-2024 18:40:07,PEA River Electric Coop
Henry,0,1,06-23-2024 18:55:08,PEA River Electric Coop
Barbour,0,1,06-23-2024 23:25:03,PEA River Electric Coop
Barbour,0,1,06-23-2024 23:40:04,PEA River Electric Coop
Barbour,0,1,06-23-2024 23:55:01,PEA River Electric Coop
Dale,0,4,06-24-2024 22:40:04,PEA River Electric Coop
Dale,0,4,06-24-2024 22:55:02,PEA River Electric Coop
Dale,0,4,06-24-2024 23:10:03,PEA River Electric Coop
Dale,0,1,06-25-2024 21:10:02,PEA River Electric Coop
Dale,0,1,06-25-2024 21:25:01,PEA River Electric Coop
Dale,0,1,06-25-2024 21:40:01,PEA River Electric Coop
Dale,0,1,06-25-2024 21:55:02,PEA River Electric Coop
Dale,0,1,06-25-2024 22:10:07,PEA River Electric Coop
Dale,0,1,06-25-2024 22:25:07,PEA River Electric Coop
Dale,0,1,06-26-2024 03:55:06,PEA River Electric Coop
Dale,0,1,06-26-2024 04:10:07,PEA River Electric Coop
Dale,0,1,06-26-2024 04:25:04,PEA River Electric Coop
Dale,0,1,06-26-2024 04:40:06,PEA River Electric Coop
Dale,0,1,06-26-2024 04:55:07,PEA River Electric Coop
Dale,0,1,06-26-2024 05:10:10,PEA River Electric Coop
Dale,0,1,06-26-2024 05:25:06,PEA River Electric Coop
Dale,0,1,06-26-2024 05:40:03,PEA River Electric Coop
Dale,0,1,06-26-2024 05:55:03,PEA River Electric Coop
Dale,0,1,06-26-2024 06:10:06,PEA River Electric Coop
Dale,0,1,06-26-2024 06:25:05,PEA River Electric Coop
Dale,0,1,06-26-2024 16:40:01,PEA River Electric Coop
Dale,0,1,06-26-2024 16:55:02,PEA River Electric Coop
Dale,0,1,06-26-2024 17:10:02,PEA River Electric Coop
Dale,0,1,06-26-2024 17:25:01,PEA River Electric Coop
Dale,0,1,06-26-2024 17:40:01,PEA River Electric Coop
Dale,0,1,06-26-2024 17:55:01,PEA River Electric Coop
Dale,0,1,06-26-2024 18:10:01,PEA River Electric Coop
Dale,0,5,06-27-2024 02:10:06,PEA River Electric Coop
Dale,0,5,06-27-2024 02:25:04,PEA River Electric Coop
Dale,0,5,06-27-2024 02:40:03,PEA River Electric Coop
Henry,0,1,06-27-2024 12:25:01,PEA River Electric Coop
Dale,0,3,06-27-2024 12:55:01,PEA River Electric Coop
Dale,0,3,06-27-2024 13:10:01,PEA River Electric Coop
Henry,0,122,06-27-2024 13:10:01,PEA River Electric Coop
Barbour,0,108,06-27-2024 13:10:01,PEA River Electric Coop
Dale,0,3,06-27-2024 13:25:01,PEA River Electric Coop
Barbour,0,1,06-27-2024 13:25:01,PEA River Electric Coop
Dale,0,3,06-27-2024 13:40:01,PEA River Electric Coop
Barbour,0,1,06-27-2024 13:40:01,PEA River Electric Coop
Dale,0,4,06-27-2024 13:55:03,PEA River Electric Coop
Henry,0,2,06-27-2024 13:55:03,PEA River Electric Coop
Dale,0,3,06-27-2024 14:10:01,PEA River Electric Coop
Henry,0,2,06-27-2024 14:10:01,PEA River Electric Coop
Henry,0,2,06-27-2024 14:25:01,PEA River Electric Coop
Barbour,0,91,06-27-2024 14:25:01,PEA River Electric Coop
Henry,0,2,06-27-2024 14:40:01,PEA River Electric Coop
Barbour,0,91,06-27-2024 14:40:01,PEA River Electric Coop
Barbour,0,91,06-27-2024 14:55:04,PEA River Electric Coop
Barbour,0,91,06-27-2024 15:10:02,PEA River Electric Coop
Barbour,0,91,06-27-2024 15:25:01,PEA River Electric Coop
Barbour,0,2,06-27-2024 15:55:03,PEA River Electric Coop
Barbour,0,2,06-27-2024 16:10:01,PEA River Electric Coop
Barbour,0,2,06-27-2024 16:25:01,PEA River Electric Coop
Barbour,0,2,06-27-2024 16:40:02,PEA River Electric Coop
Barbour,0,2,06-27-2024 16:55:02,PEA River Electric Coop
Barbour,0,18,06-27-2024 17:10:01,PEA River Electric Coop
Barbour,0,18,06-27-2024 17:25:01,PEA River Electric Coop
Barbour,0,18,06-27-2024 17:40:01,PEA River Electric Coop
Barbour,0,18,06-27-2024 17:55:02,PEA River Electric Coop
Barbour,0,18,06-27-2024 18:10:01,PEA River Electric Coop
Barbour,0,18,06-27-2024 18:25:01,PEA River Electric Coop
Barbour,0,18,06-27-2024 18:40:01,PEA River Electric Coop
Dale,0,1,06-27-2024 19:55:01,PEA River Electric Coop
Dale,0,3,06-27-2024 22:55:04,PEA River Electric Coop
Dale,0,3,06-27-2024 23:10:03,PEA River Electric Coop
Dale,0,3,06-27-2024 23:25:04,PEA River Electric Coop
Dale,0,5,06-27-2024 23:40:03,PEA River Electric Coop
Dale,0,2,06-27-2024 23:55:01,PEA River Electric Coop
Dale,0,2,06-28-2024 00:10:02,PEA River Electric Coop
Barbour,0,1,06-28-2024 01:10:01,PEA River Electric Coop
Dale,0,3,06-28-2024 01:25:01,PEA River Electric Coop
Henry,0,4,06-28-2024 01:25:01,PEA River Electric Coop
Barbour,0,1,06-28-2024 01:25:01,PEA River Electric Coop
Dale,0,81,06-28-2024 01:40:01,PEA River Electric Coop
Henry,0,529,06-28-2024 01:40:01,PEA River Electric Coop
Barbour,0,5,06-28-2024 01:40:01,PEA River Electric Coop
Dale,0,81,06-28-2024 01:55:01,PEA River Electric Coop
Henry,0,529,06-28-2024 01:55:01,PEA River Electric Coop
Barbour,0,5,06-28-2024 01:55:01,PEA River Electric Coop
Dale,0,81,06-28-2024 02:10:01,PEA River Electric Coop
Henry,0,529,06-28-2024 02:10:01,PEA River Electric Coop
Barbour,0,5,06-28-2024 02:10:01,PEA River Electric Coop
Dale,0,81,06-28-2024 02:25:05,PEA River Electric Coop
Henry,0,529,06-28-2024 02:25:05,PEA River Electric Coop
Barbour,0,5,06-28-2024 02:25:05,PEA River Electric Coop
Dale,0,3,06-28-2024 02:40:00,PEA River Electric Coop
Dale,0,3,06-28-2024 02:55:01,PEA River Electric Coop
Dale,0,3,06-28-2024 03:10:04,PEA River Electric Coop
Dale,0,3,06-28-2024 03:25:05,PEA River Electric Coop
Henry,0,3,06-28-2024 03:55:03,PEA River Electric Coop
Henry,0,2,06-28-2024 04:25:04,PEA River Electric Coop
Dale,0,4,06-28-2024 06:40:03,PEA River Electric Coop
Dale,0,4,06-28-2024 06:55:05,PEA River Electric Coop
Dale,0,4,06-28-2024 07:10:05,PEA River Electric Coop
Dale,0,4,06-28-2024 07:25:03,PEA River Electric Coop
Dale,0,2,06-28-2024 12:10:01,PEA River Electric Coop
Barbour,0,1,06-28-2024 14:40:02,PEA River Electric Coop
Barbour,0,1,06-28-2024 14:55:01,PEA River Electric Coop
Barbour,0,1,06-28-2024 15:10:01,PEA River Electric Coop
Barbour,0,1,06-28-2024 15:25:03,PEA River Electric Coop
Henry,0,1,06-28-2024 18:40:01,PEA River Electric Coop
Henry,0,1,06-28-2024 18:55:01,PEA River Electric Coop
Barbour,0,1,06-28-2024 19:55:01,PEA River Electric Coop
Barbour,0,1,06-29-2024 12:25:01,PEA River Electric Coop
Barbour,0,10,06-29-2024 12:40:01,PEA River Electric Coop
Barbour,0,10,06-29-2024 12:55:01,PEA River Electric Coop
Barbour,0,11,06-29-2024 13:10:01,PEA River Electric Coop
Barbour,0,11,06-29-2024 13:25:01,PEA River Electric Coop
Barbour,0,1,06-29-2024 13:40:01,PEA River Electric Coop
Barbour,0,1,06-29-2024 13:55:01,PEA River Electric Coop
Barbour,0,1,06-29-2024 14:10:01,PEA River Electric Coop
Henry,0,4,06-29-2024 22:40:04,PEA River Electric Coop
Henry,0,4,06-29-2024 22:55:03,PEA River Electric Coop
Dale,0,1,06-29-2024 23:10:03,PEA River Electric Coop
Henry,0,4,06-29-2024 23:10:03,PEA River Electric Coop
Dale,0,1,06-29-2024 23:25:10,PEA River Electric Coop
Henry,0,2,06-29-2024 23:25:10,PEA River Electric Coop
Barbour,0,1,06-29-2024 23:25:10,PEA River Electric Coop
Dale,0,1,06-29-2024 23:40:05,PEA River Electric Coop
Barbour,0,1,06-29-2024 23:40:05,PEA River Electric Coop
Dale,0,1,06-29-2024 23:55:03,PEA River Electric Coop
Barbour,0,1,06-29-2024 23:55:03,PEA River Electric Coop
Dale,0,1,06-30-2024 00:10:07,PEA River Electric Coop
Dale,0,1,06-30-2024 00:25:02,PEA River Electric Coop
Dale,0,1,06-30-2024 00:40:04,PEA River Electric Coop
Dale,0,1,06-30-2024 00:55:02,PEA River Electric Coop
Henry,0,1,06-30-2024 00:55:02,PEA River Electric Coop
Henry,0,1,06-30-2024 01:10:02,PEA River Electric Coop
Henry,0,1,06-30-2024 01:25:02,PEA River Electric Coop
Henry,0,1,06-30-2024 01:40:03,PEA River Electric Coop
Henry,0,1,06-30-2024 01:55:03,PEA River Electric Coop
Henry,0,1,06-30-2024 02:10:13,PEA River Electric Coop
Barbour,0,1,06-30-2024 15:10:02,PEA River Electric Coop
Dale,0,2,06-30-2024 15:25:02,PEA River Electric Coop
Barbour,0,1,06-30-2024 15:25:02,PEA River Electric Coop
Dale,0,2,06-30-2024 15:40:02,PEA River Electric Coop
Barbour,0,1,06-30-2024 15:40:02,PEA River Electric Coop
Dale,0,2,06-30-2024 15:55:02,PEA River Electric Coop
Barbour,0,1,06-30-2024 15:55:02,PEA River Electric Coop
Dale,0,2,06-30-2024 16:10:02,PEA River Electric Coop
Barbour,0,1,06-30-2024 16:10:02,PEA River Electric Coop
Barbour,0,1,06-30-2024 16:25:01,PEA River Electric Coop
Henry,0,2,07-01-2024 01:25:06,PEA River Electric Coop
Henry,0,2,07-01-2024 01:40:05,PEA River Electric Coop
Henry,0,2,07-01-2024 01:55:06,PEA River Electric Coop
Henry,0,2,07-01-2024 02:10:06,PEA River Electric Coop
Henry,0,2,07-01-2024 02:25:04,PEA River Electric Coop
Henry,0,1,07-01-2024 09:55:06,PEA River Electric Coop
Henry,0,1,07-01-2024 10:10:05,PEA River Electric Coop
Henry,0,1,07-01-2024 10:25:08,PEA River Electric Coop
Henry,0,1,07-01-2024 10:40:07,PEA River Electric Coop
Henry,0,1,07-01-2024 10:55:05,PEA River Electric Coop
Henry,0,1,07-01-2024 22:40:05,PEA River Electric Coop
Henry,0,1,07-01-2024 22:55:03,PEA River Electric Coop
Henry,0,1,07-01-2024 23:25:12,PEA River Electric Coop
Henry,0,1,07-01-2024 23:40:12,PEA River Electric Coop
Dale,0,285,07-02-2024 00:10:07,PEA River Electric Coop
Dale,0,285,07-02-2024 00:55:06,PEA River Electric Coop
Dale,0,285,07-02-2024 01:10:10,PEA River Electric Coop
Dale,0,285,07-02-2024 01:25:06,PEA River Electric Coop
Dale,0,285,07-02-2024 01:40:10,PEA River Electric Coop
Dale,0,1,07-02-2024 01:55:10,PEA River Electric Coop
Dale,0,1,07-02-2024 02:10:12,PEA River Electric Coop
Dale,0,1,07-02-2024 02:25:08,PEA River Electric Coop
Dale,0,1,07-02-2024 02:40:04,PEA River Electric Coop
Dale,0,21,07-02-2024 02:55:07,PEA River Electric Coop
Dale,0,6,07-02-2024 10:40:02,PEA River Electric Coop
Dale,0,4,07-02-2024 10:55:10,PEA River Electric Coop
Dale,0,4,07-02-2024 11:10:05,PEA River Electric Coop
Dale,0,1,07-02-2024 11:55:01,PEA River Electric Coop
Dale,0,1,07-02-2024 12:10:01,PEA River Electric Coop
Henry,0,1,07-02-2024 18:55:01,PEA River Electric Coop
Henry,0,1,07-02-2024 19:10:01,PEA River Electric Coop
Barbour,0,1,07-02-2024 20:25:01,PEA River Electric Coop
Barbour,0,1,07-02-2024 20:40:01,PEA River Electric Coop
Barbour,0,1,07-02-2024 20:55:01,PEA River Electric Coop
Barbour,0,1,07-02-2024 21:10:01,PEA River Electric Coop
Dale,0,1,07-03-2024 13:25:01,PEA River Electric Coop
Dale,0,1,07-03-2024 13:40:01,PEA River Electric Coop
Dale,0,1,07-03-2024 13:55:01,PEA River Electric Coop
Henry,0,14,07-04-2024 01:40:12,PEA River Electric Coop
Henry,0,14,07-04-2024 01:55:05,PEA River Electric Coop
Henry,0,38,07-04-2024 02:10:04,PEA River Electric Coop
Henry,0,38,07-04-2024 02:25:04,PEA River Electric Coop
Henry,0,38,07-04-2024 02:40:04,PEA River Electric Coop
Henry,0,38,07-04-2024 02:55:05,PEA River Electric Coop
Barbour,0,1,07-04-2024 15:55:10,PEA River Electric Coop
Barbour,0,1,07-04-2024 16:10:02,PEA River Electric Coop
Barbour,0,1,07-04-2024 16:25:04,PEA River Electric Coop
Barbour,0,1,07-04-2024 16:40:02,PEA River Electric Coop
Henry,0,2,07-04-2024 19:55:02,PEA River Electric Coop
Barbour,0,1,07-04-2024 19:55:02,PEA River Electric Coop
Henry,0,2,07-04-2024 20:10:02,PEA River Electric Coop
Barbour,0,1,07-04-2024 20:10:02,PEA River Electric Coop
Barbour,0,1,07-04-2024 20:25:01,PEA River Electric Coop
Barbour,0,1,07-04-2024 20:40:04,PEA River Electric Coop
Barbour,0,1,07-04-2024 20:55:01,PEA River Electric Coop
Dale,0,1,07-05-2024 20:10:01,PEA River Electric Coop
Dale,0,1,07-05-2024 23:25:02,PEA River Electric Coop
Barbour,0,1,07-05-2024 23:25:02,PEA River Electric Coop
Dale,0,51,07-05-2024 23:40:01,PEA River Electric Coop
Barbour,0,248,07-05-2024 23:40:01,PEA River Electric Coop
Dale,0,51,07-05-2024 23:55:02,PEA River Electric Coop
Barbour,0,248,07-05-2024 23:55:02,PEA River Electric Coop
Dale,0,51,07-06-2024 00:10:01,PEA River Electric Coop
Barbour,0,248,07-06-2024 00:10:01,PEA River Electric Coop
Dale,0,51,07-06-2024 00:25:01,PEA River Electric Coop
Barbour,0,248,07-06-2024 00:25:01,PEA River Electric Coop
Dale,0,51,07-06-2024 00:40:01,PEA River Electric Coop
Barbour,0,248,07-06-2024 00:40:01,PEA River Electric Coop
Dale,0,51,07-06-2024 00:55:01,PEA River Electric Coop
Barbour,0,248,07-06-2024 00:55:01,PEA River Electric Coop
Dale,0,51,07-06-2024 01:10:01,PEA River Electric Coop
Barbour,0,248,07-06-2024 01:10:01,PEA River Electric Coop
Dale,0,51,07-06-2024 01:25:02,PEA River Electric Coop
Barbour,0,249,07-06-2024 01:25:02,PEA River Electric Coop
Dale,0,1,07-06-2024 01:40:01,PEA River Electric Coop
Barbour,0,2,07-06-2024 01:40:01,PEA River Electric Coop
Dale,0,1,07-06-2024 01:55:01,PEA River Electric Coop
Barbour,0,1,07-06-2024 01:55:01,PEA River Electric Coop
Barbour,0,1,07-06-2024 02:10:02,PEA River Electric Coop
Barbour,0,1,07-06-2024 02:25:02,PEA River Electric Coop
Barbour,0,1,07-06-2024 02:40:01,PEA River Electric Coop
Barbour,0,1,07-06-2024 02:55:01,PEA River Electric Coop
Barbour,0,1,07-06-2024 15:10:07,PEA River Electric Coop
Barbour,0,1,07-06-2024 15:25:03,PEA River Electric Coop
Barbour,0,1,07-06-2024 15:40:03,PEA River Electric Coop
Barbour,0,1,07-06-2024 15:55:11,PEA River Electric Coop
Barbour,0,1,07-06-2024 16:10:05,PEA River Electric Coop
Barbour,0,1,07-06-2024 16:25:03,PEA River Electric Coop
Dale,0,1,07-06-2024 22:10:02,PEA River Electric Coop
Dale,0,1,07-06-2024 22:25:03,PEA River Electric Coop
Dale,0,1,07-06-2024 22:40:04,PEA River Electric Coop
Dale,0,1,07-06-2024 22:55:04,PEA River Electric Coop
Dale,0,2,07-07-2024 18:25:03,PEA River Electric Coop
Dale,0,2,07-07-2024 18:40:01,PEA River Electric Coop
Dale,0,2,07-07-2024 18:55:06,PEA River Electric Coop
Dale,0,2,07-07-2024 19:10:07,PEA River Electric Coop
Dale,0,3,07-07-2024 21:10:06,PEA River Electric Coop
Dale,0,10,07-07-2024 21:25:03,PEA River Electric Coop
Dale,0,11,07-07-2024 21:40:01,PEA River Electric Coop
Dale,0,11,07-07-2024 21:55:01,PEA River Electric Coop
Dale,0,11,07-07-2024 22:10:02,PEA River Electric Coop
Dale,0,3,07-07-2024 22:25:01,PEA River Electric Coop
Dale,0,2,07-07-2024 22:40:01,PEA River Electric Coop
Barbour,0,1,07-07-2024 22:40:01,PEA River Electric Coop
Dale,0,2,07-07-2024 22:55:04,PEA River Electric Coop
Barbour,0,1,07-07-2024 22:55:04,PEA River Electric Coop
Barbour,0,1,07-07-2024 23:10:03,PEA River Electric Coop
Dale,0,5,07-08-2024 14:25:01,PEA River Electric Coop
Barbour,0,1,07-08-2024 23:10:01,PEA River Electric Coop
Barbour,0,1,07-08-2024 23:25:01,PEA River Electric Coop
Barbour,0,1,07-08-2024 23:40:01,PEA River Electric Coop
Dale,0,3,07-09-2024 12:10:01,PEA River Electric Coop
Dale,0,3,07-09-2024 12:25:01,PEA River Electric Coop
Dale,0,3,07-09-2024 12:40:01,PEA River Electric Coop
Dale,0,3,07-09-2024 12:55:01,PEA River Electric Coop
Dale,0,3,07-09-2024 17:40:02,PEA River Electric Coop
Dale,0,3,07-09-2024 17:55:01,PEA River Electric Coop
Dale,0,3,07-09-2024 18:10:01,PEA River Electric Coop
Dale,0,3,07-09-2024 18:25:02,PEA River Electric Coop
Dale,0,2,07-09-2024 20:25:01,PEA River Electric Coop
Dale,0,2,07-09-2024 20:40:03,PEA River Electric Coop
Barbour,0,2,07-09-2024 22:10:10,PEA River Electric Coop
Barbour,0,2,07-09-2024 22:25:12,PEA River Electric Coop
Barbour,0,3,07-09-2024 22:40:06,PEA River Electric Coop
Barbour,0,3,07-09-2024 22:55:05,PEA River Electric Coop
Barbour,0,1,07-09-2024 23:10:08,PEA River Electric Coop
Barbour,0,1,07-09-2024 23:25:06,PEA River Electric Coop
Barbour,0,21,07-09-2024 23:40:05,PEA River Electric Coop
Barbour,0,20,07-09-2024 23:55:06,PEA River Electric Coop
Barbour,0,20,07-10-2024 00:10:08,PEA River Electric Coop
Barbour,0,20,07-10-2024 00:25:05,PEA River Electric Coop
Barbour,0,20,07-10-2024 00:40:05,PEA River Electric Coop
Barbour,0,20,07-10-2024 00:55:04,PEA River Electric Coop
Barbour,0,20,07-10-2024 01:10:05,PEA River Electric Coop
Barbour,0,20,07-10-2024 01:25:04,PEA River Electric Coop
Barbour,0,20,07-10-2024 01:40:04,PEA River Electric Coop
Dale,0,1,07-10-2024 03:25:05,PEA River Electric Coop
Dale,0,1,07-10-2024 03:40:05,PEA River Electric Coop
Dale,0,1,07-10-2024 03:55:04,PEA River Electric Coop
Barbour,0,4,07-10-2024 12:55:04,PEA River Electric Coop
Barbour,0,4,07-10-2024 13:10:01,PEA River Electric Coop
Barbour,0,4,07-10-2024 13:25:01,PEA River Electric Coop
Barbour,0,4,07-10-2024 13:40:06,PEA River Electric Coop
Barbour,0,4,07-10-2024 14:10:08,PEA River Electric Coop
Barbour,0,4,07-10-2024 14:25:03,PEA River Electric Coop
Henry,0,12,07-10-2024 19:40:01,PEA River Electric Coop
Henry,0,12,07-10-2024 19:55:01,PEA River Electric Coop
Henry,0,12,07-10-2024 20:10:01,PEA River Electric Coop
Henry,0,12,07-10-2024 20:25:03,PEA River Electric Coop
Dale,0,21,07-10-2024 20:40:01,PEA River Electric Coop
Henry,0,14,07-10-2024 20:40:01,PEA River Electric Coop
Dale,0,21,07-10-2024 20:55:01,PEA River Electric Coop
Henry,0,14,07-10-2024 20:55:01,PEA River Electric Coop
Dale,0,21,07-10-2024 21:10:01,PEA River Electric Coop
Henry,0,14,07-10-2024 21:10:01,PEA River Electric Coop
Dale,0,21,07-10-2024 21:25:01,PEA River Electric Coop
Henry,0,14,07-10-2024 21:25:01,PEA River Electric Coop
Dale,0,21,07-10-2024 21:40:01,PEA River Electric Coop
Henry,0,14,07-10-2024 21:40:01,PEA River Electric Coop
Henry,0,1,07-11-2024 22:40:04,PEA River Electric Coop
Henry,0,1,07-11-2024 22:55:04,PEA River Electric Coop
Henry,0,1,07-11-2024 23:10:04,PEA River Electric Coop
Henry,0,1,07-11-2024 23:25:01,PEA River Electric Coop
Henry,0,1,07-11-2024 23:40:01,PEA River Electric Coop
Dale,0,1,07-12-2024 12:40:01,PEA River Electric Coop
Dale,0,1,07-12-2024 12:55:06,PEA River Electric Coop
Dale,0,1,07-12-2024 13:55:02,PEA River Electric Coop
Henry,0,1,07-12-2024 13:55:02,PEA River Electric Coop
Dale,0,1,07-12-2024 14:10:02,PEA River Electric Coop
Dale,0,1,07-12-2024 14:25:01,PEA River Electric Coop
Dale,0,1,07-12-2024 14:40:02,PEA River Electric Coop
Dale,0,1,07-12-2024 15:10:01,PEA River Electric Coop
Dale,0,1,07-12-2024 15:25:01,PEA River Electric Coop
Barbour,0,1,07-12-2024 16:25:01,PEA River Electric Coop
Barbour,0,1,07-12-2024 16:40:01,PEA River Electric Coop
Barbour,0,1,07-12-2024 16:55:04,PEA River Electric Coop
Barbour,0,1,07-13-2024 03:25:04,PEA River Electric Coop
Barbour,0,1,07-13-2024 03:40:03,PEA River Electric Coop
Barbour,0,1,07-13-2024 03:55:04,PEA River Electric Coop
Barbour,0,1,07-13-2024 04:10:03,PEA River Electric Coop
Henry,0,1,07-13-2024 16:25:02,PEA River Electric Coop
Henry,0,1,07-13-2024 16:40:10,PEA River Electric Coop
Henry,0,1,07-13-2024 16:55:01,PEA River Electric Coop
Henry,0,1,07-13-2024 17:10:01,PEA River Electric Coop
Dale,0,2,07-13-2024 20:10:02,PEA River Electric Coop
Dale,0,86,07-14-2024 01:10:04,PEA River Electric Coop
Henry,0,27,07-14-2024 01:10:04,PEA River Electric Coop
Dale,0,86,07-14-2024 01:25:01,PEA River Electric Coop
Henry,0,27,07-14-2024 01:25:01,PEA River Electric Coop
Dale,0,86,07-14-2024 01:40:07,PEA River Electric Coop
Henry,0,27,07-14-2024 01:40:07,PEA River Electric Coop
Dale,0,86,07-14-2024 01:55:01,PEA River Electric Coop
Henry,0,27,07-14-2024 01:55:01,PEA River Electric Coop
Dale,0,86,07-14-2024 02:10:01,PEA River Electric Coop
Henry,0,27,07-14-2024 02:10:01,PEA River Electric Coop
Dale,0,86,07-14-2024 02:25:01,PEA River Electric Coop
Henry,0,27,07-14-2024 02:25:01,PEA River Electric Coop
Dale,0,86,07-14-2024 02:40:01,PEA River Electric Coop
Henry,0,27,07-14-2024 02:40:01,PEA River Electric Coop
Henry,0,2,07-14-2024 18:25:02,PEA River Electric Coop
Henry,0,2,07-14-2024 18:40:01,PEA River Electric Coop
Henry,0,2,07-14-2024 18:55:01,PEA River Electric Coop
Henry,0,2,07-14-2024 19:10:01,PEA River Electric Coop
Barbour,0,8,07-15-2024 00:40:01,PEA River Electric Coop
Barbour,0,8,07-15-2024 00:55:02,PEA River Electric Coop
Dale,0,2,07-15-2024 01:10:01,PEA River Electric Coop
Barbour,0,8,07-15-2024 01:10:01,PEA River Electric Coop
Dale,0,2,07-15-2024 01:25:02,PEA River Electric Coop
Dale,0,2,07-15-2024 01:40:02,PEA River Electric Coop
Dale,0,2,07-15-2024 01:55:02,PEA River Electric Coop
Barbour,0,1,07-15-2024 12:10:05,PEA River Electric Coop
Barbour,0,1,07-15-2024 12:25:13,PEA River Electric Coop
Barbour,0,1,07-15-2024 12:40:02,PEA River Electric Coop
Barbour,0,1,07-15-2024 12:55:01,PEA River Electric Coop
Barbour,0,3,07-15-2024 13:10:01,PEA River Electric Coop
Dale,0,3,07-15-2024 19:40:01,PEA River Electric Coop
Dale,0,3,07-15-2024 19:55:02,PEA River Electric Coop
Dale,0,3,07-15-2024 20:10:02,PEA River Electric Coop
Dale,0,3,07-15-2024 20:25:01,PEA River Electric Coop
Dale,0,3,07-15-2024 20:40:01,PEA River Electric Coop
Henry,0,2,07-15-2024 22:40:04,PEA River Electric Coop
Henry,0,2,07-15-2024 22:55:01,PEA River Electric Coop
Barbour,0,2,07-16-2024 01:25:01,PEA River Electric Coop
Barbour,0,2,07-16-2024 01:40:01,PEA River Electric Coop
Barbour,0,6,07-16-2024 01:55:01,PEA River Electric Coop
Barbour,0,6,07-16-2024 02:10:01,PEA River Electric Coop
Henry,0,11,07-16-2024 02:25:01,PEA River Electric Coop
Barbour,0,6,07-16-2024 02:25:01,PEA River Electric Coop
Henry,0,11,07-16-2024 02:40:04,PEA River Electric Coop
Barbour,0,4,07-16-2024 02:40:04,PEA River Electric Coop
Henry,0,15,07-16-2024 02:55:01,PEA River Electric Coop
Barbour,0,4,07-16-2024 02:55:01,PEA River Electric Coop
Henry,0,15,07-16-2024 03:10:05,PEA River Electric Coop
Henry,0,15,07-16-2024 03:25:03,PEA River Electric Coop
Henry,0,15,07-16-2024 03:40:03,PEA River Electric Coop
Henry,0,15,07-16-2024 03:55:05,PEA River Electric Coop
Henry,0,14,07-16-2024 04:10:09,PEA River Electric Coop
Henry,0,3,07-16-2024 04:25:05,PEA River Electric Coop
Henry,0,2,07-16-2024 04:40:05,PEA River Electric Coop
Henry,0,4,07-16-2024 04:55:06,PEA River Electric Coop
Henry,0,1,07-16-2024 05:10:04,PEA River Electric Coop
Barbour,0,1,07-16-2024 05:55:05,PEA River Electric Coop
Barbour,0,1,07-16-2024 06:10:12,PEA River Electric Coop
Barbour,0,1,07-16-2024 06:25:08,PEA River Electric Coop
Barbour,0,1,07-16-2024 06:40:11,PEA River Electric Coop
Barbour,0,1,07-16-2024 06:55:11,PEA River Electric Coop
Barbour,0,1,07-16-2024 10:25:09,PEA River Electric Coop
Barbour,0,1,07-16-2024 10:40:09,PEA River Electric Coop
Henry,0,1,07-16-2024 10:55:12,PEA River Electric Coop
Barbour,0,1,07-16-2024 10:55:12,PEA River Electric Coop
Henry,0,1,07-16-2024 11:10:07,PEA River Electric Coop
Barbour,0,1,07-16-2024 11:10:07,PEA River Electric Coop
Henry,0,1,07-16-2024 11:25:08,PEA River Electric Coop
Henry,0,1,07-16-2024 14:55:01,PEA River Electric Coop
Henry,0,1,07-16-2024 15:10:02,PEA River Electric Coop
Henry,0,1,07-16-2024 15:25:06,PEA River Electric Coop
Henry,0,1,07-16-2024 15:40:02,PEA River Electric Coop
Barbour,0,2,07-16-2024 15:40:02,PEA River Electric Coop
Henry,0,1,07-16-2024 15:55:01,PEA River Electric Coop
Barbour,0,4,07-16-2024 15:55:01,PEA River Electric Coop
Henry,0,1,07-16-2024 16:10:02,PEA River Electric Coop
Barbour,0,4,07-16-2024 16:10:02,PEA River Electric Coop
Barbour,0,2,07-16-2024 16:25:02,PEA River Electric Coop
Barbour,0,2,07-16-2024 16:40:02,PEA River Electric Coop
Barbour,0,2,07-16-2024 16:55:01,PEA River Electric Coop
Barbour,0,2,07-16-2024 21:25:01,PEA River Electric Coop
Dale,0,10,07-16-2024 21:40:01,PEA River Electric Coop
Barbour,0,2,07-16-2024 21:40:01,PEA River Electric Coop
Dale,0,11,07-16-2024 21:55:01,PEA River Electric Coop
Barbour,0,2,07-16-2024 21:55:01,PEA River Electric Coop
Dale,0,12,07-16-2024 22:10:05,PEA River Electric Coop
Barbour,0,2,07-16-2024 22:10:05,PEA River Electric Coop
Dale,0,11,07-16-2024 22:25:01,PEA River Electric Coop
Barbour,0,2,07-16-2024 22:25:01,PEA River Electric Coop
Dale,0,13,07-16-2024 22:40:01,PEA River Electric Coop
Barbour,0,2,07-16-2024 22:40:01,PEA River Electric Coop
Dale,0,12,07-16-2024 22:55:01,PEA River Electric Coop
Dale,0,12,07-16-2024 23:10:01,PEA River Electric Coop
Henry,0,1,07-16-2024 23:10:01,PEA River Electric Coop
Dale,0,12,07-16-2024 23:25:01,PEA River Electric Coop
Henry,0,1,07-16-2024 23:25:01,PEA River Electric Coop
Dale,0,12,07-16-2024 23:40:08,PEA River Electric Coop
Henry,0,1,07-16-2024 23:40:08,PEA River Electric Coop
Dale,0,10,07-16-2024 23:55:01,PEA River Electric Coop
Dale,0,10,07-17-2024 00:10:02,PEA River Electric Coop
Dale,0,1,07-17-2024 00:55:04,PEA River Electric Coop
Dale,0,1,07-17-2024 01:10:04,PEA River Electric Coop
Dale,0,1,07-17-2024 01:25:03,PEA River Electric Coop
Dale,0,1,07-17-2024 01:40:02,PEA River Electric Coop
Barbour,0,3,07-17-2024 05:40:10,PEA River Electric Coop
Barbour,0,3,07-17-2024 05:55:05,PEA River Electric Coop
Barbour,0,3,07-17-2024 06:10:07,PEA River Electric Coop
Barbour,0,3,07-17-2024 06:25:06,PEA River Electric Coop
Barbour,0,3,07-17-2024 06:40:11,PEA River Electric Coop
Barbour,0,3,07-17-2024 06:55:12,PEA River Electric Coop
Dale,0,2,07-17-2024 18:55:06,PEA River Electric Coop
Dale,0,2,07-17-2024 19:10:06,PEA River Electric Coop
Dale,0,2,07-17-2024 19:25:05,PEA River Electric Coop
Barbour,0,2,07-17-2024 23:40:14,PEA River Electric Coop
Barbour,0,2,07-17-2024 23:55:12,PEA River Electric Coop
Henry,0,13,07-18-2024 12:25:12,PEA River Electric Coop
Henry,0,13,07-18-2024 12:40:02,PEA River Electric Coop
Henry,0,13,07-18-2024 12:55:01,PEA River Electric Coop
Henry,0,13,07-18-2024 13:10:05,PEA River Electric Coop
Henry,0,13,07-18-2024 13:25:05,PEA River Electric Coop
Henry,0,13,07-18-2024 13:40:03,PEA River Electric Coop
Henry,0,13,07-18-2024 14:10:10,PEA River Electric Coop
Barbour,0,1,07-18-2024 14:10:10,PEA River Electric Coop
Henry,0,14,07-18-2024 14:25:01,PEA River Electric Coop
Barbour,0,1,07-18-2024 14:25:01,PEA River Electric Coop
Henry,0,1,07-18-2024 14:40:05,PEA River Electric Coop
Barbour,0,1,07-18-2024 14:40:05,PEA River Electric Coop
Henry,0,1,07-18-2024 14:55:01,PEA River Electric Coop
Barbour,0,1,07-18-2024 14:55:01,PEA River Electric Coop
Barbour,0,1,07-18-2024 15:10:02,PEA River Electric Coop
Dale,0,8,07-18-2024 22:40:01,PEA River Electric Coop
Dale,0,8,07-18-2024 22:55:01,PEA River Electric Coop
Barbour,0,1,07-18-2024 22:55:01,PEA River Electric Coop
Dale,0,8,07-18-2024 23:10:01,PEA River Electric Coop
Henry,0,1,07-18-2024 23:10:01,PEA River Electric Coop
Barbour,0,1,07-18-2024 23:10:01,PEA River Electric Coop
Dale,0,8,07-18-2024 23:25:01,PEA River Electric Coop
Henry,0,1,07-18-2024 23:25:01,PEA River Electric Coop
Barbour,0,1,07-18-2024 23:25:01,PEA River Electric Coop
Henry,0,1,07-18-2024 23:40:01,PEA River Electric Coop
Barbour,0,1,07-18-2024 23:40:01,PEA River Electric Coop
Henry,0,1,07-18-2024 23:55:01,PEA River Electric Coop
Barbour,0,1,07-18-2024 23:55:01,PEA River Electric Coop
Henry,0,1,07-19-2024 00:10:01,PEA River Electric Coop
Barbour,0,1,07-19-2024 00:10:01,PEA River Electric Coop
Henry,0,3,07-19-2024 00:25:01,PEA River Electric Coop
Henry,0,3,07-19-2024 00:40:01,PEA River Electric Coop
Henry,0,3,07-19-2024 00:55:01,PEA River Electric Coop
Dale,0,1,07-19-2024 18:10:02,PEA River Electric Coop
Dale,0,1,07-19-2024 18:25:01,PEA River Electric Coop
Dale,0,1,07-19-2024 18:40:01,PEA River Electric Coop
Dale,0,1,07-19-2024 18:55:01,PEA River Electric Coop
Dale,0,1,07-19-2024 19:40:01,PEA River Electric Coop
Dale,0,1,07-19-2024 19:55:01,PEA River Electric Coop
Dale,0,1,07-19-2024 20:10:01,PEA River Electric Coop
Barbour,0,1,07-19-2024 22:25:03,PEA River Electric Coop
Barbour,0,1,07-19-2024 22:40:05,PEA River Electric Coop
Barbour,0,1,07-19-2024 22:55:05,PEA River Electric Coop
Barbour,0,1,07-19-2024 23:10:04,PEA River Electric Coop
Barbour,0,1,07-20-2024 12:40:01,PEA River Electric Coop
Barbour,0,1,07-20-2024 12:55:01,PEA River Electric Coop
Barbour,0,1,07-20-2024 13:10:01,PEA River Electric Coop
Barbour,0,1,07-20-2024 13:25:06,PEA River Electric Coop
Dale,0,1,07-20-2024 16:10:03,PEA River Electric Coop
Dale,0,1,07-20-2024 16:25:09,PEA River Electric Coop
Dale,0,1,07-20-2024 16:40:01,PEA River Electric Coop
Barbour,0,1,07-20-2024 17:40:01,PEA River Electric Coop
Barbour,0,1,07-20-2024 17:55:01,PEA River Electric Coop
Henry,0,2,07-20-2024 18:10:04,PEA River Electric Coop
Barbour,0,1,07-20-2024 18:10:04,PEA River Electric Coop
Henry,0,2,07-20-2024 18:25:11,PEA River Electric Coop
Barbour,0,1,07-20-2024 18:25:11,PEA River Electric Coop
Henry,0,2,07-20-2024 18:40:06,PEA River Electric Coop
Barbour,0,1,07-20-2024 18:40:06,PEA River Electric Coop
Henry,0,2,07-20-2024 18:55:06,PEA River Electric Coop
Henry,0,2,07-20-2024 19:10:10,PEA River Electric Coop
Henry,0,2,07-20-2024 19:25:05,PEA River Electric Coop
Henry,0,195,07-21-2024 08:25:01,PEA River Electric Coop
Henry,0,347,07-21-2024 08:40:01,PEA River Electric Coop
Henry,0,347,07-21-2024 08:55:01,PEA River Electric Coop
Henry,0,347,07-21-2024 09:10:02,PEA River Electric Coop
Henry,0,347,07-21-2024 09:25:01,PEA River Electric Coop
Henry,0,347,07-21-2024 09:40:01,PEA River Electric Coop
Henry,0,347,07-21-2024 09:55:01,PEA River Electric Coop
Henry,0,347,07-21-2024 10:10:01,PEA River Electric Coop
Henry,0,347,07-21-2024 10:25:01,PEA River Electric Coop
Henry,0,347,07-21-2024 10:40:02,PEA River Electric Coop
Henry,0,347,07-21-2024 10:55:01,PEA River Electric Coop
Henry,0,1,07-21-2024 11:25:01,PEA River Electric Coop
Henry,0,1,07-21-2024 11:40:01,PEA River Electric Coop
Henry,0,1,07-21-2024 11:55:01,PEA River Electric Coop
Henry,0,1,07-21-2024 12:10:01,PEA River Electric Coop
Henry,0,1,07-21-2024 12:25:01,PEA River Electric Coop
Henry,0,1,07-21-2024 12:40:01,PEA River Electric Coop
Henry,0,1,07-21-2024 12:55:01,PEA River Electric Coop
Dale,0,1,07-21-2024 13:10:01,PEA River Electric Coop
Dale,0,1,07-21-2024 13:25:01,PEA River Electric Coop
Dale,0,1,07-21-2024 13:40:01,PEA River Electric Coop
Dale,0,1,07-21-2024 18:55:01,PEA River Electric Coop
Dale,0,55,07-21-2024 19:10:01,PEA River Electric Coop
Dale,0,54,07-21-2024 19:25:01,PEA River Electric Coop
Henry,0,21,07-21-2024 19:25:01,PEA River Electric Coop
Dale,0,60,07-21-2024 19:40:01,PEA River Electric Coop
Henry,0,21,07-21-2024 19:40:01,PEA River Electric Coop
Dale,0,60,07-21-2024 19:55:01,PEA River Electric Coop
Henry,0,21,07-21-2024 19:55:01,PEA River Electric Coop
Dale,0,60,07-21-2024 20:10:01,PEA River Electric Coop
Henry,0,21,07-21-2024 20:10:01,PEA River Electric Coop
Dale,0,60,07-21-2024 20:25:01,PEA River Electric Coop
Henry,0,21,07-21-2024 20:25:01,PEA River Electric Coop
Dale,0,60,07-21-2024 20:40:01,PEA River Electric Coop
Henry,0,21,07-21-2024 20:40:01,PEA River Electric Coop
Dale,0,60,07-21-2024 20:55:02,PEA River Electric Coop
Henry,0,21,07-21-2024 20:55:02,PEA River Electric Coop
Dale,0,6,07-21-2024 21:10:01,PEA River Electric Coop
Henry,0,21,07-21-2024 21:10:01,PEA River Electric Coop
Dale,0,6,07-21-2024 21:25:01,PEA River Electric Coop
Henry,0,21,07-21-2024 21:25:01,PEA River Electric Coop
Dale,0,6,07-21-2024 21:40:02,PEA River Electric Coop
Dale,0,1,07-21-2024 21:55:01,PEA River Electric Coop
Henry,0,1,07-21-2024 21:55:01,PEA River Electric Coop
Dale,0,1,07-21-2024 22:10:01,PEA River Electric Coop
Henry,0,1,07-21-2024 22:10:01,PEA River Electric Coop
Dale,0,1,07-21-2024 22:25:01,PEA River Electric Coop
Dale,0,1,07-21-2024 22:40:01,PEA River Electric Coop
Barbour,0,1,07-21-2024 23:25:02,PEA River Electric Coop
Barbour,0,1,07-21-2024 23:40:01,PEA River Electric Coop
Barbour,0,1,07-21-2024 23:55:01,PEA River Electric Coop
Barbour,0,1,07-22-2024 00:10:01,PEA River Electric Coop
Barbour,0,1,07-22-2024 00:25:01,PEA River Electric Coop
Barbour,0,1,07-22-2024 00:40:01,PEA River Electric Coop
Barbour,0,1,07-22-2024 00:55:01,PEA River Electric Coop
Barbour,0,1,07-22-2024 01:10:01,PEA River Electric Coop
Dale,0,1,07-23-2024 03:10:01,PEA River Electric Coop
Dale,0,1,07-23-2024 03:25:02,PEA River Electric Coop
Dale,0,1,07-23-2024 03:40:02,PEA River Electric Coop
Dale,0,1,07-23-2024 03:55:02,PEA River Electric Coop
Dale,0,1,07-23-2024 04:10:04,PEA River Electric Coop
Henry,0,2,07-23-2024 12:25:04,PEA River Electric Coop
Henry,0,2,07-23-2024 12:40:07,PEA River Electric Coop
Henry,0,2,07-23-2024 12:55:03,PEA River Electric Coop
Barbour,0,1,07-23-2024 12:55:03,PEA River Electric Coop
Henry,0,2,07-23-2024 13:10:07,PEA River Electric Coop
Henry,0,2,07-23-2024 13:25:07,PEA River Electric Coop
Henry,0,3,07-23-2024 13:40:04,PEA River Electric Coop
Henry,0,3,07-23-2024 13:55:07,PEA River Electric Coop
Henry,0,1,07-23-2024 14:10:04,PEA River Electric Coop
Henry,0,1,07-23-2024 14:25:01,PEA River Electric Coop
Henry,0,1,07-23-2024 14:40:01,PEA River Electric Coop
Henry,0,2,07-23-2024 21:55:01,PEA River Electric Coop
Henry,0,2,07-23-2024 22:10:01,PEA River Electric Coop
Henry,0,2,07-23-2024 22:25:01,PEA River Electric Coop
Henry,0,2,07-23-2024 22:40:01,PEA River Electric Coop
Henry,0,2,07-23-2024 22:55:01,PEA River Electric Coop
Dale,0,1,07-24-2024 16:55:01,PEA River Electric Coop
Dale,0,1,07-24-2024 17:10:01,PEA River Electric Coop
Dale,0,1,07-24-2024 17:25:01,PEA River Electric Coop
Dale,0,2,07-24-2024 18:10:02,PEA River Electric Coop
Dale,0,2,07-24-2024 18:25:01,PEA River Electric Coop
Dale,0,2,07-24-2024 18:40:03,PEA River Electric Coop
Dale,0,2,07-24-2024 18:55:01,PEA River Electric Coop
Dale,0,2,07-24-2024 19:10:03,PEA River Electric Coop
Dale,0,208,07-25-2024 11:10:09,PEA River Electric Coop
Dale,0,208,07-25-2024 11:25:04,PEA River Electric Coop
Dale,0,208,07-25-2024 11:40:07,PEA River Electric Coop
Dale,0,208,07-25-2024 11:55:06,PEA River Electric Coop
Dale,0,208,07-25-2024 12:10:07,PEA River Electric Coop
Dale,0,2,07-25-2024 20:10:01,PEA River Electric Coop
Dale,0,4,07-25-2024 20:25:01,PEA River Electric Coop
Dale,0,4,07-25-2024 20:40:01,PEA River Electric Coop
Dale,0,4,07-25-2024 20:55:01,PEA River Electric Coop
Dale,0,4,07-25-2024 21:10:01,PEA River Electric Coop
Dale,0,4,07-25-2024 21:25:01,PEA River Electric Coop
Dale,0,1,07-25-2024 23:55:03,PEA River Electric Coop
Dale,0,1,07-26-2024 00:10:04,PEA River Electric Coop
Dale,0,1,07-26-2024 00:25:02,PEA River Electric Coop
Dale,0,1,07-26-2024 00:40:02,PEA River Electric Coop
Dale,0,1,07-26-2024 00:55:02,PEA River Electric Coop
Dale,0,1,07-26-2024 03:10:01,PEA River Electric Coop
Dale,0,1,07-26-2024 03:25:05,PEA River Electric Coop
Dale,0,1,07-26-2024 03:40:05,PEA River Electric Coop
Dale,0,1,07-26-2024 03:55:04,PEA River Electric Coop
Barbour,0,2,07-26-2024 13:55:01,PEA River Electric Coop
Barbour,0,2,07-26-2024 14:10:01,PEA River Electric Coop
Barbour,0,2,07-26-2024 14:25:02,PEA River Electric Coop
Barbour,0,2,07-26-2024 14:40:02,PEA River Electric Coop
Barbour,0,2,07-26-2024 14:55:01,PEA River Electric Coop
Barbour,0,2,07-26-2024 15:10:02,PEA River Electric Coop
Barbour,0,2,07-26-2024 15:25:01,PEA River Electric Coop
Barbour,0,2,07-26-2024 15:40:01,PEA River Electric Coop
Barbour,0,2,07-26-2024 15:55:01,PEA River Electric Coop
Barbour,0,2,07-26-2024 16:10:01,PEA River Electric Coop
Barbour,0,2,07-26-2024 16:25:01,PEA River Electric Coop
Barbour,0,2,07-26-2024 16:40:01,PEA River Electric Coop
Barbour,0,2,07-26-2024 16:55:01,PEA River Electric Coop
Dale,0,1,07-26-2024 18:10:01,PEA River Electric Coop
Dale,0,1,07-26-2024 18:25:03,PEA River Electric Coop
Dale,0,1,07-26-2024 18:40:01,PEA River Electric Coop
Henry,0,1,07-26-2024 19:10:01,PEA River Electric Coop
Henry,0,1,07-26-2024 19:25:01,PEA River Electric Coop
Henry,0,1,07-26-2024 19:40:01,PEA River Electric Coop
Dale,0,2,07-27-2024 10:10:01,PEA River Electric Coop
Dale,0,2,07-27-2024 10:25:01,PEA River Electric Coop
Dale,0,2,07-27-2024 10:40:01,PEA River Electric Coop
Dale,0,2,07-27-2024 10:55:01,PEA River Electric Coop
Barbour,0,1,07-27-2024 12:25:01,PEA River Electric Coop
Barbour,0,1,07-27-2024 12:40:01,PEA River Electric Coop
Barbour,0,1,07-27-2024 12:55:01,PEA River Electric Coop
Barbour,0,1,07-27-2024 13:10:01,PEA River Electric Coop
Barbour,0,1,07-27-2024 13:25:01,PEA River Electric Coop
Henry,0,1,07-27-2024 20:40:08,PEA River Electric Coop
Henry,0,1,07-27-2024 20:55:07,PEA River Electric Coop
Henry,0,1,07-27-2024 21:10:06,PEA River Electric Coop
Barbour,0,1,07-28-2024 14:25:01,PEA River Electric Coop
Barbour,0,10,07-28-2024 14:40:02,PEA River Electric Coop
Barbour,0,10,07-28-2024 14:55:02,PEA River Electric Coop
Barbour,0,10,07-28-2024 15:10:02,PEA River Electric Coop
Barbour,0,10,07-28-2024 15:25:05,PEA River Electric Coop
Dale,0,1,07-28-2024 15:55:02,PEA River Electric Coop
Dale,0,1,07-28-2024 16:10:10,PEA River Electric Coop
Dale,0,1,07-28-2024 16:25:04,PEA River Electric Coop
Dale,0,1,07-28-2024 16:40:05,PEA River Electric Coop
Dale,0,2,07-28-2024 19:55:02,PEA River Electric Coop
Dale,0,2,07-28-2024 20:10:01,PEA River Electric Coop
Henry,0,1,07-28-2024 20:10:01,PEA River Electric Coop
Dale,0,2,07-28-2024 20:25:01,PEA River Electric Coop
Henry,0,1,07-28-2024 20:25:01,PEA River Electric Coop
Dale,0,2,07-28-2024 20:40:01,PEA River Electric Coop
Henry,0,1,07-28-2024 20:40:01,PEA River Electric Coop
Henry,0,1,07-28-2024 20:55:01,PEA River Electric Coop
Henry,0,1,07-28-2024 21:10:01,PEA River Electric Coop
Henry,0,1,07-28-2024 21:25:01,PEA River Electric Coop
Henry,0,1,07-28-2024 21:40:01,PEA River Electric Coop
Henry,0,1,07-28-2024 21:55:01,PEA River Electric Coop
Dale,0,2,07-29-2024 11:25:01,PEA River Electric Coop
Dale,0,2,07-29-2024 11:40:01,PEA River Electric Coop
Dale,0,2,07-29-2024 11:55:01,PEA River Electric Coop
Dale,0,2,07-29-2024 12:10:01,PEA River Electric Coop
Barbour,0,2,07-29-2024 17:55:01,PEA River Electric Coop
Barbour,0,2,07-29-2024 18:10:01,PEA River Electric Coop
Barbour,0,2,07-29-2024 18:25:01,PEA River Electric Coop
Henry,0,1,07-29-2024 20:40:01,PEA River Electric Coop
Dale,0,2,07-29-2024 20:55:01,PEA River Electric Coop
Henry,0,1,07-29-2024 20:55:01,PEA River Electric Coop
Dale,0,2,07-29-2024 21:10:01,PEA River Electric Coop
Henry,0,1,07-29-2024 21:10:01,PEA River Electric Coop
Henry,0,1,07-29-2024 21:25:02,PEA River Electric Coop
Henry,0,1,07-29-2024 21:40:01,PEA River Electric Coop
Henry,0,1,07-29-2024 21:55:01,PEA River Electric Coop
Henry,0,1,07-29-2024 22:25:02,PEA River Electric Coop
Henry,0,1,07-29-2024 22:40:01,PEA River Electric Coop
Henry,0,1,07-29-2024 22:55:01,PEA River Electric Coop
Henry,0,1,07-29-2024 23:10:01,PEA River Electric Coop
Henry,0,1,07-29-2024 23:25:02,PEA River Electric Coop
Henry,0,1,07-29-2024 23:40:02,PEA River Electric Coop
Henry,0,1,07-29-2024 23:55:01,PEA River Electric Coop
Henry,0,1,07-30-2024 00:10:03,PEA River Electric Coop
Henry,0,1,07-30-2024 00:25:02,PEA River Electric Coop
Henry,0,1,07-30-2024 00:40:02,PEA River Electric Coop
Henry,0,1,07-30-2024 00:55:02,PEA River Electric Coop
Henry,0,1,07-30-2024 01:10:01,PEA River Electric Coop
Henry,0,1,07-30-2024 01:25:01,PEA River Electric Coop
Dale,0,1,07-30-2024 02:40:01,PEA River Electric Coop
Dale,0,1,07-30-2024 02:55:01,PEA River Electric Coop
Dale,0,1,07-30-2024 03:10:02,PEA River Electric Coop
Henry,0,10,07-30-2024 10:40:01,PEA River Electric Coop
Henry,0,10,07-30-2024 10:55:02,PEA River Electric Coop
Henry,0,10,07-30-2024 11:10:01,PEA River Electric Coop
Henry,0,10,07-30-2024 11:25:02,PEA River Electric Coop
Henry,0,10,07-30-2024 11:40:02,PEA River Electric Coop
Henry,0,10,07-30-2024 11:55:02,PEA River Electric Coop
Henry,0,10,07-30-2024 12:10:02,PEA River Electric Coop
Henry,0,10,07-30-2024 12:25:02,PEA River Electric Coop
Henry,0,10,07-30-2024 12:40:01,PEA River Electric Coop
Henry,0,8,07-31-2024 08:55:03,PEA River Electric Coop
Henry,0,8,07-31-2024 09:10:07,PEA River Electric Coop
Dale,0,2,07-31-2024 09:25:03,PEA River Electric Coop
Henry,0,8,07-31-2024 09:25:03,PEA River Electric Coop
Dale,0,2,07-31-2024 09:40:02,PEA River Electric Coop
Henry,0,8,07-31-2024 09:40:02,PEA River Electric Coop
Dale,0,2,07-31-2024 09:55:07,PEA River Electric Coop
Barbour,0,1,07-31-2024 12:55:01,PEA River Electric Coop
Barbour,0,1,07-31-2024 13:10:01,PEA River Electric Coop
Barbour,0,1,07-31-2024 13:25:01,PEA River Electric Coop
Barbour,0,1,07-31-2024 15:55:01,PEA River Electric Coop
Henry,0,8,07-31-2024 17:55:01,PEA River Electric Coop
Henry,0,8,07-31-2024 18:10:02,PEA River Electric Coop
Dale,0,1,07-31-2024 22:40:01,PEA River Electric Coop
Henry,0,2,07-31-2024 23:10:01,PEA River Electric Coop
Barbour,0,1,07-31-2024 23:10:01,PEA River Electric Coop
Henry,0,3,07-31-2024 23:25:02,PEA River Electric Coop
Barbour,0,1,07-31-2024 23:25:02,PEA River Electric Coop
Dale,0,1,07-31-2024 23:40:01,PEA River Electric Coop
Henry,0,4,07-31-2024 23:40:01,PEA River Electric Coop
Dale,0,1,07-31-2024 23:55:01,PEA River Electric Coop
Henry,0,20,07-31-2024 23:55:01,PEA River Electric Coop
Dale,0,1,08-01-2024 00:10:01,PEA River Electric Coop
Henry,0,20,08-01-2024 00:10:01,PEA River Electric Coop
Henry,0,20,08-01-2024 00:25:01,PEA River Electric Coop
Henry,0,20,08-01-2024 00:40:03,PEA River Electric Coop
Henry,0,19,08-01-2024 00:55:01,PEA River Electric Coop
Henry,0,19,08-01-2024 01:10:01,PEA River Electric Coop
Henry,0,1,08-01-2024 01:25:02,PEA River Electric Coop
Henry,0,2,08-01-2024 01:40:01,PEA River Electric Coop
Henry,0,3,08-01-2024 01:55:01,PEA River Electric Coop
Henry,0,3,08-01-2024 02:10:01,PEA River Electric Coop
Henry,0,1,08-01-2024 07:40:04,PEA River Electric Coop
Henry,0,1,08-01-2024 07:55:01,PEA River Electric Coop
Henry,0,1,08-01-2024 08:10:02,PEA River Electric Coop
Henry,0,1,08-01-2024 08:25:11,PEA River Electric Coop
Henry,0,1,08-01-2024 08:40:03,PEA River Electric Coop
Henry,0,1,08-01-2024 08:55:07,PEA River Electric Coop
Henry,0,1,08-01-2024 09:10:02,PEA River Electric Coop
Henry,0,1,08-01-2024 11:10:01,PEA River Electric Coop
Henry,0,1,08-01-2024 11:25:01,PEA River Electric Coop
Henry,0,1,08-01-2024 11:40:01,PEA River Electric Coop
Henry,0,1,08-01-2024 11:55:01,PEA River Electric Coop
Henry,0,1,08-01-2024 12:10:01,PEA River Electric Coop
Henry,0,1,08-01-2024 12:25:01,PEA River Electric Coop
Henry,0,1,08-01-2024 12:40:01,PEA River Electric Coop
Henry,0,1,08-01-2024 12:55:01,PEA River Electric Coop
Henry,0,1,08-01-2024 13:10:01,PEA River Electric Coop
Barbour,0,20,08-01-2024 13:10:01,PEA River Electric Coop
Henry,0,1,08-01-2024 13:25:01,PEA River Electric Coop
Barbour,0,20,08-01-2024 13:25:01,PEA River Electric Coop
Henry,0,2,08-01-2024 13:40:01,PEA River Electric Coop
Barbour,0,20,08-01-2024 13:40:01,PEA River Electric Coop
Henry,0,4,08-01-2024 13:55:01,PEA River Electric Coop
Barbour,0,20,08-01-2024 13:55:01,PEA River Electric Coop
Henry,0,4,08-01-2024 14:10:01,PEA River Electric Coop
Barbour,0,20,08-01-2024 14:10:01,PEA River Electric Coop
Henry,0,4,08-01-2024 14:25:02,PEA River Electric Coop
Henry,0,4,08-01-2024 14:40:01,PEA River Electric Coop
Henry,0,1,08-01-2024 14:55:00,PEA River Electric Coop
Dale,0,69,08-01-2024 16:55:01,PEA River Electric Coop
Dale,0,12,08-01-2024 21:40:01,PEA River Electric Coop
Dale,0,12,08-01-2024 21:55:01,PEA River Electric Coop
Dale,0,12,08-01-2024 22:10:01,PEA River Electric Coop
Dale,0,12,08-01-2024 22:25:02,PEA River Electric Coop
Dale,0,12,08-01-2024 22:40:01,PEA River Electric Coop
Dale,0,1,08-02-2024 22:55:01,PEA River Electric Coop
Dale,0,1,08-02-2024 23:10:02,PEA River Electric Coop
Dale,0,1,08-02-2024 23:25:02,PEA River Electric Coop
Barbour,0,2,08-02-2024 23:55:01,PEA River Electric Coop
Barbour,0,2,08-03-2024 00:10:02,PEA River Electric Coop
Barbour,0,2,08-03-2024 00:25:01,PEA River Electric Coop
Barbour,0,2,08-03-2024 00:40:02,PEA River Electric Coop
Barbour,0,2,08-03-2024 00:55:01,PEA River Electric Coop
Dale,0,2,08-03-2024 01:55:01,PEA River Electric Coop
Dale,0,2,08-03-2024 02:10:01,PEA River Electric Coop
Dale,0,2,08-03-2024 02:25:01,PEA River Electric Coop
Dale,0,7,08-03-2024 09:40:01,PEA River Electric Coop
Dale,0,7,08-03-2024 09:55:01,PEA River Electric Coop
Dale,0,7,08-03-2024 10:10:01,PEA River Electric Coop
Dale,0,7,08-03-2024 10:25:01,PEA River Electric Coop
Dale,0,7,08-03-2024 10:40:01,PEA River Electric Coop
Dale,0,8,08-03-2024 10:55:01,PEA River Electric Coop
Dale,0,8,08-03-2024 11:10:01,PEA River Electric Coop
Dale,0,9,08-03-2024 11:25:01,PEA River Electric Coop
Dale,0,9,08-03-2024 11:40:01,PEA River Electric Coop
Dale,0,2,08-03-2024 11:55:01,PEA River Electric Coop
Dale,0,2,08-03-2024 12:10:01,PEA River Electric Coop
Dale,0,1,08-03-2024 12:25:01,PEA River Electric Coop
Dale,0,1,08-03-2024 12:40:01,PEA River Electric Coop
Dale,0,2,08-03-2024 12:55:01,PEA River Electric Coop
Dale,0,1,08-03-2024 13:10:01,PEA River Electric Coop
Dale,0,1,08-03-2024 13:25:01,PEA River Electric Coop
Dale,0,1,08-03-2024 13:40:01,PEA River Electric Coop
Dale,0,2,08-03-2024 13:55:01,PEA River Electric Coop
Dale,0,2,08-03-2024 14:10:01,PEA River Electric Coop
Dale,0,2,08-03-2024 14:25:01,PEA River Electric Coop
Dale,0,1,08-03-2024 21:25:04,PEA River Electric Coop
Dale,0,1,08-03-2024 21:40:01,PEA River Electric Coop
Dale,0,1,08-03-2024 21:55:02,PEA River Electric Coop
Dale,0,1,08-03-2024 22:10:03,PEA River Electric Coop
Dale,0,1,08-03-2024 22:25:03,PEA River Electric Coop
Barbour,0,1,08-03-2024 22:25:03,PEA River Electric Coop
Barbour,0,1,08-03-2024 22:40:01,PEA River Electric Coop
Barbour,0,1,08-03-2024 22:55:01,PEA River Electric Coop
Barbour,0,1,08-03-2024 23:10:01,PEA River Electric Coop
Barbour,0,1,08-03-2024 23:25:01,PEA River Electric Coop
Barbour,0,1,08-04-2024 00:25:01,PEA River Electric Coop
Barbour,0,1,08-04-2024 04:25:02,PEA River Electric Coop
Barbour,0,1,08-04-2024 04:40:03,PEA River Electric Coop
Barbour,0,1,08-04-2024 04:55:01,PEA River Electric Coop
Barbour,0,1,08-04-2024 05:10:01,PEA River Electric Coop
Barbour,0,1,08-04-2024 05:25:01,PEA River Electric Coop
Barbour,0,1,08-04-2024 05:40:01,PEA River Electric Coop
Dale,0,3,08-04-2024 12:10:00,PEA River Electric Coop
Dale,0,3,08-04-2024 12:25:01,PEA River Electric Coop
Dale,0,3,08-04-2024 12:40:02,PEA River Electric Coop
Dale,0,4,08-04-2024 15:25:02,PEA River Electric Coop
Dale,0,4,08-04-2024 15:40:01,PEA River Electric Coop
Dale,0,4,08-04-2024 15:55:02,PEA River Electric Coop
Dale,0,4,08-04-2024 16:10:06,PEA River Electric Coop
Dale,0,4,08-04-2024 16:25:01,PEA River Electric Coop
Barbour,0,1,08-04-2024 19:10:04,PEA River Electric Coop
Barbour,0,1,08-04-2024 19:25:02,PEA River Electric Coop
Barbour,0,1,08-04-2024 19:40:02,PEA River Electric Coop
Barbour,0,1,08-04-2024 19:55:07,PEA River Electric Coop
Barbour,0,5,08-04-2024 22:40:02,PEA River Electric Coop
Barbour,0,5,08-04-2024 22:55:01,PEA River Electric Coop
Barbour,0,5,08-04-2024 23:10:01,PEA River Electric Coop
Barbour,0,2,08-04-2024 23:25:01,PEA River Electric Coop
Barbour,0,2,08-04-2024 23:40:01,PEA River Electric Coop
Barbour,0,2,08-04-2024 23:55:01,PEA River Electric Coop
Barbour,0,2,08-05-2024 00:10:01,PEA River Electric Coop
Henry,0,1,08-05-2024 14:10:01,PEA River Electric Coop
Henry,0,2,08-05-2024 14:25:01,PEA River Electric Coop
Dale,0,2,08-05-2024 14:40:01,PEA River Electric Coop
Henry,0,2,08-05-2024 14:40:01,PEA River Electric Coop
Dale,0,2,08-05-2024 14:55:01,PEA River Electric Coop
Henry,0,2,08-05-2024 14:55:01,PEA River Electric Coop
Dale,0,2,08-05-2024 15:10:01,PEA River Electric Coop
Henry,0,2,08-05-2024 15:10:01,PEA River Electric Coop
Dale,0,2,08-05-2024 15:25:01,PEA River Electric Coop
Henry,0,3,08-05-2024 15:25:01,PEA River Electric Coop
Henry,0,17,08-05-2024 15:40:01,PEA River Electric Coop
Henry,0,30,08-05-2024 15:55:01,PEA River Electric Coop
Henry,0,30,08-05-2024 16:10:01,PEA River Electric Coop
Henry,0,30,08-05-2024 16:25:01,PEA River Electric Coop
Henry,0,30,08-05-2024 16:40:02,PEA River Electric Coop
Henry,0,30,08-05-2024 16:55:01,PEA River Electric Coop
Henry,0,30,08-05-2024 17:10:01,PEA River Electric Coop
Henry,0,15,08-05-2024 17:25:02,PEA River Electric Coop
Dale,0,9,08-05-2024 19:25:01,PEA River Electric Coop
Dale,0,9,08-05-2024 19:40:01,PEA River Electric Coop
Dale,0,9,08-05-2024 19:55:02,PEA River Electric Coop
Henry,0,2,08-05-2024 19:55:02,PEA River Electric Coop
Dale,0,9,08-05-2024 20:10:02,PEA River Electric Coop
Henry,0,3,08-05-2024 20:10:02,PEA River Electric Coop
Dale,0,9,08-05-2024 20:25:02,PEA River Electric Coop
Henry,0,3,08-05-2024 20:25:02,PEA River Electric Coop
Barbour,0,2,08-05-2024 20:25:02,PEA River Electric Coop
Dale,0,133,08-05-2024 20:40:01,PEA River Electric Coop
Henry,0,3,08-05-2024 20:40:01,PEA River Electric Coop
Barbour,0,18,08-05-2024 20:40:01,PEA River Electric Coop
Dale,0,998,08-05-2024 20:55:01,PEA River Electric Coop
Henry,0,3,08-05-2024 20:55:01,PEA River Electric Coop
Barbour,0,18,08-05-2024 20:55:01,PEA River Electric Coop
Dale,0,998,08-05-2024 21:10:01,PEA River Electric Coop
Henry,0,3,08-05-2024 21:10:01,PEA River Electric Coop
Barbour,0,18,08-05-2024 21:10:01,PEA River Electric Coop
Dale,0,1,08-05-2024 21:25:01,PEA River Electric Coop
Henry,0,3,08-05-2024 21:25:01,PEA River Electric Coop
Barbour,0,24,08-05-2024 21:25:01,PEA River Electric Coop
Dale,0,12,08-05-2024 21:40:01,PEA River Electric Coop
Henry,0,2,08-05-2024 21:40:01,PEA River Electric Coop
Barbour,0,32,08-05-2024 21:40:01,PEA River Electric Coop
Dale,0,12,08-05-2024 21:55:01,PEA River Electric Coop
Barbour,0,32,08-05-2024 21:55:01,PEA River Electric Coop
Dale,0,11,08-05-2024 22:10:04,PEA River Electric Coop
Barbour,0,32,08-05-2024 22:10:04,PEA River Electric Coop
Dale,0,11,08-05-2024 22:25:01,PEA River Electric Coop
Barbour,0,32,08-05-2024 22:25:01,PEA River Electric Coop
Dale,0,11,08-05-2024 22:40:02,PEA River Electric Coop
Barbour,0,33,08-05-2024 22:40:02,PEA River Electric Coop
Dale,0,11,08-05-2024 22:55:02,PEA River Electric Coop
Barbour,0,33,08-05-2024 22:55:02,PEA River Electric Coop
Dale,0,11,08-05-2024 23:10:02,PEA River Electric Coop
Barbour,0,27,08-05-2024 23:10:02,PEA River Electric Coop
Dale,0,1,08-05-2024 23:25:01,PEA River Electric Coop
Barbour,0,1,08-05-2024 23:25:01,PEA River Electric Coop
Dale,0,1,08-05-2024 23:40:01,PEA River Electric Coop
Barbour,0,1,08-05-2024 23:40:01,PEA River Electric Coop
Dale,0,6,08-05-2024 23:55:01,PEA River Electric Coop
Barbour,0,1,08-05-2024 23:55:01,PEA River Electric Coop
Dale,0,5,08-06-2024 00:10:01,PEA River Electric Coop
Barbour,0,1,08-06-2024 00:10:01,PEA River Electric Coop
Dale,0,5,08-06-2024 00:25:01,PEA River Electric Coop
Barbour,0,1,08-06-2024 00:25:01,PEA River Electric Coop
Dale,0,5,08-06-2024 00:40:01,PEA River Electric Coop
Barbour,0,1,08-06-2024 00:40:01,PEA River Electric Coop
Barbour,0,1,08-06-2024 00:55:02,PEA River Electric Coop
Barbour,0,1,08-06-2024 01:10:01,PEA River Electric Coop
Barbour,0,1,08-06-2024 01:25:01,PEA River Electric Coop
Barbour,0,2,08-06-2024 01:40:01,PEA River Electric Coop
Barbour,0,2,08-06-2024 01:55:01,PEA River Electric Coop
Barbour,0,2,08-06-2024 02:10:01,PEA River Electric Coop
Barbour,0,1,08-06-2024 02:25:01,PEA River Electric Coop
Barbour,0,1,08-06-2024 02:40:01,PEA River Electric Coop
Barbour,0,1,08-06-2024 02:55:01,PEA River Electric Coop
Barbour,0,1,08-06-2024 03:10:03,PEA River Electric Coop
Barbour,0,1,08-06-2024 03:25:01,PEA River Electric Coop
Barbour,0,1,08-06-2024 03:40:01,PEA River Electric Coop
Barbour,0,1,08-06-2024 03:55:01,PEA River Electric Coop
Barbour,0,1,08-06-2024 04:10:01,PEA River Electric Coop
Barbour,0,1,08-06-2024 04:25:01,PEA River Electric Coop
Barbour,0,1,08-06-2024 04:40:02,PEA River Electric Coop
Barbour,0,1,08-06-2024 04:55:02,PEA River Electric Coop
Barbour,0,1,08-06-2024 05:10:01,PEA River Electric Coop
Barbour,0,1,08-06-2024 05:25:02,PEA River Electric Coop
Barbour,0,1,08-06-2024 05:40:02,PEA River Electric Coop
Barbour,0,1,08-06-2024 05:55:02,PEA River Electric Coop
Barbour,0,1,08-06-2024 06:10:02,PEA River Electric Coop
Barbour,0,1,08-06-2024 06:25:04,PEA River Electric Coop
Barbour,0,1,08-06-2024 06:40:12,PEA River Electric Coop
Barbour,0,1,08-06-2024 06:55:06,PEA River Electric Coop
Barbour,0,1,08-06-2024 07:10:02,PEA River Electric Coop
Barbour,0,1,08-06-2024 07:25:02,PEA River Electric Coop
Barbour,0,1,08-06-2024 07:40:08,PEA River Electric Coop
Barbour,0,1,08-06-2024 07:55:08,PEA River Electric Coop
Barbour,0,1,08-06-2024 08:10:02,PEA River Electric Coop
Barbour,0,1,08-06-2024 08:25:02,PEA River Electric Coop
Barbour,0,1,08-06-2024 08:40:03,PEA River Electric Coop
Barbour,0,1,08-06-2024 08:55:01,PEA River Electric Coop
Barbour,0,1,08-06-2024 09:10:02,PEA River Electric Coop
Barbour,0,1,08-06-2024 09:25:01,PEA River Electric Coop
Barbour,0,1,08-06-2024 09:40:01,PEA River Electric Coop
Barbour,0,1,08-06-2024 09:55:02,PEA River Electric Coop
Barbour,0,1,08-06-2024 10:10:01,PEA River Electric Coop
Barbour,0,1,08-06-2024 10:25:01,PEA River Electric Coop
Barbour,0,1,08-06-2024 10:40:02,PEA River Electric Coop
Barbour,0,1,08-06-2024 10:55:03,PEA River Electric Coop
Dale,0,1,08-06-2024 14:25:01,PEA River Electric Coop
Dale,0,1,08-06-2024 14:40:01,PEA River Electric Coop
Barbour,0,20,08-06-2024 14:40:01,PEA River Electric Coop
Dale,0,1,08-06-2024 14:55:01,PEA River Electric Coop
Barbour,0,20,08-06-2024 14:55:01,PEA River Electric Coop
Dale,0,1,08-06-2024 15:10:01,PEA River Electric Coop
Barbour,0,20,08-06-2024 15:10:01,PEA River Electric Coop
Dale,0,1,08-06-2024 15:25:01,PEA River Electric Coop
Barbour,0,20,08-06-2024 15:25:01,PEA River Electric Coop
Dale,0,1,08-06-2024 15:40:01,PEA River Electric Coop
Dale,0,1,08-06-2024 15:55:01,PEA River Electric Coop
Dale,0,1,08-06-2024 16:10:01,PEA River Electric Coop
Dale,0,1,08-06-2024 16:25:02,PEA River Electric Coop
Dale,0,1,08-06-2024 19:40:01,PEA River Electric Coop
Dale,0,1,08-06-2024 19:55:01,PEA River Electric Coop
Dale,0,1,08-06-2024 20:10:03,PEA River Electric Coop
Dale,0,1,08-06-2024 20:25:02,PEA River Electric Coop
Dale,0,1,08-06-2024 20:40:02,PEA River Electric Coop
Dale,0,1,08-06-2024 20:55:02,PEA River Electric Coop
Dale,0,1,08-06-2024 21:10:01,PEA River Electric Coop
Dale,0,1,08-06-2024 21:25:04,PEA River Electric Coop
Dale,0,1,08-06-2024 21:40:01,PEA River Electric Coop
Dale,0,1,08-06-2024 21:55:05,PEA River Electric Coop
Dale,0,1,08-06-2024 22:10:02,PEA River Electric Coop
Dale,0,1,08-06-2024 22:25:01,PEA River Electric Coop
Henry,0,1,08-06-2024 22:40:01,PEA River Electric Coop
Henry,0,1,08-06-2024 22:55:01,PEA River Electric Coop
Henry,0,1,08-06-2024 23:10:01,PEA River Electric Coop
Henry,0,1,08-06-2024 23:25:02,PEA River Electric Coop
Dale,0,1,08-07-2024 06:55:02,PEA River Electric Coop
Dale,0,3,08-07-2024 07:10:13,PEA River Electric Coop
Dale,0,3,08-07-2024 07:25:10,PEA River Electric Coop
Dale,0,3,08-07-2024 07:40:02,PEA River Electric Coop
Dale,0,3,08-07-2024 07:55:04,PEA River Electric Coop
Dale,0,3,08-07-2024 08:10:01,PEA River Electric Coop
Dale,0,3,08-07-2024 08:25:03,PEA River Electric Coop
Dale,0,3,08-07-2024 08:40:03,PEA River Electric Coop
Dale,0,3,08-07-2024 08:55:01,PEA River Electric Coop
Dale,0,5,08-08-2024 14:40:01,PEA River Electric Coop
Dale,0,5,08-08-2024 14:55:01,PEA River Electric Coop
Dale,0,5,08-08-2024 15:10:01,PEA River Electric Coop
Henry,0,1,08-08-2024 16:10:01,PEA River Electric Coop
Henry,0,1,08-08-2024 16:25:01,PEA River Electric Coop
Henry,0,1,08-08-2024 16:40:01,PEA River Electric Coop
Henry,0,1,08-08-2024 16:55:01,PEA River Electric Coop
Henry,0,1,08-08-2024 17:10:02,PEA River Electric Coop
Henry,0,1,08-08-2024 17:25:02,PEA River Electric Coop
Henry,0,1,08-08-2024 17:40:01,PEA River Electric Coop
Henry,0,1,08-08-2024 17:55:01,PEA River Electric Coop
Henry,0,1,08-08-2024 18:10:01,PEA River Electric Coop
Henry,0,1,08-08-2024 21:40:01,PEA River Electric Coop
Henry,0,1,08-08-2024 21:55:01,PEA River Electric Coop
Henry,0,1,08-08-2024 22:10:02,PEA River Electric Coop
Henry,0,1,08-08-2024 22:25:01,PEA River Electric Coop
Henry,0,1,08-08-2024 22:40:01,PEA River Electric Coop
Henry,0,1,08-08-2024 22:55:01,PEA River Electric Coop
Dale,0,1,08-09-2024 13:10:01,PEA River Electric Coop
Dale,0,5,08-09-2024 13:25:01,PEA River Electric Coop
Dale,0,7,08-09-2024 13:40:01,PEA River Electric Coop
Dale,0,4,08-09-2024 13:55:01,PEA River Electric Coop
Dale,0,1,08-09-2024 19:10:01,PEA River Electric Coop
Dale,0,1,08-09-2024 19:25:01,PEA River Electric Coop
Dale,0,3,08-09-2024 19:40:02,PEA River Electric Coop
Dale,0,2,08-09-2024 19:55:01,PEA River Electric Coop
Dale,0,2,08-09-2024 20:10:01,PEA River Electric Coop
Dale,0,2,08-09-2024 20:25:01,PEA River Electric Coop
Dale,0,8,08-10-2024 18:25:02,PEA River Electric Coop
Dale,0,8,08-10-2024 18:40:08,PEA River Electric Coop
Dale,0,8,08-10-2024 18:55:03,PEA River Electric Coop
Dale,0,8,08-10-2024 19:10:04,PEA River Electric Coop
Dale,0,8,08-10-2024 19:25:01,PEA River Electric Coop
Barbour,0,2,08-10-2024 21:25:01,PEA River Electric Coop
Barbour,0,5,08-10-2024 21:40:01,PEA River Electric Coop
Barbour,0,7,08-10-2024 21:55:01,PEA River Electric Coop
Barbour,0,7,08-10-2024 22:10:02,PEA River Electric Coop
Barbour,0,7,08-10-2024 22:25:01,PEA River Electric Coop
Barbour,0,7,08-10-2024 22:40:01,PEA River Electric Coop
Barbour,0,7,08-10-2024 22:55:01,PEA River Electric Coop
Barbour,0,7,08-10-2024 23:10:01,PEA River Electric Coop
Dale,0,1,08-11-2024 13:25:01,PEA River Electric Coop
Dale,0,2,08-11-2024 13:40:01,PEA River Electric Coop
Dale,0,2,08-11-2024 13:55:01,PEA River Electric Coop
Dale,0,2,08-11-2024 14:10:01,PEA River Electric Coop
Dale,0,2,08-11-2024 14:25:03,PEA River Electric Coop
Dale,0,1,08-11-2024 14:40:01,PEA River Electric Coop
Dale,0,1,08-11-2024 14:55:01,PEA River Electric Coop
Dale,0,1,08-11-2024 15:10:01,PEA River Electric Coop
Dale,0,4,08-11-2024 18:55:01,PEA River Electric Coop
Dale,0,4,08-11-2024 19:10:01,PEA River Electric Coop
Dale,0,4,08-11-2024 19:25:01,PEA River Electric Coop
Dale,0,4,08-11-2024 19:40:01,PEA River Electric Coop
Dale,0,5,08-11-2024 19:55:01,PEA River Electric Coop
Dale,0,5,08-11-2024 20:10:01,PEA River Electric Coop
Dale,0,1,08-11-2024 20:25:01,PEA River Electric Coop
Dale,0,1,08-11-2024 20:40:01,PEA River Electric Coop
Dale,0,1,08-11-2024 20:55:01,PEA River Electric Coop
Dale,0,1,08-11-2024 21:10:02,PEA River Electric Coop
Dale,0,1,08-11-2024 21:25:01,PEA River Electric Coop
Dale,0,1,08-11-2024 21:40:01,PEA River Electric Coop
Barbour,0,1,08-12-2024 01:10:03,PEA River Electric Coop
Barbour,0,1,08-12-2024 01:25:01,PEA River Electric Coop
Barbour,0,1,08-12-2024 01:40:04,PEA River Electric Coop
Barbour,0,1,08-12-2024 01:55:06,PEA River Electric Coop
Barbour,0,1,08-12-2024 02:10:05,PEA River Electric Coop
Barbour,0,1,08-12-2024 02:25:01,PEA River Electric Coop
Barbour,0,6,08-12-2024 02:40:01,PEA River Electric Coop
Barbour,0,6,08-12-2024 02:55:01,PEA River Electric Coop
Barbour,0,7,08-12-2024 19:10:02,PEA River Electric Coop
Dale,0,12,08-12-2024 21:55:01,PEA River Electric Coop
Dale,0,12,08-12-2024 22:10:01,PEA River Electric Coop
Dale,0,12,08-12-2024 22:25:01,PEA River Electric Coop
Dale,0,12,08-12-2024 22:40:02,PEA River Electric Coop
Dale,0,13,08-12-2024 22:55:01,PEA River Electric Coop
Dale,0,13,08-12-2024 23:10:04,PEA River Electric Coop
Dale,0,1,08-12-2024 23:25:01,PEA River Electric Coop
Dale,0,1,08-12-2024 23:40:03,PEA River Electric Coop
Barbour,0,2,08-13-2024 14:10:01,PEA River Electric Coop
Barbour,0,2,08-13-2024 14:25:01,PEA River Electric Coop
Barbour,0,2,08-13-2024 14:40:01,PEA River Electric Coop
Barbour,0,2,08-13-2024 14:55:02,PEA River Electric Coop
Barbour,0,2,08-13-2024 15:10:02,PEA River Electric Coop
Barbour,0,2,08-13-2024 15:25:01,PEA River Electric Coop
Barbour,0,2,08-13-2024 15:40:01,PEA River Electric Coop
Barbour,0,2,08-13-2024 15:55:01,PEA River Electric Coop
Barbour,0,2,08-13-2024 16:10:02,PEA River Electric Coop
Barbour,0,2,08-13-2024 16:25:01,PEA River Electric Coop
Barbour,0,2,08-13-2024 16:40:02,PEA River Electric Coop
Barbour,0,2,08-13-2024 16:55:01,PEA River Electric Coop
Barbour,0,2,08-13-2024 17:10:02,PEA River Electric Coop
Barbour,0,2,08-13-2024 17:25:02,PEA River Electric Coop
Henry,0,1,08-14-2024 11:55:16,PEA River Electric Coop
Henry,0,43,08-14-2024 12:25:04,PEA River Electric Coop
Henry,0,43,08-14-2024 12:40:07,PEA River Electric Coop
Henry,0,43,08-14-2024 12:55:03,PEA River Electric Coop
Henry,0,1,08-15-2024 00:10:01,PEA River Electric Coop
Henry,0,1,08-15-2024 00:25:01,PEA River Electric Coop
Henry,0,1,08-15-2024 00:40:01,PEA River Electric Coop
Barbour,0,1,08-15-2024 14:25:01,PEA River Electric Coop
Barbour,0,16,08-15-2024 14:40:01,PEA River Electric Coop
Barbour,0,16,08-15-2024 14:55:01,PEA River Electric Coop
Barbour,0,16,08-15-2024 15:10:01,PEA River Electric Coop
Barbour,0,16,08-15-2024 15:25:00,PEA River Electric Coop
Barbour,0,16,08-15-2024 15:40:01,PEA River Electric Coop
Barbour,0,16,08-15-2024 15:55:01,PEA River Electric Coop
Dale,0,2,08-17-2024 00:55:01,PEA River Electric Coop
Dale,0,2,08-17-2024 01:10:01,PEA River Electric Coop
Dale,0,2,08-17-2024 01:25:01,PEA River Electric Coop
Dale,0,2,08-17-2024 01:40:01,PEA River Electric Coop
Dale,0,2,08-17-2024 01:55:01,PEA River Electric Coop
Dale,0,2,08-17-2024 02:10:02,PEA River Electric Coop
Dale,0,2,08-17-2024 02:25:01,PEA River Electric Coop
Dale,0,2,08-17-2024 02:40:01,PEA River Electric Coop
Dale,0,2,08-17-2024 02:55:05,PEA River Electric Coop
Dale,0,2,08-17-2024 03:10:05,PEA River Electric Coop
Dale,0,2,08-17-2024 03:25:02,PEA River Electric Coop
Dale,0,2,08-17-2024 03:40:01,PEA River Electric Coop
Dale,0,2,08-17-2024 03:55:01,PEA River Electric Coop
Dale,0,2,08-17-2024 04:10:01,PEA River Electric Coop
Dale,0,2,08-17-2024 04:25:03,PEA River Electric Coop
Dale,0,2,08-17-2024 04:40:01,PEA River Electric Coop
Dale,0,2,08-17-2024 04:55:02,PEA River Electric Coop
Dale,0,2,08-17-2024 05:10:02,PEA River Electric Coop
Dale,0,2,08-17-2024 05:25:02,PEA River Electric Coop
Dale,0,2,08-17-2024 05:40:01,PEA River Electric Coop
Dale,0,2,08-17-2024 05:55:02,PEA River Electric Coop
Dale,0,2,08-17-2024 06:10:01,PEA River Electric Coop
Dale,0,2,08-17-2024 06:25:01,PEA River Electric Coop
Dale,0,2,08-17-2024 06:40:01,PEA River Electric Coop
Dale,0,2,08-17-2024 06:55:01,PEA River Electric Coop
Dale,0,2,08-17-2024 07:10:01,PEA River Electric Coop
Dale,0,2,08-17-2024 07:25:01,PEA River Electric Coop
Dale,0,2,08-17-2024 07:40:01,PEA River Electric Coop
Dale,0,2,08-17-2024 07:55:01,PEA River Electric Coop
Dale,0,2,08-17-2024 08:10:01,PEA River Electric Coop
Dale,0,2,08-17-2024 08:25:01,PEA River Electric Coop
Dale,0,2,08-17-2024 08:40:01,PEA River Electric Coop
Dale,0,2,08-17-2024 08:55:01,PEA River Electric Coop
Dale,0,2,08-17-2024 09:10:01,PEA River Electric Coop
Dale,0,2,08-17-2024 09:25:01,PEA River Electric Coop
Dale,0,2,08-17-2024 09:40:01,PEA River Electric Coop
Dale,0,2,08-17-2024 09:55:01,PEA River Electric Coop
Dale,0,2,08-17-2024 10:10:01,PEA River Electric Coop
Dale,0,2,08-17-2024 10:25:01,PEA River Electric Coop
Dale,0,2,08-17-2024 10:40:01,PEA River Electric Coop
Dale,0,2,08-17-2024 10:55:01,PEA River Electric Coop
Dale,0,2,08-17-2024 11:10:01,PEA River Electric Coop
Dale,0,2,08-17-2024 11:25:01,PEA River Electric Coop
Dale,0,2,08-17-2024 11:40:01,PEA River Electric Coop
Dale,0,2,08-17-2024 11:55:01,PEA River Electric Coop
Dale,0,2,08-17-2024 12:10:02,PEA River Electric Coop
Dale,0,2,08-17-2024 12:25:01,PEA River Electric Coop
Dale,0,2,08-17-2024 12:40:01,PEA River Electric Coop
Dale,0,2,08-17-2024 12:55:01,PEA River Electric Coop
Dale,0,2,08-17-2024 13:10:01,PEA River Electric Coop
Dale,0,2,08-17-2024 13:25:01,PEA River Electric Coop
Dale,0,2,08-17-2024 13:40:01,PEA River Electric Coop
Dale,0,2,08-17-2024 13:55:01,PEA River Electric Coop
Dale,0,2,08-17-2024 14:10:01,PEA River Electric Coop
Dale,0,2,08-17-2024 14:25:01,PEA River Electric Coop
Barbour,0,2,08-17-2024 14:25:01,PEA River Electric Coop
Dale,0,2,08-17-2024 14:40:01,PEA River Electric Coop
Barbour,0,2,08-17-2024 14:40:01,PEA River Electric Coop
Dale,0,2,08-17-2024 14:55:01,PEA River Electric Coop
Barbour,0,2,08-17-2024 14:55:01,PEA River Electric Coop
Dale,0,2,08-17-2024 15:10:01,PEA River Electric Coop
Barbour,0,2,08-17-2024 15:10:01,PEA River Electric Coop
Dale,0,2,08-17-2024 15:25:01,PEA River Electric Coop
Barbour,0,2,08-17-2024 15:25:01,PEA River Electric Coop
Dale,0,2,08-17-2024 15:40:04,PEA River Electric Coop
Dale,0,2,08-17-2024 15:55:02,PEA River Electric Coop
Dale,0,2,08-17-2024 16:10:01,PEA River Electric Coop
Dale,0,2,08-17-2024 16:25:02,PEA River Electric Coop
Dale,0,2,08-17-2024 16:40:01,PEA River Electric Coop
Dale,0,2,08-17-2024 16:55:02,PEA River Electric Coop
Dale,0,2,08-17-2024 17:10:02,PEA River Electric Coop
Dale,0,2,08-17-2024 17:25:01,PEA River Electric Coop
Dale,0,2,08-17-2024 17:40:01,PEA River Electric Coop
Dale,0,2,08-17-2024 17:55:02,PEA River Electric Coop
Dale,0,2,08-17-2024 18:10:02,PEA River Electric Coop
Dale,0,2,08-17-2024 18:25:07,PEA River Electric Coop
Dale,0,2,08-17-2024 18:40:11,PEA River Electric Coop
Dale,0,2,08-17-2024 18:55:02,PEA River Electric Coop
Dale,0,2,08-17-2024 19:10:01,PEA River Electric Coop
Dale,0,2,08-17-2024 19:25:01,PEA River Electric Coop
Dale,0,2,08-17-2024 19:40:01,PEA River Electric Coop
Dale,0,2,08-17-2024 19:55:01,PEA River Electric Coop
Dale,0,2,08-17-2024 20:10:01,PEA River Electric Coop
Dale,0,2,08-17-2024 20:25:01,PEA River Electric Coop
Dale,0,2,08-17-2024 20:40:01,PEA River Electric Coop
Dale,0,2,08-17-2024 20:55:01,PEA River Electric Coop
Barbour,0,1,08-17-2024 20:55:01,PEA River Electric Coop
Dale,0,2,08-17-2024 21:10:01,PEA River Electric Coop
Barbour,0,1,08-17-2024 21:10:01,PEA River Electric Coop
Dale,0,2,08-17-2024 21:25:01,PEA River Electric Coop
Barbour,0,4,08-17-2024 21:25:01,PEA River Electric Coop
Dale,0,4,08-17-2024 21:40:01,PEA River Electric Coop
Henry,0,1,08-17-2024 21:40:01,PEA River Electric Coop
Barbour,0,15,08-17-2024 21:40:01,PEA River Electric Coop
Dale,0,4,08-17-2024 21:55:01,PEA River Electric Coop
Henry,0,2,08-17-2024 21:55:01,PEA River Electric Coop
Barbour,0,15,08-17-2024 21:55:01,PEA River Electric Coop
Dale,0,4,08-17-2024 22:10:01,PEA River Electric Coop
Henry,0,2,08-17-2024 22:10:01,PEA River Electric Coop
Barbour,0,14,08-17-2024 22:10:01,PEA River Electric Coop
Dale,0,2,08-17-2024 22:25:01,PEA River Electric Coop
Henry,0,2,08-17-2024 22:25:01,PEA River Electric Coop
Barbour,0,14,08-17-2024 22:25:01,PEA River Electric Coop
Dale,0,2,08-17-2024 22:40:01,PEA River Electric Coop
Henry,0,2,08-17-2024 22:40:01,PEA River Electric Coop
Barbour,0,14,08-17-2024 22:40:01,PEA River Electric Coop
Dale,0,3,08-17-2024 22:55:01,PEA River Electric Coop
Henry,0,2,08-17-2024 22:55:01,PEA River Electric Coop
Barbour,0,14,08-17-2024 22:55:01,PEA River Electric Coop
Dale,0,3,08-17-2024 23:10:01,PEA River Electric Coop
Henry,0,2,08-17-2024 23:10:01,PEA River Electric Coop
Dale,0,2,08-17-2024 23:25:01,PEA River Electric Coop
Henry,0,2,08-17-2024 23:25:01,PEA River Electric Coop
Dale,0,2,08-17-2024 23:40:02,PEA River Electric Coop
Henry,0,1,08-17-2024 23:40:02,PEA River Electric Coop
Dale,0,2,08-17-2024 23:55:01,PEA River Electric Coop
Dale,0,2,08-18-2024 00:10:01,PEA River Electric Coop
Dale,0,2,08-18-2024 00:25:01,PEA River Electric Coop
Dale,0,2,08-18-2024 00:40:01,PEA River Electric Coop
Dale,0,2,08-18-2024 00:55:01,PEA River Electric Coop
Dale,0,2,08-18-2024 01:10:01,PEA River Electric Coop
Dale,0,2,08-18-2024 01:25:01,PEA River Electric Coop
Dale,0,2,08-18-2024 01:40:01,PEA River Electric Coop
Dale,0,2,08-18-2024 01:55:01,PEA River Electric Coop
Dale,0,2,08-18-2024 02:10:02,PEA River Electric Coop
Dale,0,2,08-18-2024 02:25:01,PEA River Electric Coop
Dale,0,2,08-18-2024 02:40:01,PEA River Electric Coop
Dale,0,2,08-18-2024 02:55:01,PEA River Electric Coop
Dale,0,2,08-18-2024 03:10:02,PEA River Electric Coop
Dale,0,2,08-18-2024 03:25:02,PEA River Electric Coop
Dale,0,2,08-18-2024 03:40:01,PEA River Electric Coop
Dale,0,2,08-18-2024 03:55:02,PEA River Electric Coop
Dale,0,2,08-18-2024 04:10:01,PEA River Electric Coop
Dale,0,2,08-18-2024 04:25:01,PEA River Electric Coop
Dale,0,2,08-18-2024 04:40:01,PEA River Electric Coop
Dale,0,2,08-18-2024 04:55:01,PEA River Electric Coop
Dale,0,2,08-18-2024 05:10:01,PEA River Electric Coop
Dale,0,2,08-18-2024 05:25:02,PEA River Electric Coop
Dale,0,2,08-18-2024 05:40:02,PEA River Electric Coop
Dale,0,2,08-18-2024 05:55:01,PEA River Electric Coop
Dale,0,2,08-18-2024 06:10:01,PEA River Electric Coop
Dale,0,2,08-18-2024 06:25:01,PEA River Electric Coop
Dale,0,2,08-18-2024 06:40:01,PEA River Electric Coop
Dale,0,2,08-18-2024 06:55:01,PEA River Electric Coop
Dale,0,2,08-18-2024 07:10:02,PEA River Electric Coop
Dale,0,2,08-18-2024 07:25:02,PEA River Electric Coop
Dale,0,2,08-18-2024 07:40:01,PEA River Electric Coop
Dale,0,2,08-18-2024 07:55:01,PEA River Electric Coop
Dale,0,2,08-18-2024 08:10:06,PEA River Electric Coop
Dale,0,2,08-18-2024 08:25:02,PEA River Electric Coop
Dale,0,2,08-18-2024 08:40:03,PEA River Electric Coop
Dale,0,2,08-18-2024 08:55:03,PEA River Electric Coop
Dale,0,2,08-18-2024 09:10:08,PEA River Electric Coop
Dale,0,2,08-18-2024 09:25:04,PEA River Electric Coop
Dale,0,2,08-18-2024 09:40:06,PEA River Electric Coop
Dale,0,2,08-18-2024 09:55:07,PEA River Electric Coop
Dale,0,2,08-18-2024 10:10:10,PEA River Electric Coop
Dale,0,2,08-18-2024 10:25:08,PEA River Electric Coop
Dale,0,2,08-18-2024 10:40:03,PEA River Electric Coop
Dale,0,2,08-18-2024 10:55:02,PEA River Electric Coop
Dale,0,2,08-18-2024 11:10:02,PEA River Electric Coop
Dale,0,2,08-18-2024 11:25:02,PEA River Electric Coop
Dale,0,2,08-18-2024 11:40:02,PEA River Electric Coop
Dale,0,2,08-18-2024 11:55:03,PEA River Electric Coop
Dale,0,2,08-18-2024 12:10:03,PEA River Electric Coop
Dale,0,2,08-18-2024 12:25:02,PEA River Electric Coop
Dale,0,2,08-18-2024 12:40:02,PEA River Electric Coop
Dale,0,2,08-18-2024 12:55:09,PEA River Electric Coop
Dale,0,2,08-18-2024 13:25:11,PEA River Electric Coop
Dale,0,2,08-18-2024 13:55:01,PEA River Electric Coop
Dale,0,2,08-18-2024 14:10:03,PEA River Electric Coop
Dale,0,2,08-18-2024 14:25:02,PEA River Electric Coop
Dale,0,2,08-18-2024 14:40:09,PEA River Electric Coop
Dale,0,2,08-18-2024 14:55:03,PEA River Electric Coop
Dale,0,2,08-18-2024 15:10:01,PEA River Electric Coop
Dale,0,2,08-18-2024 15:25:04,PEA River Electric Coop
Dale,0,2,08-18-2024 15:40:02,PEA River Electric Coop
Dale,0,2,08-18-2024 15:55:01,PEA River Electric Coop
Dale,0,2,08-18-2024 16:10:01,PEA River Electric Coop
Dale,0,2,08-18-2024 16:25:01,PEA River Electric Coop
Dale,0,2,08-18-2024 16:40:01,PEA River Electric Coop
Dale,0,2,08-18-2024 16:55:01,PEA River Electric Coop
Dale,0,2,08-18-2024 17:10:01,PEA River Electric Coop
Dale,0,2,08-18-2024 17:25:01,PEA River Electric Coop
Dale,0,2,08-18-2024 17:40:01,PEA River Electric Coop
Dale,0,2,08-18-2024 17:55:01,PEA River Electric Coop
Dale,0,2,08-18-2024 18:10:02,PEA River Electric Coop
Dale,0,2,08-18-2024 18:25:01,PEA River Electric Coop
Dale,0,2,08-18-2024 18:40:01,PEA River Electric Coop
Dale,0,2,08-18-2024 18:55:01,PEA River Electric Coop
Dale,0,2,08-18-2024 19:10:01,PEA River Electric Coop
Dale,0,2,08-18-2024 19:25:01,PEA River Electric Coop
Dale,0,2,08-18-2024 19:40:01,PEA River Electric Coop
Dale,0,2,08-18-2024 19:55:01,PEA River Electric Coop
Dale,0,2,08-18-2024 20:10:01,PEA River Electric Coop
Dale,0,2,08-18-2024 20:25:01,PEA River Electric Coop
Dale,0,2,08-18-2024 20:40:01,PEA River Electric Coop
Dale,0,2,08-18-2024 20:55:01,PEA River Electric Coop
Dale,0,2,08-18-2024 21:10:01,PEA River Electric Coop
Dale,0,2,08-18-2024 21:25:01,PEA River Electric Coop
Dale,0,2,08-18-2024 21:40:02,PEA River Electric Coop
Dale,0,2,08-18-2024 21:55:01,PEA River Electric Coop
Dale,0,4,08-18-2024 22:10:01,PEA River Electric Coop
Dale,0,4,08-18-2024 22:25:01,PEA River Electric Coop
Dale,0,4,08-18-2024 22:40:01,PEA River Electric Coop
Dale,0,4,08-18-2024 22:55:01,PEA River Electric Coop
Dale,0,4,08-18-2024 23:10:01,PEA River Electric Coop
Dale,0,4,08-18-2024 23:25:02,PEA River Electric Coop
Dale,0,2,08-18-2024 23:40:01,PEA River Electric Coop
Dale,0,2,08-18-2024 23:55:01,PEA River Electric Coop
Dale,0,2,08-19-2024 00:10:02,PEA River Electric Coop
Dale,0,2,08-19-2024 00:25:01,PEA River Electric Coop
Barbour,0,50,08-19-2024 00:25:01,PEA River Electric Coop
Dale,0,2,08-19-2024 00:40:01,PEA River Electric Coop
Barbour,0,141,08-19-2024 00:40:01,PEA River Electric Coop
Dale,0,2,08-19-2024 00:55:01,PEA River Electric Coop
Henry,0,1,08-19-2024 00:55:01,PEA River Electric Coop
Barbour,0,150,08-19-2024 00:55:01,PEA River Electric Coop
Dale,0,2,08-19-2024 01:10:01,PEA River Electric Coop
Henry,0,1,08-19-2024 01:10:01,PEA River Electric Coop
Barbour,0,152,08-19-2024 01:10:01,PEA River Electric Coop
Dale,0,2,08-19-2024 01:25:01,PEA River Electric Coop
Henry,0,1,08-19-2024 01:25:01,PEA River Electric Coop
Barbour,0,152,08-19-2024 01:25:01,PEA River Electric Coop
Dale,0,1,08-19-2024 01:40:01,PEA River Electric Coop
Henry,0,1,08-19-2024 01:40:01,PEA River Electric Coop
Barbour,0,152,08-19-2024 01:40:01,PEA River Electric Coop
Dale,0,36,08-19-2024 01:55:01,PEA River Electric Coop
Barbour,0,152,08-19-2024 01:55:01,PEA River Electric Coop
Coffee,0,1,08-19-2024 01:55:01,PEA River Electric Coop
Dale,0,73,08-19-2024 02:10:01,PEA River Electric Coop
Barbour,0,152,08-19-2024 02:10:01,PEA River Electric Coop
Coffee,0,1,08-19-2024 02:10:01,PEA River Electric Coop
Dale,0,73,08-19-2024 02:25:01,PEA River Electric Coop
Barbour,0,152,08-19-2024 02:25:01,PEA River Electric Coop
Coffee,0,1,08-19-2024 02:25:01,PEA River Electric Coop
Dale,0,118,08-19-2024 02:40:02,PEA River Electric Coop
Barbour,0,152,08-19-2024 02:40:02,PEA River Electric Coop
Coffee,0,1,08-19-2024 02:40:02,PEA River Electric Coop
Dale,0,82,08-19-2024 02:55:02,PEA River Electric Coop
Barbour,0,117,08-19-2024 02:55:02,PEA River Electric Coop
Barbour,0,117,08-19-2024 03:10:01,PEA River Electric Coop
Barbour,0,116,08-19-2024 03:25:02,PEA River Electric Coop
Barbour,0,135,08-19-2024 03:40:03,PEA River Electric Coop
Barbour,0,76,08-19-2024 03:55:02,PEA River Electric Coop
Barbour,0,76,08-19-2024 04:10:01,PEA River Electric Coop
Barbour,0,42,08-19-2024 04:25:01,PEA River Electric Coop
Barbour,0,49,08-19-2024 04:40:01,PEA River Electric Coop
Barbour,0,43,08-19-2024 04:55:01,PEA River Electric Coop
Barbour,0,34,08-19-2024 05:10:01,PEA River Electric Coop
Barbour,0,34,08-19-2024 05:25:05,PEA River Electric Coop
Barbour,0,34,08-19-2024 05:40:01,PEA River Electric Coop
Barbour,0,34,08-19-2024 05:55:01,PEA River Electric Coop
Dale,0,8,08-19-2024 06:10:02,PEA River Electric Coop
Dale,0,497,08-19-2024 06:25:02,PEA River Electric Coop
Dale,0,497,08-19-2024 06:40:03,PEA River Electric Coop
Dale,0,497,08-19-2024 06:55:02,PEA River Electric Coop
Dale,0,497,08-19-2024 07:10:01,PEA River Electric Coop
Dale,0,1,08-19-2024 09:40:01,PEA River Electric Coop
Dale,0,1,08-19-2024 09:55:01,PEA River Electric Coop
Dale,0,1,08-19-2024 10:10:01,PEA River Electric Coop
Dale,0,1,08-19-2024 13:55:01,PEA River Electric Coop
Barbour,0,1,08-19-2024 14:25:01,PEA River Electric Coop
Barbour,0,1,08-19-2024 14:40:01,PEA River Electric Coop
Dale,0,3,08-19-2024 21:10:01,PEA River Electric Coop
Dale,0,4,08-20-2024 00:40:02,PEA River Electric Coop
Dale,0,4,08-20-2024 00:55:02,PEA River Electric Coop
Dale,0,4,08-20-2024 01:10:03,PEA River Electric Coop
Dale,0,4,08-20-2024 01:25:03,PEA River Electric Coop
Dale,0,1,08-20-2024 15:25:01,PEA River Electric Coop
Dale,0,1,08-20-2024 15:40:01,PEA River Electric Coop
Dale,0,1,08-20-2024 15:55:01,PEA River Electric Coop
Henry,0,1,08-20-2024 23:25:02,PEA River Electric Coop
Barbour,0,238,08-20-2024 23:25:02,PEA River Electric Coop
Henry,0,1,08-20-2024 23:40:01,PEA River Electric Coop
Henry,0,1,08-20-2024 23:55:03,PEA River Electric Coop
Henry,0,1,08-21-2024 00:10:01,PEA River Electric Coop
Henry,0,1,08-21-2024 00:25:01,PEA River Electric Coop
Henry,0,1,08-21-2024 00:40:02,PEA River Electric Coop
Henry,0,1,08-21-2024 00:55:01,PEA River Electric Coop
Henry,0,1,08-21-2024 01:10:01,PEA River Electric Coop
Henry,0,1,08-21-2024 01:25:01,PEA River Electric Coop
Henry,0,1,08-21-2024 01:40:02,PEA River Electric Coop
Barbour,0,3,08-21-2024 01:55:01,PEA River Electric Coop
Barbour,0,142,08-21-2024 02:10:01,PEA River Electric Coop
Barbour,0,142,08-21-2024 02:25:01,PEA River Electric Coop
Barbour,0,142,08-21-2024 02:40:01,PEA River Electric Coop
Barbour,0,142,08-21-2024 02:55:02,PEA River Electric Coop
Barbour,0,142,08-21-2024 03:10:02,PEA River Electric Coop
Barbour,0,142,08-21-2024 03:25:10,PEA River Electric Coop
Barbour,0,142,08-21-2024 03:40:07,PEA River Electric Coop
Barbour,0,142,08-21-2024 03:55:04,PEA River Electric Coop
Barbour,0,142,08-21-2024 04:10:16,PEA River Electric Coop
Barbour,0,142,08-21-2024 04:25:13,PEA River Electric Coop
Barbour,0,142,08-21-2024 04:40:10,PEA River Electric Coop
Barbour,0,142,08-21-2024 04:55:12,PEA River Electric Coop
Barbour,0,142,08-21-2024 05:10:07,PEA River Electric Coop
Barbour,0,142,08-21-2024 05:25:16,PEA River Electric Coop
Barbour,0,142,08-21-2024 05:40:02,PEA River Electric Coop
Barbour,0,142,08-21-2024 05:55:07,PEA River Electric Coop
Barbour,0,142,08-21-2024 06:10:11,PEA River Electric Coop
Barbour,0,142,08-21-2024 06:25:02,PEA River Electric Coop
Barbour,0,142,08-21-2024 06:40:10,PEA River Electric Coop
Barbour,0,142,08-21-2024 06:55:08,PEA River Electric Coop
Barbour,0,142,08-21-2024 07:10:13,PEA River Electric Coop
Barbour,0,142,08-21-2024 07:25:12,PEA River Electric Coop
Barbour,0,142,08-21-2024 07:55:18,PEA River Electric Coop
Barbour,0,142,08-21-2024 08:25:15,PEA River Electric Coop
Barbour,0,142,08-21-2024 08:40:06,PEA River Electric Coop
Barbour,0,142,08-21-2024 08:55:03,PEA River Electric Coop
Barbour,0,142,08-21-2024 09:10:09,PEA River Electric Coop
Barbour,0,142,08-21-2024 09:40:09,PEA River Electric Coop
Barbour,0,142,08-21-2024 09:55:14,PEA River Electric Coop
Barbour,0,142,08-21-2024 10:10:09,PEA River Electric Coop
Barbour,0,142,08-21-2024 10:25:12,PEA River Electric Coop
Barbour,0,142,08-21-2024 10:40:17,PEA River Electric Coop
Barbour,0,142,08-21-2024 10:55:13,PEA River Electric Coop
Barbour,0,142,08-21-2024 11:10:05,PEA River Electric Coop
Barbour,0,142,08-21-2024 11:25:04,PEA River Electric Coop
Barbour,0,142,08-21-2024 11:40:03,PEA River Electric Coop
Barbour,0,142,08-21-2024 11:55:03,PEA River Electric Coop
Barbour,0,142,08-21-2024 12:10:07,PEA River Electric Coop
Barbour,0,142,08-21-2024 12:40:07,PEA River Electric Coop
Henry,0,1,08-21-2024 12:55:11,PEA River Electric Coop
Barbour,0,329,08-21-2024 12:55:11,PEA River Electric Coop
Henry,0,1,08-21-2024 13:10:02,PEA River Electric Coop
Barbour,0,329,08-21-2024 13:10:02,PEA River Electric Coop
Dale,0,2,08-21-2024 14:10:01,PEA River Electric Coop
Dale,0,2,08-21-2024 14:25:02,PEA River Electric Coop
Dale,0,2,08-21-2024 14:40:01,PEA River Electric Coop
Dale,0,2,08-21-2024 14:55:01,PEA River Electric Coop
Dale,0,2,08-21-2024 15:10:01,PEA River Electric Coop
Dale,0,11,08-21-2024 22:10:01,PEA River Electric Coop
Dale,0,11,08-21-2024 22:25:01,PEA River Electric Coop
Dale,0,1,08-22-2024 07:10:03,PEA River Electric Coop
Dale,0,15,08-22-2024 07:25:11,PEA River Electric Coop
Dale,0,15,08-22-2024 07:40:18,PEA River Electric Coop
Dale,0,15,08-22-2024 07:55:08,PEA River Electric Coop
Dale,0,16,08-22-2024 08:10:06,PEA River Electric Coop
Dale,0,1,08-22-2024 08:25:03,PEA River Electric Coop
Henry,0,1,08-22-2024 08:25:03,PEA River Electric Coop
Dale,0,17,08-22-2024 08:40:08,PEA River Electric Coop
Henry,0,1,08-22-2024 08:40:08,PEA River Electric Coop
Barbour,0,2,08-22-2024 08:40:08,PEA River Electric Coop
Dale,0,17,08-22-2024 08:55:12,PEA River Electric Coop
Henry,0,1,08-22-2024 08:55:12,PEA River Electric Coop
Barbour,0,2,08-22-2024 08:55:12,PEA River Electric Coop
Dale,0,17,08-22-2024 09:10:16,PEA River Electric Coop
Henry,0,1,08-22-2024 09:10:16,PEA River Electric Coop
Barbour,0,2,08-22-2024 09:10:16,PEA River Electric Coop
Dale,0,23,08-22-2024 09:40:04,PEA River Electric Coop
Henry,0,14,08-22-2024 09:40:04,PEA River Electric Coop
Barbour,0,5,08-22-2024 09:40:04,PEA River Electric Coop
Henry,0,1,08-22-2024 15:40:03,PEA River Electric Coop
Henry,0,1,08-22-2024 15:55:01,PEA River Electric Coop
Henry,0,1,08-22-2024 16:10:03,PEA River Electric Coop
Henry,0,1,08-22-2024 17:25:02,PEA River Electric Coop
Henry,0,1,08-22-2024 17:40:02,PEA River Electric Coop
Henry,0,32,08-22-2024 20:55:01,PEA River Electric Coop
Barbour,0,1,08-22-2024 20:55:01,PEA River Electric Coop
Henry,0,32,08-22-2024 21:10:01,PEA River Electric Coop
Barbour,0,1,08-22-2024 21:10:01,PEA River Electric Coop
Henry,0,33,08-22-2024 21:25:02,PEA River Electric Coop
Henry,0,33,08-22-2024 21:40:01,PEA River Electric Coop
Henry,0,33,08-22-2024 21:55:01,PEA River Electric Coop
Dale,0,3,08-23-2024 09:10:01,PEA River Electric Coop
Dale,0,3,08-23-2024 09:25:01,PEA River Electric Coop
Dale,0,3,08-23-2024 09:40:01,PEA River Electric Coop
Dale,0,7,08-23-2024 09:55:01,PEA River Electric Coop
Dale,0,7,08-23-2024 10:10:01,PEA River Electric Coop
Dale,0,751,08-26-2024 02:10:01,PEA River Electric Coop
Dale,0,751,08-26-2024 02:25:01,PEA River Electric Coop
Dale,0,751,08-26-2024 02:40:02,PEA River Electric Coop
Dale,0,751,08-26-2024 02:55:01,PEA River Electric Coop
Dale,0,751,08-26-2024 03:10:05,PEA River Electric Coop
Dale,0,751,08-26-2024 03:25:03,PEA River Electric Coop
Dale,0,751,08-26-2024 03:40:01,PEA River Electric Coop
Dale,0,751,08-26-2024 03:55:01,PEA River Electric Coop
Henry,0,2,08-26-2024 07:55:02,PEA River Electric Coop
Henry,0,2,08-26-2024 08:10:01,PEA River Electric Coop
Henry,0,2,08-26-2024 08:25:01,PEA River Electric Coop
Henry,0,2,08-26-2024 08:40:01,PEA River Electric Coop
Henry,0,2,08-26-2024 08:55:01,PEA River Electric Coop
Henry,0,2,08-26-2024 09:10:02,PEA River Electric Coop
Dale,0,442,08-26-2024 09:55:01,PEA River Electric Coop
Coffee,0,1,08-26-2024 09:55:01,PEA River Electric Coop
Dale,0,509,08-26-2024 10:10:02,PEA River Electric Coop
Coffee,0,1,08-26-2024 10:10:02,PEA River Electric Coop
Dale,0,509,08-26-2024 10:25:02,PEA River Electric Coop
Coffee,0,1,08-26-2024 10:25:02,PEA River Electric Coop
Dale,0,509,08-26-2024 10:40:02,PEA River Electric Coop
Coffee,0,1,08-26-2024 10:40:02,PEA River Electric Coop
Dale,0,509,08-26-2024 10:55:01,PEA River Electric Coop
Coffee,0,1,08-26-2024 10:55:01,PEA River Electric Coop
Dale,0,1,08-26-2024 11:40:01,PEA River Electric Coop
Henry,0,1,08-26-2024 12:25:02,PEA River Electric Coop
Henry,0,1,08-26-2024 12:40:04,PEA River Electric Coop
Henry,0,2,08-26-2024 14:25:02,PEA River Electric Coop
Henry,0,2,08-26-2024 14:40:01,PEA River Electric Coop
Henry,0,2,08-26-2024 14:55:01,PEA River Electric Coop
Henry,0,1,08-26-2024 20:55:01,PEA River Electric Coop
Henry,0,1,08-26-2024 21:10:01,PEA River Electric Coop
Henry,0,1,08-26-2024 21:25:01,PEA River Electric Coop
Henry,0,1,08-26-2024 21:40:01,PEA River Electric Coop
Henry,0,1,08-26-2024 21:55:01,PEA River Electric Coop
Henry,0,1,08-26-2024 22:10:02,PEA River Electric Coop
Henry,0,1,08-26-2024 22:25:02,PEA River Electric Coop
Henry,0,1,08-26-2024 22:40:01,PEA River Electric Coop
Henry,0,1,08-26-2024 23:55:01,PEA River Electric Coop
Henry,0,1,08-27-2024 00:10:00,PEA River Electric Coop
Dale,0,3,08-27-2024 00:25:01,PEA River Electric Coop
Henry,0,1,08-27-2024 00:25:01,PEA River Electric Coop
Henry,0,1,08-27-2024 00:40:01,PEA River Electric Coop
Barbour,0,2,08-27-2024 01:25:01,PEA River Electric Coop
Dale,0,142,08-27-2024 01:40:01,PEA River Electric Coop
Henry,0,12,08-27-2024 01:40:01,PEA River Electric Coop
Barbour,0,59,08-27-2024 01:40:01,PEA River Electric Coop
Dale,0,142,08-27-2024 01:55:01,PEA River Electric Coop
Henry,0,12,08-27-2024 01:55:01,PEA River Electric Coop
Barbour,0,488,08-27-2024 01:55:01,PEA River Electric Coop
Dale,0,142,08-27-2024 02:10:01,PEA River Electric Coop
Henry,0,12,08-27-2024 02:10:01,PEA River Electric Coop
Barbour,0,488,08-27-2024 02:10:01,PEA River Electric Coop
Dale,0,142,08-27-2024 02:25:05,PEA River Electric Coop
Henry,0,12,08-27-2024 02:25:05,PEA River Electric Coop
Barbour,0,488,08-27-2024 02:25:05,PEA River Electric Coop
Dale,0,142,08-27-2024 02:40:02,PEA River Electric Coop
Henry,0,12,08-27-2024 02:40:02,PEA River Electric Coop
Barbour,0,488,08-27-2024 02:40:02,PEA River Electric Coop
Henry,0,12,08-27-2024 02:55:04,PEA River Electric Coop
Barbour,0,21,08-27-2024 02:55:04,PEA River Electric Coop
Henry,0,12,08-27-2024 03:10:01,PEA River Electric Coop
Henry,0,12,08-27-2024 03:25:02,PEA River Electric Coop
Barbour,0,1,08-27-2024 10:55:05,PEA River Electric Coop
Henry,0,2,08-27-2024 14:10:01,PEA River Electric Coop
Henry,0,2,08-27-2024 14:25:02,PEA River Electric Coop
Henry,0,2,08-27-2024 14:40:01,PEA River Electric Coop
Henry,0,2,08-27-2024 15:10:01,PEA River Electric Coop
Henry,0,2,08-27-2024 15:25:02,PEA River Electric Coop
Henry,0,2,08-27-2024 15:40:01,PEA River Electric Coop
Henry,0,2,08-27-2024 15:55:01,PEA River Electric Coop
Henry,0,2,08-27-2024 16:10:01,PEA River Electric Coop
Henry,0,2,08-27-2024 16:25:02,PEA River Electric Coop
Henry,0,2,08-27-2024 16:40:01,PEA River Electric Coop
Henry,0,3,08-27-2024 16:55:01,PEA River Electric Coop
Henry,0,3,08-27-2024 17:10:01,PEA River Electric Coop
Henry,0,2,08-27-2024 17:25:01,PEA River Electric Coop
Henry,0,2,08-27-2024 17:40:02,PEA River Electric Coop
Henry,0,2,08-27-2024 17:55:01,PEA River Electric Coop
Henry,0,2,08-27-2024 18:10:01,PEA River Electric Coop
Henry,0,2,08-27-2024 18:25:01,PEA River Electric Coop
Henry,0,2,08-27-2024 18:40:02,PEA River Electric Coop
Henry,0,2,08-27-2024 18:55:01,PEA River Electric Coop
Henry,0,2,08-27-2024 19:10:02,PEA River Electric Coop
Henry,0,2,08-27-2024 19:25:02,PEA River Electric Coop
Henry,0,2,08-27-2024 19:40:01,PEA River Electric Coop
Henry,0,2,08-28-2024 12:55:01,PEA River Electric Coop
Henry,0,2,08-28-2024 13:10:01,PEA River Electric Coop
Henry,0,2,08-28-2024 13:25:01,PEA River Electric Coop
Dale,0,1,08-28-2024 14:55:02,PEA River Electric Coop
Dale,0,1,08-28-2024 15:10:01,PEA River Electric Coop
Dale,0,1,08-28-2024 15:25:01,PEA River Electric Coop
Dale,0,1,08-28-2024 15:40:01,PEA River Electric Coop
Dale,0,1,08-28-2024 15:55:02,PEA River Electric Coop
Henry,0,1,08-28-2024 23:40:01,PEA River Electric Coop
Henry,0,1,08-28-2024 23:55:01,PEA River Electric Coop
Henry,0,1,08-29-2024 00:10:02,PEA River Electric Coop
Henry,0,1,08-29-2024 00:25:02,PEA River Electric Coop
Dale,0,1,08-29-2024 00:40:01,PEA River Electric Coop
Henry,0,1,08-29-2024 00:40:01,PEA River Electric Coop
Dale,0,1,08-29-2024 00:55:02,PEA River Electric Coop
Henry,0,1,08-29-2024 00:55:02,PEA River Electric Coop
Dale,0,1,08-29-2024 01:10:02,PEA River Electric Coop
Dale,0,1,08-29-2024 01:25:01,PEA River Electric Coop
Dale,0,2,08-29-2024 03:40:02,PEA River Electric Coop
Dale,0,2,08-29-2024 03:55:01,PEA River Electric Coop
Henry,0,1,08-29-2024 15:40:02,PEA River Electric Coop
Henry,0,1,08-29-2024 15:55:01,PEA River Electric Coop
Dale,0,1,08-29-2024 21:10:01,PEA River Electric Coop
Dale,0,1,08-29-2024 21:25:01,PEA River Electric Coop
Dale,0,1,08-29-2024 21:40:01,PEA River Electric Coop
Dale,0,1,08-31-2024 19:25:01,PEA River Electric Coop
Dale,0,11,08-31-2024 19:40:04,PEA River Electric Coop
Dale,0,11,08-31-2024 19:55:01,PEA River Electric Coop
Dale,0,13,08-31-2024 20:10:01,PEA River Electric Coop
Dale,0,13,08-31-2024 20:25:01,PEA River Electric Coop
Dale,0,13,08-31-2024 20:40:01,PEA River Electric Coop
Dale,0,4,09-01-2024 16:55:01,PEA River Electric Coop
Dale,0,4,09-01-2024 17:10:01,PEA River Electric Coop
Dale,0,4,09-01-2024 17:25:01,PEA River Electric Coop
Dale,0,4,09-01-2024 17:40:01,PEA River Electric Coop
Dale,0,4,09-01-2024 17:55:01,PEA River Electric Coop
Henry,0,2,09-01-2024 18:10:01,PEA River Electric Coop
Henry,0,2,09-01-2024 18:25:01,PEA River Electric Coop
Henry,0,2,09-01-2024 18:40:01,PEA River Electric Coop
Henry,0,2,09-01-2024 18:55:01,PEA River Electric Coop
Barbour,0,2,09-02-2024 00:10:01,PEA River Electric Coop
Barbour,0,2,09-02-2024 00:25:01,PEA River Electric Coop
Barbour,0,2,09-02-2024 00:40:03,PEA River Electric Coop
Barbour,0,2,09-02-2024 00:55:01,PEA River Electric Coop
Dale,0,4,09-02-2024 12:40:01,PEA River Electric Coop
Dale,0,4,09-02-2024 12:55:01,PEA River Electric Coop
Dale,0,4,09-02-2024 13:10:04,PEA River Electric Coop
Barbour,0,1,09-02-2024 14:10:01,PEA River Electric Coop
Barbour,0,1,09-02-2024 14:25:01,PEA River Electric Coop
Henry,0,1,09-02-2024 22:10:01,PEA River Electric Coop
Henry,0,1,09-02-2024 22:25:01,PEA River Electric Coop
Henry,0,1,09-02-2024 22:40:01,PEA River Electric Coop
Henry,0,1,09-02-2024 22:55:01,PEA River Electric Coop
Henry,0,1,09-02-2024 23:10:02,PEA River Electric Coop
Henry,0,26,09-03-2024 07:55:05,PEA River Electric Coop
Henry,0,26,09-03-2024 08:25:08,PEA River Electric Coop
Henry,0,26,09-03-2024 08:40:11,PEA River Electric Coop
Henry,0,26,09-03-2024 08:55:11,PEA River Electric Coop
Henry,0,26,09-03-2024 09:10:11,PEA River Electric Coop
Barbour,0,2,09-03-2024 11:40:02,PEA River Electric Coop
Barbour,0,2,09-03-2024 11:55:05,PEA River Electric Coop
Barbour,0,2,09-03-2024 12:10:08,PEA River Electric Coop
Barbour,0,2,09-03-2024 12:25:10,PEA River Electric Coop
Dale,0,2,09-03-2024 12:40:11,PEA River Electric Coop
Barbour,0,2,09-03-2024 12:40:11,PEA River Electric Coop
Dale,0,2,09-03-2024 12:55:08,PEA River Electric Coop
Barbour,0,2,09-03-2024 12:55:08,PEA River Electric Coop
Dale,0,1,09-03-2024 13:10:02,PEA River Electric Coop
Barbour,0,2,09-03-2024 13:10:02,PEA River Electric Coop
Barbour,0,9,09-03-2024 14:40:10,PEA River Electric Coop
Barbour,0,9,09-03-2024 14:55:12,PEA River Electric Coop
Barbour,0,9,09-03-2024 15:25:09,PEA River Electric Coop
Barbour,0,9,09-03-2024 15:40:10,PEA River Electric Coop
Barbour,0,9,09-03-2024 15:55:01,PEA River Electric Coop
Dale,0,10,09-03-2024 16:25:01,PEA River Electric Coop
Henry,0,1,09-03-2024 18:55:02,PEA River Electric Coop
Henry,0,432,09-03-2024 19:10:01,PEA River Electric Coop
Henry,0,432,09-03-2024 19:25:02,PEA River Electric Coop
Henry,0,1,09-03-2024 21:10:02,PEA River Electric Coop
Henry,0,1,09-03-2024 21:25:02,PEA River Electric Coop
Henry,0,1,09-03-2024 21:40:02,PEA River Electric Coop
Dale,0,1,09-03-2024 21:55:01,PEA River Electric Coop
Henry,0,1,09-03-2024 21:55:01,PEA River Electric Coop
Dale,0,1,09-03-2024 22:10:01,PEA River Electric Coop
Henry,0,1,09-03-2024 22:10:01,PEA River Electric Coop
Dale,0,1,09-03-2024 22:25:02,PEA River Electric Coop
Henry,0,1,09-03-2024 22:25:02,PEA River Electric Coop
Dale,0,1,09-03-2024 22:40:03,PEA River Electric Coop
Dale,0,1,09-03-2024 22:55:01,PEA River Electric Coop
Dale,0,1,09-03-2024 23:10:01,PEA River Electric Coop
Dale,0,1,09-03-2024 23:25:01,PEA River Electric Coop
Dale,0,1,09-03-2024 23:40:02,PEA River Electric Coop
Dale,0,1,09-03-2024 23:55:01,PEA River Electric Coop
Henry,0,1,09-04-2024 00:40:02,PEA River Electric Coop
Henry,0,1,09-04-2024 00:55:01,PEA River Electric Coop
Henry,0,1,09-04-2024 01:10:02,PEA River Electric Coop
Henry,0,1,09-04-2024 01:25:01,PEA River Electric Coop
Henry,0,1,09-04-2024 01:40:01,PEA River Electric Coop
Barbour,0,1,09-04-2024 12:25:08,PEA River Electric Coop
Barbour,0,1,09-04-2024 12:40:16,PEA River Electric Coop
Barbour,0,1,09-04-2024 12:55:06,PEA River Electric Coop
Barbour,0,1,09-05-2024 14:40:05,PEA River Electric Coop
Barbour,0,1,09-05-2024 14:55:04,PEA River Electric Coop
Dale,0,4,09-05-2024 15:25:02,PEA River Electric Coop
Dale,0,4,09-05-2024 15:40:03,PEA River Electric Coop
Dale,0,4,09-05-2024 15:55:01,PEA River Electric Coop
Dale,0,4,09-05-2024 16:10:02,PEA River Electric Coop
Dale,0,6,09-05-2024 16:25:02,PEA River Electric Coop
Dale,0,6,09-05-2024 16:40:02,PEA River Electric Coop
Dale,0,6,09-05-2024 16:55:01,PEA River Electric Coop
Barbour,0,18,09-06-2024 22:40:02,PEA River Electric Coop
Barbour,0,18,09-06-2024 22:55:02,PEA River Electric Coop
Barbour,0,18,09-06-2024 23:10:02,PEA River Electric Coop
Barbour,0,18,09-06-2024 23:25:02,PEA River Electric Coop
Barbour,0,18,09-06-2024 23:40:01,PEA River Electric Coop
Barbour,0,18,09-06-2024 23:55:02,PEA River Electric Coop
Barbour,0,18,09-07-2024 00:10:01,PEA River Electric Coop
Dale,0,1,09-07-2024 07:10:01,PEA River Electric Coop
Dale,0,10,09-07-2024 07:25:00,PEA River Electric Coop
Dale,0,10,09-07-2024 07:40:01,PEA River Electric Coop
Dale,0,10,09-07-2024 07:55:01,PEA River Electric Coop
Dale,0,10,09-07-2024 08:10:01,PEA River Electric Coop
Barbour,0,21,09-07-2024 11:55:01,PEA River Electric Coop
Barbour,0,21,09-07-2024 12:10:02,PEA River Electric Coop
Barbour,0,21,09-07-2024 12:25:01,PEA River Electric Coop
Barbour,0,21,09-07-2024 12:40:01,PEA River Electric Coop
Dale,0,1,09-07-2024 15:55:01,PEA River Electric Coop
Dale,0,4,09-07-2024 16:10:01,PEA River Electric Coop
Henry,0,1,09-07-2024 16:10:01,PEA River Electric Coop
Dale,0,4,09-07-2024 16:25:01,PEA River Electric Coop
Henry,0,1,09-07-2024 16:25:01,PEA River Electric Coop
Dale,0,4,09-07-2024 16:40:02,PEA River Electric Coop
Henry,0,1,09-07-2024 16:40:02,PEA River Electric Coop
Dale,0,6,09-08-2024 19:25:01,PEA River Electric Coop
Dale,0,13,09-08-2024 19:40:01,PEA River Electric Coop
Dale,0,13,09-08-2024 19:55:01,PEA River Electric Coop
Dale,0,13,09-08-2024 20:10:01,PEA River Electric Coop
Dale,0,13,09-08-2024 20:25:01,PEA River Electric Coop
Dale,0,13,09-08-2024 20:40:01,PEA River Electric Coop
Dale,0,13,09-08-2024 20:55:01,PEA River Electric Coop
Dale,0,13,09-08-2024 21:10:01,PEA River Electric Coop
Dale,0,13,09-08-2024 21:25:01,PEA River Electric Coop
Dale,0,13,09-08-2024 21:40:01,PEA River Electric Coop
Dale,0,13,09-08-2024 21:55:01,PEA River Electric Coop
Dale,0,13,09-08-2024 22:10:02,PEA River Electric Coop
Dale,0,13,09-08-2024 22:25:02,PEA River Electric Coop
Dale,0,13,09-08-2024 22:40:01,PEA River Electric Coop
Barbour,0,3,09-09-2024 14:10:01,PEA River Electric Coop
Barbour,0,3,09-09-2024 14:25:01,PEA River Electric Coop
Barbour,0,3,09-09-2024 14:40:01,PEA River Electric Coop
Henry,0,15,09-09-2024 23:55:01,PEA River Electric Coop
Henry,0,15,09-10-2024 00:10:01,PEA River Electric Coop
Henry,0,15,09-10-2024 00:25:01,PEA River Electric Coop
Henry,0,15,09-10-2024 00:40:01,PEA River Electric Coop
Henry,0,15,09-10-2024 00:55:04,PEA River Electric Coop
Henry,0,15,09-10-2024 01:10:01,PEA River Electric Coop
Dale,0,9,09-11-2024 02:10:02,PEA River Electric Coop
Barbour,0,2,09-11-2024 17:25:01,PEA River Electric Coop
Barbour,0,2,09-11-2024 17:40:01,PEA River Electric Coop
Barbour,0,2,09-11-2024 17:55:02,PEA River Electric Coop
Barbour,0,2,09-11-2024 18:10:02,PEA River Electric Coop
Henry,0,1,09-11-2024 19:40:02,PEA River Electric Coop
Henry,0,1,09-11-2024 19:55:01,PEA River Electric Coop
Dale,0,10,09-11-2024 23:10:05,PEA River Electric Coop
Dale,0,10,09-11-2024 23:25:02,PEA River Electric Coop
Dale,0,10,09-11-2024 23:40:01,PEA River Electric Coop
Dale,0,10,09-11-2024 23:55:02,PEA River Electric Coop
Barbour,0,2,09-12-2024 03:10:02,PEA River Electric Coop
Barbour,0,2,09-12-2024 03:25:05,PEA River Electric Coop
Barbour,0,2,09-12-2024 03:40:01,PEA River Electric Coop
Barbour,0,2,09-12-2024 03:55:01,PEA River Electric Coop
Dale,0,2,09-12-2024 11:25:08,PEA River Electric Coop
Dale,0,4,09-12-2024 11:40:01,PEA River Electric Coop
Dale,0,56,09-12-2024 11:55:02,PEA River Electric Coop
Dale,0,155,09-12-2024 12:10:02,PEA River Electric Coop
Henry,0,11,09-12-2024 12:10:02,PEA River Electric Coop
Dale,0,140,09-12-2024 12:25:03,PEA River Electric Coop
Henry,0,11,09-12-2024 12:25:03,PEA River Electric Coop
Dale,0,139,09-12-2024 12:40:01,PEA River Electric Coop
Henry,0,11,09-12-2024 12:40:01,PEA River Electric Coop
Dale,0,136,09-12-2024 12:55:01,PEA River Electric Coop
Henry,0,11,09-12-2024 12:55:01,PEA River Electric Coop
Henry,0,3,09-12-2024 13:10:02,PEA River Electric Coop
Dale,0,1,09-12-2024 14:25:02,PEA River Electric Coop
Henry,0,42,09-12-2024 14:25:02,PEA River Electric Coop
Barbour,0,18,09-12-2024 14:25:02,PEA River Electric Coop
Dale,0,1,09-12-2024 14:40:01,PEA River Electric Coop
Henry,0,42,09-12-2024 14:40:01,PEA River Electric Coop
Barbour,0,18,09-12-2024 14:40:01,PEA River Electric Coop
Dale,0,38,09-12-2024 14:55:01,PEA River Electric Coop
Henry,0,42,09-12-2024 14:55:01,PEA River Electric Coop
Barbour,0,18,09-12-2024 14:55:01,PEA River Electric Coop
Dale,0,38,09-12-2024 15:10:01,PEA River Electric Coop
Henry,0,42,09-12-2024 15:10:01,PEA River Electric Coop
Barbour,0,18,09-12-2024 15:10:01,PEA River Electric Coop
Dale,0,37,09-12-2024 15:25:01,PEA River Electric Coop
Henry,0,42,09-12-2024 15:25:01,PEA River Electric Coop
Barbour,0,18,09-12-2024 15:25:01,PEA River Electric Coop
Dale,0,37,09-12-2024 15:55:01,PEA River Electric Coop
Henry,0,42,09-12-2024 15:55:01,PEA River Electric Coop
Barbour,0,22,09-12-2024 15:55:01,PEA River Electric Coop
Dale,0,37,09-12-2024 16:10:01,PEA River Electric Coop
Henry,0,41,09-12-2024 16:10:01,PEA River Electric Coop
Barbour,0,22,09-12-2024 16:10:01,PEA River Electric Coop
Henry,0,41,09-12-2024 16:25:02,PEA River Electric Coop
Barbour,0,22,09-12-2024 16:25:02,PEA River Electric Coop
Barbour,0,23,09-12-2024 16:40:05,PEA River Electric Coop
Henry,0,1,09-12-2024 16:55:01,PEA River Electric Coop
Barbour,0,55,09-12-2024 16:55:01,PEA River Electric Coop
Henry,0,1,09-12-2024 17:10:03,PEA River Electric Coop
Barbour,0,51,09-12-2024 17:10:03,PEA River Electric Coop
Henry,0,1,09-12-2024 17:25:01,PEA River Electric Coop
Barbour,0,33,09-12-2024 17:25:01,PEA River Electric Coop
Henry,0,1,09-12-2024 17:40:02,PEA River Electric Coop
Barbour,0,33,09-12-2024 17:40:02,PEA River Electric Coop
Barbour,0,33,09-12-2024 17:55:01,PEA River Electric Coop
Dale,0,3,09-12-2024 18:10:01,PEA River Electric Coop
Dale,0,3,09-12-2024 18:25:02,PEA River Electric Coop
Dale,0,3,09-12-2024 18:40:02,PEA River Electric Coop
Dale,0,3,09-12-2024 18:55:02,PEA River Electric Coop
Dale,0,4,09-12-2024 20:25:02,PEA River Electric Coop
Henry,0,1,09-12-2024 20:25:02,PEA River Electric Coop
Henry,0,1,09-12-2024 20:40:01,PEA River Electric Coop
Henry,0,1,09-12-2024 20:55:01,PEA River Electric Coop
Henry,0,1,09-12-2024 21:10:01,PEA River Electric Coop
Henry,0,1,09-12-2024 21:25:01,PEA River Electric Coop
Henry,0,1,09-12-2024 21:40:01,PEA River Electric Coop
Henry,0,1,09-12-2024 21:55:01,PEA River Electric Coop
Dale,0,1,09-12-2024 22:10:01,PEA River Electric Coop
Henry,0,1,09-12-2024 22:10:01,PEA River Electric Coop
Dale,0,1,09-12-2024 22:25:03,PEA River Electric Coop
Henry,0,1,09-12-2024 22:25:03,PEA River Electric Coop
Dale,0,1,09-12-2024 22:40:01,PEA River Electric Coop
Henry,0,1,09-12-2024 22:40:01,PEA River Electric Coop
Dale,0,1,09-12-2024 22:55:01,PEA River Electric Coop
Dale,0,1,09-12-2024 23:10:02,PEA River Electric Coop
Dale,0,1,09-12-2024 23:25:02,PEA River Electric Coop
Dale,0,1,09-12-2024 23:40:02,PEA River Electric Coop
Henry,0,1,09-13-2024 00:55:01,PEA River Electric Coop
Henry,0,1,09-13-2024 01:10:02,PEA River Electric Coop
Henry,0,1,09-13-2024 01:25:01,PEA River Electric Coop
Henry,0,1,09-13-2024 01:40:01,PEA River Electric Coop
Henry,0,1,09-13-2024 01:55:02,PEA River Electric Coop
Henry,0,1,09-13-2024 02:10:02,PEA River Electric Coop
Henry,0,1,09-13-2024 02:25:05,PEA River Electric Coop
Henry,0,1,09-13-2024 02:40:01,PEA River Electric Coop
Henry,0,1,09-13-2024 02:55:01,PEA River Electric Coop
Dale,0,38,09-13-2024 08:55:11,PEA River Electric Coop
Dale,0,38,09-13-2024 09:10:10,PEA River Electric Coop
Dale,0,38,09-13-2024 09:25:10,PEA River Electric Coop
Dale,0,38,09-13-2024 09:40:04,PEA River Electric Coop
Dale,0,2,09-14-2024 03:25:04,PEA River Electric Coop
Dale,0,2,09-14-2024 03:40:03,PEA River Electric Coop
Dale,0,2,09-14-2024 03:55:02,PEA River Electric Coop
Dale,0,2,09-14-2024 04:10:02,PEA River Electric Coop
Barbour,0,324,09-14-2024 08:55:01,PEA River Electric Coop
Barbour,0,324,09-14-2024 09:10:01,PEA River Electric Coop
Barbour,0,324,09-14-2024 09:25:01,PEA River Electric Coop
Barbour,0,324,09-14-2024 09:40:01,PEA River Electric Coop
Dale,0,2,09-14-2024 09:55:01,PEA River Electric Coop
Barbour,0,324,09-14-2024 09:55:01,PEA River Electric Coop
Dale,0,2,09-14-2024 10:10:01,PEA River Electric Coop
Barbour,0,324,09-14-2024 10:10:01,PEA River Electric Coop
Dale,0,4,09-14-2024 10:25:02,PEA River Electric Coop
Barbour,0,324,09-14-2024 10:25:02,PEA River Electric Coop
Dale,0,4,09-14-2024 10:40:01,PEA River Electric Coop
Dale,0,4,09-14-2024 10:55:01,PEA River Electric Coop
Dale,0,4,09-14-2024 11:10:01,PEA River Electric Coop
Dale,0,4,09-14-2024 11:25:01,PEA River Electric Coop
Dale,0,1,09-14-2024 11:40:01,PEA River Electric Coop
Barbour,0,2,09-14-2024 19:10:04,PEA River Electric Coop
Barbour,0,6,09-14-2024 19:25:08,PEA River Electric Coop
Barbour,0,6,09-14-2024 19:40:05,PEA River Electric Coop
Barbour,0,6,09-14-2024 19:55:10,PEA River Electric Coop
Barbour,0,4,09-14-2024 20:10:02,PEA River Electric Coop
Barbour,0,5,09-14-2024 20:25:02,PEA River Electric Coop
Barbour,0,5,09-14-2024 20:40:02,PEA River Electric Coop
Barbour,0,5,09-14-2024 20:55:02,PEA River Electric Coop
Barbour,0,5,09-14-2024 21:10:02,PEA River Electric Coop
Barbour,0,8,09-14-2024 21:25:03,PEA River Electric Coop
Barbour,0,8,09-14-2024 21:40:01,PEA River Electric Coop
Barbour,0,8,09-14-2024 21:55:03,PEA River Electric Coop
Barbour,0,8,09-14-2024 22:10:02,PEA River Electric Coop
Barbour,0,8,09-14-2024 22:25:02,PEA River Electric Coop
Barbour,0,8,09-14-2024 22:40:05,PEA River Electric Coop
Barbour,0,8,09-14-2024 22:55:02,PEA River Electric Coop
Barbour,0,8,09-14-2024 23:10:02,PEA River Electric Coop
Barbour,0,8,09-14-2024 23:25:01,PEA River Electric Coop
Barbour,0,8,09-14-2024 23:40:01,PEA River Electric Coop
Barbour,0,8,09-14-2024 23:55:01,PEA River Electric Coop
Barbour,0,8,09-15-2024 00:10:01,PEA River Electric Coop
Barbour,0,8,09-15-2024 00:25:01,PEA River Electric Coop
Barbour,0,8,09-15-2024 00:40:01,PEA River Electric Coop
Barbour,0,9,09-15-2024 00:55:01,PEA River Electric Coop
Barbour,0,9,09-15-2024 01:10:01,PEA River Electric Coop
Barbour,0,9,09-15-2024 01:25:01,PEA River Electric Coop
Barbour,0,9,09-15-2024 01:40:01,PEA River Electric Coop
Barbour,0,9,09-15-2024 01:55:01,PEA River Electric Coop
Barbour,0,8,09-15-2024 02:10:01,PEA River Electric Coop
Barbour,0,8,09-15-2024 02:25:02,PEA River Electric Coop
Barbour,0,8,09-15-2024 02:40:02,PEA River Electric Coop
Barbour,0,8,09-15-2024 02:55:02,PEA River Electric Coop
Barbour,0,8,09-15-2024 03:10:01,PEA River Electric Coop
Barbour,0,8,09-15-2024 03:25:03,PEA River Electric Coop
Barbour,0,8,09-15-2024 03:40:08,PEA River Electric Coop
Barbour,0,8,09-15-2024 03:55:08,PEA River Electric Coop
Barbour,0,8,09-15-2024 04:10:06,PEA River Electric Coop
Barbour,0,8,09-15-2024 04:25:04,PEA River Electric Coop
Barbour,0,8,09-15-2024 04:40:02,PEA River Electric Coop
Barbour,0,8,09-15-2024 04:55:04,PEA River Electric Coop
Henry,0,4,09-15-2024 05:10:06,PEA River Electric Coop
Barbour,0,8,09-15-2024 05:10:06,PEA River Electric Coop
Henry,0,4,09-15-2024 05:25:02,PEA River Electric Coop
Barbour,0,8,09-15-2024 05:25:02,PEA River Electric Coop
Henry,0,4,09-15-2024 05:40:03,PEA River Electric Coop
Barbour,0,8,09-15-2024 05:40:03,PEA River Electric Coop
Barbour,0,8,09-15-2024 05:55:03,PEA River Electric Coop
Barbour,0,8,09-15-2024 06:10:04,PEA River Electric Coop
Barbour,0,8,09-15-2024 06:25:13,PEA River Electric Coop
Barbour,0,8,09-15-2024 06:40:07,PEA River Electric Coop
Barbour,0,8,09-15-2024 06:55:11,PEA River Electric Coop
Barbour,0,8,09-15-2024 07:10:05,PEA River Electric Coop
Barbour,0,8,09-15-2024 07:25:07,PEA River Electric Coop
Barbour,0,8,09-15-2024 07:40:05,PEA River Electric Coop
Barbour,0,8,09-15-2024 07:55:05,PEA River Electric Coop
Barbour,0,8,09-15-2024 08:10:13,PEA River Electric Coop
Barbour,0,8,09-15-2024 08:25:09,PEA River Electric Coop
Barbour,0,8,09-15-2024 08:40:08,PEA River Electric Coop
Barbour,0,8,09-15-2024 08:55:07,PEA River Electric Coop
Barbour,0,8,09-15-2024 09:10:11,PEA River Electric Coop
Barbour,0,8,09-15-2024 09:25:02,PEA River Electric Coop
Barbour,0,8,09-15-2024 09:40:02,PEA River Electric Coop
Barbour,0,8,09-15-2024 09:55:06,PEA River Electric Coop
Barbour,0,8,09-15-2024 10:10:13,PEA River Electric Coop
Barbour,0,8,09-15-2024 10:25:11,PEA River Electric Coop
Barbour,0,8,09-15-2024 10:40:06,PEA River Electric Coop
Barbour,0,8,09-15-2024 10:55:10,PEA River Electric Coop
Barbour,0,8,09-15-2024 11:10:09,PEA River Electric Coop
Barbour,0,8,09-15-2024 11:25:08,PEA River Electric Coop
Barbour,0,8,09-15-2024 11:40:12,PEA River Electric Coop
Barbour,0,8,09-15-2024 11:55:12,PEA River Electric Coop
Barbour,0,8,09-15-2024 12:10:12,PEA River Electric Coop
Barbour,0,8,09-15-2024 12:25:01,PEA River Electric Coop
Dale,0,2,09-15-2024 12:40:05,PEA River Electric Coop
Barbour,0,8,09-15-2024 12:40:05,PEA River Electric Coop
Dale,0,2,09-15-2024 12:55:04,PEA River Electric Coop
Barbour,0,8,09-15-2024 12:55:04,PEA River Electric Coop
Dale,0,2,09-15-2024 13:10:01,PEA River Electric Coop
Barbour,0,8,09-15-2024 13:10:01,PEA River Electric Coop
Dale,0,2,09-15-2024 13:25:01,PEA River Electric Coop
Barbour,0,8,09-15-2024 13:25:01,PEA River Electric Coop
Dale,0,2,09-15-2024 13:40:01,PEA River Electric Coop
Barbour,0,8,09-15-2024 13:40:01,PEA River Electric Coop
Barbour,0,8,09-15-2024 13:55:06,PEA River Electric Coop
Henry,0,1,09-15-2024 14:10:02,PEA River Electric Coop
Barbour,0,8,09-15-2024 14:10:02,PEA River Electric Coop
Henry,0,1,09-15-2024 14:25:01,PEA River Electric Coop
Barbour,0,8,09-15-2024 14:25:01,PEA River Electric Coop
Henry,0,1,09-15-2024 14:40:01,PEA River Electric Coop
Barbour,0,8,09-15-2024 14:40:01,PEA River Electric Coop
Henry,0,1,09-15-2024 14:55:01,PEA River Electric Coop
Barbour,0,8,09-15-2024 14:55:01,PEA River Electric Coop
Henry,0,1,09-15-2024 15:10:01,PEA River Electric Coop
Barbour,0,8,09-15-2024 15:10:01,PEA River Electric Coop
Henry,0,1,09-15-2024 15:25:01,PEA River Electric Coop
Barbour,0,8,09-15-2024 15:25:01,PEA River Electric Coop
Barbour,0,8,09-15-2024 15:40:01,PEA River Electric Coop
Barbour,0,8,09-15-2024 15:55:01,PEA River Electric Coop
Barbour,0,8,09-15-2024 16:10:01,PEA River Electric Coop
Barbour,0,8,09-15-2024 16:25:01,PEA River Electric Coop
Barbour,0,8,09-15-2024 16:40:01,PEA River Electric Coop
Barbour,0,8,09-15-2024 16:55:01,PEA River Electric Coop
Barbour,0,8,09-15-2024 17:10:01,PEA River Electric Coop
Barbour,0,8,09-15-2024 17:25:01,PEA River Electric Coop
Barbour,0,8,09-15-2024 17:40:01,PEA River Electric Coop
Barbour,0,8,09-15-2024 17:55:01,PEA River Electric Coop
Barbour,0,8,09-15-2024 18:10:01,PEA River Electric Coop
Barbour,0,8,09-15-2024 18:25:02,PEA River Electric Coop
Barbour,0,8,09-15-2024 18:40:01,PEA River Electric Coop
Dale,0,2,09-15-2024 18:55:01,PEA River Electric Coop
Barbour,0,8,09-15-2024 18:55:01,PEA River Electric Coop
Dale,0,2,09-15-2024 19:10:01,PEA River Electric Coop
Barbour,0,8,09-15-2024 19:10:01,PEA River Electric Coop
Dale,0,2,09-15-2024 19:25:01,PEA River Electric Coop
Barbour,0,8,09-15-2024 19:25:01,PEA River Electric Coop
Dale,0,2,09-15-2024 19:40:01,PEA River Electric Coop
Barbour,0,8,09-15-2024 19:40:01,PEA River Electric Coop
Barbour,0,8,09-15-2024 19:55:01,PEA River Electric Coop
Barbour,0,8,09-15-2024 20:10:01,PEA River Electric Coop
Barbour,0,8,09-15-2024 20:25:01,PEA River Electric Coop
Barbour,0,8,09-15-2024 20:40:01,PEA River Electric Coop
Barbour,0,8,09-15-2024 20:55:02,PEA River Electric Coop
Barbour,0,8,09-15-2024 21:10:01,PEA River Electric Coop
Barbour,0,8,09-15-2024 21:25:01,PEA River Electric Coop
Barbour,0,8,09-15-2024 21:40:03,PEA River Electric Coop
Barbour,0,8,09-15-2024 21:55:01,PEA River Electric Coop
Barbour,0,8,09-15-2024 22:10:02,PEA River Electric Coop
Barbour,0,8,09-15-2024 22:25:01,PEA River Electric Coop
Barbour,0,8,09-15-2024 22:40:01,PEA River Electric Coop
Barbour,0,8,09-15-2024 22:55:01,PEA River Electric Coop
Barbour,0,8,09-15-2024 23:10:01,PEA River Electric Coop
Barbour,0,8,09-15-2024 23:25:01,PEA River Electric Coop
Barbour,0,8,09-15-2024 23:40:01,PEA River Electric Coop
Barbour,0,8,09-15-2024 23:55:01,PEA River Electric Coop
Barbour,0,8,09-16-2024 00:10:01,PEA River Electric Coop
Barbour,0,8,09-16-2024 00:25:02,PEA River Electric Coop
Barbour,0,8,09-16-2024 00:40:01,PEA River Electric Coop
Barbour,0,8,09-16-2024 00:55:01,PEA River Electric Coop
Barbour,0,8,09-16-2024 01:10:01,PEA River Electric Coop
Barbour,0,8,09-16-2024 01:25:01,PEA River Electric Coop
Barbour,0,8,09-16-2024 01:40:02,PEA River Electric Coop
Barbour,0,8,09-16-2024 01:55:03,PEA River Electric Coop
Barbour,0,8,09-16-2024 02:10:01,PEA River Electric Coop
Barbour,0,8,09-16-2024 02:25:03,PEA River Electric Coop
Barbour,0,8,09-16-2024 02:40:01,PEA River Electric Coop
Barbour,0,8,09-16-2024 02:55:02,PEA River Electric Coop
Barbour,0,8,09-16-2024 03:10:01,PEA River Electric Coop
Barbour,0,8,09-16-2024 03:25:02,PEA River Electric Coop
Barbour,0,8,09-16-2024 03:40:01,PEA River Electric Coop
Barbour,0,8,09-16-2024 03:55:01,PEA River Electric Coop
Barbour,0,8,09-16-2024 04:10:01,PEA River Electric Coop
Barbour,0,8,09-16-2024 04:25:02,PEA River Electric Coop
Barbour,0,8,09-16-2024 04:40:06,PEA River Electric Coop
Barbour,0,8,09-16-2024 04:55:06,PEA River Electric Coop
Barbour,0,8,09-16-2024 05:10:08,PEA River Electric Coop
Barbour,0,8,09-16-2024 05:25:12,PEA River Electric Coop
Barbour,0,8,09-16-2024 05:40:02,PEA River Electric Coop
Barbour,0,8,09-16-2024 05:55:05,PEA River Electric Coop
Barbour,0,8,09-16-2024 06:10:09,PEA River Electric Coop
Barbour,0,8,09-16-2024 06:25:06,PEA River Electric Coop
Barbour,0,8,09-16-2024 06:40:10,PEA River Electric Coop
Barbour,0,8,09-16-2024 06:55:05,PEA River Electric Coop
Barbour,0,8,09-16-2024 07:10:03,PEA River Electric Coop
Barbour,0,8,09-16-2024 07:25:03,PEA River Electric Coop
Barbour,0,8,09-16-2024 07:40:03,PEA River Electric Coop
Barbour,0,8,09-16-2024 07:55:02,PEA River Electric Coop
Barbour,0,8,09-16-2024 08:10:01,PEA River Electric Coop
Barbour,0,8,09-16-2024 08:25:01,PEA River Electric Coop
Barbour,0,8,09-16-2024 08:40:01,PEA River Electric Coop
Barbour,0,8,09-16-2024 08:55:02,PEA River Electric Coop
Barbour,0,8,09-16-2024 09:10:01,PEA River Electric Coop
Barbour,0,8,09-16-2024 09:25:01,PEA River Electric Coop
Barbour,0,8,09-16-2024 09:40:04,PEA River Electric Coop
Barbour,0,8,09-16-2024 09:55:01,PEA River Electric Coop
Barbour,0,8,09-16-2024 10:10:01,PEA River Electric Coop
Barbour,0,8,09-16-2024 10:25:02,PEA River Electric Coop
Barbour,0,8,09-16-2024 10:40:02,PEA River Electric Coop
Barbour,0,8,09-16-2024 10:55:04,PEA River Electric Coop
Barbour,0,8,09-16-2024 11:10:01,PEA River Electric Coop
Barbour,0,8,09-16-2024 11:25:01,PEA River Electric Coop
Barbour,0,8,09-16-2024 11:40:01,PEA River Electric Coop
Barbour,0,8,09-16-2024 11:55:01,PEA River Electric Coop
Dale,0,4,09-16-2024 21:25:01,PEA River Electric Coop
Dale,0,4,09-16-2024 21:40:01,PEA River Electric Coop
Dale,0,4,09-16-2024 21:55:01,PEA River Electric Coop
Dale,0,4,09-16-2024 22:10:01,PEA River Electric Coop
Dale,0,4,09-16-2024 22:25:01,PEA River Electric Coop
Dale,0,4,09-16-2024 22:40:01,PEA River Electric Coop
Henry,0,1,09-16-2024 23:10:01,PEA River Electric Coop
Henry,0,1,09-16-2024 23:25:01,PEA River Electric Coop
Henry,0,1,09-16-2024 23:40:01,PEA River Electric Coop
Barbour,0,3,09-16-2024 23:40:01,PEA River Electric Coop
Barbour,0,3,09-16-2024 23:55:01,PEA River Electric Coop
Barbour,0,3,09-17-2024 00:10:01,PEA River Electric Coop
Dale,0,1,09-17-2024 15:10:02,PEA River Electric Coop
Henry,0,4,09-17-2024 16:10:02,PEA River Electric Coop
Henry,0,4,09-17-2024 16:25:01,PEA River Electric Coop
Henry,0,401,09-18-2024 14:25:01,PEA River Electric Coop
Barbour,0,107,09-18-2024 14:25:01,PEA River Electric Coop
Henry,0,401,09-18-2024 14:40:01,PEA River Electric Coop
Barbour,0,107,09-18-2024 14:40:01,PEA River Electric Coop
Henry,0,401,09-18-2024 14:55:01,PEA River Electric Coop
Barbour,0,107,09-18-2024 14:55:01,PEA River Electric Coop
Dale,0,1,09-18-2024 23:40:01,PEA River Electric Coop
Dale,0,1,09-18-2024 23:55:01,PEA River Electric Coop
Dale,0,1,09-19-2024 00:10:02,PEA River Electric Coop
Dale,0,1,09-19-2024 00:25:01,PEA River Electric Coop
Barbour,0,3,09-19-2024 12:25:01,PEA River Electric Coop
Barbour,0,3,09-19-2024 12:40:01,PEA River Electric Coop
Barbour,0,3,09-19-2024 12:55:01,PEA River Electric Coop
Barbour,0,3,09-19-2024 13:10:02,PEA River Electric Coop
Henry,0,1,09-19-2024 15:10:01,PEA River Electric Coop
Henry,0,1,09-19-2024 15:25:02,PEA River Electric Coop
Henry,0,1,09-19-2024 15:40:01,PEA River Electric Coop
Henry,0,1,09-19-2024 15:55:01,PEA River Electric Coop
Henry,0,1,09-19-2024 16:10:01,PEA River Electric Coop
Henry,0,1,09-19-2024 16:25:02,PEA River Electric Coop
Henry,0,1,09-19-2024 16:40:02,PEA River Electric Coop
Henry,0,1,09-19-2024 16:55:01,PEA River Electric Coop
Henry,0,1,09-19-2024 17:10:01,PEA River Electric Coop
Henry,0,1,09-19-2024 17:25:01,PEA River Electric Coop
Henry,0,1,09-19-2024 17:40:01,PEA River Electric Coop
Barbour,0,36,09-19-2024 20:40:01,PEA River Electric Coop
Barbour,0,73,09-19-2024 20:55:01,PEA River Electric Coop
Barbour,0,84,09-19-2024 21:10:01,PEA River Electric Coop
Barbour,0,84,09-19-2024 21:25:01,PEA River Electric Coop
Barbour,0,84,09-19-2024 21:40:01,PEA River Electric Coop
Barbour,0,84,09-19-2024 21:55:01,PEA River Electric Coop
Henry,0,158,09-19-2024 22:10:01,PEA River Electric Coop
Barbour,0,77,09-19-2024 22:10:01,PEA River Electric Coop
Henry,0,516,09-19-2024 22:25:01,PEA River Electric Coop
Barbour,0,107,09-19-2024 22:25:01,PEA River Electric Coop
Henry,0,545,09-19-2024 22:40:02,PEA River Electric Coop
Barbour,0,107,09-19-2024 22:40:02,PEA River Electric Coop
Henry,0,545,09-19-2024 22:55:01,PEA River Electric Coop
Barbour,0,107,09-19-2024 22:55:01,PEA River Electric Coop
Henry,0,2,09-19-2024 23:40:01,PEA River Electric Coop
Barbour,0,1,09-20-2024 01:40:01,PEA River Electric Coop
Barbour,0,1,09-20-2024 01:55:01,PEA River Electric Coop
Barbour,0,1,09-20-2024 02:10:01,PEA River Electric Coop
Barbour,0,1,09-20-2024 02:25:01,PEA River Electric Coop
Henry,0,2,09-20-2024 12:40:01,PEA River Electric Coop
Barbour,0,3,09-20-2024 16:10:01,PEA River Electric Coop
Barbour,0,2,09-20-2024 16:25:02,PEA River Electric Coop
Barbour,0,2,09-20-2024 16:40:01,PEA River Electric Coop
Barbour,0,2,09-20-2024 16:55:01,PEA River Electric Coop
Barbour,0,2,09-20-2024 17:10:01,PEA River Electric Coop
Barbour,0,2,09-20-2024 17:25:01,PEA River Electric Coop
Barbour,0,4,09-20-2024 23:10:02,PEA River Electric Coop
Barbour,0,4,09-20-2024 23:25:01,PEA River Electric Coop
Barbour,0,4,09-20-2024 23:40:01,PEA River Electric Coop
Dale,0,3,09-21-2024 01:10:01,PEA River Electric Coop
Dale,0,3,09-21-2024 01:25:01,PEA River Electric Coop
Barbour,0,5,09-21-2024 01:25:01,PEA River Electric Coop
Dale,0,3,09-21-2024 01:40:01,PEA River Electric Coop
Barbour,0,5,09-21-2024 01:40:01,PEA River Electric Coop
Barbour,0,5,09-21-2024 01:55:00,PEA River Electric Coop
Barbour,0,5,09-21-2024 02:10:03,PEA River Electric Coop
Dale,0,1,09-21-2024 02:25:05,PEA River Electric Coop
Barbour,0,53,09-21-2024 02:25:05,PEA River Electric Coop
Barbour,0,53,09-21-2024 02:40:01,PEA River Electric Coop
Barbour,0,5,09-21-2024 03:25:02,PEA River Electric Coop
Barbour,0,5,09-21-2024 21:55:01,PEA River Electric Coop
Barbour,0,5,09-21-2024 22:10:01,PEA River Electric Coop
Dale,0,1,09-22-2024 03:10:01,PEA River Electric Coop
Dale,0,1,09-22-2024 03:25:01,PEA River Electric Coop
Dale,0,1,09-22-2024 03:40:01,PEA River Electric Coop
Dale,0,1,09-22-2024 03:55:01,PEA River Electric Coop
Dale,0,1,09-22-2024 04:10:01,PEA River Electric Coop
Dale,0,1,09-22-2024 04:25:01,PEA River Electric Coop
Dale,0,1,09-22-2024 04:40:01,PEA River Electric Coop
Dale,0,3,09-22-2024 10:10:01,PEA River Electric Coop
Dale,0,3,09-22-2024 10:25:01,PEA River Electric Coop
Dale,0,3,09-22-2024 10:40:01,PEA River Electric Coop
Dale,0,3,09-22-2024 10:55:01,PEA River Electric Coop
Dale,0,3,09-22-2024 11:10:01,PEA River Electric Coop
Henry,0,4,09-22-2024 16:25:01,PEA River Electric Coop
Henry,0,4,09-22-2024 16:40:01,PEA River Electric Coop
Henry,0,4,09-22-2024 16:55:02,PEA River Electric Coop
Henry,0,4,09-22-2024 17:10:01,PEA River Electric Coop
Henry,0,4,09-22-2024 17:25:01,PEA River Electric Coop
Barbour,0,2,09-22-2024 17:40:01,PEA River Electric Coop
Barbour,0,2,09-22-2024 17:55:01,PEA River Electric Coop
Henry,0,2,09-23-2024 09:55:02,PEA River Electric Coop
Henry,0,2,09-23-2024 10:10:01,PEA River Electric Coop
Henry,0,2,09-23-2024 10:25:01,PEA River Electric Coop
Henry,0,2,09-23-2024 10:40:01,PEA River Electric Coop
Henry,0,2,09-23-2024 10:55:01,PEA River Electric Coop
Henry,0,2,09-23-2024 11:10:01,PEA River Electric Coop
Henry,0,2,09-23-2024 11:25:01,PEA River Electric Coop
Dale,0,2,09-23-2024 12:40:01,PEA River Electric Coop
Dale,0,2,09-23-2024 12:55:01,PEA River Electric Coop
Dale,0,7,09-23-2024 13:10:01,PEA River Electric Coop
Dale,0,7,09-23-2024 13:25:01,PEA River Electric Coop
Dale,0,7,09-23-2024 13:40:01,PEA River Electric Coop
Dale,0,7,09-23-2024 13:55:01,PEA River Electric Coop
Dale,0,7,09-23-2024 14:10:01,PEA River Electric Coop
Dale,0,7,09-23-2024 14:25:02,PEA River Electric Coop
Dale,0,7,09-23-2024 14:40:01,PEA River Electric Coop
Dale,0,7,09-23-2024 14:55:01,PEA River Electric Coop
Dale,0,7,09-23-2024 15:10:01,PEA River Electric Coop
Dale,0,7,09-23-2024 15:25:01,PEA River Electric Coop
Dale,0,7,09-23-2024 15:40:01,PEA River Electric Coop
Dale,0,5,09-23-2024 15:55:01,PEA River Electric Coop
Dale,0,5,09-23-2024 16:10:01,PEA River Electric Coop
Barbour,0,10,09-24-2024 16:55:01,PEA River Electric Coop
Barbour,0,564,09-24-2024 17:10:01,PEA River Electric Coop
Barbour,0,633,09-24-2024 17:25:01,PEA River Electric Coop
Barbour,0,633,09-24-2024 17:40:01,PEA River Electric Coop
Barbour,0,633,09-24-2024 18:10:01,PEA River Electric Coop
Barbour,0,633,09-24-2024 18:25:01,PEA River Electric Coop
Barbour,0,633,09-24-2024 18:40:01,PEA River Electric Coop
Barbour,0,633,09-24-2024 18:55:01,PEA River Electric Coop
Barbour,0,633,09-24-2024 19:10:01,PEA River Electric Coop
Barbour,0,633,09-24-2024 19:25:01,PEA River Electric Coop
Barbour,0,633,09-24-2024 19:40:01,PEA River Electric Coop
Barbour,0,633,09-24-2024 19:55:01,PEA River Electric Coop
Barbour,0,633,09-24-2024 20:10:01,PEA River Electric Coop
Barbour,0,633,09-24-2024 20:25:01,PEA River Electric Coop
Barbour,0,633,09-24-2024 20:40:01,PEA River Electric Coop
Barbour,0,633,09-24-2024 20:55:01,PEA River Electric Coop
Barbour,0,1,09-24-2024 23:55:01,PEA River Electric Coop
Barbour,0,1,09-25-2024 00:10:01,PEA River Electric Coop
Barbour,0,1,09-25-2024 00:25:01,PEA River Electric Coop
Barbour,0,1,09-25-2024 00:40:01,PEA River Electric Coop
Barbour,0,1,09-25-2024 00:55:01,PEA River Electric Coop
Barbour,0,1,09-25-2024 01:10:01,PEA River Electric Coop
Dale,0,9,09-25-2024 13:55:01,PEA River Electric Coop
Dale,0,9,09-25-2024 14:10:01,PEA River Electric Coop
Dale,0,9,09-25-2024 14:25:01,PEA River Electric Coop
Dale,0,9,09-25-2024 14:40:01,PEA River Electric Coop
Barbour,0,25,09-25-2024 18:40:01,PEA River Electric Coop
Barbour,0,25,09-25-2024 18:55:01,PEA River Electric Coop
Barbour,0,25,09-25-2024 19:10:01,PEA River Electric Coop
Barbour,0,25,09-25-2024 19:25:01,PEA River Electric Coop
Dale,0,1,09-25-2024 19:40:01,PEA River Electric Coop
Barbour,0,25,09-25-2024 19:40:01,PEA River Electric Coop
Dale,0,1,09-25-2024 19:55:01,PEA River Electric Coop
Barbour,0,25,09-25-2024 19:55:01,PEA River Electric Coop
Dale,0,1,09-25-2024 20:10:01,PEA River Electric Coop
Barbour,0,25,09-25-2024 20:10:01,PEA River Electric Coop
Barbour,0,25,09-25-2024 20:25:01,PEA River Electric Coop
Barbour,0,25,09-25-2024 20:40:01,PEA River Electric Coop
Barbour,0,25,09-25-2024 20:55:01,PEA River Electric Coop
Barbour,0,25,09-25-2024 21:10:01,PEA River Electric Coop
Barbour,0,25,09-25-2024 21:25:01,PEA River Electric Coop
Barbour,0,25,09-25-2024 21:40:01,PEA River Electric Coop
Dale,0,1,09-26-2024 01:40:01,PEA River Electric Coop
Dale,0,1,09-26-2024 01:55:01,PEA River Electric Coop
Dale,0,1,09-26-2024 02:10:01,PEA River Electric Coop
Dale,0,1,09-26-2024 02:25:01,PEA River Electric Coop
Dale,0,1,09-26-2024 12:40:01,PEA River Electric Coop
Dale,0,1,09-26-2024 12:55:01,PEA River Electric Coop
Dale,0,1,09-26-2024 13:10:01,PEA River Electric Coop
Barbour,0,2,09-26-2024 17:25:01,PEA River Electric Coop
Barbour,0,2,09-26-2024 17:40:01,PEA River Electric Coop
Barbour,0,2,09-26-2024 17:55:01,PEA River Electric Coop
Barbour,0,1,09-26-2024 21:55:01,PEA River Electric Coop
Barbour,0,5,09-26-2024 22:10:01,PEA River Electric Coop
Barbour,0,5,09-26-2024 22:25:01,PEA River Electric Coop
Barbour,0,5,09-26-2024 22:40:01,PEA River Electric Coop
Barbour,0,4,09-26-2024 22:55:01,PEA River Electric Coop
Barbour,0,4,09-26-2024 23:10:01,PEA River Electric Coop
Barbour,0,4,09-26-2024 23:25:01,PEA River Electric Coop
Barbour,0,4,09-26-2024 23:40:01,PEA River Electric Coop
Barbour,0,292,09-27-2024 04:40:01,PEA River Electric Coop
Barbour,0,292,09-27-2024 04:55:01,PEA River Electric Coop
Dale,0,140,09-27-2024 05:10:01,PEA River Electric Coop
Barbour,0,292,09-27-2024 05:10:01,PEA River Electric Coop
Coffee,0,178,09-27-2024 05:10:01,PEA River Electric Coop
Dale,0,158,09-27-2024 05:25:01,PEA River Electric Coop
Barbour,0,292,09-27-2024 05:25:01,PEA River Electric Coop
Coffee,0,262,09-27-2024 05:25:01,PEA River Electric Coop
Dale,0,203,09-27-2024 05:40:01,PEA River Electric Coop
Barbour,0,292,09-27-2024 05:40:01,PEA River Electric Coop
Coffee,0,262,09-27-2024 05:40:01,PEA River Electric Coop
Dale,0,203,09-27-2024 05:55:01,PEA River Electric Coop
Barbour,0,322,09-27-2024 05:55:01,PEA River Electric Coop
Coffee,0,262,09-27-2024 05:55:01,PEA River Electric Coop
Dale,0,203,09-27-2024 06:10:01,PEA River Electric Coop
Barbour,0,322,09-27-2024 06:10:01,PEA River Electric Coop
Coffee,0,262,09-27-2024 06:10:01,PEA River Electric Coop
Dale,0,203,09-27-2024 06:25:01,PEA River Electric Coop
Barbour,0,322,09-27-2024 06:25:01,PEA River Electric Coop
Coffee,0,262,09-27-2024 06:25:01,PEA River Electric Coop
Dale,0,63,09-27-2024 06:40:01,PEA River Electric Coop
Barbour,0,322,09-27-2024 06:40:01,PEA River Electric Coop
Dale,0,63,09-27-2024 06:55:01,PEA River Electric Coop
Barbour,0,322,09-27-2024 06:55:01,PEA River Electric Coop
Dale,0,63,09-27-2024 07:10:01,PEA River Electric Coop
Barbour,0,322,09-27-2024 07:10:01,PEA River Electric Coop
Dale,0,63,09-27-2024 07:25:01,PEA River Electric Coop
Barbour,0,292,09-27-2024 07:25:01,PEA River Electric Coop
Dale,0,63,09-27-2024 07:40:01,PEA River Electric Coop
Barbour,0,292,09-27-2024 07:40:01,PEA River Electric Coop
Dale,0,63,09-27-2024 07:55:01,PEA River Electric Coop
Henry,0,1,09-27-2024 07:55:01,PEA River Electric Coop
Barbour,0,292,09-27-2024 07:55:01,PEA River Electric Coop
Dale,0,63,09-27-2024 08:10:01,PEA River Electric Coop
Henry,0,10,09-27-2024 08:10:01,PEA River Electric Coop
Barbour,0,294,09-27-2024 08:10:01,PEA River Electric Coop
Dale,0,45,09-27-2024 08:25:01,PEA River Electric Coop
Henry,0,10,09-27-2024 08:25:01,PEA River Electric Coop
Barbour,0,294,09-27-2024 08:25:01,PEA River Electric Coop
Dale,0,45,09-27-2024 08:40:01,PEA River Electric Coop
Henry,0,10,09-27-2024 08:40:01,PEA River Electric Coop
Barbour,0,2,09-27-2024 08:40:01,PEA River Electric Coop
Henry,0,10,09-27-2024 08:55:01,PEA River Electric Coop
Barbour,0,2,09-27-2024 08:55:01,PEA River Electric Coop
Henry,0,10,09-27-2024 09:10:01,PEA River Electric Coop
Barbour,0,2,09-27-2024 09:10:01,PEA River Electric Coop
Henry,0,10,09-27-2024 09:25:01,PEA River Electric Coop
Barbour,0,2,09-27-2024 09:25:01,PEA River Electric Coop
Henry,0,10,09-27-2024 09:40:01,PEA River Electric Coop
Henry,0,10,09-27-2024 09:55:01,PEA River Electric Coop
Henry,0,10,09-27-2024 10:10:01,PEA River Electric Coop
Dale,0,2,09-27-2024 11:25:01,PEA River Electric Coop
Dale,0,2,09-27-2024 11:40:01,PEA River Electric Coop
Dale,0,1,09-27-2024 11:55:01,PEA River Electric Coop
Dale,0,1,09-27-2024 12:10:02,PEA River Electric Coop
Dale,0,1,09-27-2024 12:25:01,PEA River Electric Coop
Henry,4249,1,09-27-2024 13:25:01,PEA River Electric Coop
Henry,4249,1,09-27-2024 13:40:01,PEA River Electric Coop
Henry,4249,1,09-27-2024 13:55:01,PEA River Electric Coop
Henry,4249,1,09-27-2024 14:10:01,PEA River Electric Coop
Henry,4249,1,09-27-2024 14:25:01,PEA River Electric Coop
Henry,4249,1,09-27-2024 14:40:01,PEA River Electric Coop
Henry,4249,1,09-27-2024 14:55:01,PEA River Electric Coop
Henry,4249,1,09-27-2024 15:10:01,PEA River Electric Coop
Henry,4249,1,09-27-2024 15:25:01,PEA River Electric Coop
Coffee,314,1,09-27-2024 15:40:01,PEA River Electric Coop
Geneva,4,4,09-27-2024 15:55:01,PEA River Electric Coop
Coffee,314,16,09-27-2024 15:55:01,PEA River Electric Coop
Dale,10390,5,09-27-2024 15:55:01,PEA River Electric Coop
Geneva,4,4,09-27-2024 16:10:01,PEA River Electric Coop
Coffee,314,16,09-27-2024 16:10:01,PEA River Electric Coop
Dale,10390,5,09-27-2024 16:10:01,PEA River Electric Coop
Geneva,4,4,09-27-2024 16:25:01,PEA River Electric Coop
Coffee,314,16,09-27-2024 16:25:01,PEA River Electric Coop
Dale,10390,5,09-27-2024 16:25:01,PEA River Electric Coop
Geneva,4,4,09-27-2024 16:40:01,PEA River Electric Coop
Coffee,314,16,09-27-2024 16:40:01,PEA River Electric Coop
Dale,10390,5,09-27-2024 16:40:01,PEA River Electric Coop
Geneva,4,4,09-27-2024 16:55:01,PEA River Electric Coop
Coffee,314,16,09-27-2024 16:55:01,PEA River Electric Coop
Dale,10390,5,09-27-2024 16:55:01,PEA River Electric Coop
Geneva,4,4,09-27-2024 17:10:01,PEA River Electric Coop
Coffee,314,16,09-27-2024 17:10:01,PEA River Electric Coop
Dale,10390,5,09-27-2024 17:10:01,PEA River Electric Coop
Geneva,4,4,09-27-2024 17:25:01,PEA River Electric Coop
Coffee,314,16,09-27-2024 17:25:01,PEA River Electric Coop
Dale,10390,5,09-27-2024 17:25:01,PEA River Electric Coop
Barbour,4497,2,09-27-2024 20:10:01,PEA River Electric Coop
Barbour,4497,2,09-27-2024 20:25:01,PEA River Electric Coop
Henry,4249,2,09-27-2024 20:40:01,PEA River Electric Coop
Barbour,4497,2,09-27-2024 20:40:01,PEA River Electric Coop
Henry,4249,2,09-27-2024 20:55:01,PEA River Electric Coop
Barbour,4497,2,09-27-2024 20:55:01,PEA River Electric Coop
Dale,10390,3,09-27-2024 20:55:01,PEA River Electric Coop
Henry,4249,3,09-27-2024 21:10:01,PEA River Electric Coop
Barbour,4497,2,09-27-2024 21:10:01,PEA River Electric Coop
Dale,10390,3,09-27-2024 21:10:01,PEA River Electric Coop
Henry,4249,3,09-27-2024 21:25:01,PEA River Electric Coop
Dale,10390,3,09-27-2024 21:25:01,PEA River Electric Coop
Henry,4249,3,09-27-2024 21:40:02,PEA River Electric Coop
Dale,10390,3,09-27-2024 21:40:02,PEA River Electric Coop
Henry,4249,3,09-27-2024 21:55:01,PEA River Electric Coop
Dale,10390,3,09-27-2024 21:55:01,PEA River Electric Coop
Henry,4249,1,09-27-2024 22:10:01,PEA River Electric Coop
Dale,10390,3,09-27-2024 22:10:01,PEA River Electric Coop
Henry,4249,1,09-27-2024 22:25:01,PEA River Electric Coop
Dale,10390,3,09-27-2024 22:25:01,PEA River Electric Coop
Henry,4249,1,09-27-2024 22:40:01,PEA River Electric Coop
Dale,10390,3,09-27-2024 22:40:01,PEA River Electric Coop
Henry,4249,1,09-27-2024 22:55:01,PEA River Electric Coop
Henry,4249,1,09-27-2024 23:10:01,PEA River Electric Coop
Henry,4249,1,09-27-2024 23:25:01,PEA River Electric Coop
Henry,4249,1,09-27-2024 23:40:01,PEA River Electric Coop
Dale,10390,4,09-27-2024 23:40:01,PEA River Electric Coop
Henry,4249,1,09-27-2024 23:55:01,PEA River Electric Coop
Dale,10390,1,09-27-2024 23:55:01,PEA River Electric Coop
Dale,10390,1,09-28-2024 00:10:01,PEA River Electric Coop
Dale,10390,1,09-28-2024 00:25:01,PEA River Electric Coop
Dale,10390,1,09-28-2024 16:10:01,PEA River Electric Coop
Dale,10390,1,09-28-2024 16:25:01,PEA River Electric Coop
Dale,10390,4,09-29-2024 16:10:01,PEA River Electric Coop
Dale,10390,4,09-29-2024 16:25:02,PEA River Electric Coop
Dale,10390,4,09-29-2024 16:40:01,PEA River Electric Coop
Henry,4249,1,09-30-2024 01:25:01,PEA River Electric Coop
Henry,4249,1,09-30-2024 01:40:01,PEA River Electric Coop
Henry,4249,1,09-30-2024 01:55:01,PEA River Electric Coop
Henry,4249,1,09-30-2024 02:10:01,PEA River Electric Coop
Dale,10390,1,09-30-2024 12:10:01,PEA River Electric Coop
Dale,10390,1,09-30-2024 12:25:01,PEA River Electric Coop
Dale,10390,2,09-30-2024 12:40:02,PEA River Electric Coop
Dale,10390,2,09-30-2024 12:55:01,PEA River Electric Coop
Barbour,4497,1,09-30-2024 14:55:01,PEA River Electric Coop
Barbour,4497,1,09-30-2024 15:10:01,PEA River Electric Coop
Barbour,4497,1,09-30-2024 15:25:01,PEA River Electric Coop
Barbour,4497,1,09-30-2024 15:40:01,PEA River Electric Coop
Barbour,4497,1,09-30-2024 15:55:01,PEA River Electric Coop
Barbour,4497,1,09-30-2024 16:10:02,PEA River Electric Coop
Barbour,4497,1,09-30-2024 16:25:01,PEA River Electric Coop
Barbour,4497,1,09-30-2024 16:40:01,PEA River Electric Coop
Barbour,4497,1,09-30-2024 16:55:01,PEA River Electric Coop
Barbour,4497,1,09-30-2024 17:10:01,PEA River Electric Coop
Barbour,4497,1,09-30-2024 17:25:01,PEA River Electric Coop
Barbour,4497,1,09-30-2024 17:40:01,PEA River Electric Coop
Barbour,4497,1,09-30-2024 17:55:01,PEA River Electric Coop
Dale,10390,1,09-30-2024 23:10:01,PEA River Electric Coop
Dale,10390,1,09-30-2024 23:25:01,PEA River Electric Coop
Dale,10390,1,09-30-2024 23:40:01,PEA River Electric Coop
Dale,10390,5,10-01-2024 00:55:01,PEA River Electric Coop
Dale,10390,5,10-01-2024 01:10:01,PEA River Electric Coop
Dale,10390,5,10-01-2024 01:25:01,PEA River Electric Coop
Dale,10390,5,10-01-2024 01:40:01,PEA River Electric Coop
Dale,10390,5,10-01-2024 01:55:01,PEA River Electric Coop
Dale,10390,5,10-01-2024 02:10:02,PEA River Electric Coop
Geneva,4,4,10-01-2024 14:55:03,PEA River Electric Coop
Coffee,314,16,10-01-2024 14:55:03,PEA River Electric Coop
Dale,10390,5,10-01-2024 14:55:03,PEA River Electric Coop
Geneva,4,4,10-01-2024 15:10:01,PEA River Electric Coop
Coffee,314,16,10-01-2024 15:10:01,PEA River Electric Coop
Dale,10390,5,10-01-2024 15:10:01,PEA River Electric Coop
Geneva,4,4,10-01-2024 15:25:01,PEA River Electric Coop
Coffee,314,16,10-01-2024 15:25:01,PEA River Electric Coop
Dale,10390,5,10-01-2024 15:25:01,PEA River Electric Coop
Geneva,4,4,10-01-2024 15:40:01,PEA River Electric Coop
Coffee,314,16,10-01-2024 15:40:01,PEA River Electric Coop
Dale,10390,5,10-01-2024 15:40:01,PEA River Electric Coop
Geneva,4,4,10-01-2024 15:55:01,PEA River Electric Coop
Coffee,314,16,10-01-2024 15:55:01,PEA River Electric Coop
Dale,10390,6,10-01-2024 15:55:01,PEA River Electric Coop
Geneva,4,4,10-01-2024 16:10:01,PEA River Electric Coop
Coffee,314,16,10-01-2024 16:10:01,PEA River Electric Coop
Dale,10390,6,10-01-2024 16:10:01,PEA River Electric Coop
Geneva,4,4,10-01-2024 16:25:01,PEA River Electric Coop
Coffee,314,16,10-01-2024 16:25:01,PEA River Electric Coop
Dale,10390,6,10-01-2024 16:25:01,PEA River Electric Coop
Geneva,4,4,10-01-2024 16:40:01,PEA River Electric Coop
Coffee,314,16,10-01-2024 16:40:01,PEA River Electric Coop
Dale,10390,5,10-01-2024 16:40:01,PEA River Electric Coop
Henry,4249,1,10-03-2024 20:25:01,PEA River Electric Coop
Henry,4249,1,10-03-2024 20:40:01,PEA River Electric Coop
Henry,4249,1,10-03-2024 20:55:02,PEA River Electric Coop
Barbour,4497,1,10-04-2024 21:55:01,PEA River Electric Coop
Barbour,4497,1,10-04-2024 22:10:01,PEA River Electric Coop
Barbour,4497,1,10-04-2024 22:25:01,PEA River Electric Coop
Dale,10390,23,10-05-2024 17:25:01,PEA River Electric Coop
Dale,10390,23,10-05-2024 17:40:01,PEA River Electric Coop
Dale,10390,23,10-05-2024 17:55:01,PEA River Electric Coop
Dale,10390,26,10-05-2024 18:10:01,PEA River Electric Coop
Dale,10390,26,10-05-2024 18:25:01,PEA River Electric Coop
Henry,4249,1,10-05-2024 18:40:01,PEA River Electric Coop
Dale,10390,26,10-05-2024 18:40:01,PEA River Electric Coop
Henry,4249,1,10-05-2024 18:55:01,PEA River Electric Coop
Dale,10390,3,10-05-2024 18:55:01,PEA River Electric Coop
Henry,4249,1,10-05-2024 19:10:01,PEA River Electric Coop
Dale,10390,3,10-05-2024 19:10:01,PEA River Electric Coop
Henry,4249,1,10-05-2024 19:25:01,PEA River Electric Coop
Henry,4249,1,10-05-2024 19:40:02,PEA River Electric Coop
Henry,4249,1,10-05-2024 19:55:01,PEA River Electric Coop
Henry,4249,1,10-05-2024 20:10:01,PEA River Electric Coop
Henry,4249,1,10-05-2024 20:25:01,PEA River Electric Coop
Henry,4249,1,10-05-2024 20:40:01,PEA River Electric Coop
Henry,4249,1,10-05-2024 20:55:01,PEA River Electric Coop
Henry,4249,1,10-05-2024 21:10:01,PEA River Electric Coop
Dale,10390,2,10-07-2024 06:40:01,PEA River Electric Coop
Dale,10390,2,10-07-2024 06:55:01,PEA River Electric Coop
Dale,10390,2,10-07-2024 07:10:02,PEA River Electric Coop
Dale,10390,2,10-07-2024 07:25:01,PEA River Electric Coop
Dale,10390,2,10-07-2024 07:40:01,PEA River Electric Coop
Dale,10390,2,10-07-2024 07:55:01,PEA River Electric Coop
Dale,10390,2,10-07-2024 08:10:01,PEA River Electric Coop
Dale,10390,2,10-07-2024 08:25:01,PEA River Electric Coop
Dale,10390,2,10-07-2024 08:40:01,PEA River Electric Coop
Dale,10390,2,10-07-2024 08:55:01,PEA River Electric Coop
Dale,10390,2,10-07-2024 09:10:00,PEA River Electric Coop
Dale,10390,2,10-07-2024 09:25:01,PEA River Electric Coop
Dale,10390,1,10-07-2024 14:25:01,PEA River Electric Coop
Dale,10390,1,10-07-2024 14:40:01,PEA River Electric Coop
Dale,10390,1,10-07-2024 14:55:01,PEA River Electric Coop
Dale,10390,1,10-07-2024 15:10:01,PEA River Electric Coop
Dale,10390,3,10-07-2024 15:25:01,PEA River Electric Coop
Dale,10390,1,10-07-2024 20:55:01,PEA River Electric Coop
Barbour,4497,1,10-07-2024 21:10:02,PEA River Electric Coop
Dale,10390,1,10-07-2024 21:10:02,PEA River Electric Coop
Barbour,4497,1,10-07-2024 21:25:01,PEA River Electric Coop
Dale,10390,1,10-07-2024 21:25:01,PEA River Electric Coop
Barbour,4497,1,10-07-2024 21:40:01,PEA River Electric Coop
Dale,10390,1,10-07-2024 21:40:01,PEA River Electric Coop
Barbour,4497,1,10-07-2024 21:55:01,PEA River Electric Coop
Barbour,4497,1,10-08-2024 21:55:01,PEA River Electric Coop
Barbour,4497,1,10-08-2024 22:10:02,PEA River Electric Coop
Barbour,4497,15,10-08-2024 23:25:01,PEA River Electric Coop
Barbour,4497,15,10-08-2024 23:40:01,PEA River Electric Coop
Barbour,4497,15,10-08-2024 23:55:01,PEA River Electric Coop
Barbour,4497,15,10-09-2024 00:10:01,PEA River Electric Coop
Barbour,4497,15,10-09-2024 00:25:01,PEA River Electric Coop
Barbour,4497,15,10-09-2024 00:40:01,PEA River Electric Coop
Barbour,4497,15,10-09-2024 00:55:01,PEA River Electric Coop
Barbour,4497,15,10-09-2024 01:10:01,PEA River Electric Coop
Barbour,4497,15,10-09-2024 01:25:01,PEA River Electric Coop
Barbour,4497,15,10-09-2024 01:40:01,PEA River Electric Coop
Barbour,4497,15,10-09-2024 01:55:01,PEA River Electric Coop
Barbour,4497,15,10-09-2024 02:10:01,PEA River Electric Coop
Barbour,4497,15,10-09-2024 02:25:01,PEA River Electric Coop
Barbour,4497,15,10-09-2024 02:40:01,PEA River Electric Coop
Coffee,314,4,10-09-2024 14:25:01,PEA River Electric Coop
Dale,10390,4,10-09-2024 15:10:01,PEA River Electric Coop
Henry,4249,2,10-11-2024 12:55:01,PEA River Electric Coop
Henry,4249,2,10-11-2024 13:10:01,PEA River Electric Coop
Henry,4249,2,10-11-2024 13:25:01,PEA River Electric Coop
Henry,4249,1,10-11-2024 13:55:01,PEA River Electric Coop
Barbour,4497,1,10-11-2024 16:25:01,PEA River Electric Coop
Barbour,4497,1,10-11-2024 16:40:01,PEA River Electric Coop
Barbour,4497,1,10-11-2024 16:55:01,PEA River Electric Coop
Dale,10390,1,10-13-2024 12:25:01,PEA River Electric Coop
Barbour,4497,1,10-13-2024 15:25:01,PEA River Electric Coop
Barbour,4497,1,10-13-2024 15:40:01,PEA River Electric Coop
Barbour,4497,1,10-13-2024 15:55:01,PEA River Electric Coop
Barbour,4497,1,10-13-2024 16:10:01,PEA River Electric Coop
Dale,10390,3,10-14-2024 23:10:02,PEA River Electric Coop
Dale,10390,3,10-14-2024 23:25:01,PEA River Electric Coop
Dale,10390,3,10-14-2024 23:40:01,PEA River Electric Coop
Henry,4249,2,10-15-2024 14:10:02,PEA River Electric Coop
Henry,4249,2,10-15-2024 14:25:01,PEA River Electric Coop
Henry,4249,2,10-15-2024 14:40:01,PEA River Electric Coop
Dale,10390,3,10-15-2024 18:40:01,PEA River Electric Coop
Dale,10390,3,10-15-2024 18:55:01,PEA River Electric Coop
Dale,10390,9,10-15-2024 19:10:01,PEA River Electric Coop
Dale,10390,1,10-15-2024 19:40:01,PEA River Electric Coop
Dale,10390,1,10-15-2024 19:55:06,PEA River Electric Coop
Dale,10390,1,10-15-2024 20:10:01,PEA River Electric Coop
Dale,10390,1,10-15-2024 20:25:01,PEA River Electric Coop
Dale,10390,1,10-15-2024 22:25:01,PEA River Electric Coop
Dale,10390,1,10-15-2024 22:40:01,PEA River Electric Coop
Dale,10390,1,10-15-2024 22:55:01,PEA River Electric Coop
Dale,10390,1,10-15-2024 23:10:01,PEA River Electric Coop
Dale,10390,2,10-16-2024 17:25:01,PEA River Electric Coop
Dale,10390,2,10-16-2024 17:40:01,PEA River Electric Coop
Dale,10390,2,10-16-2024 17:55:01,PEA River Electric Coop
Dale,10390,2,10-16-2024 18:10:01,PEA River Electric Coop
Coffee,314,4,10-16-2024 18:25:01,PEA River Electric Coop
Henry,4249,2,10-17-2024 04:25:01,PEA River Electric Coop
Henry,4249,2,10-17-2024 04:40:01,PEA River Electric Coop
Dale,10390,4,10-17-2024 15:25:01,PEA River Electric Coop
Barbour,4497,2,10-17-2024 22:10:01,PEA River Electric Coop
Barbour,4497,2,10-17-2024 22:25:01,PEA River Electric Coop
Barbour,4497,2,10-17-2024 22:40:01,PEA River Electric Coop
Barbour,4497,2,10-17-2024 22:55:01,PEA River Electric Coop
Dale,10390,1,10-18-2024 01:55:01,PEA River Electric Coop
Dale,10390,1,10-18-2024 02:10:01,PEA River Electric Coop
Dale,10390,1,10-18-2024 02:25:01,PEA River Electric Coop
Henry,4249,1,10-18-2024 11:10:01,PEA River Electric Coop
Henry,4249,1,10-18-2024 11:25:01,PEA River Electric Coop
Henry,4249,1,10-18-2024 11:40:01,PEA River Electric Coop
Henry,4249,1,10-18-2024 11:55:01,PEA River Electric Coop
Henry,4249,1,10-18-2024 12:10:01,PEA River Electric Coop
Henry,4249,1,10-18-2024 12:25:01,PEA River Electric Coop
Henry,4249,1,10-18-2024 12:40:01,PEA River Electric Coop
Henry,4249,1,10-18-2024 12:55:01,PEA River Electric Coop
Henry,4249,1,10-18-2024 13:10:01,PEA River Electric Coop
Henry,4249,1,10-18-2024 13:25:01,PEA River Electric Coop
Henry,4249,1,10-18-2024 13:40:01,PEA River Electric Coop
Henry,4249,1,10-18-2024 13:55:01,PEA River Electric Coop
Henry,4249,1,10-18-2024 14:10:02,PEA River Electric Coop
Barbour,4497,3,10-19-2024 14:25:01,PEA River Electric Coop
Barbour,4497,3,10-19-2024 14:40:01,PEA River Electric Coop
Barbour,4497,3,10-19-2024 14:55:01,PEA River Electric Coop
Barbour,4497,3,10-19-2024 15:10:01,PEA River Electric Coop
Barbour,4497,3,10-19-2024 15:25:01,PEA River Electric Coop
Barbour,4497,3,10-19-2024 15:40:01,PEA River Electric Coop
Barbour,4497,3,10-19-2024 15:55:01,PEA River Electric Coop
Dale,10390,2,10-19-2024 16:40:02,PEA River Electric Coop
Dale,10390,2,10-19-2024 16:55:01,PEA River Electric Coop
Dale,10390,2,10-19-2024 17:10:01,PEA River Electric Coop
Henry,4249,1,10-20-2024 12:40:01,PEA River Electric Coop
Henry,4249,1,10-20-2024 12:55:01,PEA River Electric Coop
Henry,4249,1,10-20-2024 13:10:01,PEA River Electric Coop
Henry,4249,2,10-20-2024 13:25:01,PEA River Electric Coop
Dale,10390,1,10-22-2024 02:10:01,PEA River Electric Coop
Dale,10390,1,10-22-2024 02:25:01,PEA River Electric Coop
Dale,10390,1,10-22-2024 02:40:01,PEA River Electric Coop
Dale,10390,4,10-22-2024 13:55:01,PEA River Electric Coop
Dale,10390,17,10-22-2024 14:10:02,PEA River Electric Coop
Dale,10390,17,10-22-2024 14:25:01,PEA River Electric Coop
Dale,10390,17,10-22-2024 14:40:01,PEA River Electric Coop
Dale,10390,17,10-22-2024 14:55:01,PEA River Electric Coop
Dale,10390,17,10-22-2024 15:10:01,PEA River Electric Coop
Dale,10390,17,10-22-2024 15:25:01,PEA River Electric Coop
Dale,10390,17,10-22-2024 15:40:01,PEA River Electric Coop
Dale,10390,17,10-22-2024 15:55:01,PEA River Electric Coop
Dale,10390,17,10-22-2024 16:10:01,PEA River Electric Coop
Dale,10390,17,10-22-2024 16:25:01,PEA River Electric Coop
Dale,10390,17,10-22-2024 16:40:01,PEA River Electric Coop
Dale,10390,17,10-22-2024 16:55:01,PEA River Electric Coop
Dale,10390,17,10-22-2024 17:10:01,PEA River Electric Coop
Dale,10390,17,10-22-2024 17:25:01,PEA River Electric Coop
Dale,10390,17,10-22-2024 17:40:01,PEA River Electric Coop
Dale,10390,17,10-22-2024 17:55:01,PEA River Electric Coop
Dale,10390,17,10-22-2024 18:10:01,PEA River Electric Coop
Henry,4249,1,10-22-2024 18:55:01,PEA River Electric Coop
Henry,4249,1,10-22-2024 19:10:01,PEA River Electric Coop
Coffee,314,4,10-22-2024 21:10:01,PEA River Electric Coop
Dale,10390,1,10-23-2024 14:10:01,PEA River Electric Coop
Dale,10390,1,10-23-2024 14:25:02,PEA River Electric Coop
Dale,10390,1,10-23-2024 14:40:01,PEA River Electric Coop
Dale,10390,1,10-23-2024 14:55:01,PEA River Electric Coop
Dale,10390,1,10-23-2024 15:10:01,PEA River Electric Coop
Dale,10390,1,10-23-2024 15:25:01,PEA River Electric Coop
Dale,10390,1,10-23-2024 15:40:01,PEA River Electric Coop
Dale,10390,1,10-23-2024 15:55:01,PEA River Electric Coop
Dale,10390,1,10-23-2024 16:10:01,PEA River Electric Coop
Dale,10390,1,10-23-2024 16:25:03,PEA River Electric Coop
Henry,4249,1,10-23-2024 16:40:01,PEA River Electric Coop
Dale,10390,1,10-23-2024 16:40:01,PEA River Electric Coop
Henry,4249,1,10-23-2024 16:55:02,PEA River Electric Coop
Dale,10390,1,10-23-2024 16:55:02,PEA River Electric Coop
Dale,10390,1,10-23-2024 17:10:01,PEA River Electric Coop
Dale,10390,1,10-23-2024 17:25:01,PEA River Electric Coop
Dale,10390,1,10-23-2024 17:40:01,PEA River Electric Coop
Dale,10390,1,10-23-2024 17:55:01,PEA River Electric Coop
Dale,10390,1,10-23-2024 18:10:01,PEA River Electric Coop
Dale,10390,3,10-23-2024 18:25:00,PEA River Electric Coop
Dale,10390,3,10-23-2024 18:40:01,PEA River Electric Coop
Dale,10390,3,10-23-2024 18:55:01,PEA River Electric Coop
Dale,10390,3,10-23-2024 19:10:01,PEA River Electric Coop
Dale,10390,3,10-23-2024 19:25:01,PEA River Electric Coop
Dale,10390,3,10-23-2024 19:40:01,PEA River Electric Coop
Dale,10390,3,10-23-2024 19:55:01,PEA River Electric Coop
Dale,10390,3,10-23-2024 20:10:01,PEA River Electric Coop
Dale,10390,2,10-24-2024 03:10:01,PEA River Electric Coop
Dale,10390,2,10-24-2024 03:25:01,PEA River Electric Coop
Dale,10390,2,10-24-2024 03:40:01,PEA River Electric Coop
Dale,10390,2,10-24-2024 03:55:01,PEA River Electric Coop
Dale,10390,2,10-24-2024 04:10:01,PEA River Electric Coop
Dale,10390,3,10-24-2024 17:10:01,PEA River Electric Coop
Dale,10390,3,10-24-2024 17:25:01,PEA River Electric Coop
Dale,10390,3,10-24-2024 17:40:01,PEA River Electric Coop
Dale,10390,3,10-24-2024 17:55:01,PEA River Electric Coop
Dale,10390,3,10-24-2024 18:10:01,PEA River Electric Coop
Dale,10390,3,10-24-2024 18:25:01,PEA River Electric Coop
Dale,10390,1,10-26-2024 01:25:01,PEA River Electric Coop
Dale,10390,1,10-26-2024 01:40:01,PEA River Electric Coop
Dale,10390,1,10-26-2024 01:55:01,PEA River Electric Coop
Henry,4249,1,10-26-2024 20:55:01,PEA River Electric Coop
Henry,4249,1,10-26-2024 21:10:01,PEA River Electric Coop
Henry,4249,1,10-26-2024 21:25:01,PEA River Electric Coop
Henry,4249,1,10-26-2024 21:40:00,PEA River Electric Coop
Henry,4249,1,10-26-2024 21:55:01,PEA River Electric Coop
Dale,10390,1,10-28-2024 21:10:01,PEA River Electric Coop
Dale,10390,2,10-28-2024 23:25:01,PEA River Electric Coop
Dale,10390,2,10-28-2024 23:40:01,PEA River Electric Coop
Dale,10390,2,10-28-2024 23:55:01,PEA River Electric Coop
Barbour,4497,1,10-29-2024 01:25:01,PEA River Electric Coop
Barbour,4497,1,10-29-2024 01:40:01,PEA River Electric Coop
Barbour,4497,1,10-29-2024 01:55:01,PEA River Electric Coop
Dale,10390,8,10-29-2024 13:25:02,PEA River Electric Coop
Henry,4249,1,10-29-2024 13:40:01,PEA River Electric Coop
Dale,10390,8,10-29-2024 13:40:01,PEA River Electric Coop
Henry,4249,531,10-29-2024 13:55:01,PEA River Electric Coop
Barbour,4497,5,10-29-2024 13:55:01,PEA River Electric Coop
Dale,10390,84,10-29-2024 13:55:01,PEA River Electric Coop
Henry,4249,531,10-29-2024 14:10:01,PEA River Electric Coop
Barbour,4497,5,10-29-2024 14:10:01,PEA River Electric Coop
Dale,10390,84,10-29-2024 14:10:01,PEA River Electric Coop
Henry,4249,531,10-29-2024 14:25:01,PEA River Electric Coop
Barbour,4497,5,10-29-2024 14:25:01,PEA River Electric Coop
Dale,10390,84,10-29-2024 14:25:01,PEA River Electric Coop
Henry,4249,531,10-29-2024 14:40:01,PEA River Electric Coop
Barbour,4497,5,10-29-2024 14:40:01,PEA River Electric Coop
Dale,10390,84,10-29-2024 14:40:01,PEA River Electric Coop
Henry,4249,531,10-29-2024 14:55:01,PEA River Electric Coop
Barbour,4497,5,10-29-2024 14:55:01,PEA River Electric Coop
Dale,10390,96,10-29-2024 14:55:01,PEA River Electric Coop
Dale,10390,20,10-29-2024 15:10:02,PEA River Electric Coop
Henry,4249,1,10-30-2024 14:40:01,PEA River Electric Coop
Henry,4249,1,10-30-2024 19:55:01,PEA River Electric Coop
Henry,4249,1,10-30-2024 20:10:01,PEA River Electric Coop
Henry,4249,1,10-30-2024 20:25:01,PEA River Electric Coop
Henry,4249,1,10-30-2024 20:40:01,PEA River Electric Coop
Dale,10390,1,10-31-2024 16:25:02,PEA River Electric Coop
Dale,10390,1,10-31-2024 16:40:01,PEA River Electric Coop
Dale,10390,1,10-31-2024 16:55:01,PEA River Electric Coop
Dale,10390,1,10-31-2024 17:10:01,PEA River Electric Coop
Dale,10390,1,10-31-2024 17:25:00,PEA River Electric Coop
Dale,10390,2,11-01-2024 14:40:02,PEA River Electric Coop
Dale,10390,2,11-01-2024 14:55:01,PEA River Electric Coop
Dale,10390,2,11-01-2024 15:10:01,PEA River Electric Coop
Henry,4249,1,11-02-2024 13:10:01,PEA River Electric Coop
Henry,4249,1,11-02-2024 13:25:01,PEA River Electric Coop
Henry,4249,1,11-02-2024 13:40:01,PEA River Electric Coop
Henry,4249,1,11-02-2024 13:55:01,PEA River Electric Coop
Dale,10390,8,11-02-2024 18:55:01,PEA River Electric Coop
Dale,10390,8,11-02-2024 19:10:01,PEA River Electric Coop
Dale,10390,1,11-02-2024 20:40:01,PEA River Electric Coop
Dale,10390,1,11-02-2024 20:55:01,PEA River Electric Coop
Dale,10390,1,11-02-2024 22:10:01,PEA River Electric Coop
Dale,10390,1,11-02-2024 22:25:01,PEA River Electric Coop
Dale,10390,1,11-02-2024 22:40:01,PEA River Electric Coop
Dale,10390,2,11-03-2024 14:40:01,PEA River Electric Coop
Dale,10390,2,11-03-2024 14:55:01,PEA River Electric Coop
Dale,10390,2,11-03-2024 15:10:01,PEA River Electric Coop
Dale,10390,1002,11-03-2024 18:25:01,PEA River Electric Coop
Dale,10390,1,11-03-2024 18:40:01,PEA River Electric Coop
Dale,10390,1,11-03-2024 18:55:01,PEA River Electric Coop
Barbour,4497,21,11-04-2024 16:55:01,PEA River Electric Coop
Barbour,4497,21,11-04-2024 17:10:01,PEA River Electric Coop
Dale,10390,1,11-05-2024 02:55:01,PEA River Electric Coop
Barbour,4497,1,11-05-2024 15:25:01,PEA River Electric Coop
Barbour,4497,37,11-05-2024 15:40:01,PEA River Electric Coop
Barbour,4497,37,11-05-2024 15:55:01,PEA River Electric Coop
Barbour,4497,1,11-05-2024 21:25:02,PEA River Electric Coop
Barbour,4497,1,11-05-2024 21:40:01,PEA River Electric Coop
Barbour,4497,1,11-05-2024 21:55:01,PEA River Electric Coop
Barbour,4497,9,11-05-2024 22:10:01,PEA River Electric Coop
Barbour,4497,9,11-05-2024 22:25:01,PEA River Electric Coop
Barbour,4497,8,11-05-2024 22:40:01,PEA River Electric Coop
Barbour,4497,8,11-05-2024 22:55:01,PEA River Electric Coop
Dale,10390,103,11-06-2024 16:55:02,PEA River Electric Coop
Dale,10390,103,11-06-2024 17:10:01,PEA River Electric Coop
Dale,10390,103,11-06-2024 17:25:01,PEA River Electric Coop
Dale,10390,103,11-06-2024 17:40:01,PEA River Electric Coop
Barbour,4497,1,11-06-2024 18:25:01,PEA River Electric Coop
Barbour,4497,1,11-06-2024 18:40:01,PEA River Electric Coop
Barbour,4497,1,11-06-2024 18:55:01,PEA River Electric Coop
Barbour,4497,1,11-06-2024 19:25:01,PEA River Electric Coop
Dale,10390,1,11-06-2024 20:10:01,PEA River Electric Coop
Dale,10390,1,11-06-2024 20:25:01,PEA River Electric Coop
Henry,4249,2,11-06-2024 22:40:01,PEA River Electric Coop
Henry,4249,2,11-06-2024 22:55:01,PEA River Electric Coop
Henry,4249,2,11-06-2024 23:10:01,PEA River Electric Coop
Henry,4249,2,11-06-2024 23:25:01,PEA River Electric Coop
Henry,4249,2,11-06-2024 23:40:01,PEA River Electric Coop
Henry,4249,2,11-06-2024 23:55:01,PEA River Electric Coop
Henry,4249,1,11-08-2024 00:40:01,PEA River Electric Coop
Henry,4249,1,11-08-2024 00:55:01,PEA River Electric Coop
Henry,4249,1,11-08-2024 01:10:01,PEA River Electric Coop
Barbour,4497,2,11-08-2024 10:40:01,PEA River Electric Coop
Barbour,4497,2,11-08-2024 10:55:01,PEA River Electric Coop
Barbour,4497,2,11-08-2024 11:10:01,PEA River Electric Coop
Barbour,4497,2,11-08-2024 11:25:01,PEA River Electric Coop
Barbour,4497,2,11-08-2024 11:40:01,PEA River Electric Coop
Barbour,4497,2,11-08-2024 11:55:01,PEA River Electric Coop
Dale,10390,3,11-08-2024 15:55:01,PEA River Electric Coop
Dale,10390,3,11-08-2024 16:10:02,PEA River Electric Coop
Dale,10390,1,11-09-2024 05:10:01,PEA River Electric Coop
Dale,10390,1,11-09-2024 05:25:01,PEA River Electric Coop
Dale,10390,1,11-09-2024 05:40:01,PEA River Electric Coop
Dale,10390,2,11-09-2024 22:40:01,PEA River Electric Coop
Dale,10390,2,11-09-2024 22:55:01,PEA River Electric Coop
Dale,10390,2,11-09-2024 23:10:01,PEA River Electric Coop
Dale,10390,2,11-09-2024 23:25:01,PEA River Electric Coop
Dale,10390,2,11-09-2024 23:40:01,PEA River Electric Coop
Dale,10390,1,11-10-2024 20:40:00,PEA River Electric Coop
Dale,10390,1,11-10-2024 20:55:01,PEA River Electric Coop
Dale,10390,1,11-10-2024 21:10:01,PEA River Electric Coop
Dale,10390,1,11-11-2024 10:25:01,PEA River Electric Coop
Dale,10390,1,11-11-2024 10:40:01,PEA River Electric Coop
Dale,10390,1,11-11-2024 10:55:01,PEA River Electric Coop
Dale,10390,1,11-11-2024 11:10:01,PEA River Electric Coop
Henry,4249,1,11-13-2024 16:25:01,PEA River Electric Coop
Henry,4249,1,11-13-2024 16:40:01,PEA River Electric Coop
Henry,4249,1,11-13-2024 16:55:01,PEA River Electric Coop
Henry,4249,1,11-13-2024 17:40:01,PEA River Electric Coop
Henry,4249,12,11-13-2024 17:55:01,PEA River Electric Coop
Henry,4249,13,11-13-2024 18:10:01,PEA River Electric Coop
Henry,4249,13,11-13-2024 18:25:01,PEA River Electric Coop
Henry,4249,12,11-13-2024 18:40:00,PEA River Electric Coop
Henry,4249,12,11-13-2024 18:55:01,PEA River Electric Coop
Henry,4249,12,11-13-2024 19:10:01,PEA River Electric Coop
Henry,4249,12,11-13-2024 19:25:01,PEA River Electric Coop
Dale,10390,3,11-14-2024 18:40:01,PEA River Electric Coop
Henry,4249,1,11-14-2024 23:10:01,PEA River Electric Coop
Henry,4249,1,11-14-2024 23:25:01,PEA River Electric Coop
Henry,4249,1,11-14-2024 23:40:01,PEA River Electric Coop
Henry,4249,1,11-14-2024 23:55:00,PEA River Electric Coop
Henry,4249,1,11-15-2024 00:10:01,PEA River Electric Coop
Barbour,4497,1,11-15-2024 22:55:01,PEA River Electric Coop
Dale,10390,1,11-15-2024 22:55:01,PEA River Electric Coop
Barbour,4497,6,11-15-2024 23:10:01,PEA River Electric Coop
Dale,10390,1,11-15-2024 23:10:01,PEA River Electric Coop
Barbour,4497,6,11-15-2024 23:25:01,PEA River Electric Coop
Dale,10390,1,11-15-2024 23:25:01,PEA River Electric Coop
Barbour,4497,6,11-15-2024 23:40:01,PEA River Electric Coop
Dale,10390,1,11-15-2024 23:40:01,PEA River Electric Coop
Barbour,4497,6,11-15-2024 23:55:01,PEA River Electric Coop
Dale,10390,1,11-15-2024 23:55:01,PEA River Electric Coop
Dale,10390,2,11-17-2024 14:25:01,PEA River Electric Coop
Dale,10390,2,11-17-2024 14:40:00,PEA River Electric Coop
Dale,10390,2,11-17-2024 14:55:01,PEA River Electric Coop
Dale,10390,2,11-17-2024 15:10:01,PEA River Electric Coop
Dale,10390,2,11-17-2024 15:25:00,PEA River Electric Coop
Dale,10390,2,11-17-2024 21:40:01,PEA River Electric Coop
Dale,10390,2,11-17-2024 21:55:01,PEA River Electric Coop
Dale,10390,2,11-17-2024 22:10:01,PEA River Electric Coop
Dale,10390,1,11-19-2024 13:10:01,PEA River Electric Coop
Dale,10390,1,11-19-2024 13:25:01,PEA River Electric Coop
Dale,10390,1,11-19-2024 13:40:01,PEA River Electric Coop
Dale,10390,1,11-19-2024 13:55:00,PEA River Electric Coop
Dale,10390,1,11-19-2024 14:10:01,PEA River Electric Coop
Dale,10390,1,11-19-2024 14:25:01,PEA River Electric Coop
Dale,10390,1,11-19-2024 14:40:01,PEA River Electric Coop
Dale,10390,1,11-19-2024 14:55:01,PEA River Electric Coop
Dale,10390,1,11-19-2024 15:10:01,PEA River Electric Coop
Dale,10390,1,11-19-2024 15:25:00,PEA River Electric Coop
Dale,10390,1,11-19-2024 15:40:00,PEA River Electric Coop
Dale,10390,1,11-19-2024 15:55:00,PEA River Electric Coop
Dale,10390,1,11-19-2024 16:10:01,PEA River Electric Coop
Henry,4249,2,11-19-2024 20:25:01,PEA River Electric Coop
Henry,4249,37,11-19-2024 20:40:01,PEA River Electric Coop
Henry,4249,52,11-19-2024 20:55:01,PEA River Electric Coop
Henry,4249,53,11-19-2024 21:10:00,PEA River Electric Coop
Barbour,4497,1,11-19-2024 21:10:00,PEA River Electric Coop
Henry,4249,53,11-19-2024 21:25:00,PEA River Electric Coop
Barbour,4497,1,11-19-2024 21:25:00,PEA River Electric Coop
Barbour,4497,6,11-19-2024 21:40:01,PEA River Electric Coop
Barbour,4497,6,11-19-2024 21:55:01,PEA River Electric Coop
Dale,10390,1,11-19-2024 21:55:01,PEA River Electric Coop
Dale,10390,1,11-19-2024 22:10:01,PEA River Electric Coop
Dale,10390,1,11-19-2024 22:25:01,PEA River Electric Coop
Dale,10390,1,11-19-2024 22:40:01,PEA River Electric Coop
Henry,4249,1,11-19-2024 23:55:01,PEA River Electric Coop
Henry,4249,1,11-20-2024 00:10:01,PEA River Electric Coop
Henry,4249,1,11-20-2024 00:25:01,PEA River Electric Coop
Barbour,4497,1,11-20-2024 16:40:01,PEA River Electric Coop
Barbour,4497,30,11-20-2024 16:55:01,PEA River Electric Coop
Barbour,4497,30,11-20-2024 17:10:01,PEA River Electric Coop
Henry,4249,1,11-20-2024 18:40:01,PEA River Electric Coop
Barbour,4497,19,11-20-2024 20:10:01,PEA River Electric Coop
Dale,10390,10,11-20-2024 20:10:01,PEA River Electric Coop
Barbour,4497,20,11-20-2024 20:25:01,PEA River Electric Coop
Dale,10390,10,11-20-2024 20:25:01,PEA River Electric Coop
Barbour,4497,20,11-20-2024 20:40:01,PEA River Electric Coop
Dale,10390,10,11-20-2024 20:40:01,PEA River Electric Coop
Barbour,4497,20,11-20-2024 20:55:01,PEA River Electric Coop
Dale,10390,10,11-20-2024 20:55:01,PEA River Electric Coop
Barbour,4497,20,11-20-2024 21:10:01,PEA River Electric Coop
Dale,10390,10,11-20-2024 21:10:01,PEA River Electric Coop
Barbour,4497,20,11-20-2024 21:25:01,PEA River Electric Coop
Dale,10390,10,11-20-2024 21:25:01,PEA River Electric Coop
Henry,4249,2,11-21-2024 20:10:01,PEA River Electric Coop
Henry,4249,20,11-21-2024 20:25:01,PEA River Electric Coop
Barbour,4497,2,11-21-2024 20:25:01,PEA River Electric Coop
Henry,4249,20,11-21-2024 20:40:00,PEA River Electric Coop
Barbour,4497,2,11-21-2024 20:40:00,PEA River Electric Coop
Henry,4249,20,11-21-2024 20:55:02,PEA River Electric Coop
Barbour,4497,2,11-21-2024 20:55:02,PEA River Electric Coop
Henry,4249,20,11-21-2024 21:10:01,PEA River Electric Coop
Barbour,4497,2,11-21-2024 21:10:01,PEA River Electric Coop
Henry,4249,20,11-21-2024 21:25:01,PEA River Electric Coop
Barbour,4497,2,11-21-2024 21:25:01,PEA River Electric Coop
Henry,4249,20,11-21-2024 21:40:01,PEA River Electric Coop
Barbour,4497,2,11-21-2024 21:40:01,PEA River Electric Coop
Henry,4249,20,11-21-2024 21:55:00,PEA River Electric Coop
Barbour,4497,2,11-21-2024 21:55:00,PEA River Electric Coop
Henry,4249,20,11-21-2024 22:10:01,PEA River Electric Coop
Barbour,4497,2,11-21-2024 22:10:01,PEA River Electric Coop
Henry,4249,20,11-21-2024 22:25:00,PEA River Electric Coop
Barbour,4497,2,11-21-2024 22:25:00,PEA River Electric Coop
Henry,4249,20,11-21-2024 22:40:01,PEA River Electric Coop
Barbour,4497,2,11-21-2024 22:40:01,PEA River Electric Coop
Henry,4249,20,11-21-2024 22:55:01,PEA River Electric Coop
Barbour,4497,2,11-21-2024 22:55:01,PEA River Electric Coop
Dale,10390,1,11-22-2024 02:40:01,PEA River Electric Coop
Dale,10390,1,11-22-2024 02:55:01,PEA River Electric Coop
Dale,10390,1,11-22-2024 03:10:01,PEA River Electric Coop
Dale,10390,1,11-22-2024 11:25:01,PEA River Electric Coop
Dale,10390,1,11-22-2024 11:40:01,PEA River Electric Coop
Dale,10390,1,11-22-2024 11:55:01,PEA River Electric Coop
Henry,4249,1,11-22-2024 15:10:01,PEA River Electric Coop
Henry,4249,1,11-22-2024 15:25:01,PEA River Electric Coop
Dale,10390,1,11-22-2024 23:55:01,PEA River Electric Coop
Dale,10390,1,11-23-2024 00:10:01,PEA River Electric Coop
Dale,10390,1,11-23-2024 02:40:00,PEA River Electric Coop
Dale,10390,6,11-25-2024 14:25:01,PEA River Electric Coop
Dale,10390,16,11-25-2024 14:40:01,PEA River Electric Coop
Dale,10390,3,11-26-2024 03:10:01,PEA River Electric Coop
Dale,10390,3,11-26-2024 03:25:01,PEA River Electric Coop
Dale,10390,3,11-26-2024 03:40:01,PEA River Electric Coop
Dale,10390,3,11-26-2024 03:55:01,PEA River Electric Coop
Barbour,4497,3,11-26-2024 19:10:01,PEA River Electric Coop
Barbour,4497,3,11-26-2024 19:25:01,PEA River Electric Coop
Barbour,4497,3,11-26-2024 19:40:01,PEA River Electric Coop
Barbour,4497,3,11-26-2024 19:55:01,PEA River Electric Coop
Henry,4249,26,11-27-2024 13:55:01,PEA River Electric Coop
Henry,4249,26,11-27-2024 14:10:00,PEA River Electric Coop
Dale,10390,2,11-27-2024 17:10:00,PEA River Electric Coop
Dale,10390,2,11-27-2024 17:25:01,PEA River Electric Coop
Barbour,4497,3,11-28-2024 14:40:01,PEA River Electric Coop
Barbour,4497,3,11-28-2024 14:55:01,PEA River Electric Coop
Barbour,4497,3,11-28-2024 15:10:01,PEA River Electric Coop
Barbour,4497,3,11-28-2024 15:25:01,PEA River Electric Coop
Barbour,4497,3,11-28-2024 15:40:01,PEA River Electric Coop
Henry,4249,20,11-28-2024 15:55:01,PEA River Electric Coop
Barbour,4497,3,11-28-2024 15:55:01,PEA River Electric Coop
Henry,4249,20,11-28-2024 16:10:01,PEA River Electric Coop
Henry,4249,20,11-28-2024 16:25:01,PEA River Electric Coop
Henry,4249,20,11-28-2024 16:40:00,PEA River Electric Coop
Henry,4249,1,11-30-2024 16:10:01,PEA River Electric Coop
Henry,4249,1,11-30-2024 16:25:01,PEA River Electric Coop
Henry,4249,1,11-30-2024 16:40:01,PEA River Electric Coop
Henry,4249,1,11-30-2024 16:55:01,PEA River Electric Coop
Henry,4249,1,11-30-2024 17:10:01,PEA River Electric Coop
Henry,4249,1,11-30-2024 17:25:01,PEA River Electric Coop
Henry,4249,1,11-30-2024 17:40:01,PEA River Electric Coop
Dale,10390,3,11-30-2024 18:25:01,PEA River Electric Coop
Henry,4249,1,11-30-2024 18:40:01,PEA River Electric Coop
Dale,10390,3,11-30-2024 18:40:01,PEA River Electric Coop
Henry,4249,1,11-30-2024 18:55:01,PEA River Electric Coop
Dale,10390,3,11-30-2024 18:55:01,PEA River Electric Coop
Henry,4249,1,11-30-2024 19:10:01,PEA River Electric Coop
Henry,4249,1,11-30-2024 19:25:01,PEA River Electric Coop
Henry,4249,1,11-30-2024 19:40:01,PEA River Electric Coop
Henry,4249,1,11-30-2024 19:55:01,PEA River Electric Coop
Henry,4249,1,11-30-2024 20:10:01,PEA River Electric Coop
Dale,10390,2,12-01-2024 20:55:01,PEA River Electric Coop
Dale,10390,2,12-01-2024 21:10:01,PEA River Electric Coop
Dale,10390,2,12-01-2024 21:25:01,PEA River Electric Coop
Dale,10390,2,12-01-2024 21:40:00,PEA River Electric Coop
Dale,10390,2,12-01-2024 21:55:01,PEA River Electric Coop
Dale,10390,2,12-01-2024 22:10:01,PEA River Electric Coop
Dale,10390,2,12-01-2024 22:25:01,PEA River Electric Coop
Dale,10390,2,12-01-2024 22:40:01,PEA River Electric Coop
Dale,10390,2,12-02-2024 16:10:00,PEA River Electric Coop
Dale,10390,2,12-02-2024 16:25:01,PEA River Electric Coop
Dale,10390,2,12-02-2024 16:40:01,PEA River Electric Coop
Dale,10390,2,12-02-2024 16:55:00,PEA River Electric Coop
Dale,10390,2,12-02-2024 17:10:01,PEA River Electric Coop
Dale,10390,1,12-02-2024 22:40:01,PEA River Electric Coop
Dale,10390,1,12-02-2024 22:55:01,PEA River Electric Coop
Henry,4249,1,12-03-2024 10:10:01,PEA River Electric Coop
Henry,4249,1,12-03-2024 10:25:01,PEA River Electric Coop
Henry,4249,1,12-03-2024 10:40:01,PEA River Electric Coop
Henry,4249,1,12-03-2024 10:55:00,PEA River Electric Coop
Henry,4249,1,12-03-2024 11:10:01,PEA River Electric Coop
Henry,4249,1,12-03-2024 11:25:01,PEA River Electric Coop
Dale,10390,2,12-04-2024 13:40:00,PEA River Electric Coop
Dale,10390,2,12-04-2024 13:55:01,PEA River Electric Coop
Dale,10390,2,12-04-2024 14:10:00,PEA River Electric Coop
Dale,10390,2,12-04-2024 14:25:00,PEA River Electric Coop
Dale,10390,2,12-04-2024 14:40:01,PEA River Electric Coop
Barbour,4497,1,12-04-2024 18:25:01,PEA River Electric Coop
Barbour,4497,1,12-04-2024 20:10:01,PEA River Electric Coop
Barbour,4497,1,12-04-2024 20:25:01,PEA River Electric Coop
Barbour,4497,1,12-04-2024 20:40:01,PEA River Electric Coop
Barbour,4497,1,12-04-2024 20:55:01,PEA River Electric Coop
Barbour,4497,1,12-04-2024 21:10:01,PEA River Electric Coop
Dale,10390,1,12-04-2024 21:10:01,PEA River Electric Coop
Dale,10390,1,12-04-2024 21:25:01,PEA River Electric Coop
Dale,10390,1,12-04-2024 21:40:01,PEA River Electric Coop
Dale,10390,1,12-04-2024 21:55:00,PEA River Electric Coop
Barbour,4497,3,12-05-2024 12:40:00,PEA River Electric Coop
Barbour,4497,50,12-05-2024 12:55:01,PEA River Electric Coop
Barbour,4497,50,12-05-2024 13:10:01,PEA River Electric Coop
Barbour,4497,51,12-05-2024 13:25:02,PEA River Electric Coop
Barbour,4497,50,12-05-2024 13:40:01,PEA River Electric Coop
Barbour,4497,50,12-05-2024 13:55:01,PEA River Electric Coop
Barbour,4497,50,12-05-2024 14:10:01,PEA River Electric Coop
Barbour,4497,50,12-05-2024 14:25:01,PEA River Electric Coop
Barbour,4497,50,12-05-2024 14:40:01,PEA River Electric Coop
Barbour,4497,50,12-05-2024 14:55:00,PEA River Electric Coop
Barbour,4497,50,12-05-2024 15:10:01,PEA River Electric Coop
Dale,10390,1,12-06-2024 12:25:01,PEA River Electric Coop
Dale,10390,32,12-06-2024 12:40:01,PEA River Electric Coop
Dale,10390,32,12-06-2024 12:55:01,PEA River Electric Coop
Dale,10390,32,12-06-2024 13:10:01,PEA River Electric Coop
Dale,10390,32,12-06-2024 13:25:01,PEA River Electric Coop
Dale,10390,32,12-06-2024 13:40:01,PEA River Electric Coop
Dale,10390,3,12-06-2024 18:55:00,PEA River Electric Coop
Dale,10390,3,12-06-2024 19:10:01,PEA River Electric Coop
Dale,10390,3,12-06-2024 19:25:01,PEA River Electric Coop
Dale,10390,3,12-06-2024 19:40:01,PEA River Electric Coop
Henry,4249,1,12-07-2024 14:10:01,PEA River Electric Coop
Henry,4249,1,12-07-2024 14:25:01,PEA River Electric Coop
Henry,4249,1,12-07-2024 14:40:01,PEA River Electric Coop
Henry,4249,1,12-07-2024 14:55:01,PEA River Electric Coop
Henry,4249,1,12-07-2024 15:10:00,PEA River Electric Coop
Dale,10390,35,12-08-2024 15:25:00,PEA River Electric Coop
Dale,10390,35,12-08-2024 15:40:01,PEA River Electric Coop
Dale,10390,6,12-09-2024 15:25:01,PEA River Electric Coop
Dale,10390,1,12-09-2024 23:40:00,PEA River Electric Coop
Barbour,4497,1,12-10-2024 06:25:00,PEA River Electric Coop
Barbour,4497,1,12-10-2024 06:40:01,PEA River Electric Coop
Barbour,4497,1,12-10-2024 06:55:01,PEA River Electric Coop
Barbour,4497,1,12-10-2024 09:25:01,PEA River Electric Coop
Barbour,4497,2,12-10-2024 09:40:01,PEA River Electric Coop
Barbour,4497,2,12-10-2024 09:55:01,PEA River Electric Coop
Barbour,4497,22,12-10-2024 10:10:01,PEA River Electric Coop
Barbour,4497,21,12-10-2024 10:25:00,PEA River Electric Coop
Barbour,4497,21,12-10-2024 10:40:01,PEA River Electric Coop
Barbour,4497,21,12-10-2024 10:55:01,PEA River Electric Coop
Barbour,4497,21,12-10-2024 11:10:01,PEA River Electric Coop
Barbour,4497,21,12-10-2024 11:25:01,PEA River Electric Coop
Barbour,4497,21,12-10-2024 11:40:01,PEA River Electric Coop
Barbour,4497,21,12-10-2024 11:55:01,PEA River Electric Coop
Barbour,4497,21,12-10-2024 12:10:01,PEA River Electric Coop
Henry,4249,1,12-10-2024 12:25:01,PEA River Electric Coop
Henry,4249,1,12-10-2024 12:40:01,PEA River Electric Coop
Henry,4249,1,12-10-2024 12:55:01,PEA River Electric Coop
Henry,4249,1,12-10-2024 13:10:01,PEA River Electric Coop
Henry,4249,1,12-10-2024 13:25:01,PEA River Electric Coop
Henry,4249,1,12-10-2024 13:40:01,PEA River Electric Coop
Henry,4249,1,12-10-2024 13:55:01,PEA River Electric Coop
Henry,4249,1,12-10-2024 14:10:01,PEA River Electric Coop
Henry,4249,1,12-10-2024 14:55:01,PEA River Electric Coop
Henry,4249,53,12-10-2024 15:10:01,PEA River Electric Coop
Barbour,4497,35,12-10-2024 16:25:01,PEA River Electric Coop
Barbour,4497,35,12-10-2024 16:40:01,PEA River Electric Coop
Barbour,4497,35,12-10-2024 16:55:01,PEA River Electric Coop
Barbour,4497,36,12-10-2024 17:10:01,PEA River Electric Coop
Barbour,4497,36,12-10-2024 17:25:01,PEA River Electric Coop
Barbour,4497,36,12-10-2024 17:40:01,PEA River Electric Coop
Barbour,4497,53,12-10-2024 17:55:01,PEA River Electric Coop
Barbour,4497,18,12-10-2024 18:10:01,PEA River Electric Coop
Barbour,4497,18,12-10-2024 18:25:01,PEA River Electric Coop
Barbour,4497,18,12-10-2024 18:40:01,PEA River Electric Coop
Barbour,4497,18,12-10-2024 18:55:01,PEA River Electric Coop
Barbour,4497,18,12-10-2024 19:10:01,PEA River Electric Coop
Barbour,4497,18,12-10-2024 19:25:01,PEA River Electric Coop
Henry,4249,1,12-10-2024 21:25:01,PEA River Electric Coop
Henry,4249,1,12-10-2024 21:40:01,PEA River Electric Coop
Dale,10390,1,12-10-2024 21:40:01,PEA River Electric Coop
Henry,4249,1,12-10-2024 21:55:01,PEA River Electric Coop
Dale,10390,1,12-10-2024 21:55:01,PEA River Electric Coop
Henry,4249,1,12-10-2024 22:10:01,PEA River Electric Coop
Dale,10390,1,12-10-2024 22:10:01,PEA River Electric Coop
Dale,10390,1,12-10-2024 22:25:01,PEA River Electric Coop
Dale,10390,3,12-10-2024 22:40:01,PEA River Electric Coop
Dale,10390,3,12-10-2024 22:55:01,PEA River Electric Coop
Dale,10390,3,12-10-2024 23:10:01,PEA River Electric Coop
Dale,10390,3,12-10-2024 23:25:02,PEA River Electric Coop
Dale,10390,3,12-10-2024 23:40:01,PEA River Electric Coop
Dale,10390,2,12-11-2024 02:10:01,PEA River Electric Coop
Dale,10390,2,12-11-2024 02:25:01,PEA River Electric Coop
Dale,10390,2,12-11-2024 02:40:01,PEA River Electric Coop
Dale,10390,2,12-11-2024 02:55:01,PEA River Electric Coop
Dale,10390,2,12-11-2024 03:10:01,PEA River Electric Coop
Dale,10390,3,12-11-2024 05:55:04,PEA River Electric Coop
Dale,10390,22,12-11-2024 06:10:01,PEA River Electric Coop
Dale,10390,22,12-11-2024 06:25:01,PEA River Electric Coop
Dale,10390,22,12-11-2024 06:40:01,PEA River Electric Coop
Dale,10390,22,12-11-2024 06:55:01,PEA River Electric Coop
Barbour,4497,16,12-11-2024 07:10:01,PEA River Electric Coop
Dale,10390,22,12-11-2024 07:10:01,PEA River Electric Coop
Barbour,4497,35,12-11-2024 07:25:01,PEA River Electric Coop
Barbour,4497,35,12-11-2024 07:40:01,PEA River Electric Coop
Barbour,4497,35,12-11-2024 07:55:01,PEA River Electric Coop
Barbour,4497,35,12-11-2024 08:10:01,PEA River Electric Coop
Barbour,4497,35,12-11-2024 08:25:01,PEA River Electric Coop
Henry,4249,21,12-11-2024 11:10:01,PEA River Electric Coop
Henry,4249,22,12-11-2024 11:25:01,PEA River Electric Coop
Henry,4249,22,12-11-2024 11:40:01,PEA River Electric Coop
Henry,4249,22,12-11-2024 11:55:01,PEA River Electric Coop
Henry,4249,22,12-11-2024 12:10:01,PEA River Electric Coop
Henry,4249,1,12-11-2024 12:25:01,PEA River Electric Coop
Henry,4249,1,12-11-2024 12:40:01,PEA River Electric Coop
Henry,4249,1,12-11-2024 12:55:01,PEA River Electric Coop
Henry,4249,1,12-11-2024 13:10:01,PEA River Electric Coop
Henry,4249,1,12-11-2024 13:25:01,PEA River Electric Coop
Barbour,4497,1,12-11-2024 15:10:01,PEA River Electric Coop
Henry,4249,2,12-11-2024 15:25:00,PEA River Electric Coop
Barbour,4497,3,12-11-2024 15:25:00,PEA River Electric Coop
Barbour,4497,3,12-11-2024 15:40:00,PEA River Electric Coop
Barbour,4497,1,12-11-2024 15:55:01,PEA River Electric Coop
Barbour,4497,1,12-11-2024 16:10:01,PEA River Electric Coop
Barbour,4497,1,12-11-2024 16:25:01,PEA River Electric Coop
Barbour,4497,3,12-11-2024 16:40:00,PEA River Electric Coop
Barbour,4497,3,12-11-2024 16:55:01,PEA River Electric Coop
Dale,10390,2,12-11-2024 16:55:01,PEA River Electric Coop
Barbour,4497,3,12-11-2024 17:10:01,PEA River Electric Coop
Dale,10390,2,12-11-2024 17:10:01,PEA River Electric Coop
Barbour,4497,11,12-11-2024 17:25:01,PEA River Electric Coop
Barbour,4497,11,12-11-2024 17:40:01,PEA River Electric Coop
Barbour,4497,10,12-11-2024 17:55:01,PEA River Electric Coop
Barbour,4497,10,12-11-2024 18:10:01,PEA River Electric Coop
Barbour,4497,1,12-11-2024 18:25:01,PEA River Electric Coop
Barbour,4497,1,12-11-2024 18:40:01,PEA River Electric Coop
Barbour,4497,1,12-11-2024 18:55:01,PEA River Electric Coop
Barbour,4497,1,12-11-2024 19:10:02,PEA River Electric Coop
Barbour,4497,1,12-11-2024 19:25:01,PEA River Electric Coop
Barbour,4497,1,12-11-2024 19:40:01,PEA River Electric Coop
Barbour,4497,1,12-11-2024 19:55:01,PEA River Electric Coop
Dale,10390,1,12-11-2024 22:10:00,PEA River Electric Coop
Dale,10390,2,12-11-2024 22:25:00,PEA River Electric Coop
Dale,10390,2,12-11-2024 22:40:01,PEA River Electric Coop
Dale,10390,1,12-11-2024 22:55:01,PEA River Electric Coop
Dale,10390,1,12-11-2024 23:10:01,PEA River Electric Coop
Dale,10390,1,12-11-2024 23:25:01,PEA River Electric Coop
Dale,10390,1,12-11-2024 23:40:01,PEA River Electric Coop
Dale,10390,1,12-11-2024 23:55:01,PEA River Electric Coop
Henry,4249,1,12-12-2024 13:25:01,PEA River Electric Coop
Dale,10390,4,12-13-2024 06:55:01,PEA River Electric Coop
Dale,10390,71,12-13-2024 07:10:03,PEA River Electric Coop
Dale,10390,71,12-13-2024 07:25:01,PEA River Electric Coop
Dale,10390,71,12-13-2024 07:40:01,PEA River Electric Coop
Dale,10390,71,12-13-2024 07:55:01,PEA River Electric Coop
Dale,10390,81,12-13-2024 08:10:01,PEA River Electric Coop
Dale,10390,81,12-13-2024 08:25:01,PEA River Electric Coop
Dale,10390,81,12-13-2024 08:40:02,PEA River Electric Coop
Dale,10390,81,12-13-2024 08:55:01,PEA River Electric Coop
Dale,10390,81,12-13-2024 09:10:02,PEA River Electric Coop
Dale,10390,81,12-13-2024 09:25:01,PEA River Electric Coop
Dale,10390,81,12-13-2024 09:40:01,PEA River Electric Coop
Dale,10390,81,12-13-2024 09:55:01,PEA River Electric Coop
Dale,10390,81,12-13-2024 10:10:01,PEA River Electric Coop
Dale,10390,81,12-13-2024 10:25:01,PEA River Electric Coop
Dale,10390,81,12-13-2024 10:40:01,PEA River Electric Coop
Dale,10390,81,12-13-2024 10:55:01,PEA River Electric Coop
Dale,10390,81,12-13-2024 11:10:01,PEA River Electric Coop
Dale,10390,4,12-14-2024 15:40:01,PEA River Electric Coop
Dale,10390,4,12-14-2024 15:55:01,PEA River Electric Coop
Dale,10390,4,12-14-2024 16:10:01,PEA River Electric Coop
Dale,10390,4,12-14-2024 16:25:01,PEA River Electric Coop
Dale,10390,4,12-14-2024 16:40:01,PEA River Electric Coop
Barbour,4497,1,12-15-2024 14:55:01,PEA River Electric Coop
Barbour,4497,1,12-15-2024 15:10:00,PEA River Electric Coop
Barbour,4497,1,12-15-2024 15:25:01,PEA River Electric Coop
Barbour,4497,1,12-15-2024 15:40:00,PEA River Electric Coop
Barbour,4497,1,12-15-2024 15:55:01,PEA River Electric Coop
Barbour,4497,1,12-15-2024 16:10:00,PEA River Electric Coop
Barbour,4497,1,12-15-2024 16:25:00,PEA River Electric Coop
Dale,10390,5,12-16-2024 21:25:01,PEA River Electric Coop
Dale,10390,5,12-16-2024 21:40:01,PEA River Electric Coop
Dale,10390,2,12-17-2024 13:25:00,PEA River Electric Coop
Dale,10390,2,12-17-2024 13:40:01,PEA River Electric Coop
Henry,4249,1,12-17-2024 14:55:01,PEA River Electric Coop
Henry,4249,1,12-17-2024 15:10:01,PEA River Electric Coop
Dale,10390,1,12-17-2024 18:55:01,PEA River Electric Coop
Dale,10390,1,12-17-2024 19:10:01,PEA River Electric Coop
Dale,10390,1,12-17-2024 19:25:01,PEA River Electric Coop
Barbour,4497,3,12-18-2024 17:10:01,PEA River Electric Coop
Barbour,4497,1,12-18-2024 17:25:01,PEA River Electric Coop
Barbour,4497,1,12-18-2024 17:40:01,PEA River Electric Coop
Dale,10390,2,12-18-2024 19:40:01,PEA River Electric Coop
Dale,10390,2,12-18-2024 19:55:01,PEA River Electric Coop
Dale,10390,2,12-18-2024 20:10:01,PEA River Electric Coop
Dale,10390,2,12-18-2024 20:25:01,PEA River Electric Coop
Dale,10390,2,12-18-2024 20:40:01,PEA River Electric Coop
Dale,10390,2,12-18-2024 20:55:02,PEA River Electric Coop
Dale,10390,2,12-18-2024 21:10:01,PEA River Electric Coop
Dale,10390,2,12-18-2024 21:25:01,PEA River Electric Coop
Dale,10390,2,12-18-2024 21:40:01,PEA River Electric Coop
Barbour,4497,1,12-18-2024 22:25:01,PEA River Electric Coop
Barbour,4497,1,12-18-2024 22:40:01,PEA River Electric Coop
Barbour,4497,1,12-18-2024 22:55:01,PEA River Electric Coop
Dale,10390,2,12-18-2024 22:55:01,PEA River Electric Coop
Barbour,4497,1,12-18-2024 23:10:01,PEA River Electric Coop
Dale,10390,2,12-18-2024 23:10:01,PEA River Electric Coop
Barbour,4497,1,12-18-2024 23:25:00,PEA River Electric Coop
Dale,10390,2,12-18-2024 23:25:00,PEA River Electric Coop
Dale,10390,2,12-18-2024 23:40:01,PEA River Electric Coop
Dale,10390,2,12-18-2024 23:55:01,PEA River Electric Coop
Dale,10390,2,12-19-2024 00:10:01,PEA River Electric Coop
Dale,10390,2,12-19-2024 00:25:01,PEA River Electric Coop
Dale,10390,2,12-19-2024 00:40:01,PEA River Electric Coop
Dale,10390,2,12-20-2024 09:25:01,PEA River Electric Coop
Dale,10390,2,12-20-2024 09:40:01,PEA River Electric Coop
Dale,10390,2,12-20-2024 09:55:01,PEA River Electric Coop
Henry,4249,30,12-20-2024 21:10:01,PEA River Electric Coop
Barbour,4497,49,12-20-2024 21:10:01,PEA River Electric Coop
Henry,4249,30,12-20-2024 21:25:01,PEA River Electric Coop
Barbour,4497,49,12-20-2024 21:25:01,PEA River Electric Coop
Henry,4249,31,12-20-2024 21:40:01,PEA River Electric Coop
Barbour,4497,49,12-20-2024 21:40:01,PEA River Electric Coop
Henry,4249,52,12-20-2024 21:55:01,PEA River Electric Coop
Barbour,4497,49,12-20-2024 21:55:01,PEA River Electric Coop
Henry,4249,57,12-20-2024 22:10:01,PEA River Electric Coop
Barbour,4497,55,12-20-2024 22:10:01,PEA River Electric Coop
Henry,4249,57,12-20-2024 22:25:00,PEA River Electric Coop
Barbour,4497,55,12-20-2024 22:25:00,PEA River Electric Coop
Henry,4249,57,12-20-2024 22:40:01,PEA River Electric Coop
Barbour,4497,55,12-20-2024 22:40:01,PEA River Electric Coop
Barbour,4497,1,12-20-2024 22:55:01,PEA River Electric Coop
Barbour,4497,1,12-20-2024 23:10:01,PEA River Electric Coop
Barbour,4497,1,12-20-2024 23:25:00,PEA River Electric Coop
Barbour,4497,1,12-20-2024 23:40:01,PEA River Electric Coop
Barbour,4497,1,12-20-2024 23:55:01,PEA River Electric Coop
Barbour,4497,1,12-21-2024 00:10:01,PEA River Electric Coop
Barbour,4497,1,12-21-2024 00:25:01,PEA River Electric Coop
Barbour,4497,1,12-21-2024 00:40:01,PEA River Electric Coop
Barbour,4497,1,12-21-2024 00:55:01,PEA River Electric Coop
Dale,10390,1,12-21-2024 22:40:01,PEA River Electric Coop
Dale,10390,1,12-21-2024 22:55:01,PEA River Electric Coop
Dale,10390,1,12-21-2024 23:10:01,PEA River Electric Coop
Dale,10390,1,12-21-2024 23:25:00,PEA River Electric Coop
Dale,10390,1,12-21-2024 23:40:01,PEA River Electric Coop
Henry,4249,1,12-22-2024 15:25:01,PEA River Electric Coop
Henry,4249,1,12-22-2024 15:40:01,PEA River Electric Coop
Henry,4249,1,12-22-2024 15:55:01,PEA River Electric Coop
Henry,4249,1,12-22-2024 16:10:01,PEA River Electric Coop
Henry,4249,1,12-22-2024 16:25:01,PEA River Electric Coop
Dale,10390,1,12-22-2024 22:10:01,PEA River Electric Coop
Dale,10390,1,12-22-2024 22:25:01,PEA River Electric Coop
Dale,10390,1,12-22-2024 22:40:01,PEA River Electric Coop
Dale,10390,1,12-23-2024 02:25:01,PEA River Electric Coop
Dale,10390,1,12-23-2024 02:40:01,PEA River Electric Coop
Dale,10390,1,12-23-2024 02:55:01,PEA River Electric Coop
Barbour,4497,1,12-23-2024 21:10:01,PEA River Electric Coop
Barbour,4497,1,12-23-2024 21:25:01,PEA River Electric Coop
Dale,10390,2,12-23-2024 23:10:01,PEA River Electric Coop
Dale,10390,2,12-23-2024 23:25:01,PEA River Electric Coop
Dale,10390,2,12-23-2024 23:40:01,PEA River Electric Coop
Dale,10390,2,12-24-2024 13:40:01,PEA River Electric Coop
Dale,10390,2,12-24-2024 13:55:01,PEA River Electric Coop
Dale,10390,2,12-24-2024 14:10:01,PEA River Electric Coop
Dale,10390,2,12-24-2024 14:25:01,PEA River Electric Coop
Henry,4249,12,12-24-2024 14:40:01,PEA River Electric Coop
Dale,10390,2,12-24-2024 14:40:01,PEA River Electric Coop
Henry,4249,12,12-24-2024 14:55:01,PEA River Electric Coop
Dale,10390,2,12-24-2024 14:55:01,PEA River Electric Coop
Henry,4249,12,12-24-2024 15:10:01,PEA River Electric Coop
Barbour,4497,1,12-25-2024 00:55:02,PEA River Electric Coop
Barbour,4497,1,12-25-2024 01:10:01,PEA River Electric Coop
Barbour,4497,1,12-25-2024 01:25:01,PEA River Electric Coop
Barbour,4497,1,12-25-2024 01:40:01,PEA River Electric Coop
Dale,10390,1,12-25-2024 01:40:01,PEA River Electric Coop
Dale,10390,1,12-25-2024 01:55:01,PEA River Electric Coop
Dale,10390,1,12-25-2024 02:10:01,PEA River Electric Coop
Dale,10390,1,12-25-2024 02:25:01,PEA River Electric Coop
Dale,10390,1,12-25-2024 02:40:01,PEA River Electric Coop
Dale,10390,1,12-25-2024 02:55:01,PEA River Electric Coop
Barbour,4497,1,12-25-2024 14:25:01,PEA River Electric Coop
Barbour,4497,1,12-25-2024 14:40:01,PEA River Electric Coop
Barbour,4497,1,12-25-2024 14:55:01,PEA River Electric Coop
Dale,10390,2,12-26-2024 05:40:01,PEA River Electric Coop
Dale,10390,2,12-26-2024 05:55:01,PEA River Electric Coop
Dale,10390,2,12-26-2024 06:10:01,PEA River Electric Coop
Dale,10390,2,12-26-2024 06:25:01,PEA River Electric Coop
Dale,10390,2,12-26-2024 06:40:01,PEA River Electric Coop
Barbour,4497,32,12-26-2024 15:55:01,PEA River Electric Coop
Barbour,4497,32,12-26-2024 16:10:01,PEA River Electric Coop
Barbour,4497,32,12-26-2024 16:25:01,PEA River Electric Coop
Barbour,4497,32,12-26-2024 16:40:01,PEA River Electric Coop
Barbour,4497,32,12-26-2024 16:55:01,PEA River Electric Coop
Barbour,4497,32,12-26-2024 17:10:01,PEA River Electric Coop
Barbour,4497,32,12-26-2024 17:25:01,PEA River Electric Coop
Barbour,4497,32,12-26-2024 17:40:01,PEA River Electric Coop
Barbour,4497,32,12-26-2024 17:55:01,PEA River Electric Coop
Dale,10390,1,12-26-2024 19:10:01,PEA River Electric Coop
Dale,10390,1,12-26-2024 19:25:01,PEA River Electric Coop
Barbour,4497,4,12-27-2024 04:55:01,PEA River Electric Coop
Barbour,4497,4,12-27-2024 05:10:01,PEA River Electric Coop
Barbour,4497,4,12-27-2024 05:25:01,PEA River Electric Coop
Dale,10390,4,12-27-2024 14:55:01,PEA River Electric Coop
Dale,10390,2,12-27-2024 19:40:01,PEA River Electric Coop
Dale,10390,2,12-27-2024 19:55:01,PEA River Electric Coop
Dale,10390,2,12-27-2024 20:10:01,PEA River Electric Coop
Dale,10390,2,12-27-2024 20:25:01,PEA River Electric Coop
Dale,10390,2,12-27-2024 20:40:01,PEA River Electric Coop
Dale,10390,2,12-27-2024 20:55:01,PEA River Electric Coop
Barbour,4497,21,12-28-2024 11:25:01,PEA River Electric Coop
Dale,10390,1,12-28-2024 11:25:01,PEA River Electric Coop
Barbour,4497,21,12-28-2024 11:40:01,PEA River Electric Coop
Dale,10390,1,12-28-2024 11:40:01,PEA River Electric Coop
Barbour,4497,21,12-28-2024 11:55:01,PEA River Electric Coop
Dale,10390,1,12-28-2024 11:55:01,PEA River Electric Coop
Barbour,4497,21,12-28-2024 12:10:01,PEA River Electric Coop
Dale,10390,1,12-28-2024 12:10:01,PEA River Electric Coop
Barbour,4497,21,12-28-2024 12:25:01,PEA River Electric Coop
Dale,10390,3,12-28-2024 14:10:01,PEA River Electric Coop
Dale,10390,3,12-28-2024 14:25:01,PEA River Electric Coop
Dale,10390,3,12-28-2024 14:40:01,PEA River Electric Coop
Barbour,4497,3,12-28-2024 14:55:01,PEA River Electric Coop
Barbour,4497,3,12-28-2024 15:10:01,PEA River Electric Coop
Barbour,4497,3,12-28-2024 15:25:01,PEA River Electric Coop
Barbour,4497,1,12-29-2024 02:25:01,PEA River Electric Coop
Barbour,4497,1,12-29-2024 02:40:01,PEA River Electric Coop
Barbour,4497,1,12-29-2024 02:55:00,PEA River Electric Coop
Barbour,4497,1,12-29-2024 03:10:01,PEA River Electric Coop
Barbour,4497,1,12-29-2024 03:25:01,PEA River Electric Coop
Barbour,4497,16,12-29-2024 06:55:01,PEA River Electric Coop
Barbour,4497,16,12-29-2024 07:10:00,PEA River Electric Coop
Barbour,4497,16,12-29-2024 07:25:01,PEA River Electric Coop
Henry,4249,3,12-29-2024 07:40:01,PEA River Electric Coop
Barbour,4497,16,12-29-2024 07:40:01,PEA River Electric Coop
Henry,4249,3,12-29-2024 07:55:01,PEA River Electric Coop
Barbour,4497,16,12-29-2024 07:55:01,PEA River Electric Coop
Henry,4249,3,12-29-2024 08:10:01,PEA River Electric Coop
Dale,10390,3,12-29-2024 08:10:01,PEA River Electric Coop
Henry,4249,3,12-29-2024 08:25:01,PEA River Electric Coop
Dale,10390,3,12-29-2024 08:25:01,PEA River Electric Coop
Henry,4249,3,12-29-2024 08:40:01,PEA River Electric Coop
Dale,10390,7,12-29-2024 08:40:01,PEA River Electric Coop
Henry,4249,3,12-29-2024 08:55:01,PEA River Electric Coop
Dale,10390,489,12-29-2024 08:55:01,PEA River Electric Coop
Dale,10390,489,12-29-2024 09:10:01,PEA River Electric Coop
Barbour,4497,7,12-29-2024 09:25:01,PEA River Electric Coop
Dale,10390,490,12-29-2024 09:25:01,PEA River Electric Coop
Barbour,4497,7,12-29-2024 09:40:01,PEA River Electric Coop
Dale,10390,486,12-29-2024 09:40:01,PEA River Electric Coop
Barbour,4497,7,12-29-2024 09:55:01,PEA River Electric Coop
Dale,10390,486,12-29-2024 09:55:01,PEA River Electric Coop
Barbour,4497,7,12-29-2024 10:10:01,PEA River Electric Coop
Dale,10390,486,12-29-2024 10:10:01,PEA River Electric Coop
Barbour,4497,8,12-29-2024 10:25:01,PEA River Electric Coop
Dale,10390,488,12-29-2024 10:25:01,PEA River Electric Coop
Barbour,4497,8,12-29-2024 10:40:01,PEA River Electric Coop
Dale,10390,485,12-29-2024 10:40:01,PEA River Electric Coop
Barbour,4497,8,12-29-2024 10:55:01,PEA River Electric Coop
Dale,10390,485,12-29-2024 10:55:01,PEA River Electric Coop
Barbour,4497,8,12-29-2024 11:10:01,PEA River Electric Coop
Dale,10390,3,12-29-2024 11:10:01,PEA River Electric Coop
Barbour,4497,8,12-29-2024 11:25:01,PEA River Electric Coop
Dale,10390,3,12-29-2024 11:25:01,PEA River Electric Coop
Barbour,4497,8,12-29-2024 11:40:01,PEA River Electric Coop
Dale,10390,2,12-29-2024 11:40:01,PEA River Electric Coop
Barbour,4497,8,12-29-2024 11:55:01,PEA River Electric Coop
Dale,10390,1,12-29-2024 11:55:01,PEA River Electric Coop
Henry,4249,1,12-29-2024 12:10:01,PEA River Electric Coop
Barbour,4497,8,12-29-2024 12:10:01,PEA River Electric Coop
Dale,10390,1,12-29-2024 12:10:01,PEA River Electric Coop
Henry,4249,1,12-29-2024 12:25:01,PEA River Electric Coop
Dale,10390,1,12-29-2024 12:25:01,PEA River Electric Coop
Dale,10390,1,12-29-2024 12:40:01,PEA River Electric Coop
Barbour,4497,1,12-29-2024 13:55:01,PEA River Electric Coop
Barbour,4497,1,12-29-2024 14:10:01,PEA River Electric Coop
Barbour,4497,1,12-29-2024 14:25:01,PEA River Electric Coop
Barbour,4497,1,12-29-2024 14:40:01,PEA River Electric Coop
Barbour,4497,1,12-29-2024 14:55:01,PEA River Electric Coop
Barbour,4497,1,12-29-2024 15:10:00,PEA River Electric Coop
Dale,10390,1,12-29-2024 15:10:00,PEA River Electric Coop
Barbour,4497,1,12-29-2024 15:25:01,PEA River Electric Coop
Dale,10390,1,12-29-2024 15:25:01,PEA River Electric Coop
Dale,10390,1,12-29-2024 15:40:01,PEA River Electric Coop
Dale,10390,1,12-29-2024 15:55:01,PEA River Electric Coop
Barbour,4497,2,12-29-2024 16:40:01,PEA River Electric Coop
Henry,4249,52,12-29-2024 16:55:01,PEA River Electric Coop
Barbour,4497,2,12-29-2024 16:55:01,PEA River Electric Coop
Henry,4249,52,12-29-2024 17:10:01,PEA River Electric Coop
Barbour,4497,2,12-29-2024 17:10:01,PEA River Electric Coop
Henry,4249,52,12-29-2024 17:25:02,PEA River Electric Coop
Barbour,4497,2,12-29-2024 17:25:02,PEA River Electric Coop
Henry,4249,52,12-29-2024 17:40:01,PEA River Electric Coop
Barbour,4497,2,12-29-2024 17:40:01,PEA River Electric Coop
Dale,10390,1,12-29-2024 17:40:01,PEA River Electric Coop
Henry,4249,52,12-29-2024 17:55:01,PEA River Electric Coop
Barbour,4497,2,12-29-2024 17:55:01,PEA River Electric Coop
Dale,10390,1,12-29-2024 17:55:01,PEA River Electric Coop
Henry,4249,52,12-29-2024 18:10:01,PEA River Electric Coop
Dale,10390,1,12-29-2024 18:10:01,PEA River Electric Coop
Henry,4249,52,12-29-2024 18:25:01,PEA River Electric Coop
Dale,10390,1,12-29-2024 18:25:01,PEA River Electric Coop
Henry,4249,52,12-29-2024 18:40:01,PEA River Electric Coop
Dale,10390,1,12-29-2024 18:40:01,PEA River Electric Coop
Dale,10390,1,12-29-2024 18:55:01,PEA River Electric Coop
Dale,10390,1,12-29-2024 19:10:01,PEA River Electric Coop
Dale,10390,1,12-29-2024 19:25:01,PEA River Electric Coop
Dale,10390,1,12-29-2024 19:40:01,PEA River Electric Coop
Dale,10390,1,12-29-2024 19:55:01,PEA River Electric Coop
Barbour,4497,1,12-29-2024 21:10:01,PEA River Electric Coop
Barbour,4497,1,12-29-2024 21:25:01,PEA River Electric Coop
Barbour,4497,1,12-29-2024 21:40:01,PEA River Electric Coop
Barbour,4497,1,12-29-2024 21:55:01,PEA River Electric Coop
Barbour,4497,1,12-29-2024 22:10:01,PEA River Electric Coop
Barbour,4497,1,12-30-2024 00:10:01,PEA River Electric Coop
Barbour,4497,1,12-30-2024 00:25:01,PEA River Electric Coop
Barbour,4497,1,12-30-2024 00:40:01,PEA River Electric Coop
Barbour,4497,1,12-30-2024 00:55:01,PEA River Electric Coop
Barbour,4497,1,12-30-2024 01:10:01,PEA River Electric Coop
Barbour,4497,1,12-30-2024 01:25:02,PEA River Electric Coop
Barbour,4497,1,12-30-2024 01:40:01,PEA River Electric Coop
Barbour,4497,1,12-30-2024 01:55:01,PEA River Electric Coop
Barbour,4497,1,12-30-2024 02:10:01,PEA River Electric Coop
Barbour,4497,3,12-30-2024 14:55:01,PEA River Electric Coop
Barbour,4497,3,12-30-2024 15:10:01,PEA River Electric Coop
Barbour,4497,3,12-30-2024 15:25:01,PEA River Electric Coop
Barbour,4497,3,12-30-2024 15:40:01,PEA River Electric Coop
Dale,10390,1,12-30-2024 23:55:01,PEA River Electric Coop
Dale,10390,1,12-31-2024 00:10:01,PEA River Electric Coop
Dale,10390,1,12-31-2024 00:25:01,PEA River Electric Coop
Dale,10390,1,12-31-2024 00:40:01,PEA River Electric Coop
Dale,10390,1,12-31-2024 00:55:01,PEA River Electric Coop
Dale,10390,1,12-31-2024 01:10:01,PEA River Electric Coop
Barbour,4497,1,12-31-2024 11:40:01,PEA River Electric Coop
Dale,10390,1,12-31-2024 15:55:01,PEA River Electric Coop
Dale,10390,1,12-31-2024 16:10:01,PEA River Electric Coop
Henry,4249,20,12-31-2024 20:55:01,PEA River Electric Coop
Barbour,4497,2,12-31-2024 20:55:01,PEA River Electric Coop
Henry,4249,20,12-31-2024 21:10:00,PEA River Electric Coop
Barbour,4497,2,12-31-2024 21:10:00,PEA River Electric Coop
Henry,4249,20,12-31-2024 21:25:01,PEA River Electric Coop
Barbour,4497,2,12-31-2024 21:25:01,PEA River Electric Coop
Henry,4249,20,12-31-2024 21:40:01,PEA River Electric Coop
Barbour,4497,2,12-31-2024 21:40:01,PEA River Electric Coop
Henry,4249,20,12-31-2024 21:55:01,PEA River Electric Coop
Barbour,4497,2,12-31-2024 21:55:01,PEA River Electric Coop
Henry,4249,20,12-31-2024 22:10:01,PEA River Electric Coop
Barbour,4497,2,12-31-2024 22:10:01,PEA River Electric Coop
Henry,4249,20,12-31-2024 22:25:01,PEA River Electric Coop
Barbour,4497,2,12-31-2024 22:25:01,PEA River Electric Coop
Henry,4249,20,12-31-2024 22:40:01,PEA River Electric Coop
Barbour,4497,2,12-31-2024 22:40:01,PEA River Electric Coop
Henry,4249,20,12-31-2024 22:55:01,PEA River Electric Coop
Barbour,4497,2,12-31-2024 22:55:01,PEA River Electric Coop
Henry,4249,20,12-31-2024 23:10:01,PEA River Electric Coop
Barbour,4497,2,12-31-2024 23:10:01,PEA River Electric Coop
Dale,10390,1,01-01-2025 12:40:01,PEA River Electric Coop
Dale,10390,1,01-01-2025 12:55:00,PEA River Electric Coop
Dale,10390,1,01-01-2025 13:10:01,PEA River Electric Coop
Dale,10390,1,01-01-2025 13:25:01,PEA River Electric Coop
Dale,10390,1,01-01-2025 13:40:01,PEA River Electric Coop
Henry,4249,1,01-01-2025 20:55:01,PEA River Electric Coop
Henry,4249,1,01-01-2025 21:10:01,PEA River Electric Coop
Henry,4249,1,01-01-2025 21:25:01,PEA River Electric Coop
Henry,4249,1,01-01-2025 21:40:00,PEA River Electric Coop
Henry,4249,1,01-01-2025 21:55:01,PEA River Electric Coop
Henry,4249,1,01-02-2025 15:40:01,PEA River Electric Coop
Dale,10390,6,01-02-2025 17:25:01,PEA River Electric Coop
Dale,10390,6,01-02-2025 17:40:01,PEA River Electric Coop
Dale,10390,6,01-02-2025 17:55:01,PEA River Electric Coop
Dale,10390,6,01-02-2025 19:25:01,PEA River Electric Coop
Henry,4249,16,01-04-2025 23:40:01,PEA River Electric Coop
Henry,4249,16,01-04-2025 23:55:01,PEA River Electric Coop
Henry,4249,16,01-05-2025 00:10:01,PEA River Electric Coop
Henry,4249,16,01-05-2025 00:25:01,PEA River Electric Coop
Henry,4249,16,01-05-2025 00:40:01,PEA River Electric Coop
Henry,4249,16,01-05-2025 00:55:01,PEA River Electric Coop
Henry,4249,16,01-05-2025 01:10:01,PEA River Electric Coop
Henry,4249,16,01-05-2025 01:25:01,PEA River Electric Coop
Barbour,4497,3,01-06-2025 16:55:00,PEA River Electric Coop
Barbour,4497,3,01-06-2025 17:10:01,PEA River Electric Coop
Barbour,4497,3,01-06-2025 17:25:01,PEA River Electric Coop
Barbour,4497,3,01-06-2025 17:40:01,PEA River Electric Coop
Barbour,4497,3,01-06-2025 17:55:01,PEA River Electric Coop
Dale,10390,4,01-06-2025 21:10:01,PEA River Electric Coop
Dale,10390,84,01-06-2025 21:25:01,PEA River Electric Coop
Dale,10390,84,01-06-2025 21:40:01,PEA River Electric Coop
Dale,10390,84,01-06-2025 21:55:00,PEA River Electric Coop
Dale,10390,4,01-06-2025 22:25:01,PEA River Electric Coop
Henry,4249,20,01-06-2025 22:55:01,PEA River Electric Coop
Barbour,4497,2,01-06-2025 22:55:01,PEA River Electric Coop
Henry,4249,20,01-06-2025 23:10:01,PEA River Electric Coop
Barbour,4497,2,01-06-2025 23:10:01,PEA River Electric Coop
Henry,4249,20,01-06-2025 23:25:01,PEA River Electric Coop
Barbour,4497,2,01-06-2025 23:25:01,PEA River Electric Coop
Henry,4249,20,01-06-2025 23:40:01,PEA River Electric Coop
Barbour,4497,2,01-06-2025 23:40:01,PEA River Electric Coop
Henry,4249,20,01-06-2025 23:55:01,PEA River Electric Coop
Barbour,4497,2,01-06-2025 23:55:01,PEA River Electric Coop
Henry,4249,20,01-07-2025 00:10:01,PEA River Electric Coop
Barbour,4497,2,01-07-2025 00:10:01,PEA River Electric Coop
Henry,4249,20,01-07-2025 00:25:01,PEA River Electric Coop
Barbour,4497,2,01-07-2025 00:25:01,PEA River Electric Coop
Henry,4249,20,01-07-2025 00:40:00,PEA River Electric Coop
Barbour,4497,4,01-07-2025 00:40:00,PEA River Electric Coop
Henry,4249,20,01-07-2025 00:55:00,PEA River Electric Coop
Barbour,4497,4,01-07-2025 00:55:00,PEA River Electric Coop
Henry,4249,20,01-07-2025 01:10:01,PEA River Electric Coop
Barbour,4497,4,01-07-2025 01:10:01,PEA River Electric Coop
Henry,4249,20,01-07-2025 01:25:00,PEA River Electric Coop
Barbour,4497,4,01-07-2025 01:25:00,PEA River Electric Coop
Barbour,4497,2,01-07-2025 01:40:01,PEA River Electric Coop
Henry,4249,1,01-07-2025 01:55:01,PEA River Electric Coop
Barbour,4497,2,01-07-2025 01:55:01,PEA River Electric Coop
Henry,4249,1,01-07-2025 02:10:01,PEA River Electric Coop
Barbour,4497,2,01-07-2025 02:10:01,PEA River Electric Coop
Dale,10390,4,01-07-2025 02:10:01,PEA River Electric Coop
Henry,4249,1,01-07-2025 02:25:01,PEA River Electric Coop
Henry,4249,1,01-07-2025 02:40:01,PEA River Electric Coop
Henry,4249,1,01-07-2025 02:55:01,PEA River Electric Coop
Henry,4249,1,01-07-2025 03:10:01,PEA River Electric Coop
Barbour,4497,1,01-07-2025 06:10:01,PEA River Electric Coop
Barbour,4497,1,01-07-2025 06:25:01,PEA River Electric Coop
Barbour,4497,1,01-07-2025 06:40:01,PEA River Electric Coop
Barbour,4497,1,01-07-2025 06:55:01,PEA River Electric Coop
Barbour,4497,1,01-07-2025 07:10:02,PEA River Electric Coop
Barbour,4497,1,01-07-2025 07:25:01,PEA River Electric Coop
Barbour,4497,1,01-07-2025 07:40:01,PEA River Electric Coop
Barbour,4497,1,01-07-2025 07:55:01,PEA River Electric Coop
Barbour,4497,1,01-07-2025 08:10:01,PEA River Electric Coop
Barbour,4497,1,01-07-2025 08:25:01,PEA River Electric Coop
Barbour,4497,1,01-07-2025 08:40:01,PEA River Electric Coop
Barbour,4497,1,01-07-2025 08:55:01,PEA River Electric Coop
Dale,10390,1,01-09-2025 02:40:01,PEA River Electric Coop
Dale,10390,1,01-09-2025 02:55:01,PEA River Electric Coop
Dale,10390,1,01-09-2025 03:10:01,PEA River Electric Coop
Dale,10390,6,01-09-2025 03:25:01,PEA River Electric Coop
Dale,10390,6,01-09-2025 03:40:01,PEA River Electric Coop
Dale,10390,6,01-09-2025 03:55:01,PEA River Electric Coop
Dale,10390,6,01-09-2025 04:10:01,PEA River Electric Coop
Dale,10390,6,01-09-2025 04:25:01,PEA River Electric Coop
Dale,10390,6,01-09-2025 04:40:01,PEA River Electric Coop
Dale,10390,5,01-09-2025 06:40:01,PEA River Electric Coop
Dale,10390,5,01-09-2025 06:55:01,PEA River Electric Coop
Dale,10390,5,01-09-2025 07:10:01,PEA River Electric Coop
Dale,10390,5,01-09-2025 07:25:01,PEA River Electric Coop
Henry,4249,14,01-09-2025 14:55:01,PEA River Electric Coop
Barbour,4497,7,01-09-2025 14:55:01,PEA River Electric Coop
Barbour,4497,7,01-09-2025 15:10:02,PEA River Electric Coop
Barbour,4497,7,01-09-2025 15:25:01,PEA River Electric Coop
Barbour,4497,7,01-09-2025 15:40:01,PEA River Electric Coop
Barbour,4497,7,01-09-2025 15:55:01,PEA River Electric Coop
Barbour,4497,7,01-09-2025 16:10:01,PEA River Electric Coop
Barbour,4497,7,01-09-2025 16:25:01,PEA River Electric Coop
Barbour,4497,7,01-09-2025 16:40:01,PEA River Electric Coop
Barbour,4497,7,01-09-2025 16:55:01,PEA River Electric Coop
Barbour,4497,7,01-09-2025 17:10:01,PEA River Electric Coop
Henry,4249,20,01-09-2025 18:25:01,PEA River Electric Coop
Barbour,4497,2,01-09-2025 18:25:01,PEA River Electric Coop
Henry,4249,20,01-09-2025 18:40:01,PEA River Electric Coop
Barbour,4497,2,01-09-2025 18:40:01,PEA River Electric Coop
Henry,4249,20,01-09-2025 18:55:01,PEA River Electric Coop
Barbour,4497,2,01-09-2025 18:55:01,PEA River Electric Coop
Henry,4249,20,01-09-2025 19:10:01,PEA River Electric Coop
Barbour,4497,2,01-09-2025 19:10:01,PEA River Electric Coop
Henry,4249,20,01-09-2025 19:25:01,PEA River Electric Coop
Barbour,4497,2,01-09-2025 19:25:01,PEA River Electric Coop
Henry,4249,20,01-09-2025 19:40:01,PEA River Electric Coop
Barbour,4497,2,01-09-2025 19:40:01,PEA River Electric Coop
Dale,10390,2,01-10-2025 02:40:01,PEA River Electric Coop
Dale,10390,2,01-10-2025 02:55:01,PEA River Electric Coop
Dale,10390,2,01-10-2025 03:10:01,PEA River Electric Coop
Dale,10390,2,01-11-2025 00:25:01,PEA River Electric Coop
Dale,10390,2,01-11-2025 00:40:00,PEA River Electric Coop
Dale,10390,2,01-11-2025 00:55:01,PEA River Electric Coop
Henry,4249,1,01-12-2025 11:55:01,PEA River Electric Coop
Henry,4249,1,01-12-2025 12:10:01,PEA River Electric Coop
Henry,4249,1,01-12-2025 12:25:01,PEA River Electric Coop
Henry,4249,1,01-12-2025 12:40:01,PEA River Electric Coop
Henry,4249,1,01-12-2025 12:55:01,PEA River Electric Coop
Henry,4249,1,01-12-2025 13:10:01,PEA River Electric Coop
Dale,10390,1,01-12-2025 15:25:01,PEA River Electric Coop
Dale,10390,1,01-12-2025 15:40:01,PEA River Electric Coop
Dale,10390,7,01-12-2025 15:55:01,PEA River Electric Coop
Dale,10390,7,01-12-2025 16:10:01,PEA River Electric Coop
Dale,10390,7,01-12-2025 16:25:00,PEA River Electric Coop
Dale,10390,7,01-12-2025 16:40:01,PEA River Electric Coop
Dale,10390,1,01-13-2025 10:40:01,PEA River Electric Coop
Dale,10390,1,01-13-2025 10:55:01,PEA River Electric Coop
Dale,10390,1,01-13-2025 11:10:01,PEA River Electric Coop
Barbour,4497,1,01-13-2025 15:40:01,PEA River Electric Coop
Barbour,4497,1,01-13-2025 15:55:02,PEA River Electric Coop
Barbour,4497,1,01-13-2025 16:10:01,PEA River Electric Coop
Barbour,4497,1,01-13-2025 16:25:00,PEA River Electric Coop
Barbour,4497,1,01-13-2025 16:40:01,PEA River Electric Coop
Dale,10390,4,01-14-2025 12:25:01,PEA River Electric Coop
Dale,10390,4,01-14-2025 12:40:01,PEA River Electric Coop
Dale,10390,4,01-14-2025 12:55:01,PEA River Electric Coop
Dale,10390,4,01-14-2025 13:10:01,PEA River Electric Coop
Dale,10390,1,01-14-2025 14:55:01,PEA River Electric Coop
Dale,10390,1,01-14-2025 15:10:01,PEA River Electric Coop
Henry,4249,2,01-15-2025 13:40:01,PEA River Electric Coop
Henry,4249,2,01-15-2025 13:55:01,PEA River Electric Coop
Coffee,314,1,01-15-2025 14:10:01,PEA River Electric Coop
Henry,4249,2,01-15-2025 14:10:01,PEA River Electric Coop
Coffee,314,1,01-15-2025 14:25:01,PEA River Electric Coop
Henry,4249,2,01-15-2025 14:25:01,PEA River Electric Coop
Coffee,314,1,01-15-2025 14:40:01,PEA River Electric Coop
Henry,4249,2,01-15-2025 14:40:01,PEA River Electric Coop
Dale,10390,2,01-15-2025 14:40:01,PEA River Electric Coop
Coffee,314,1,01-15-2025 14:55:01,PEA River Electric Coop
Henry,4249,2,01-15-2025 14:55:01,PEA River Electric Coop
Dale,10390,2,01-15-2025 14:55:01,PEA River Electric Coop
Coffee,314,1,01-15-2025 15:10:01,PEA River Electric Coop
Dale,10390,2,01-15-2025 15:10:01,PEA River Electric Coop
Coffee,314,1,01-15-2025 15:25:01,PEA River Electric Coop
Coffee,314,1,01-15-2025 15:40:01,PEA River Electric Coop
Coffee,314,1,01-15-2025 15:55:01,PEA River Electric Coop
Henry,4249,3,01-16-2025 14:40:01,PEA River Electric Coop
Henry,4249,3,01-16-2025 14:55:01,PEA River Electric Coop
Dale,10390,1,01-16-2025 16:10:01,PEA River Electric Coop
Dale,10390,1,01-16-2025 16:25:01,PEA River Electric Coop
Dale,10390,2,01-17-2025 04:55:01,PEA River Electric Coop
Dale,10390,2,01-17-2025 05:10:01,PEA River Electric Coop
Dale,10390,2,01-17-2025 05:25:01,PEA River Electric Coop
Dale,10390,2,01-17-2025 05:40:01,PEA River Electric Coop
Dale,10390,2,01-17-2025 05:55:01,PEA River Electric Coop
Barbour,4497,6,01-18-2025 23:25:01,PEA River Electric Coop
Barbour,4497,6,01-18-2025 23:40:01,PEA River Electric Coop
Barbour,4497,6,01-18-2025 23:55:01,PEA River Electric Coop
Barbour,4497,6,01-19-2025 00:10:01,PEA River Electric Coop
Dale,10390,1,01-19-2025 14:55:01,PEA River Electric Coop
Dale,10390,1,01-19-2025 15:10:00,PEA River Electric Coop
Dale,10390,1,01-19-2025 15:25:01,PEA River Electric Coop
Dale,10390,1,01-19-2025 16:40:01,PEA River Electric Coop
Dale,10390,1,01-19-2025 16:55:01,PEA River Electric Coop
Dale,10390,16,01-20-2025 15:40:01,PEA River Electric Coop
Dale,10390,16,01-20-2025 15:55:00,PEA River Electric Coop
Dale,10390,16,01-20-2025 16:10:01,PEA River Electric Coop
Dale,10390,16,01-20-2025 16:25:01,PEA River Electric Coop
Dale,10390,16,01-20-2025 16:40:01,PEA River Electric Coop
Dale,10390,16,01-20-2025 16:55:01,PEA River Electric Coop
Dale,10390,16,01-20-2025 17:10:01,PEA River Electric Coop
Dale,10390,2,01-20-2025 23:55:00,PEA River Electric Coop
Dale,10390,2,01-21-2025 00:10:01,PEA River Electric Coop
Dale,10390,2,01-21-2025 00:25:01,PEA River Electric Coop
Dale,10390,2,01-21-2025 00:40:01,PEA River Electric Coop
Dale,10390,1,01-21-2025 22:25:01,PEA River Electric Coop
Dale,10390,1,01-21-2025 22:40:01,PEA River Electric Coop
Dale,10390,1,01-21-2025 22:55:01,PEA River Electric Coop
Dale,10390,1,01-21-2025 23:10:01,PEA River Electric Coop
Dale,10390,2,01-21-2025 23:25:01,PEA River Electric Coop
Dale,10390,5,01-21-2025 23:40:01,PEA River Electric Coop
Dale,10390,5,01-21-2025 23:55:01,PEA River Electric Coop
Dale,10390,9,01-22-2025 00:10:01,PEA River Electric Coop
Dale,10390,13,01-22-2025 00:25:01,PEA River Electric Coop
Dale,10390,14,01-22-2025 00:40:01,PEA River Electric Coop
Dale,10390,9,01-22-2025 00:55:01,PEA River Electric Coop
Barbour,4497,16,01-22-2025 01:10:01,PEA River Electric Coop
Dale,10390,11,01-22-2025 01:10:01,PEA River Electric Coop
Barbour,4497,17,01-22-2025 01:25:01,PEA River Electric Coop
Dale,10390,6,01-22-2025 01:25:01,PEA River Electric Coop
Barbour,4497,17,01-22-2025 01:40:01,PEA River Electric Coop
Dale,10390,6,01-22-2025 01:40:01,PEA River Electric Coop
Barbour,4497,17,01-22-2025 01:55:01,PEA River Electric Coop
Dale,10390,2,01-22-2025 01:55:01,PEA River Electric Coop
Barbour,4497,17,01-22-2025 02:10:01,PEA River Electric Coop
Dale,10390,2,01-22-2025 02:10:01,PEA River Electric Coop
Barbour,4497,17,01-22-2025 02:25:01,PEA River Electric Coop
Dale,10390,2,01-22-2025 02:25:01,PEA River Electric Coop
Barbour,4497,17,01-22-2025 02:40:01,PEA River Electric Coop
Dale,10390,2,01-22-2025 02:40:01,PEA River Electric Coop
Barbour,4497,17,01-22-2025 02:55:01,PEA River Electric Coop
Barbour,4497,20,01-22-2025 03:10:01,PEA River Electric Coop
Barbour,4497,20,01-22-2025 03:25:01,PEA River Electric Coop
Barbour,4497,4,01-22-2025 03:40:01,PEA River Electric Coop
Barbour,4497,4,01-22-2025 03:55:01,PEA River Electric Coop
Barbour,4497,4,01-22-2025 04:10:01,PEA River Electric Coop
Barbour,4497,4,01-22-2025 04:25:01,PEA River Electric Coop
Barbour,4497,3,01-22-2025 04:40:01,PEA River Electric Coop
Barbour,4497,3,01-22-2025 04:55:01,PEA River Electric Coop
Barbour,4497,3,01-22-2025 05:10:01,PEA River Electric Coop
Barbour,4497,3,01-22-2025 05:25:00,PEA River Electric Coop
Barbour,4497,3,01-22-2025 05:40:01,PEA River Electric Coop
Barbour,4497,3,01-22-2025 05:55:01,PEA River Electric Coop
Barbour,4497,2,01-22-2025 11:25:01,PEA River Electric Coop
Dale,10390,1,01-22-2025 11:25:01,PEA River Electric Coop
Barbour,4497,2,01-22-2025 11:40:01,PEA River Electric Coop
Dale,10390,1,01-22-2025 11:40:01,PEA River Electric Coop
Barbour,4497,2,01-22-2025 11:55:01,PEA River Electric Coop
Dale,10390,1,01-22-2025 11:55:01,PEA River Electric Coop
Barbour,4497,2,01-22-2025 12:10:01,PEA River Electric Coop
Dale,10390,1,01-22-2025 12:10:01,PEA River Electric Coop
Barbour,4497,2,01-22-2025 12:25:01,PEA River Electric Coop
Dale,10390,1,01-22-2025 12:25:01,PEA River Electric Coop
Barbour,4497,2,01-22-2025 12:40:01,PEA River Electric Coop
Dale,10390,1,01-22-2025 12:40:01,PEA River Electric Coop
Barbour,4497,2,01-22-2025 12:55:00,PEA River Electric Coop
Dale,10390,3,01-22-2025 12:55:00,PEA River Electric Coop
Dale,10390,2,01-22-2025 13:10:01,PEA River Electric Coop
Dale,10390,2,01-22-2025 13:25:01,PEA River Electric Coop
Henry,4249,1,01-22-2025 13:40:01,PEA River Electric Coop
Henry,4249,1,01-22-2025 13:55:01,PEA River Electric Coop
Henry,4249,1,01-22-2025 14:10:01,PEA River Electric Coop
Henry,4249,1,01-22-2025 14:25:01,PEA River Electric Coop
Dale,10390,7,01-22-2025 15:40:01,PEA River Electric Coop
Dale,10390,7,01-22-2025 15:55:01,PEA River Electric Coop
Dale,10390,9,01-22-2025 16:10:01,PEA River Electric Coop
Dale,10390,9,01-22-2025 16:25:01,PEA River Electric Coop
Dale,10390,9,01-22-2025 16:40:01,PEA River Electric Coop
Dale,10390,7,01-22-2025 16:55:01,PEA River Electric Coop
Dale,10390,7,01-22-2025 17:10:01,PEA River Electric Coop
Dale,10390,7,01-22-2025 17:25:01,PEA River Electric Coop
Dale,10390,1,01-22-2025 23:40:01,PEA River Electric Coop
Henry,4249,1,01-23-2025 03:25:01,PEA River Electric Coop
Henry,4249,1,01-23-2025 03:40:01,PEA River Electric Coop
Henry,4249,1,01-23-2025 03:55:01,PEA River Electric Coop
Henry,4249,1,01-23-2025 04:10:01,PEA River Electric Coop
Henry,4249,1,01-23-2025 04:25:01,PEA River Electric Coop
Henry,4249,1,01-23-2025 04:40:01,PEA River Electric Coop
Henry,4249,1,01-23-2025 04:55:01,PEA River Electric Coop
Henry,4249,1,01-23-2025 05:10:01,PEA River Electric Coop
Henry,4249,13,01-23-2025 05:25:01,PEA River Electric Coop
Henry,4249,13,01-23-2025 05:40:01,PEA River Electric Coop
Henry,4249,2,01-23-2025 15:40:01,PEA River Electric Coop
Henry,4249,2,01-23-2025 15:55:01,PEA River Electric Coop
Barbour,4497,37,01-24-2025 01:40:01,PEA River Electric Coop
Barbour,4497,37,01-24-2025 01:55:01,PEA River Electric Coop
Barbour,4497,37,01-24-2025 02:10:01,PEA River Electric Coop
Barbour,4497,37,01-24-2025 02:25:01,PEA River Electric Coop
Barbour,4497,37,01-24-2025 02:40:00,PEA River Electric Coop
Barbour,4497,1,01-25-2025 13:40:01,PEA River Electric Coop
Barbour,4497,1,01-25-2025 13:55:01,PEA River Electric Coop
Barbour,4497,1,01-25-2025 14:10:01,PEA River Electric Coop
Barbour,4497,1,01-25-2025 14:25:01,PEA River Electric Coop
Dale,10390,2,01-25-2025 16:10:01,PEA River Electric Coop
Dale,10390,2,01-25-2025 16:25:01,PEA River Electric Coop
Barbour,4497,1,01-25-2025 18:25:01,PEA River Electric Coop
Barbour,4497,1,01-25-2025 18:40:01,PEA River Electric Coop
Henry,4249,1,01-25-2025 20:40:01,PEA River Electric Coop
Henry,4249,1,01-25-2025 20:55:01,PEA River Electric Coop
Henry,4249,1,01-25-2025 21:10:01,PEA River Electric Coop
Henry,4249,1,01-25-2025 21:25:00,PEA River Electric Coop
Henry,4249,1,01-25-2025 21:40:01,PEA River Electric Coop
Dale,10390,3,01-25-2025 21:40:01,PEA River Electric Coop
Henry,4249,1,01-25-2025 21:55:01,PEA River Electric Coop
Dale,10390,3,01-25-2025 21:55:01,PEA River Electric Coop
Henry,4249,1,01-25-2025 22:10:01,PEA River Electric Coop
Dale,10390,3,01-25-2025 22:10:01,PEA River Electric Coop
Henry,4249,1,01-25-2025 22:25:01,PEA River Electric Coop
Dale,10390,3,01-25-2025 22:25:01,PEA River Electric Coop
Henry,4249,1,01-25-2025 22:40:01,PEA River Electric Coop
Dale,10390,3,01-25-2025 22:40:01,PEA River Electric Coop
Henry,4249,1,01-25-2025 22:55:01,PEA River Electric Coop
Dale,10390,3,01-25-2025 22:55:01,PEA River Electric Coop
Henry,4249,1,01-25-2025 23:10:01,PEA River Electric Coop
Dale,10390,3,01-25-2025 23:10:01,PEA River Electric Coop
Henry,4249,1,01-25-2025 23:25:01,PEA River Electric Coop
Dale,10390,3,01-25-2025 23:25:01,PEA River Electric Coop
Henry,4249,1,01-25-2025 23:40:01,PEA River Electric Coop
Dale,10390,3,01-25-2025 23:40:01,PEA River Electric Coop
Henry,4249,1,01-25-2025 23:55:01,PEA River Electric Coop
Dale,10390,3,01-25-2025 23:55:01,PEA River Electric Coop
Henry,4249,1,01-26-2025 00:10:01,PEA River Electric Coop
Dale,10390,3,01-26-2025 00:10:01,PEA River Electric Coop
Henry,4249,1,01-26-2025 00:25:01,PEA River Electric Coop
Dale,10390,3,01-26-2025 00:25:01,PEA River Electric Coop
Henry,4249,1,01-26-2025 00:40:01,PEA River Electric Coop
Dale,10390,3,01-26-2025 00:40:01,PEA River Electric Coop
Henry,4249,1,01-26-2025 00:55:01,PEA River Electric Coop
Dale,10390,3,01-26-2025 00:55:01,PEA River Electric Coop
Henry,4249,1,01-26-2025 01:10:01,PEA River Electric Coop
Dale,10390,3,01-26-2025 01:10:01,PEA River Electric Coop
Henry,4249,1,01-26-2025 01:25:01,PEA River Electric Coop
Dale,10390,3,01-26-2025 01:25:01,PEA River Electric Coop
Henry,4249,1,01-26-2025 01:40:01,PEA River Electric Coop
Dale,10390,3,01-26-2025 01:40:01,PEA River Electric Coop
Henry,4249,1,01-26-2025 01:55:01,PEA River Electric Coop
Dale,10390,3,01-26-2025 01:55:01,PEA River Electric Coop
Henry,4249,1,01-26-2025 02:10:01,PEA River Electric Coop
Henry,4249,1,01-26-2025 02:25:01,PEA River Electric Coop
Henry,4249,1,01-26-2025 02:40:01,PEA River Electric Coop
Henry,4249,1,01-26-2025 02:55:01,PEA River Electric Coop
Barbour,4497,1,01-26-2025 16:40:01,PEA River Electric Coop
Barbour,4497,1,01-26-2025 16:55:01,PEA River Electric Coop
Barbour,4497,1,01-26-2025 17:10:01,PEA River Electric Coop
Barbour,4497,1,01-26-2025 17:25:00,PEA River Electric Coop
Barbour,4497,1,01-26-2025 17:40:01,PEA River Electric Coop
Dale,10390,44,01-29-2025 15:25:01,PEA River Electric Coop
Dale,10390,244,01-29-2025 15:40:01,PEA River Electric Coop
Dale,10390,244,01-29-2025 15:55:01,PEA River Electric Coop
Dale,10390,244,01-29-2025 16:10:01,PEA River Electric Coop
Dale,10390,244,01-29-2025 16:25:01,PEA River Electric Coop
Dale,10390,244,01-29-2025 16:40:01,PEA River Electric Coop
Dale,10390,244,01-29-2025 16:55:01,PEA River Electric Coop
Dale,10390,244,01-29-2025 17:10:01,PEA River Electric Coop
Dale,10390,244,01-29-2025 17:25:01,PEA River Electric Coop
Henry,4249,1,01-29-2025 17:40:01,PEA River Electric Coop
Dale,10390,244,01-29-2025 17:40:01,PEA River Electric Coop
Henry,4249,1,01-29-2025 17:55:01,PEA River Electric Coop
Dale,10390,22,01-29-2025 17:55:01,PEA River Electric Coop
Henry,4249,1,01-29-2025 18:10:01,PEA River Electric Coop
Henry,4249,1,01-29-2025 18:25:01,PEA River Electric Coop
Henry,4249,1,01-29-2025 18:40:01,PEA River Electric Coop
Barbour,4497,1,02-01-2025 17:40:01,PEA River Electric Coop
Barbour,4497,1,02-01-2025 17:55:01,PEA River Electric Coop
Henry,4249,1,02-02-2025 13:55:01,PEA River Electric Coop
Henry,4249,1,02-02-2025 14:10:01,PEA River Electric Coop
Henry,4249,1,02-02-2025 14:25:01,PEA River Electric Coop
Henry,4249,1,02-02-2025 14:40:00,PEA River Electric Coop
Dale,10390,1,02-03-2025 14:25:01,PEA River Electric Coop
Dale,10390,1,02-03-2025 14:40:00,PEA River Electric Coop
Dale,10390,1,02-03-2025 14:55:01,PEA River Electric Coop
Henry,4249,1,02-04-2025 14:55:01,PEA River Electric Coop
Dale,10390,3,02-04-2025 15:40:01,PEA River Electric Coop
Dale,10390,3,02-04-2025 15:55:01,PEA River Electric Coop
Dale,10390,3,02-04-2025 16:10:01,PEA River Electric Coop
Dale,10390,3,02-04-2025 16:25:01,PEA River Electric Coop
Dale,10390,3,02-04-2025 16:40:01,PEA River Electric Coop
Dale,10390,3,02-04-2025 16:55:01,PEA River Electric Coop
Barbour,4497,1,02-04-2025 21:40:01,PEA River Electric Coop
Barbour,4497,1,02-04-2025 21:55:01,PEA River Electric Coop
Barbour,4497,1,02-04-2025 22:10:01,PEA River Electric Coop
Barbour,4497,1,02-04-2025 22:25:01,PEA River Electric Coop
Barbour,4497,1,02-04-2025 22:40:01,PEA River Electric Coop
Dale,10390,1,02-04-2025 22:40:01,PEA River Electric Coop
Barbour,4497,1,02-04-2025 22:55:01,PEA River Electric Coop
Dale,10390,1,02-09-2025 03:40:01,PEA River Electric Coop
Dale,10390,1,02-09-2025 03:55:01,PEA River Electric Coop
Dale,10390,1,02-09-2025 04:10:01,PEA River Electric Coop
Dale,10390,1,02-09-2025 04:25:01,PEA River Electric Coop
Dale,10390,1,02-09-2025 22:10:01,PEA River Electric Coop
Dale,10390,1,02-09-2025 22:25:02,PEA River Electric Coop
Dale,10390,1,02-09-2025 22:40:01,PEA River Electric Coop
Dale,10390,1,02-09-2025 22:55:01,PEA River Electric Coop
Barbour,4497,15,02-12-2025 16:55:01,PEA River Electric Coop
Barbour,4497,15,02-12-2025 17:10:01,PEA River Electric Coop
Barbour,4497,15,02-12-2025 17:25:00,PEA River Electric Coop
Barbour,4497,15,02-12-2025 17:40:01,PEA River Electric Coop
Barbour,4497,15,02-12-2025 17:55:01,PEA River Electric Coop
Barbour,4497,15,02-12-2025 18:10:01,PEA River Electric Coop
Barbour,4497,15,02-12-2025 18:25:01,PEA River Electric Coop
Barbour,4497,1,02-12-2025 18:40:01,PEA River Electric Coop
Barbour,4497,2,02-12-2025 18:55:01,PEA River Electric Coop
Henry,4249,530,02-12-2025 19:10:01,PEA River Electric Coop
Barbour,4497,110,02-12-2025 19:10:01,PEA River Electric Coop
Henry,4249,543,02-12-2025 19:25:01,PEA River Electric Coop
Barbour,4497,110,02-12-2025 19:25:01,PEA River Electric Coop
Henry,4249,543,02-12-2025 19:40:01,PEA River Electric Coop
Barbour,4497,110,02-12-2025 19:40:01,PEA River Electric Coop
Barbour,4497,2,02-12-2025 19:55:01,PEA River Electric Coop
Barbour,4497,1,02-12-2025 20:10:01,PEA River Electric Coop
Barbour,4497,1,02-12-2025 20:25:01,PEA River Electric Coop
Barbour,4497,1,02-12-2025 20:40:01,PEA River Electric Coop
Barbour,4497,1,02-12-2025 20:55:01,PEA River Electric Coop
Barbour,4497,1,02-12-2025 21:10:01,PEA River Electric Coop
Henry,4249,1,02-12-2025 21:25:01,PEA River Electric Coop
Henry,4249,1,02-12-2025 21:40:01,PEA River Electric Coop
Henry,4249,1,02-12-2025 21:55:01,PEA River Electric Coop
Henry,4249,1,02-12-2025 22:10:01,PEA River Electric Coop
Henry,4249,1,02-12-2025 22:25:01,PEA River Electric Coop
Henry,4249,1,02-12-2025 22:40:01,PEA River Electric Coop
Henry,4249,1,02-12-2025 22:55:01,PEA River Electric Coop
Henry,4249,1,02-12-2025 23:10:01,PEA River Electric Coop
Barbour,4497,40,02-13-2025 08:25:01,PEA River Electric Coop
Barbour,4497,40,02-13-2025 08:40:01,PEA River Electric Coop
Dale,10390,1,02-13-2025 08:40:01,PEA River Electric Coop
Barbour,4497,40,02-13-2025 08:55:01,PEA River Electric Coop
Dale,10390,1,02-13-2025 08:55:01,PEA River Electric Coop
Barbour,4497,40,02-13-2025 09:10:01,PEA River Electric Coop
Dale,10390,1,02-13-2025 09:10:01,PEA River Electric Coop
Barbour,4497,40,02-13-2025 09:25:01,PEA River Electric Coop
Dale,10390,1,02-13-2025 09:25:01,PEA River Electric Coop
Barbour,4497,40,02-13-2025 09:40:00,PEA River Electric Coop
Dale,10390,1,02-13-2025 09:40:00,PEA River Electric Coop
Barbour,4497,40,02-13-2025 09:55:01,PEA River Electric Coop
Dale,10390,1,02-13-2025 09:55:01,PEA River Electric Coop
Barbour,4497,40,02-13-2025 10:10:01,PEA River Electric Coop
Dale,10390,2,02-13-2025 10:10:01,PEA River Electric Coop
Dale,10390,2,02-13-2025 10:25:01,PEA River Electric Coop
Dale,10390,2,02-13-2025 10:40:01,PEA River Electric Coop
Dale,10390,2,02-13-2025 10:55:01,PEA River Electric Coop
Dale,10390,1,02-13-2025 11:10:01,PEA River Electric Coop
Dale,10390,2,02-13-2025 11:25:02,PEA River Electric Coop
Dale,10390,2,02-13-2025 11:40:01,PEA River Electric Coop
Dale,10390,2,02-13-2025 11:55:01,PEA River Electric Coop
Dale,10390,2,02-13-2025 12:10:01,PEA River Electric Coop
Dale,10390,1,02-13-2025 12:25:01,PEA River Electric Coop
Dale,10390,1,02-13-2025 12:40:01,PEA River Electric Coop
Dale,10390,1,02-13-2025 12:55:01,PEA River Electric Coop
Dale,10390,2,02-13-2025 13:10:01,PEA River Electric Coop
Dale,10390,2,02-13-2025 13:25:01,PEA River Electric Coop
Henry,4249,1,02-13-2025 13:40:01,PEA River Electric Coop
Barbour,4497,1,02-13-2025 13:40:01,PEA River Electric Coop
Dale,10390,1,02-13-2025 13:40:01,PEA River Electric Coop
Henry,4249,1,02-13-2025 13:55:01,PEA River Electric Coop
Barbour,4497,1,02-13-2025 13:55:01,PEA River Electric Coop
Dale,10390,1,02-13-2025 13:55:01,PEA River Electric Coop
Henry,4249,27,02-13-2025 14:10:01,PEA River Electric Coop
Barbour,4497,1,02-13-2025 14:10:01,PEA River Electric Coop
Dale,10390,1,02-13-2025 14:10:01,PEA River Electric Coop
Henry,4249,27,02-13-2025 14:25:01,PEA River Electric Coop
Barbour,4497,1,02-13-2025 14:25:01,PEA River Electric Coop
Dale,10390,2,02-13-2025 14:25:01,PEA River Electric Coop
Henry,4249,27,02-13-2025 14:40:01,PEA River Electric Coop
Dale,10390,1,02-13-2025 14:40:01,PEA River Electric Coop
Henry,4249,27,02-13-2025 14:55:01,PEA River Electric Coop
Dale,10390,2,02-13-2025 21:10:01,PEA River Electric Coop
Barbour,4497,1,02-14-2025 01:40:01,PEA River Electric Coop
Barbour,4497,1,02-14-2025 01:55:01,PEA River Electric Coop
Barbour,4497,1,02-14-2025 02:10:01,PEA River Electric Coop
Barbour,4497,1,02-14-2025 02:25:01,PEA River Electric Coop
Dale,10390,1,02-14-2025 12:55:01,PEA River Electric Coop
Dale,10390,2,02-14-2025 19:25:01,PEA River Electric Coop
Dale,10390,2,02-16-2025 08:10:01,PEA River Electric Coop
Dale,10390,18,02-16-2025 08:25:01,PEA River Electric Coop
Dale,10390,18,02-16-2025 08:40:01,PEA River Electric Coop
Dale,10390,18,02-16-2025 08:55:01,PEA River Electric Coop
Dale,10390,18,02-16-2025 09:10:01,PEA River Electric Coop
Dale,10390,18,02-16-2025 09:25:01,PEA River Electric Coop
Henry,4249,3,02-16-2025 10:10:01,PEA River Electric Coop
Barbour,4497,2,02-16-2025 10:10:01,PEA River Electric Coop
Dale,10390,156,02-16-2025 10:10:01,PEA River Electric Coop
Henry,4249,3,02-16-2025 10:25:01,PEA River Electric Coop
Barbour,4497,4,02-16-2025 10:25:01,PEA River Electric Coop
Dale,10390,359,02-16-2025 10:25:01,PEA River Electric Coop
Henry,4249,4,02-16-2025 10:40:00,PEA River Electric Coop
Barbour,4497,4,02-16-2025 10:40:00,PEA River Electric Coop
Dale,10390,377,02-16-2025 10:40:00,PEA River Electric Coop
Henry,4249,43,02-16-2025 10:55:01,PEA River Electric Coop
Barbour,4497,5,02-16-2025 10:55:01,PEA River Electric Coop
Dale,10390,454,02-16-2025 10:55:01,PEA River Electric Coop
Henry,4249,43,02-16-2025 11:10:01,PEA River Electric Coop
Barbour,4497,5,02-16-2025 11:10:01,PEA River Electric Coop
Dale,10390,454,02-16-2025 11:10:01,PEA River Electric Coop
Henry,4249,43,02-16-2025 11:25:01,PEA River Electric Coop
Barbour,4497,5,02-16-2025 11:25:01,PEA River Electric Coop
Dale,10390,487,02-16-2025 11:25:01,PEA River Electric Coop
Henry,4249,61,02-16-2025 11:40:01,PEA River Electric Coop
Barbour,4497,5,02-16-2025 11:40:01,PEA River Electric Coop
Dale,10390,487,02-16-2025 11:40:01,PEA River Electric Coop
Henry,4249,95,02-16-2025 11:55:01,PEA River Electric Coop
Barbour,4497,7,02-16-2025 11:55:01,PEA River Electric Coop
Dale,10390,487,02-16-2025 11:55:01,PEA River Electric Coop
Henry,4249,95,02-16-2025 12:10:01,PEA River Electric Coop
Barbour,4497,7,02-16-2025 12:10:01,PEA River Electric Coop
Dale,10390,487,02-16-2025 12:10:01,PEA River Electric Coop
Henry,4249,95,02-16-2025 12:25:01,PEA River Electric Coop
Barbour,4497,7,02-16-2025 12:25:01,PEA River Electric Coop
Dale,10390,487,02-16-2025 12:25:01,PEA River Electric Coop
Henry,4249,95,02-16-2025 12:40:00,PEA River Electric Coop
Barbour,4497,12,02-16-2025 12:40:00,PEA River Electric Coop
Dale,10390,29,02-16-2025 12:40:00,PEA River Electric Coop
Henry,4249,95,02-16-2025 12:55:01,PEA River Electric Coop
Barbour,4497,12,02-16-2025 12:55:01,PEA River Electric Coop
Dale,10390,43,02-16-2025 12:55:01,PEA River Electric Coop
Henry,4249,95,02-16-2025 13:10:01,PEA River Electric Coop
Barbour,4497,25,02-16-2025 13:10:01,PEA River Electric Coop
Dale,10390,37,02-16-2025 13:10:01,PEA River Electric Coop
Henry,4249,98,02-16-2025 13:25:01,PEA River Electric Coop
Barbour,4497,25,02-16-2025 13:25:01,PEA River Electric Coop
Dale,10390,37,02-16-2025 13:25:01,PEA River Electric Coop
Henry,4249,95,02-16-2025 13:40:01,PEA River Electric Coop
Barbour,4497,40,02-16-2025 13:40:01,PEA River Electric Coop
Dale,10390,37,02-16-2025 13:40:01,PEA River Electric Coop
Henry,4249,96,02-16-2025 13:55:01,PEA River Electric Coop
Barbour,4497,40,02-16-2025 13:55:01,PEA River Electric Coop
Dale,10390,37,02-16-2025 13:55:01,PEA River Electric Coop
Henry,4249,106,02-16-2025 14:10:01,PEA River Electric Coop
Barbour,4497,40,02-16-2025 14:10:01,PEA River Electric Coop
Dale,10390,37,02-16-2025 14:10:01,PEA River Electric Coop
Henry,4249,106,02-16-2025 14:25:01,PEA River Electric Coop
Barbour,4497,10,02-16-2025 14:25:01,PEA River Electric Coop
Dale,10390,18,02-16-2025 14:25:01,PEA River Electric Coop
Henry,4249,106,02-16-2025 14:40:01,PEA River Electric Coop
Barbour,4497,10,02-16-2025 14:40:01,PEA River Electric Coop
Dale,10390,18,02-16-2025 14:40:01,PEA River Electric Coop
Henry,4249,106,02-16-2025 14:55:01,PEA River Electric Coop
Barbour,4497,5,02-16-2025 14:55:01,PEA River Electric Coop
Dale,10390,39,02-16-2025 14:55:01,PEA River Electric Coop
Henry,4249,103,02-16-2025 15:10:01,PEA River Electric Coop
Barbour,4497,5,02-16-2025 15:10:01,PEA River Electric Coop
Dale,10390,23,02-16-2025 15:10:01,PEA River Electric Coop
Henry,4249,103,02-16-2025 15:25:01,PEA River Electric Coop
Barbour,4497,5,02-16-2025 15:25:01,PEA River Electric Coop
Dale,10390,23,02-16-2025 15:25:01,PEA River Electric Coop
Henry,4249,110,02-16-2025 15:40:01,PEA River Electric Coop
Barbour,4497,5,02-16-2025 15:40:01,PEA River Electric Coop
Dale,10390,23,02-16-2025 15:40:01,PEA River Electric Coop
Henry,4249,110,02-16-2025 15:55:01,PEA River Electric Coop
Barbour,4497,32,02-16-2025 15:55:01,PEA River Electric Coop
Henry,4249,110,02-16-2025 16:10:01,PEA River Electric Coop
Barbour,4497,32,02-16-2025 16:10:01,PEA River Electric Coop
Henry,4249,110,02-16-2025 16:25:01,PEA River Electric Coop
Barbour,4497,32,02-16-2025 16:25:01,PEA River Electric Coop
Henry,4249,2,02-16-2025 16:40:00,PEA River Electric Coop
Barbour,4497,2,02-16-2025 16:40:00,PEA River Electric Coop
Henry,4249,5,02-16-2025 16:55:01,PEA River Electric Coop
Barbour,4497,1,02-16-2025 16:55:01,PEA River Electric Coop
Henry,4249,5,02-16-2025 17:10:01,PEA River Electric Coop
Barbour,4497,19,02-16-2025 17:10:01,PEA River Electric Coop
Henry,4249,3,02-16-2025 17:25:01,PEA River Electric Coop
Barbour,4497,41,02-16-2025 17:25:01,PEA River Electric Coop
Barbour,4497,41,02-16-2025 17:40:01,PEA River Electric Coop
Barbour,4497,41,02-16-2025 17:55:01,PEA River Electric Coop
Barbour,4497,41,02-16-2025 18:10:01,PEA River Electric Coop
Barbour,4497,1,02-16-2025 18:55:01,PEA River Electric Coop
Barbour,4497,1,02-16-2025 19:10:01,PEA River Electric Coop
Barbour,4497,1,02-16-2025 19:25:01,PEA River Electric Coop
Barbour,4497,1,02-16-2025 19:40:01,PEA River Electric Coop
Barbour,4497,1,02-16-2025 22:55:01,PEA River Electric Coop
Barbour,4497,1,02-16-2025 23:10:01,PEA River Electric Coop
Barbour,4497,1,02-16-2025 23:25:01,PEA River Electric Coop
Barbour,4497,1,02-16-2025 23:40:01,PEA River Electric Coop
Barbour,4497,1,02-16-2025 23:55:01,PEA River Electric Coop
Dale,10390,1,02-17-2025 14:25:01,PEA River Electric Coop
Dale,10390,1,02-17-2025 14:40:01,PEA River Electric Coop
Dale,10390,1,02-17-2025 14:55:01,PEA River Electric Coop
Dale,10390,1,02-17-2025 15:10:01,PEA River Electric Coop
Dale,10390,1,02-17-2025 15:25:02,PEA River Electric Coop
Dale,10390,1,02-17-2025 15:40:01,PEA River Electric Coop
Dale,10390,2,02-17-2025 15:55:01,PEA River Electric Coop
Dale,10390,2,02-17-2025 16:10:01,PEA River Electric Coop
Dale,10390,2,02-17-2025 16:25:01,PEA River Electric Coop
Dale,10390,2,02-17-2025 16:40:01,PEA River Electric Coop
Dale,10390,4,02-18-2025 00:10:00,PEA River Electric Coop
Henry,4249,1,02-18-2025 15:40:01,PEA River Electric Coop
Henry,4249,1,02-18-2025 15:55:01,PEA River Electric Coop
Henry,4249,1,02-18-2025 16:10:01,PEA River Electric Coop
Henry,4249,1,02-18-2025 16:25:01,PEA River Electric Coop
Dale,10390,22,02-19-2025 10:55:01,PEA River Electric Coop
Dale,10390,195,02-19-2025 11:10:01,PEA River Electric Coop
Dale,10390,279,02-19-2025 11:25:01,PEA River Electric Coop
Dale,10390,279,02-19-2025 11:40:01,PEA River Electric Coop
Dale,10390,279,02-19-2025 11:55:01,PEA River Electric Coop
Dale,10390,279,02-19-2025 12:10:01,PEA River Electric Coop
Dale,10390,280,02-19-2025 12:25:01,PEA River Electric Coop
Dale,10390,280,02-19-2025 12:40:01,PEA River Electric Coop
Henry,4249,2,02-20-2025 08:10:01,PEA River Electric Coop
Henry,4249,2,02-20-2025 08:25:01,PEA River Electric Coop
Henry,4249,2,02-20-2025 08:40:01,PEA River Electric Coop
Barbour,4497,1,02-20-2025 19:55:01,PEA River Electric Coop
Barbour,4497,1,02-20-2025 20:10:00,PEA River Electric Coop
Barbour,4497,1,02-20-2025 20:25:01,PEA River Electric Coop
Barbour,4497,1,02-20-2025 20:40:00,PEA River Electric Coop
Barbour,4497,1,02-20-2025 20:55:00,PEA River Electric Coop
Barbour,4497,1,02-20-2025 21:10:01,PEA River Electric Coop
Barbour,4497,1,02-20-2025 21:25:01,PEA River Electric Coop
Barbour,4497,1,02-20-2025 21:40:01,PEA River Electric Coop
Barbour,4497,1,02-20-2025 21:55:01,PEA River Electric Coop
Barbour,4497,1,02-20-2025 22:10:01,PEA River Electric Coop
Barbour,4497,1,02-20-2025 22:25:01,PEA River Electric Coop
Henry,4249,2,02-21-2025 09:40:01,PEA River Electric Coop
Henry,4249,2,02-21-2025 09:55:01,PEA River Electric Coop
Henry,4249,2,02-21-2025 10:10:01,PEA River Electric Coop
Henry,4249,2,02-21-2025 10:25:01,PEA River Electric Coop
Henry,4249,2,02-21-2025 10:40:01,PEA River Electric Coop
Henry,4249,2,02-21-2025 10:55:01,PEA River Electric Coop
Barbour,4497,2,02-21-2025 11:40:01,PEA River Electric Coop
Barbour,4497,2,02-21-2025 11:55:00,PEA River Electric Coop
Barbour,4497,2,02-21-2025 12:10:01,PEA River Electric Coop
Barbour,4497,2,02-21-2025 12:25:01,PEA River Electric Coop
Barbour,4497,2,02-21-2025 12:40:01,PEA River Electric Coop
Dale,10390,4,02-21-2025 22:25:01,PEA River Electric Coop
Dale,10390,4,02-21-2025 22:40:01,PEA River Electric Coop
Dale,10390,27,02-21-2025 22:55:01,PEA River Electric Coop
Dale,10390,27,02-21-2025 23:10:01,PEA River Electric Coop
Dale,10390,8,02-21-2025 23:25:01,PEA River Electric Coop
Barbour,4497,2,02-22-2025 23:25:01,PEA River Electric Coop
Barbour,4497,2,02-22-2025 23:40:01,PEA River Electric Coop
Barbour,4497,2,02-22-2025 23:55:01,PEA River Electric Coop
Barbour,4497,2,02-23-2025 00:10:01,PEA River Electric Coop
Dale,10390,4,02-23-2025 14:55:01,PEA River Electric Coop
Dale,10390,4,02-23-2025 15:10:01,PEA River Electric Coop
Barbour,4497,2,02-23-2025 19:10:01,PEA River Electric Coop
Barbour,4497,2,02-23-2025 19:25:01,PEA River Electric Coop
Barbour,4497,2,02-23-2025 19:40:00,PEA River Electric Coop
Barbour,4497,2,02-23-2025 19:55:01,PEA River Electric Coop
Barbour,4497,2,02-23-2025 20:10:01,PEA River Electric Coop
Dale,10390,25,02-24-2025 18:10:02,PEA River Electric Coop
Dale,10390,25,02-24-2025 18:25:00,PEA River Electric Coop
Dale,10390,1,02-25-2025 02:55:01,PEA River Electric Coop
Dale,10390,1,02-25-2025 03:10:01,PEA River Electric Coop
Dale,10390,1,02-25-2025 03:25:01,PEA River Electric Coop
Dale,10390,1,02-25-2025 03:40:01,PEA River Electric Coop
Dale,10390,1,02-25-2025 05:10:01,PEA River Electric Coop
Dale,10390,1,02-25-2025 05:25:01,PEA River Electric Coop
Dale,10390,1,02-25-2025 05:40:01,PEA River Electric Coop
Dale,10390,1,02-25-2025 05:55:00,PEA River Electric Coop
Dale,10390,2,02-25-2025 15:10:01,PEA River Electric Coop
Dale,10390,2,02-25-2025 15:25:01,PEA River Electric Coop
Dale,10390,2,02-25-2025 15:40:01,PEA River Electric Coop
Dale,10390,2,02-25-2025 17:55:01,PEA River Electric Coop
Dale,10390,3,02-27-2025 16:40:01,PEA River Electric Coop
Dale,10390,2,02-27-2025 19:55:01,PEA River Electric Coop
Dale,10390,2,02-27-2025 20:10:01,PEA River Electric Coop
Dale,10390,1,02-28-2025 02:55:00,PEA River Electric Coop
Dale,10390,1,02-28-2025 03:10:01,PEA River Electric Coop
Dale,10390,1,02-28-2025 03:25:01,PEA River Electric Coop
Barbour,4497,3,02-28-2025 20:55:01,PEA River Electric Coop
Barbour,4497,1,02-28-2025 23:55:01,PEA River Electric Coop
Barbour,4497,1,03-01-2025 00:10:00,PEA River Electric Coop
Barbour,4497,1,03-01-2025 00:25:01,PEA River Electric Coop
Barbour,4497,1,03-01-2025 00:40:01,PEA River Electric Coop
Barbour,4497,44,03-03-2025 13:55:01,PEA River Electric Coop
Dale,10390,71,03-03-2025 13:55:01,PEA River Electric Coop
Barbour,4497,286,03-03-2025 14:10:00,PEA River Electric Coop
Dale,10390,162,03-03-2025 14:10:00,PEA River Electric Coop
Barbour,4497,286,03-03-2025 14:25:01,PEA River Electric Coop
Dale,10390,162,03-03-2025 14:25:01,PEA River Electric Coop
Barbour,4497,286,03-03-2025 14:40:01,PEA River Electric Coop
Dale,10390,162,03-03-2025 14:40:01,PEA River Electric Coop
Henry,4249,2,03-03-2025 17:55:01,PEA River Electric Coop
Henry,4249,2,03-03-2025 18:10:01,PEA River Electric Coop
Henry,4249,2,03-03-2025 18:25:01,PEA River Electric Coop
Henry,4249,2,03-03-2025 18:40:02,PEA River Electric Coop
Dale,10390,24,03-04-2025 15:40:01,PEA River Electric Coop
Dale,10390,24,03-04-2025 15:55:01,PEA River Electric Coop
Dale,10390,24,03-04-2025 16:10:00,PEA River Electric Coop
Dale,10390,24,03-04-2025 16:25:01,PEA River Electric Coop
Dale,10390,24,03-04-2025 16:40:01,PEA River Electric Coop
Dale,10390,24,03-04-2025 16:55:00,PEA River Electric Coop
Barbour,4497,1,03-04-2025 20:10:01,PEA River Electric Coop
Barbour,4497,1,03-04-2025 20:25:01,PEA River Electric Coop
Barbour,4497,1,03-04-2025 20:40:01,PEA River Electric Coop
Barbour,4497,1,03-04-2025 20:55:01,PEA River Electric Coop
Barbour,4497,1,03-04-2025 21:10:01,PEA River Electric Coop
Barbour,4497,1,03-04-2025 21:25:01,PEA River Electric Coop
Barbour,4497,1,03-04-2025 21:40:01,PEA River Electric Coop
Barbour,4497,1,03-04-2025 21:55:01,PEA River Electric Coop
Dale,10390,17,03-04-2025 21:55:01,PEA River Electric Coop
Barbour,4497,1,03-04-2025 22:10:01,PEA River Electric Coop
Dale,10390,17,03-04-2025 22:10:01,PEA River Electric Coop
Barbour,4497,1,03-04-2025 22:25:01,PEA River Electric Coop
Dale,10390,22,03-04-2025 22:25:01,PEA River Electric Coop
Barbour,4497,1,03-04-2025 22:40:00,PEA River Electric Coop
Dale,10390,5,03-04-2025 22:40:00,PEA River Electric Coop
Barbour,4497,3,03-04-2025 22:55:01,PEA River Electric Coop
Dale,10390,5,03-04-2025 22:55:01,PEA River Electric Coop
Barbour,4497,4,03-04-2025 23:10:01,PEA River Electric Coop
Dale,10390,9,03-04-2025 23:10:01,PEA River Electric Coop
Barbour,4497,3,03-04-2025 23:25:01,PEA River Electric Coop
Dale,10390,9,03-04-2025 23:25:01,PEA River Electric Coop
Barbour,4497,3,03-04-2025 23:40:01,PEA River Electric Coop
Dale,10390,9,03-04-2025 23:40:01,PEA River Electric Coop
Barbour,4497,3,03-04-2025 23:55:01,PEA River Electric Coop
Dale,10390,9,03-04-2025 23:55:01,PEA River Electric Coop
Barbour,4497,2,03-05-2025 00:10:01,PEA River Electric Coop
Dale,10390,5,03-05-2025 00:10:01,PEA River Electric Coop
Barbour,4497,4,03-05-2025 00:25:01,PEA River Electric Coop
Dale,10390,5,03-05-2025 00:25:01,PEA River Electric Coop
Barbour,4497,3,03-05-2025 00:40:01,PEA River Electric Coop
Dale,10390,1,03-05-2025 00:40:01,PEA River Electric Coop
Barbour,4497,3,03-05-2025 00:55:01,PEA River Electric Coop
Dale,10390,1,03-05-2025 00:55:01,PEA River Electric Coop
Barbour,4497,3,03-05-2025 01:10:01,PEA River Electric Coop
Dale,10390,1,03-05-2025 01:10:01,PEA River Electric Coop
Barbour,4497,3,03-05-2025 01:25:01,PEA River Electric Coop
Barbour,4497,1,03-05-2025 01:40:01,PEA River Electric Coop
Barbour,4497,1,03-05-2025 01:55:01,PEA River Electric Coop
Barbour,4497,16,03-05-2025 03:55:01,PEA River Electric Coop
Barbour,4497,16,03-05-2025 04:10:01,PEA River Electric Coop
Barbour,4497,16,03-05-2025 04:25:01,PEA River Electric Coop
Barbour,4497,16,03-05-2025 04:40:01,PEA River Electric Coop
Barbour,4497,16,03-05-2025 04:55:00,PEA River Electric Coop
Dale,10390,2,03-05-2025 05:40:01,PEA River Electric Coop
Dale,10390,20,03-05-2025 05:55:01,PEA River Electric Coop
Dale,10390,21,03-05-2025 06:10:01,PEA River Electric Coop
Dale,10390,35,03-05-2025 06:25:01,PEA River Electric Coop
Dale,10390,52,03-05-2025 06:40:00,PEA River Electric Coop
Henry,4249,164,03-05-2025 06:55:01,PEA River Electric Coop
Barbour,4497,2,03-05-2025 06:55:01,PEA River Electric Coop
Dale,10390,59,03-05-2025 06:55:01,PEA River Electric Coop
Henry,4249,166,03-05-2025 07:10:01,PEA River Electric Coop
Barbour,4497,2,03-05-2025 07:10:01,PEA River Electric Coop
Dale,10390,93,03-05-2025 07:10:01,PEA River Electric Coop
Henry,4249,166,03-05-2025 07:25:00,PEA River Electric Coop
Barbour,4497,2,03-05-2025 07:25:00,PEA River Electric Coop
Dale,10390,136,03-05-2025 07:25:00,PEA River Electric Coop
Henry,4249,186,03-05-2025 07:40:01,PEA River Electric Coop
Barbour,4497,2,03-05-2025 07:40:01,PEA River Electric Coop
Dale,10390,137,03-05-2025 07:40:01,PEA River Electric Coop
Henry,4249,186,03-05-2025 07:55:01,PEA River Electric Coop
Barbour,4497,2,03-05-2025 07:55:01,PEA River Electric Coop
Dale,10390,137,03-05-2025 07:55:01,PEA River Electric Coop
Henry,4249,186,03-05-2025 08:10:01,PEA River Electric Coop
Barbour,4497,2,03-05-2025 08:10:01,PEA River Electric Coop
Dale,10390,139,03-05-2025 08:10:01,PEA River Electric Coop
Henry,4249,186,03-05-2025 08:25:01,PEA River Electric Coop
Barbour,4497,2,03-05-2025 08:25:01,PEA River Electric Coop
Dale,10390,139,03-05-2025 08:25:01,PEA River Electric Coop
Henry,4249,186,03-05-2025 08:40:01,PEA River Electric Coop
Barbour,4497,2,03-05-2025 08:40:01,PEA River Electric Coop
Dale,10390,139,03-05-2025 08:40:01,PEA River Electric Coop
Henry,4249,186,03-05-2025 08:55:01,PEA River Electric Coop
Barbour,4497,2,03-05-2025 08:55:01,PEA River Electric Coop
Dale,10390,122,03-05-2025 08:55:01,PEA River Electric Coop
Henry,4249,186,03-05-2025 09:10:01,PEA River Electric Coop
Barbour,4497,2,03-05-2025 09:10:01,PEA River Electric Coop
Dale,10390,87,03-05-2025 09:10:01,PEA River Electric Coop
Henry,4249,186,03-05-2025 09:25:01,PEA River Electric Coop
Barbour,4497,2,03-05-2025 09:25:01,PEA River Electric Coop
Dale,10390,87,03-05-2025 09:25:01,PEA River Electric Coop
Henry,4249,186,03-05-2025 09:40:01,PEA River Electric Coop
Barbour,4497,2,03-05-2025 09:40:01,PEA River Electric Coop
Dale,10390,87,03-05-2025 09:40:01,PEA River Electric Coop
Henry,4249,42,03-05-2025 09:55:01,PEA River Electric Coop
Barbour,4497,2,03-05-2025 09:55:01,PEA River Electric Coop
Dale,10390,23,03-05-2025 09:55:01,PEA River Electric Coop
Henry,4249,42,03-05-2025 10:10:01,PEA River Electric Coop
Barbour,4497,2,03-05-2025 10:10:01,PEA River Electric Coop
Dale,10390,23,03-05-2025 10:10:01,PEA River Electric Coop
Henry,4249,42,03-05-2025 10:25:01,PEA River Electric Coop
Barbour,4497,2,03-05-2025 10:25:01,PEA River Electric Coop
Dale,10390,22,03-05-2025 10:25:01,PEA River Electric Coop
Henry,4249,42,03-05-2025 10:40:01,PEA River Electric Coop
Barbour,4497,2,03-05-2025 10:40:01,PEA River Electric Coop
Dale,10390,22,03-05-2025 10:40:01,PEA River Electric Coop
Henry,4249,42,03-05-2025 10:55:01,PEA River Electric Coop
Barbour,4497,2,03-05-2025 10:55:01,PEA River Electric Coop
Dale,10390,22,03-05-2025 10:55:01,PEA River Electric Coop
Henry,4249,42,03-05-2025 11:10:00,PEA River Electric Coop
Barbour,4497,2,03-05-2025 11:10:00,PEA River Electric Coop
Dale,10390,21,03-05-2025 11:10:00,PEA River Electric Coop
Henry,4249,42,03-05-2025 11:25:01,PEA River Electric Coop
Barbour,4497,2,03-05-2025 11:25:01,PEA River Electric Coop
Dale,10390,21,03-05-2025 11:25:01,PEA River Electric Coop
Henry,4249,22,03-05-2025 11:40:00,PEA River Electric Coop
Dale,10390,21,03-05-2025 11:40:00,PEA River Electric Coop
Henry,4249,22,03-05-2025 11:55:01,PEA River Electric Coop
Dale,10390,1,03-05-2025 11:55:01,PEA River Electric Coop
Henry,4249,22,03-05-2025 12:10:01,PEA River Electric Coop
Henry,4249,20,03-05-2025 12:25:01,PEA River Electric Coop
Henry,4249,20,03-05-2025 12:40:01,PEA River Electric Coop
Henry,4249,20,03-05-2025 12:55:01,PEA River Electric Coop
Dale,10390,1,03-05-2025 13:10:01,PEA River Electric Coop
Dale,10390,1,03-05-2025 13:25:01,PEA River Electric Coop
Dale,10390,3,03-05-2025 13:40:01,PEA River Electric Coop
Dale,10390,2,03-05-2025 13:55:01,PEA River Electric Coop
Dale,10390,2,03-05-2025 14:10:01,PEA River Electric Coop
Dale,10390,2,03-05-2025 14:25:01,PEA River Electric Coop
Henry,4249,2,03-05-2025 15:25:01,PEA River Electric Coop
Barbour,4497,1,03-05-2025 15:25:01,PEA River Electric Coop
Henry,4249,2,03-05-2025 15:40:01,PEA River Electric Coop
Barbour,4497,1,03-05-2025 15:40:01,PEA River Electric Coop
Henry,4249,2,03-05-2025 15:55:01,PEA River Electric Coop
Henry,4249,2,03-05-2025 16:10:01,PEA River Electric Coop
Henry,4249,3,03-05-2025 16:25:01,PEA River Electric Coop
Henry,4249,3,03-05-2025 16:40:01,PEA River Electric Coop
Henry,4249,1,03-05-2025 16:55:01,PEA River Electric Coop
Henry,4249,1,03-05-2025 17:10:01,PEA River Electric Coop
Henry,4249,1,03-05-2025 17:25:01,PEA River Electric Coop
Henry,4249,1,03-05-2025 17:40:00,PEA River Electric Coop
Henry,4249,1,03-05-2025 17:55:00,PEA River Electric Coop
Henry,4249,2,03-05-2025 18:10:01,PEA River Electric Coop
Henry,4249,1,03-05-2025 18:25:02,PEA River Electric Coop
Henry,4249,1,03-05-2025 18:40:01,PEA River Electric Coop
Henry,4249,1,03-05-2025 18:55:00,PEA River Electric Coop
Barbour,4497,4,03-05-2025 22:55:01,PEA River Electric Coop
Barbour,4497,4,03-05-2025 23:10:01,PEA River Electric Coop
Barbour,4497,4,03-05-2025 23:25:01,PEA River Electric Coop
Barbour,4497,4,03-05-2025 23:40:01,PEA River Electric Coop
Barbour,4497,4,03-05-2025 23:55:01,PEA River Electric Coop
Barbour,4497,4,03-06-2025 00:10:01,PEA River Electric Coop
Dale,10390,3,03-06-2025 21:25:01,PEA River Electric Coop
Dale,10390,3,03-06-2025 21:40:00,PEA River Electric Coop
Dale,10390,3,03-06-2025 21:55:01,PEA River Electric Coop
Dale,10390,3,03-06-2025 22:10:01,PEA River Electric Coop
Dale,10390,1,03-07-2025 23:10:02,PEA River Electric Coop
Dale,10390,1,03-07-2025 23:25:01,PEA River Electric Coop
Dale,10390,1,03-07-2025 23:40:01,PEA River Electric Coop
Dale,10390,1,03-07-2025 23:55:00,PEA River Electric Coop
Dale,10390,3,03-08-2025 00:55:01,PEA River Electric Coop
Barbour,4497,1,03-08-2025 18:10:01,PEA River Electric Coop
Barbour,4497,1,03-08-2025 18:25:01,PEA River Electric Coop
Barbour,4497,1,03-08-2025 18:40:01,PEA River Electric Coop
Barbour,4497,1,03-08-2025 18:55:01,PEA River Electric Coop
Barbour,4497,1,03-08-2025 19:10:01,PEA River Electric Coop
Dale,10390,3,03-08-2025 23:55:00,PEA River Electric Coop
Dale,10390,3,03-09-2025 00:10:01,PEA River Electric Coop
Dale,10390,3,03-09-2025 00:25:01,PEA River Electric Coop
Dale,10390,3,03-09-2025 00:40:02,PEA River Electric Coop
Dale,10390,3,03-09-2025 00:55:01,PEA River Electric Coop
Dale,10390,3,03-09-2025 01:10:00,PEA River Electric Coop
Henry,4249,3,03-09-2025 12:40:01,PEA River Electric Coop
Henry,4249,3,03-09-2025 12:55:00,PEA River Electric Coop
Henry,4249,3,03-09-2025 13:10:01,PEA River Electric Coop
Dale,10390,1,03-09-2025 13:40:01,PEA River Electric Coop
Dale,10390,9,03-09-2025 13:55:01,PEA River Electric Coop
Dale,10390,9,03-09-2025 14:10:01,PEA River Electric Coop
Dale,10390,9,03-09-2025 14:25:01,PEA River Electric Coop
Barbour,4497,1,03-09-2025 14:40:01,PEA River Electric Coop
Dale,10390,9,03-09-2025 14:40:01,PEA River Electric Coop
Barbour,4497,1,03-09-2025 14:55:01,PEA River Electric Coop
Dale,10390,57,03-09-2025 14:55:01,PEA River Electric Coop
Barbour,4497,1,03-09-2025 15:10:01,PEA River Electric Coop
Dale,10390,57,03-09-2025 15:10:01,PEA River Electric Coop
Dale,10390,57,03-09-2025 15:25:01,PEA River Electric Coop
Dale,10390,57,03-09-2025 15:40:01,PEA River Electric Coop
Barbour,4497,1,03-09-2025 20:10:01,PEA River Electric Coop
Henry,4249,3,03-09-2025 20:25:01,PEA River Electric Coop
Barbour,4497,40,03-09-2025 20:25:01,PEA River Electric Coop
Henry,4249,46,03-09-2025 20:40:01,PEA River Electric Coop
Barbour,4497,40,03-09-2025 20:40:01,PEA River Electric Coop
Henry,4249,46,03-09-2025 20:55:01,PEA River Electric Coop
Barbour,4497,40,03-09-2025 20:55:01,PEA River Electric Coop
Dale,10390,33,03-09-2025 20:55:01,PEA River Electric Coop
Henry,4249,46,03-09-2025 21:10:01,PEA River Electric Coop
Barbour,4497,40,03-09-2025 21:10:01,PEA River Electric Coop
Dale,10390,33,03-09-2025 21:10:01,PEA River Electric Coop
Henry,4249,46,03-09-2025 21:25:01,PEA River Electric Coop
Barbour,4497,40,03-09-2025 21:25:01,PEA River Electric Coop
Dale,10390,33,03-09-2025 21:25:01,PEA River Electric Coop
Henry,4249,46,03-09-2025 21:40:01,PEA River Electric Coop
Barbour,4497,40,03-09-2025 21:40:01,PEA River Electric Coop
Dale,10390,34,03-09-2025 21:40:01,PEA River Electric Coop
Henry,4249,46,03-09-2025 21:55:01,PEA River Electric Coop
Barbour,4497,40,03-09-2025 21:55:01,PEA River Electric Coop
Dale,10390,34,03-09-2025 21:55:01,PEA River Electric Coop
Barbour,4497,40,03-09-2025 22:10:01,PEA River Electric Coop
Dale,10390,34,03-09-2025 22:10:01,PEA River Electric Coop
Barbour,4497,40,03-09-2025 22:25:01,PEA River Electric Coop
Barbour,4497,40,03-09-2025 22:40:01,PEA River Electric Coop
Barbour,4497,1,03-09-2025 23:10:01,PEA River Electric Coop
Barbour,4497,1,03-09-2025 23:25:01,PEA River Electric Coop
Henry,4249,1,03-10-2025 01:10:01,PEA River Electric Coop
Henry,4249,1,03-10-2025 01:25:01,PEA River Electric Coop
Henry,4249,1,03-10-2025 01:40:01,PEA River Electric Coop
Henry,4249,1,03-10-2025 01:55:01,PEA River Electric Coop
Henry,4249,2,03-10-2025 09:40:01,PEA River Electric Coop
Henry,4249,2,03-10-2025 09:55:01,PEA River Electric Coop
Henry,4249,2,03-10-2025 10:10:00,PEA River Electric Coop
Henry,4249,2,03-10-2025 10:25:01,PEA River Electric Coop
Henry,4249,2,03-10-2025 10:40:01,PEA River Electric Coop
Henry,4249,1,03-10-2025 14:10:01,PEA River Electric Coop
Henry,4249,1,03-10-2025 14:25:01,PEA River Electric Coop
Henry,4249,1,03-10-2025 14:40:01,PEA River Electric Coop
Henry,4249,8,03-10-2025 14:55:01,PEA River Electric Coop
Barbour,4497,1,03-11-2025 19:10:01,PEA River Electric Coop
Henry,4249,400,03-11-2025 20:25:01,PEA River Electric Coop
Barbour,4497,108,03-11-2025 20:25:01,PEA River Electric Coop
Henry,4249,400,03-11-2025 20:40:01,PEA River Electric Coop
Barbour,4497,108,03-11-2025 20:40:01,PEA River Electric Coop
Henry,4249,1,03-11-2025 21:10:01,PEA River Electric Coop
Dale,10390,1,03-13-2025 08:40:01,PEA River Electric Coop
Dale,10390,1,03-13-2025 08:55:01,PEA River Electric Coop
Dale,10390,1,03-13-2025 09:10:01,PEA River Electric Coop
Dale,10390,1,03-13-2025 09:25:01,PEA River Electric Coop
Dale,10390,1,03-13-2025 09:40:01,PEA River Electric Coop
Dale,10390,1,03-13-2025 09:55:01,PEA River Electric Coop
Dale,10390,1,03-13-2025 10:10:01,PEA River Electric Coop
Dale,10390,9,03-14-2025 02:10:01,PEA River Electric Coop
Dale,10390,9,03-14-2025 02:25:01,PEA River Electric Coop
Dale,10390,9,03-14-2025 02:40:01,PEA River Electric Coop
Dale,10390,9,03-14-2025 02:55:01,PEA River Electric Coop
Dale,10444,2,03-14-2025 23:25:01,PEA River Electric Coop
Dale,10444,2,03-14-2025 23:40:01,PEA River Electric Coop
Dale,10444,2,03-14-2025 23:55:01,PEA River Electric Coop
Barbour,4493,1,03-15-2025 13:55:01,PEA River Electric Coop
Barbour,4493,1,03-15-2025 14:10:01,PEA River Electric Coop
Barbour,4493,1,03-15-2025 14:25:01,PEA River Electric Coop
Barbour,4493,1,03-15-2025 14:40:01,PEA River Electric Coop
Barbour,4493,1,03-15-2025 14:55:01,PEA River Electric Coop
Barbour,4493,1,03-15-2025 15:10:01,PEA River Electric Coop
Barbour,4493,1,03-15-2025 15:25:01,PEA River Electric Coop
Barbour,4493,1,03-15-2025 15:40:00,PEA River Electric Coop
Barbour,4493,11,03-15-2025 16:10:01,PEA River Electric Coop
Dale,10444,10,03-15-2025 16:10:01,PEA River Electric Coop
Barbour,4493,11,03-15-2025 16:25:01,PEA River Electric Coop
Dale,10444,10,03-15-2025 16:25:01,PEA River Electric Coop
Barbour,4493,11,03-15-2025 16:40:01,PEA River Electric Coop
Dale,10444,10,03-15-2025 16:40:01,PEA River Electric Coop
Barbour,4493,11,03-15-2025 16:55:00,PEA River Electric Coop
Dale,10444,10,03-15-2025 16:55:00,PEA River Electric Coop
Barbour,4493,11,03-15-2025 17:10:01,PEA River Electric Coop
Dale,10444,10,03-15-2025 17:10:01,PEA River Electric Coop
Barbour,4493,11,03-15-2025 17:25:01,PEA River Electric Coop
Dale,10444,10,03-15-2025 17:25:01,PEA River Electric Coop
Barbour,4493,11,03-15-2025 17:40:01,PEA River Electric Coop
Dale,10444,10,03-15-2025 17:40:01,PEA River Electric Coop
Barbour,4493,11,03-15-2025 17:55:01,PEA River Electric Coop
Dale,10444,10,03-15-2025 17:55:01,PEA River Electric Coop
Barbour,4493,12,03-15-2025 18:10:01,PEA River Electric Coop
Dale,10444,10,03-15-2025 18:10:01,PEA River Electric Coop
Barbour,4493,12,03-15-2025 18:25:01,PEA River Electric Coop
Dale,10444,10,03-15-2025 18:25:01,PEA River Electric Coop
Barbour,4493,12,03-15-2025 18:40:01,PEA River Electric Coop
Dale,10444,10,03-15-2025 18:40:01,PEA River Electric Coop
Barbour,4493,12,03-15-2025 18:55:01,PEA River Electric Coop
Dale,10444,10,03-15-2025 18:55:01,PEA River Electric Coop
Barbour,4493,1,03-15-2025 20:10:01,PEA River Electric Coop
Dale,10444,2,03-15-2025 20:10:01,PEA River Electric Coop
Barbour,4493,1,03-15-2025 20:25:01,PEA River Electric Coop
Dale,10444,2,03-15-2025 20:25:01,PEA River Electric Coop
Barbour,4493,1,03-15-2025 20:40:00,PEA River Electric Coop
Dale,10444,2,03-15-2025 20:40:00,PEA River Electric Coop
Barbour,4493,1,03-15-2025 20:55:01,PEA River Electric Coop
Dale,10444,2,03-15-2025 20:55:01,PEA River Electric Coop
Barbour,4493,1,03-15-2025 21:10:01,PEA River Electric Coop
Dale,10444,2,03-15-2025 21:10:01,PEA River Electric Coop
Dale,10444,2,03-15-2025 21:25:00,PEA River Electric Coop
Barbour,4493,1,03-15-2025 21:40:01,PEA River Electric Coop
Dale,10444,3,03-15-2025 21:40:01,PEA River Electric Coop
Barbour,4493,1,03-15-2025 21:55:01,PEA River Electric Coop
Dale,10444,4,03-15-2025 21:55:01,PEA River Electric Coop
Barbour,4493,1,03-15-2025 22:10:01,PEA River Electric Coop
Dale,10444,5,03-15-2025 22:10:01,PEA River Electric Coop
Barbour,4493,1,03-15-2025 22:25:01,PEA River Electric Coop
Dale,10444,5,03-15-2025 22:25:01,PEA River Electric Coop
Barbour,4493,1,03-15-2025 22:40:01,PEA River Electric Coop
Dale,10444,6,03-15-2025 22:40:01,PEA River Electric Coop
Barbour,4493,1,03-15-2025 22:55:01,PEA River Electric Coop
Dale,10444,50,03-15-2025 22:55:01,PEA River Electric Coop
Dale,10444,49,03-15-2025 23:10:01,PEA River Electric Coop
Dale,10444,49,03-15-2025 23:25:01,PEA River Electric Coop
Dale,10444,47,03-15-2025 23:40:01,PEA River Electric Coop
Dale,10444,47,03-15-2025 23:55:01,PEA River Electric Coop
Dale,10444,46,03-16-2025 00:10:01,PEA River Electric Coop
Dale,10444,46,03-16-2025 00:25:01,PEA River Electric Coop
Dale,10444,46,03-16-2025 00:40:01,PEA River Electric Coop
Barbour,4493,1,03-16-2025 05:10:01,PEA River Electric Coop
Barbour,4493,1,03-16-2025 05:25:01,PEA River Electric Coop
Barbour,4493,1,03-16-2025 05:40:01,PEA River Electric Coop
Barbour,4493,1,03-16-2025 05:55:01,PEA River Electric Coop
Barbour,4493,1,03-16-2025 06:10:01,PEA River Electric Coop
Barbour,4493,2,03-16-2025 06:25:01,PEA River Electric Coop
Barbour,4493,2,03-16-2025 06:40:01,PEA River Electric Coop
Barbour,4493,3,03-16-2025 06:55:01,PEA River Electric Coop
Barbour,4493,2,03-16-2025 07:10:01,PEA River Electric Coop
Barbour,4493,2,03-16-2025 07:25:01,PEA River Electric Coop
Barbour,4493,2,03-16-2025 07:40:01,PEA River Electric Coop
Barbour,4493,2,03-16-2025 07:55:01,PEA River Electric Coop
Barbour,4493,2,03-16-2025 08:10:01,PEA River Electric Coop
Barbour,4493,2,03-16-2025 08:25:01,PEA River Electric Coop
Barbour,4493,2,03-16-2025 08:40:01,PEA River Electric Coop
Barbour,4493,9,03-16-2025 08:55:01,PEA River Electric Coop
Barbour,4493,8,03-16-2025 09:10:01,PEA River Electric Coop
Barbour,4493,8,03-16-2025 09:25:01,PEA River Electric Coop
Barbour,4493,8,03-16-2025 09:40:00,PEA River Electric Coop
Barbour,4493,2,03-16-2025 09:55:01,PEA River Electric Coop
Barbour,4493,1,03-16-2025 10:10:01,PEA River Electric Coop
Barbour,4493,1,03-16-2025 10:25:01,PEA River Electric Coop
Barbour,4493,1,03-16-2025 10:40:01,PEA River Electric Coop
Barbour,4493,1,03-16-2025 10:55:01,PEA River Electric Coop
Barbour,4493,1,03-16-2025 11:10:01,PEA River Electric Coop
Barbour,4493,1,03-16-2025 11:25:01,PEA River Electric Coop
Barbour,4493,1,03-16-2025 11:40:01,PEA River Electric Coop
Barbour,4493,1,03-16-2025 11:55:01,PEA River Electric Coop
Barbour,4493,1,03-16-2025 12:10:01,PEA River Electric Coop
Barbour,4493,1,03-16-2025 12:25:01,PEA River Electric Coop
Barbour,4493,1,03-16-2025 12:40:00,PEA River Electric Coop
Barbour,4493,1,03-16-2025 12:55:01,PEA River Electric Coop
Barbour,4493,1,03-16-2025 13:10:01,PEA River Electric Coop
Barbour,4493,1,03-16-2025 13:25:01,PEA River Electric Coop
Barbour,4493,1,03-16-2025 13:40:01,PEA River Electric Coop
Barbour,4493,2,03-16-2025 13:55:01,PEA River Electric Coop
Barbour,4493,1,03-16-2025 14:10:01,PEA River Electric Coop
Barbour,4493,4,03-16-2025 14:25:01,PEA River Electric Coop
Barbour,4493,1,03-16-2025 15:25:01,PEA River Electric Coop
Barbour,4493,1,03-16-2025 15:40:01,PEA River Electric Coop
Barbour,4493,1,03-16-2025 15:55:01,PEA River Electric Coop
Barbour,4493,1,03-16-2025 16:10:01,PEA River Electric Coop
Barbour,4493,1,03-16-2025 16:25:01,PEA River Electric Coop
Barbour,4493,1,03-16-2025 16:40:01,PEA River Electric Coop
Barbour,4493,1,03-16-2025 16:55:01,PEA River Electric Coop
Barbour,4493,1,03-16-2025 17:10:01,PEA River Electric Coop
Barbour,4493,1,03-16-2025 17:25:01,PEA River Electric Coop
Henry,4280,1,03-16-2025 20:55:01,PEA River Electric Coop
Henry,4280,1,03-16-2025 21:10:01,PEA River Electric Coop
Henry,4280,1,03-16-2025 21:25:01,PEA River Electric Coop
Henry,4280,1,03-16-2025 21:40:01,PEA River Electric Coop
Henry,4280,1,03-16-2025 21:55:01,PEA River Electric Coop
Dale,10444,2,03-16-2025 23:40:01,PEA River Electric Coop
Dale,10444,2,03-16-2025 23:55:01,PEA River Electric Coop
Barbour,4493,1,03-17-2025 11:40:01,PEA River Electric Coop
Barbour,4493,1,03-17-2025 11:55:01,PEA River Electric Coop
Barbour,4493,1,03-17-2025 12:10:01,PEA River Electric Coop
Barbour,4493,1,03-17-2025 12:25:00,PEA River Electric Coop
Barbour,4493,1,03-17-2025 12:40:01,PEA River Electric Coop
Barbour,4493,1,03-17-2025 12:55:01,PEA River Electric Coop
Barbour,4493,1,03-17-2025 13:10:01,PEA River Electric Coop
Dale,10444,1,03-18-2025 08:10:01,PEA River Electric Coop
Dale,10444,1,03-18-2025 08:25:01,PEA River Electric Coop
Dale,10444,1,03-18-2025 08:40:01,PEA River Electric Coop
Dale,10444,1,03-18-2025 08:55:01,PEA River Electric Coop
Dale,10444,1,03-18-2025 09:10:01,PEA River Electric Coop
Dale,10444,1,03-18-2025 09:25:01,PEA River Electric Coop
Dale,10444,1,03-18-2025 09:40:01,PEA River Electric Coop
Dale,10444,1,03-18-2025 09:55:01,PEA River Electric Coop
Dale,10444,1,03-18-2025 10:10:01,PEA River Electric Coop
Dale,10444,1,03-18-2025 10:25:01,PEA River Electric Coop
Dale,10444,1,03-18-2025 10:40:01,PEA River Electric Coop
Dale,10444,1,03-18-2025 10:55:01,PEA River Electric Coop
Barbour,4493,1,03-20-2025 11:25:01,PEA River Electric Coop
Barbour,4493,1,03-20-2025 11:40:01,PEA River Electric Coop
Barbour,4493,1,03-20-2025 11:55:00,PEA River Electric Coop
Barbour,4493,1,03-20-2025 12:10:01,PEA River Electric Coop
Barbour,4493,1,03-20-2025 12:25:01,PEA River Electric Coop
Barbour,4493,1,03-20-2025 12:40:01,PEA River Electric Coop
Barbour,4493,1,03-20-2025 12:55:01,PEA River Electric Coop
Barbour,4493,1,03-20-2025 13:10:01,PEA River Electric Coop
Barbour,4493,1,03-20-2025 13:25:01,PEA River Electric Coop
Barbour,4493,1,03-20-2025 13:40:00,PEA River Electric Coop
Barbour,4493,1,03-20-2025 13:55:01,PEA River Electric Coop
Barbour,4493,1,03-20-2025 14:10:01,PEA River Electric Coop
Barbour,4493,1,03-20-2025 14:25:01,PEA River Electric Coop
Barbour,4493,1,03-20-2025 14:40:00,PEA River Electric Coop
Dale,10444,763,03-20-2025 17:55:01,PEA River Electric Coop
Dale,10444,763,03-20-2025 18:10:01,PEA River Electric Coop
Barbour,4493,2,03-20-2025 21:10:01,PEA River Electric Coop
Barbour,4493,2,03-20-2025 21:25:01,PEA River Electric Coop
Dale,10444,2,03-20-2025 21:25:01,PEA River Electric Coop
Barbour,4493,2,03-20-2025 21:40:01,PEA River Electric Coop
Dale,10444,2,03-20-2025 21:40:01,PEA River Electric Coop
Barbour,4493,2,03-20-2025 21:55:01,PEA River Electric Coop
Dale,10444,2,03-20-2025 21:55:01,PEA River Electric Coop
Barbour,4493,2,03-20-2025 22:10:01,PEA River Electric Coop
Dale,10444,2,03-20-2025 22:10:01,PEA River Electric Coop
Barbour,4493,2,03-20-2025 22:25:01,PEA River Electric Coop
Dale,10444,2,03-20-2025 22:25:01,PEA River Electric Coop
Dale,10444,2,03-20-2025 22:40:00,PEA River Electric Coop
Dale,10444,2,03-20-2025 22:55:01,PEA River Electric Coop
Dale,10444,18,03-22-2025 09:10:01,PEA River Electric Coop
Dale,10444,18,03-22-2025 09:25:01,PEA River Electric Coop
Dale,10444,18,03-22-2025 09:40:01,PEA River Electric Coop
Dale,10444,18,03-22-2025 09:55:01,PEA River Electric Coop
Henry,4280,2,03-23-2025 13:25:01,PEA River Electric Coop
Henry,4280,2,03-23-2025 13:40:01,PEA River Electric Coop
Henry,4280,2,03-23-2025 13:55:01,PEA River Electric Coop
Henry,4280,2,03-23-2025 14:10:01,PEA River Electric Coop
Henry,4280,2,03-23-2025 14:25:01,PEA River Electric Coop
Henry,4280,2,03-23-2025 14:40:01,PEA River Electric Coop
Henry,4280,2,03-23-2025 14:55:01,PEA River Electric Coop
Dale,10444,1,03-23-2025 14:55:01,PEA River Electric Coop
Henry,4280,2,03-23-2025 15:10:01,PEA River Electric Coop
Dale,10444,1,03-23-2025 15:10:01,PEA River Electric Coop
Henry,4280,2,03-23-2025 15:25:01,PEA River Electric Coop
Dale,10444,1,03-23-2025 15:25:01,PEA River Electric Coop
Henry,4280,2,03-23-2025 15:40:01,PEA River Electric Coop
Dale,10444,1,03-23-2025 15:40:01,PEA River Electric Coop
Henry,4280,2,03-23-2025 15:55:00,PEA River Electric Coop
Dale,10444,1,03-23-2025 15:55:00,PEA River Electric Coop
Henry,4280,2,03-23-2025 16:10:00,PEA River Electric Coop
Dale,10444,1,03-23-2025 16:10:00,PEA River Electric Coop
Henry,4280,2,03-23-2025 16:25:01,PEA River Electric Coop
Dale,10444,1,03-23-2025 16:25:01,PEA River Electric Coop
Henry,4280,2,03-23-2025 16:40:00,PEA River Electric Coop
Dale,10444,1,03-23-2025 16:40:00,PEA River Electric Coop
Henry,4280,2,03-23-2025 16:55:01,PEA River Electric Coop
Dale,10444,1,03-23-2025 16:55:01,PEA River Electric Coop
Henry,4280,2,03-23-2025 17:10:01,PEA River Electric Coop
Henry,4280,2,03-23-2025 17:25:01,PEA River Electric Coop
Henry,4280,2,03-23-2025 17:40:01,PEA River Electric Coop
Henry,4280,2,03-23-2025 17:55:01,PEA River Electric Coop
Dale,10444,2,03-23-2025 17:55:01,PEA River Electric Coop
Dale,10444,2,03-23-2025 18:10:01,PEA River Electric Coop
Dale,10444,2,03-23-2025 18:25:00,PEA River Electric Coop
Barbour,4493,1,03-24-2025 10:40:01,PEA River Electric Coop
Barbour,4493,1,03-24-2025 11:10:01,PEA River Electric Coop
Barbour,4493,100,03-24-2025 11:40:01,PEA River Electric Coop
Barbour,4493,212,03-24-2025 11:55:01,PEA River Electric Coop
Barbour,4493,213,03-24-2025 12:10:01,PEA River Electric Coop
Barbour,4493,213,03-24-2025 12:25:01,PEA River Electric Coop
Barbour,4493,213,03-24-2025 12:40:01,PEA River Electric Coop
Barbour,4493,213,03-24-2025 12:55:01,PEA River Electric Coop
Barbour,4493,213,03-24-2025 13:10:01,PEA River Electric Coop
Barbour,4493,1,03-24-2025 13:25:01,PEA River Electric Coop
Barbour,4493,2,03-24-2025 13:40:01,PEA River Electric Coop
Barbour,4493,1,03-24-2025 13:55:01,PEA River Electric Coop
Barbour,4493,1,03-24-2025 14:10:01,PEA River Electric Coop
Henry,4280,1,03-24-2025 15:25:01,PEA River Electric Coop
Henry,4280,1,03-24-2025 15:40:00,PEA River Electric Coop
Dale,10444,2,03-27-2025 19:10:01,PEA River Electric Coop
Dale,10444,2,03-27-2025 19:25:01,PEA River Electric Coop
Dale,10444,2,03-27-2025 19:40:01,PEA River Electric Coop
Dale,10444,1,03-27-2025 20:10:01,PEA River Electric Coop
Dale,10444,37,03-27-2025 21:10:01,PEA River Electric Coop
Dale,10444,37,03-27-2025 21:25:01,PEA River Electric Coop
Dale,10444,1,03-29-2025 14:10:01,PEA River Electric Coop
Dale,10444,1,03-29-2025 14:25:01,PEA River Electric Coop
Dale,10444,1,03-29-2025 14:40:01,PEA River Electric Coop
Dale,10444,2,03-29-2025 20:55:01,PEA River Electric Coop
Dale,10444,2,03-29-2025 21:10:01,PEA River Electric Coop
Dale,10444,2,03-29-2025 21:25:01,PEA River Electric Coop
Dale,10444,2,03-29-2025 21:40:01,PEA River Electric Coop
Dale,10444,2,03-29-2025 21:55:01,PEA River Electric Coop
Dale,10444,2,03-29-2025 22:10:01,PEA River Electric Coop
Dale,10444,2,03-29-2025 22:25:01,PEA River Electric Coop
Henry,4280,5,03-30-2025 14:55:01,PEA River Electric Coop
Henry,4280,68,03-30-2025 15:10:01,PEA River Electric Coop
Henry,4280,68,03-30-2025 15:25:01,PEA River Electric Coop
Henry,4280,68,03-30-2025 15:40:01,PEA River Electric Coop
Henry,4280,68,03-30-2025 15:55:01,PEA River Electric Coop
Dale,10444,8,03-30-2025 18:25:01,PEA River Electric Coop
Dale,10444,8,03-30-2025 18:40:01,PEA River Electric Coop
Dale,10444,8,03-30-2025 18:55:01,PEA River Electric Coop
Barbour,4493,1,03-31-2025 17:40:01,PEA River Electric Coop
Dale,10444,105,03-31-2025 17:40:01,PEA River Electric Coop
Henry,4280,11,03-31-2025 17:55:01,PEA River Electric Coop
Barbour,4493,1,03-31-2025 17:55:01,PEA River Electric Coop
Dale,10444,351,03-31-2025 17:55:01,PEA River Electric Coop
Henry,4280,270,03-31-2025 18:10:01,PEA River Electric Coop
Barbour,4493,1,03-31-2025 18:10:01,PEA River Electric Coop
Dale,10444,351,03-31-2025 18:10:01,PEA River Electric Coop
Henry,4280,260,03-31-2025 18:25:01,PEA River Electric Coop
Barbour,4493,1,03-31-2025 18:25:01,PEA River Electric Coop
Dale,10444,38,03-31-2025 18:25:01,PEA River Electric Coop
Henry,4280,260,03-31-2025 18:40:01,PEA River Electric Coop
Dale,10444,38,03-31-2025 18:40:01,PEA River Electric Coop
Henry,4280,260,03-31-2025 18:55:01,PEA River Electric Coop
Dale,10444,38,03-31-2025 18:55:01,PEA River Electric Coop
Henry,4280,260,03-31-2025 19:10:01,PEA River Electric Coop
Dale,10444,38,03-31-2025 19:10:01,PEA River Electric Coop
Henry,4280,260,03-31-2025 19:25:01,PEA River Electric Coop
Dale,10444,38,03-31-2025 19:25:01,PEA River Electric Coop
Henry,4280,260,03-31-2025 19:40:01,PEA River Electric Coop
Dale,10444,38,03-31-2025 19:40:01,PEA River Electric Coop
Henry,4280,260,03-31-2025 19:55:01,PEA River Electric Coop
Henry,4280,260,03-31-2025 20:10:01,PEA River Electric Coop
Henry,4280,260,03-31-2025 20:25:01,PEA River Electric Coop
Henry,4280,260,03-31-2025 20:40:01,PEA River Electric Coop
Henry,4280,260,03-31-2025 20:55:01,PEA River Electric Coop
Henry,4280,260,03-31-2025 21:10:01,PEA River Electric Coop
Henry,4280,260,03-31-2025 21:25:01,PEA River Electric Coop
Dale,10444,2,03-31-2025 21:25:01,PEA River Electric Coop
Henry,4280,260,03-31-2025 21:40:01,PEA River Electric Coop
Dale,10444,2,03-31-2025 21:40:01,PEA River Electric Coop
Henry,4280,260,03-31-2025 21:55:01,PEA River Electric Coop
Dale,10444,2,03-31-2025 21:55:01,PEA River Electric Coop
Henry,4280,260,03-31-2025 22:10:01,PEA River Electric Coop
Dale,10444,2,03-31-2025 22:10:01,PEA River Electric Coop
Henry,4280,260,03-31-2025 22:25:00,PEA River Electric Coop
Dale,10444,2,03-31-2025 22:25:00,PEA River Electric Coop
Henry,4280,260,03-31-2025 22:40:01,PEA River Electric Coop
Dale,10444,2,03-31-2025 22:40:01,PEA River Electric Coop
Henry,4280,262,03-31-2025 22:55:01,PEA River Electric Coop
Dale,10444,2,03-31-2025 22:55:01,PEA River Electric Coop
Henry,4280,2,03-31-2025 23:10:01,PEA River Electric Coop
Dale,10444,2,03-31-2025 23:10:01,PEA River Electric Coop
Henry,4280,2,03-31-2025 23:25:01,PEA River Electric Coop
Henry,4280,2,03-31-2025 23:40:01,PEA River Electric Coop
Barbour,4493,1,04-01-2025 01:40:00,PEA River Electric Coop
Barbour,4493,1,04-01-2025 01:55:01,PEA River Electric Coop
Barbour,4493,1,04-01-2025 02:10:02,PEA River Electric Coop
Barbour,4493,1,04-01-2025 02:25:01,PEA River Electric Coop
Dale,10444,1,04-01-2025 14:10:01,PEA River Electric Coop
Dale,10444,1,04-01-2025 14:25:01,PEA River Electric Coop
Dale,10444,1,04-01-2025 14:40:01,PEA River Electric Coop
Dale,10444,1,04-01-2025 14:55:01,PEA River Electric Coop
Dale,10444,1,04-01-2025 15:10:01,PEA River Electric Coop
Dale,10444,4,04-01-2025 16:40:01,PEA River Electric Coop
Dale,10444,1,04-01-2025 19:25:01,PEA River Electric Coop
Dale,10444,1,04-01-2025 19:40:01,PEA River Electric Coop
Barbour,4493,1,04-01-2025 20:25:01,PEA River Electric Coop
Barbour,4493,1,04-01-2025 20:40:01,PEA River Electric Coop
Barbour,4493,1,04-01-2025 20:55:01,PEA River Electric Coop
Barbour,4493,2,04-02-2025 15:40:01,PEA River Electric Coop
Barbour,4493,14,04-02-2025 15:55:01,PEA River Electric Coop
Barbour,4493,14,04-02-2025 16:10:01,PEA River Electric Coop
Barbour,4493,14,04-02-2025 16:25:01,PEA River Electric Coop
Barbour,4493,14,04-02-2025 16:40:01,PEA River Electric Coop
Barbour,4493,14,04-02-2025 16:55:01,PEA River Electric Coop
Barbour,4493,14,04-02-2025 17:10:01,PEA River Electric Coop
Barbour,4493,14,04-02-2025 17:25:01,PEA River Electric Coop
Barbour,4493,14,04-02-2025 17:40:01,PEA River Electric Coop
Dale,10444,1,04-03-2025 01:10:01,PEA River Electric Coop
Dale,10444,1,04-03-2025 01:25:01,PEA River Electric Coop
Dale,10444,1,04-03-2025 01:40:01,PEA River Electric Coop
Dale,10444,1,04-03-2025 01:55:01,PEA River Electric Coop
Dale,10444,1,04-03-2025 15:55:01,PEA River Electric Coop
Dale,10444,1,04-03-2025 16:10:01,PEA River Electric Coop
Dale,10444,7,04-03-2025 16:25:01,PEA River Electric Coop
Dale,10444,7,04-03-2025 16:40:01,PEA River Electric Coop
Dale,10444,7,04-03-2025 16:55:01,PEA River Electric Coop
Dale,10444,7,04-03-2025 17:10:01,PEA River Electric Coop
Dale,10444,7,04-03-2025 17:25:01,PEA River Electric Coop
Dale,10444,7,04-03-2025 17:40:01,PEA River Electric Coop
Dale,10444,7,04-03-2025 17:55:01,PEA River Electric Coop
Dale,10444,7,04-03-2025 18:10:01,PEA River Electric Coop
Dale,10444,7,04-03-2025 18:25:01,PEA River Electric Coop
Dale,10444,7,04-03-2025 18:40:01,PEA River Electric Coop
Dale,10444,7,04-03-2025 18:55:02,PEA River Electric Coop
Dale,10444,7,04-03-2025 19:10:01,PEA River Electric Coop
Dale,10444,7,04-03-2025 19:25:01,PEA River Electric Coop
Dale,10444,7,04-03-2025 19:40:01,PEA River Electric Coop
Henry,4280,1,04-04-2025 20:10:01,PEA River Electric Coop
Henry,4280,10,04-04-2025 20:25:01,PEA River Electric Coop
Henry,4280,10,04-04-2025 20:40:01,PEA River Electric Coop
Henry,4280,10,04-04-2025 20:55:02,PEA River Electric Coop
Henry,4280,10,04-04-2025 21:10:01,PEA River Electric Coop
Dale,10444,1,04-04-2025 21:10:01,PEA River Electric Coop
Dale,10444,1,04-04-2025 21:25:01,PEA River Electric Coop
Dale,10444,1,04-04-2025 21:40:01,PEA River Electric Coop
Dale,10444,7,04-04-2025 21:55:01,PEA River Electric Coop
Dale,10444,7,04-04-2025 22:10:01,PEA River Electric Coop
Dale,10444,7,04-04-2025 22:25:01,PEA River Electric Coop
Dale,10444,7,04-04-2025 22:40:01,PEA River Electric Coop
Dale,10444,7,04-04-2025 22:55:01,PEA River Electric Coop
Dale,10444,7,04-04-2025 23:10:03,PEA River Electric Coop
Dale,10444,7,04-04-2025 23:25:01,PEA River Electric Coop
Dale,10444,7,04-04-2025 23:40:01,PEA River Electric Coop
Dale,10444,7,04-04-2025 23:55:01,PEA River Electric Coop
Dale,10444,7,04-05-2025 00:10:01,PEA River Electric Coop
Dale,10444,7,04-05-2025 00:25:01,PEA River Electric Coop
Dale,10444,7,04-05-2025 00:40:01,PEA River Electric Coop
Dale,10444,4,04-05-2025 20:40:01,PEA River Electric Coop
Dale,10444,4,04-05-2025 20:55:02,PEA River Electric Coop
Barbour,4493,31,04-05-2025 21:10:01,PEA River Electric Coop
Dale,10444,4,04-05-2025 21:10:01,PEA River Electric Coop
Barbour,4493,31,04-05-2025 21:25:01,PEA River Electric Coop
Dale,10444,4,04-05-2025 21:25:01,PEA River Electric Coop
Barbour,4493,31,04-05-2025 21:40:01,PEA River Electric Coop
Dale,10444,4,04-05-2025 21:40:01,PEA River Electric Coop
Barbour,4493,31,04-05-2025 21:55:01,PEA River Electric Coop
Dale,10444,4,04-05-2025 21:55:01,PEA River Electric Coop
Barbour,4493,31,04-05-2025 22:10:01,PEA River Electric Coop
Dale,10444,4,04-05-2025 22:10:01,PEA River Electric Coop
Barbour,4493,31,04-05-2025 22:25:01,PEA River Electric Coop
Barbour,4493,1,04-05-2025 22:40:01,PEA River Electric Coop
Dale,10444,1,04-06-2025 03:25:02,PEA River Electric Coop
Dale,10444,1,04-06-2025 03:40:01,PEA River Electric Coop
Dale,10444,1,04-06-2025 03:55:01,PEA River Electric Coop
Dale,10444,1,04-06-2025 04:10:01,PEA River Electric Coop
Dale,10444,2,04-06-2025 20:40:01,PEA River Electric Coop
Dale,10444,2,04-06-2025 20:55:01,PEA River Electric Coop
Dale,10444,2,04-06-2025 21:10:01,PEA River Electric Coop
Dale,10444,2,04-06-2025 21:25:01,PEA River Electric Coop
Dale,10444,2,04-06-2025 21:40:01,PEA River Electric Coop
Dale,10444,2,04-06-2025 21:55:01,PEA River Electric Coop
Barbour,4493,1,04-07-2025 03:40:01,PEA River Electric Coop
Barbour,4493,1,04-07-2025 03:55:01,PEA River Electric Coop
Barbour,4493,15,04-07-2025 04:10:01,PEA River Electric Coop
Barbour,4493,15,04-07-2025 04:25:01,PEA River Electric Coop
Barbour,4493,15,04-07-2025 04:40:01,PEA River Electric Coop
Barbour,4493,15,04-07-2025 04:55:01,PEA River Electric Coop
Barbour,4493,15,04-07-2025 05:10:01,PEA River Electric Coop
Barbour,4493,15,04-07-2025 05:25:01,PEA River Electric Coop
Dale,10444,2,04-07-2025 08:40:01,PEA River Electric Coop
Barbour,4493,7,04-07-2025 08:55:01,PEA River Electric Coop
Dale,10444,9,04-07-2025 08:55:01,PEA River Electric Coop
Barbour,4493,7,04-07-2025 09:10:01,PEA River Electric Coop
Dale,10444,9,04-07-2025 09:10:01,PEA River Electric Coop
Barbour,4493,7,04-07-2025 09:25:01,PEA River Electric Coop
Dale,10444,9,04-07-2025 09:25:01,PEA River Electric Coop
Barbour,4493,7,04-07-2025 09:40:01,PEA River Electric Coop
Dale,10444,9,04-07-2025 09:40:01,PEA River Electric Coop
Barbour,4493,7,04-07-2025 09:55:01,PEA River Electric Coop
Dale,10444,9,04-07-2025 09:55:01,PEA River Electric Coop
Barbour,4493,7,04-07-2025 10:10:00,PEA River Electric Coop
Dale,10444,9,04-07-2025 10:10:00,PEA River Electric Coop
Barbour,4493,7,04-07-2025 10:25:01,PEA River Electric Coop
Dale,10444,9,04-07-2025 10:25:01,PEA River Electric Coop
Barbour,4493,373,04-07-2025 13:40:01,PEA River Electric Coop
Barbour,4493,373,04-07-2025 13:55:01,PEA River Electric Coop
Barbour,4493,373,04-07-2025 14:10:00,PEA River Electric Coop
Barbour,4493,373,04-07-2025 14:25:01,PEA River Electric Coop
Barbour,4493,1,04-07-2025 17:40:00,PEA River Electric Coop
Barbour,4493,1,04-07-2025 17:55:01,PEA River Electric Coop
Barbour,4493,1,04-07-2025 21:10:01,PEA River Electric Coop
Barbour,4493,1,04-07-2025 21:25:01,PEA River Electric Coop
Barbour,4493,1,04-07-2025 21:40:01,PEA River Electric Coop
Barbour,4493,1,04-07-2025 21:55:01,PEA River Electric Coop
Barbour,4493,1,04-07-2025 22:10:01,PEA River Electric Coop
Dale,10444,1,04-08-2025 10:40:00,PEA River Electric Coop
Dale,10444,1,04-08-2025 10:55:00,PEA River Electric Coop
Dale,10444,2,04-08-2025 11:25:01,PEA River Electric Coop
Dale,10444,4,04-08-2025 11:40:01,PEA River Electric Coop
Dale,10444,1,04-08-2025 13:40:01,PEA River Electric Coop
Dale,10444,2,04-08-2025 13:55:01,PEA River Electric Coop
Dale,10444,2,04-08-2025 14:10:01,PEA River Electric Coop
Barbour,4493,1,04-08-2025 20:40:01,PEA River Electric Coop
Barbour,4493,1,04-08-2025 20:55:02,PEA River Electric Coop
Barbour,4493,1,04-08-2025 21:10:01,PEA River Electric Coop
Barbour,4493,1,04-08-2025 21:25:01,PEA River Electric Coop
Barbour,4493,1,04-08-2025 21:40:01,PEA River Electric Coop
Barbour,4493,1,04-08-2025 21:55:01,PEA River Electric Coop
Henry,4280,1,04-09-2025 22:10:01,PEA River Electric Coop
Henry,4280,1,04-09-2025 22:25:01,PEA River Electric Coop
Henry,4280,1,04-09-2025 22:40:01,PEA River Electric Coop
Barbour,4493,1,04-09-2025 22:40:01,PEA River Electric Coop
Henry,4280,1,04-09-2025 22:55:01,PEA River Electric Coop
Barbour,4493,1,04-09-2025 22:55:01,PEA River Electric Coop
Henry,4280,1,04-09-2025 23:10:01,PEA River Electric Coop
Barbour,4493,1,04-09-2025 23:10:01,PEA River Electric Coop
Henry,4280,1,04-09-2025 23:25:01,PEA River Electric Coop
Barbour,4493,1,04-09-2025 23:25:01,PEA River Electric Coop
Henry,4280,1,04-09-2025 23:40:01,PEA River Electric Coop
Barbour,4493,1,04-09-2025 23:40:01,PEA River Electric Coop
Barbour,4493,1,04-09-2025 23:55:01,PEA River Electric Coop
Barbour,4493,1,04-10-2025 00:10:01,PEA River Electric Coop
Dale,10444,14,04-10-2025 18:40:01,PEA River Electric Coop
Dale,10444,14,04-10-2025 18:55:01,PEA River Electric Coop
Barbour,4493,229,04-11-2025 04:55:01,PEA River Electric Coop
Barbour,4493,297,04-11-2025 05:10:01,PEA River Electric Coop
Barbour,4493,297,04-11-2025 05:25:01,PEA River Electric Coop
Barbour,4493,297,04-11-2025 05:40:01,PEA River Electric Coop
Barbour,4493,297,04-11-2025 05:55:01,PEA River Electric Coop
Barbour,4493,297,04-11-2025 06:10:01,PEA River Electric Coop
Barbour,4493,298,04-11-2025 06:25:01,PEA River Electric Coop
Barbour,4493,298,04-11-2025 06:40:01,PEA River Electric Coop
Barbour,4493,298,04-11-2025 06:55:01,PEA River Electric Coop
Barbour,4493,298,04-11-2025 07:10:01,PEA River Electric Coop
Barbour,4493,298,04-11-2025 07:25:01,PEA River Electric Coop
Barbour,4493,298,04-11-2025 07:40:01,PEA River Electric Coop
Barbour,4493,298,04-11-2025 07:55:01,PEA River Electric Coop
Barbour,4493,298,04-11-2025 08:10:01,PEA River Electric Coop
Barbour,4493,298,04-11-2025 08:25:01,PEA River Electric Coop
Barbour,4493,298,04-11-2025 08:40:01,PEA River Electric Coop
Barbour,4493,1,04-11-2025 08:55:01,PEA River Electric Coop
Barbour,4493,1,04-11-2025 09:10:01,PEA River Electric Coop
Barbour,4493,1,04-11-2025 09:25:01,PEA River Electric Coop
Barbour,4493,5,04-11-2025 09:40:02,PEA River Electric Coop
Barbour,4493,5,04-11-2025 09:55:01,PEA River Electric Coop
Barbour,4493,5,04-11-2025 10:10:01,PEA River Electric Coop
Barbour,4493,5,04-11-2025 10:25:01,PEA River Electric Coop
Barbour,4493,5,04-11-2025 10:40:01,PEA River Electric Coop
Barbour,4493,5,04-11-2025 10:55:01,PEA River Electric Coop
Barbour,4493,5,04-11-2025 11:10:01,PEA River Electric Coop
Henry,4280,15,04-11-2025 12:55:01,PEA River Electric Coop
Henry,4280,17,04-11-2025 13:10:01,PEA River Electric Coop
Henry,4280,17,04-11-2025 13:25:01,PEA River Electric Coop
Henry,4280,17,04-11-2025 13:40:01,PEA River Electric Coop
Henry,4280,24,04-11-2025 13:55:01,PEA River Electric Coop
Henry,4280,24,04-11-2025 14:10:01,PEA River Electric Coop
Henry,4280,24,04-11-2025 14:25:01,PEA River Electric Coop
Henry,4280,24,04-11-2025 14:40:01,PEA River Electric Coop
Henry,4280,24,04-11-2025 14:55:01,PEA River Electric Coop
Henry,4280,1,04-13-2025 14:25:01,PEA River Electric Coop
Henry,4280,1,04-13-2025 14:40:01,PEA River Electric Coop
Henry,4280,1,04-13-2025 14:55:01,PEA River Electric Coop
Henry,4280,1,04-13-2025 15:10:01,PEA River Electric Coop
Barbour,4493,3,04-13-2025 16:10:01,PEA River Electric Coop
Barbour,4493,3,04-13-2025 16:25:01,PEA River Electric Coop
Barbour,4493,3,04-13-2025 16:40:01,PEA River Electric Coop
Barbour,4493,3,04-13-2025 16:55:01,PEA River Electric Coop
Barbour,4493,1,04-13-2025 23:55:01,PEA River Electric Coop
Barbour,4493,1,04-14-2025 00:10:01,PEA River Electric Coop
Barbour,4493,1,04-14-2025 00:25:01,PEA River Electric Coop
Barbour,4493,1,04-14-2025 00:40:01,PEA River Electric Coop
Barbour,4493,1,04-14-2025 00:55:01,PEA River Electric Coop
Henry,4280,116,04-15-2025 14:10:01,PEA River Electric Coop
Barbour,4493,15,04-15-2025 14:10:01,PEA River Electric Coop
Barbour,4493,2,04-16-2025 01:40:01,PEA River Electric Coop
Barbour,4493,2,04-16-2025 01:55:01,PEA River Electric Coop
Barbour,4493,2,04-16-2025 02:10:01,PEA River Electric Coop
Barbour,4493,2,04-16-2025 02:25:01,PEA River Electric Coop
Barbour,4493,2,04-16-2025 02:40:01,PEA River Electric Coop
Henry,4280,2,04-17-2025 01:55:01,PEA River Electric Coop
Henry,4280,2,04-17-2025 02:10:01,PEA River Electric Coop
Henry,4280,2,04-17-2025 02:25:01,PEA River Electric Coop
Dale,10444,3,04-17-2025 12:55:01,PEA River Electric Coop
Dale,10444,12,04-17-2025 13:10:01,PEA River Electric Coop
Dale,10444,12,04-17-2025 13:25:01,PEA River Electric Coop
Dale,10444,12,04-17-2025 13:40:01,PEA River Electric Coop
Henry,4280,1,04-17-2025 14:10:01,PEA River Electric Coop
Barbour,4493,1,04-18-2025 03:40:01,PEA River Electric Coop
Barbour,4493,1,04-18-2025 03:55:01,PEA River Electric Coop
Barbour,4493,1,04-18-2025 04:10:01,PEA River Electric Coop
Barbour,4493,1,04-18-2025 04:25:01,PEA River Electric Coop
Barbour,4493,3,04-18-2025 11:55:01,PEA River Electric Coop
Barbour,4493,3,04-18-2025 12:10:01,PEA River Electric Coop
Barbour,4493,3,04-18-2025 12:25:01,PEA River Electric Coop
Barbour,4493,3,04-18-2025 12:40:02,PEA River Electric Coop
Barbour,4493,3,04-18-2025 12:55:01,PEA River Electric Coop
Barbour,4493,3,04-18-2025 13:10:01,PEA River Electric Coop
Dale,10444,2,04-18-2025 16:40:01,PEA River Electric Coop
Dale,10444,2,04-18-2025 16:55:01,PEA River Electric Coop
Dale,10444,2,04-18-2025 17:10:00,PEA River Electric Coop
Dale,10444,2,04-18-2025 17:25:01,PEA River Electric Coop
Dale,10444,2,04-18-2025 17:40:00,PEA River Electric Coop
Barbour,4493,2,04-18-2025 18:10:01,PEA River Electric Coop
Barbour,4493,2,04-18-2025 18:25:01,PEA River Electric Coop
Barbour,4493,2,04-18-2025 18:40:01,PEA River Electric Coop
Barbour,4493,2,04-18-2025 20:25:01,PEA River Electric Coop
Barbour,4493,2,04-18-2025 20:40:01,PEA River Electric Coop
Barbour,4493,2,04-18-2025 20:55:01,PEA River Electric Coop
Barbour,4493,2,04-18-2025 21:10:01,PEA River Electric Coop
Barbour,4493,2,04-18-2025 21:25:01,PEA River Electric Coop
Barbour,4493,2,04-18-2025 21:40:01,PEA River Electric Coop
Barbour,4493,1,04-19-2025 10:25:01,PEA River Electric Coop
Barbour,4493,1,04-19-2025 10:40:01,PEA River Electric Coop
Barbour,4493,1,04-19-2025 10:55:01,PEA River Electric Coop
Barbour,4493,1,04-19-2025 11:10:01,PEA River Electric Coop
Barbour,4493,1,04-19-2025 11:25:00,PEA River Electric Coop
Henry,4280,1,04-19-2025 13:10:01,PEA River Electric Coop
Henry,4280,16,04-19-2025 13:25:01,PEA River Electric Coop
Henry,4280,16,04-19-2025 13:40:01,PEA River Electric Coop
Henry,4280,16,04-19-2025 13:55:01,PEA River Electric Coop
Henry,4280,16,04-19-2025 14:10:01,PEA River Electric Coop
Henry,4280,16,04-19-2025 14:25:01,PEA River Electric Coop
Henry,4280,16,04-19-2025 14:40:01,PEA River Electric Coop
Henry,4280,16,04-19-2025 14:55:01,PEA River Electric Coop
Henry,4280,16,04-19-2025 15:10:01,PEA River Electric Coop
Henry,4280,16,04-19-2025 15:25:01,PEA River Electric Coop
Henry,4280,16,04-19-2025 15:40:01,PEA River Electric Coop
Henry,4280,16,04-19-2025 15:55:01,PEA River Electric Coop
Henry,4280,16,04-19-2025 16:10:01,PEA River Electric Coop
Henry,4280,16,04-19-2025 16:25:01,PEA River Electric Coop
Dale,10444,2,04-19-2025 16:40:01,PEA River Electric Coop
Dale,10444,2,04-19-2025 16:55:00,PEA River Electric Coop
Dale,10444,2,04-19-2025 17:10:01,PEA River Electric Coop
Dale,10444,2,04-19-2025 17:25:01,PEA River Electric Coop
Dale,10444,2,04-19-2025 17:40:01,PEA River Electric Coop
Dale,10444,2,04-19-2025 17:55:01,PEA River Electric Coop
Dale,10444,2,04-19-2025 18:10:01,PEA River Electric Coop
Dale,10444,4,04-19-2025 18:25:01,PEA River Electric Coop
Dale,10444,4,04-19-2025 18:40:01,PEA River Electric Coop
Dale,10444,4,04-19-2025 18:55:01,PEA River Electric Coop
Dale,10444,4,04-19-2025 19:10:01,PEA River Electric Coop
Dale,10444,2,04-19-2025 19:25:01,PEA River Electric Coop
Dale,10444,1,04-19-2025 19:55:01,PEA River Electric Coop
Dale,10444,1,04-19-2025 20:10:01,PEA River Electric Coop
Dale,10444,1,04-19-2025 20:25:01,PEA River Electric Coop
Henry,4280,10,04-20-2025 11:55:01,PEA River Electric Coop
Henry,4280,10,04-20-2025 12:10:01,PEA River Electric Coop
Henry,4280,10,04-20-2025 12:25:01,PEA River Electric Coop
Henry,4280,10,04-20-2025 12:40:01,PEA River Electric Coop
Henry,4280,10,04-20-2025 12:55:01,PEA River Electric Coop
Henry,4280,10,04-20-2025 13:10:01,PEA River Electric Coop
Henry,4280,10,04-20-2025 13:25:01,PEA River Electric Coop
Henry,4280,10,04-20-2025 13:40:01,PEA River Electric Coop
Barbour,4493,2,04-20-2025 16:55:01,PEA River Electric Coop
Barbour,4493,2,04-20-2025 17:10:01,PEA River Electric Coop
Barbour,4493,2,04-20-2025 17:25:01,PEA River Electric Coop
Barbour,4493,2,04-20-2025 17:40:01,PEA River Electric Coop
Dale,10444,1,04-20-2025 17:40:01,PEA River Electric Coop
Barbour,4493,2,04-20-2025 17:55:01,PEA River Electric Coop
Dale,10444,1,04-20-2025 17:55:01,PEA River Electric Coop
Barbour,4493,2,04-20-2025 18:10:01,PEA River Electric Coop
Dale,10444,1,04-20-2025 18:10:01,PEA River Electric Coop
Barbour,4493,2,04-20-2025 18:25:01,PEA River Electric Coop
Barbour,4493,2,04-20-2025 18:40:01,PEA River Electric Coop
Barbour,4493,2,04-20-2025 18:55:01,PEA River Electric Coop
Barbour,4493,2,04-20-2025 19:10:01,PEA River Electric Coop
Barbour,4493,2,04-20-2025 19:25:01,PEA River Electric Coop
Barbour,4493,2,04-20-2025 19:40:01,PEA River Electric Coop
Barbour,4493,2,04-20-2025 19:55:01,PEA River Electric Coop
Barbour,4493,2,04-20-2025 20:10:01,PEA River Electric Coop
Barbour,4493,1,04-20-2025 22:10:01,PEA River Electric Coop
Barbour,4493,1,04-20-2025 22:25:01,PEA River Electric Coop
Barbour,4493,1,04-20-2025 22:40:01,PEA River Electric Coop
Henry,4280,2,04-21-2025 02:10:01,PEA River Electric Coop
Henry,4280,2,04-21-2025 02:25:01,PEA River Electric Coop
Henry,4280,2,04-21-2025 02:40:01,PEA River Electric Coop
Barbour,4493,7,04-21-2025 14:25:01,PEA River Electric Coop
Barbour,4493,7,04-21-2025 14:40:01,PEA River Electric Coop
Barbour,4493,7,04-21-2025 14:55:01,PEA River Electric Coop
Barbour,4493,7,04-21-2025 15:10:01,PEA River Electric Coop
Barbour,4493,7,04-21-2025 15:25:01,PEA River Electric Coop
Barbour,4493,7,04-21-2025 15:40:01,PEA River Electric Coop
Barbour,4493,7,04-21-2025 15:55:01,PEA River Electric Coop
Henry,4280,1,04-22-2025 00:55:00,PEA River Electric Coop
Barbour,4493,1,04-22-2025 13:55:01,PEA River Electric Coop
Henry,4280,1,04-22-2025 20:55:01,PEA River Electric Coop
Henry,4280,1,04-22-2025 21:10:01,PEA River Electric Coop
Dale,10444,3,04-22-2025 21:40:01,PEA River Electric Coop
Dale,10444,3,04-22-2025 21:55:01,PEA River Electric Coop
Dale,10444,3,04-22-2025 22:10:01,PEA River Electric Coop
Barbour,4493,1,04-23-2025 13:25:01,PEA River Electric Coop
Barbour,4493,1,04-23-2025 13:40:01,PEA River Electric Coop
Barbour,4493,1,04-23-2025 13:55:01,PEA River Electric Coop
Barbour,4493,1,04-23-2025 14:10:01,PEA River Electric Coop
Barbour,4493,1,04-23-2025 14:25:01,PEA River Electric Coop
Barbour,4493,1,04-23-2025 14:40:01,PEA River Electric Coop
Henry,4280,1,04-23-2025 14:55:01,PEA River Electric Coop
Barbour,4493,1,04-23-2025 14:55:01,PEA River Electric Coop
Henry,4280,1,04-23-2025 15:10:01,PEA River Electric Coop
Barbour,4493,1,04-23-2025 15:10:01,PEA River Electric Coop
Henry,4280,1,04-23-2025 15:25:01,PEA River Electric Coop
Barbour,4493,1,04-23-2025 15:25:01,PEA River Electric Coop
Dale,10444,9,04-23-2025 15:25:01,PEA River Electric Coop
Henry,4280,1,04-23-2025 15:40:01,PEA River Electric Coop
Barbour,4493,1,04-23-2025 15:40:01,PEA River Electric Coop
Henry,4280,1,04-23-2025 15:55:01,PEA River Electric Coop
Barbour,4493,1,04-23-2025 15:55:01,PEA River Electric Coop
Henry,4280,1,04-23-2025 21:10:01,PEA River Electric Coop
Henry,4280,1,04-23-2025 21:25:01,PEA River Electric Coop
Henry,4280,1,04-23-2025 21:40:01,PEA River Electric Coop
Henry,4280,1,04-24-2025 16:55:00,PEA River Electric Coop
Henry,4280,1,04-24-2025 17:10:01,PEA River Electric Coop
Henry,4280,1,04-24-2025 17:25:01,PEA River Electric Coop
Dale,10444,1,04-24-2025 22:40:01,PEA River Electric Coop
Dale,10444,1,04-24-2025 22:55:01,PEA River Electric Coop
Dale,10444,1,04-24-2025 23:10:01,PEA River Electric Coop
Dale,10444,1,04-24-2025 23:25:01,PEA River Electric Coop
Dale,10444,1,04-24-2025 23:40:01,PEA River Electric Coop
Dale,10444,4,04-24-2025 23:55:01,PEA River Electric Coop
Dale,10444,4,04-25-2025 00:10:01,PEA River Electric Coop
Dale,10444,4,04-25-2025 00:25:01,PEA River Electric Coop
Henry,4280,1,04-25-2025 13:10:01,PEA River Electric Coop
Henry,4280,20,04-25-2025 13:25:01,PEA River Electric Coop
Barbour,4493,2,04-25-2025 13:25:01,PEA River Electric Coop
Henry,4280,20,04-25-2025 13:40:01,PEA River Electric Coop
Barbour,4493,2,04-25-2025 13:40:01,PEA River Electric Coop
Henry,4280,20,04-25-2025 13:55:01,PEA River Electric Coop
Barbour,4493,2,04-25-2025 13:55:01,PEA River Electric Coop
Henry,4280,20,04-25-2025 14:10:01,PEA River Electric Coop
Barbour,4493,2,04-25-2025 14:10:01,PEA River Electric Coop
Dale,10444,2,04-25-2025 14:10:01,PEA River Electric Coop
Henry,4280,20,04-25-2025 14:25:01,PEA River Electric Coop
Barbour,4493,2,04-25-2025 14:25:01,PEA River Electric Coop
Henry,4280,20,04-25-2025 14:40:01,PEA River Electric Coop
Barbour,4493,2,04-25-2025 14:40:01,PEA River Electric Coop
Henry,4280,20,04-25-2025 14:55:01,PEA River Electric Coop
Barbour,4493,2,04-25-2025 14:55:01,PEA River Electric Coop
Henry,4280,20,04-25-2025 15:10:01,PEA River Electric Coop
Barbour,4493,2,04-25-2025 15:10:01,PEA River Electric Coop
Henry,4280,20,04-25-2025 15:25:00,PEA River Electric Coop
Barbour,4493,2,04-25-2025 15:25:00,PEA River Electric Coop
Dale,10444,28,04-25-2025 22:40:01,PEA River Electric Coop
Dale,10444,28,04-25-2025 22:55:01,PEA River Electric Coop
Dale,10444,28,04-25-2025 23:10:01,PEA River Electric Coop
Barbour,4493,6,04-26-2025 15:10:01,PEA River Electric Coop
Barbour,4493,6,04-26-2025 15:25:01,PEA River Electric Coop
Barbour,4493,4,04-26-2025 16:10:02,PEA River Electric Coop
Barbour,4493,4,04-26-2025 16:25:00,PEA River Electric Coop
Barbour,4493,4,04-26-2025 16:55:01,PEA River Electric Coop
Barbour,4493,9,04-26-2025 17:40:01,PEA River Electric Coop
Barbour,4493,9,04-26-2025 17:55:01,PEA River Electric Coop
Barbour,4493,8,04-26-2025 18:10:01,PEA River Electric Coop
Barbour,4493,8,04-26-2025 18:25:01,PEA River Electric Coop
Henry,4280,2,04-26-2025 22:10:01,PEA River Electric Coop
Henry,4280,2,04-26-2025 22:25:01,PEA River Electric Coop
Henry,4280,2,04-26-2025 22:40:01,PEA River Electric Coop
Henry,4280,2,04-26-2025 22:55:01,PEA River Electric Coop
Henry,4280,11,04-26-2025 23:10:01,PEA River Electric Coop
Barbour,4493,3,04-27-2025 22:10:01,PEA River Electric Coop
Barbour,4493,3,04-27-2025 22:25:01,PEA River Electric Coop
Barbour,4493,16,04-27-2025 22:40:01,PEA River Electric Coop
Barbour,4493,16,04-27-2025 22:55:01,PEA River Electric Coop
Barbour,4493,16,04-27-2025 23:10:01,PEA River Electric Coop
Barbour,4493,16,04-27-2025 23:25:01,PEA River Electric Coop
Dale,10444,1,04-27-2025 23:25:01,PEA River Electric Coop
Barbour,4493,13,04-27-2025 23:40:01,PEA River Electric Coop
Dale,10444,1,04-27-2025 23:40:01,PEA River Electric Coop
Barbour,4493,1,04-27-2025 23:55:01,PEA River Electric Coop
Dale,10444,4,04-27-2025 23:55:01,PEA River Electric Coop
Barbour,4493,1,04-28-2025 00:10:01,PEA River Electric Coop
Dale,10444,4,04-28-2025 00:10:01,PEA River Electric Coop
Barbour,4493,1,04-28-2025 00:25:01,PEA River Electric Coop
Dale,10444,3,04-28-2025 00:25:01,PEA River Electric Coop
Barbour,4493,1,04-28-2025 00:40:00,PEA River Electric Coop
Dale,10444,3,04-28-2025 00:40:00,PEA River Electric Coop
Dale,10444,1,04-28-2025 03:40:01,PEA River Electric Coop
Dale,10444,1,04-28-2025 03:55:01,PEA River Electric Coop
Dale,10444,1,04-28-2025 04:10:00,PEA River Electric Coop
Dale,10444,1,04-28-2025 04:25:01,PEA River Electric Coop
Dale,10444,1,04-28-2025 04:40:01,PEA River Electric Coop
Dale,10444,1,04-29-2025 00:25:01,PEA River Electric Coop
Dale,10444,1,04-29-2025 00:40:01,PEA River Electric Coop
Dale,10444,1,04-29-2025 12:40:01,PEA River Electric Coop
Dale,10444,1,04-29-2025 12:55:01,PEA River Electric Coop
Dale,10444,1,04-29-2025 13:10:01,PEA River Electric Coop
Dale,10444,1,04-29-2025 13:25:01,PEA River Electric Coop
Barbour,4493,31,04-29-2025 18:40:01,PEA River Electric Coop
Barbour,4493,31,04-29-2025 18:55:00,PEA River Electric Coop
Barbour,4493,31,04-29-2025 19:10:01,PEA River Electric Coop
Barbour,4493,31,04-29-2025 19:25:01,PEA River Electric Coop
Barbour,4493,31,04-29-2025 19:40:01,PEA River Electric Coop
Barbour,4493,31,04-29-2025 19:55:01,PEA River Electric Coop
Barbour,4493,31,04-29-2025 20:10:01,PEA River Electric Coop
Henry,4280,20,04-30-2025 19:10:01,PEA River Electric Coop
Henry,4280,20,04-30-2025 19:25:01,PEA River Electric Coop
Barbour,4493,1,05-01-2025 00:10:00,PEA River Electric Coop
Barbour,4493,1,05-01-2025 00:25:01,PEA River Electric Coop
Barbour,4493,1,05-01-2025 00:40:01,PEA River Electric Coop
Barbour,4493,1,05-01-2025 00:55:01,PEA River Electric Coop
Dale,10444,3,05-02-2025 13:25:01,PEA River Electric Coop
Dale,10444,1,05-03-2025 23:10:01,PEA River Electric Coop
Dale,10444,1,05-03-2025 23:25:01,PEA River Electric Coop
Dale,10444,1,05-03-2025 23:40:01,PEA River Electric Coop
Dale,10444,1,05-03-2025 23:55:01,PEA River Electric Coop
Henry,4280,1,05-04-2025 00:10:01,PEA River Electric Coop
Henry,4280,1,05-04-2025 00:25:01,PEA River Electric Coop
Henry,4280,1,05-04-2025 00:40:01,PEA River Electric Coop
Henry,4280,1,05-04-2025 00:55:01,PEA River Electric Coop
Henry,4280,1,05-04-2025 01:10:01,PEA River Electric Coop
Barbour,4493,29,05-04-2025 01:10:01,PEA River Electric Coop
Henry,4280,1,05-04-2025 01:25:01,PEA River Electric Coop
Barbour,4493,29,05-04-2025 01:25:01,PEA River Electric Coop
Henry,4280,1,05-04-2025 01:40:01,PEA River Electric Coop
Barbour,4493,29,05-04-2025 01:40:01,PEA River Electric Coop
Barbour,4493,29,05-04-2025 01:55:01,PEA River Electric Coop
Barbour,4493,1,05-04-2025 02:55:01,PEA River Electric Coop
Barbour,4493,1,05-04-2025 03:10:01,PEA River Electric Coop
Barbour,4493,1,05-04-2025 03:25:01,PEA River Electric Coop
Barbour,4493,1,05-04-2025 03:40:01,PEA River Electric Coop
Dale,10444,1,05-04-2025 12:25:01,PEA River Electric Coop
Dale,10444,1,05-04-2025 12:40:01,PEA River Electric Coop
Dale,10444,1,05-04-2025 12:55:01,PEA River Electric Coop
Dale,10444,2,05-04-2025 13:10:01,PEA River Electric Coop
Dale,10444,1,05-04-2025 13:25:01,PEA River Electric Coop
Dale,10444,1,05-04-2025 13:40:01,PEA River Electric Coop
Dale,10444,1,05-04-2025 13:55:01,PEA River Electric Coop
Barbour,4493,1,05-04-2025 16:10:01,PEA River Electric Coop
Barbour,4493,1,05-04-2025 16:25:01,PEA River Electric Coop
Barbour,4493,1,05-04-2025 16:40:01,PEA River Electric Coop
Barbour,4493,1,05-04-2025 16:55:01,PEA River Electric Coop
Barbour,4493,1,05-04-2025 17:10:01,PEA River Electric Coop
Barbour,4493,1,05-04-2025 17:25:01,PEA River Electric Coop
Barbour,4493,1,05-04-2025 17:40:01,PEA River Electric Coop
Dale,10444,19,05-05-2025 13:55:01,PEA River Electric Coop
Dale,10444,19,05-05-2025 14:10:01,PEA River Electric Coop
Dale,10444,19,05-05-2025 14:25:01,PEA River Electric Coop
Dale,10444,19,05-05-2025 14:40:01,PEA River Electric Coop
Dale,10444,19,05-05-2025 14:55:01,PEA River Electric Coop
Dale,10444,19,05-05-2025 15:10:02,PEA River Electric Coop
Dale,10444,19,05-05-2025 15:25:01,PEA River Electric Coop
Dale,10444,19,05-05-2025 15:40:01,PEA River Electric Coop
Dale,10444,19,05-05-2025 15:55:01,PEA River Electric Coop
Dale,10444,19,05-05-2025 16:10:01,PEA River Electric Coop
Dale,10444,19,05-05-2025 16:25:01,PEA River Electric Coop
Dale,10444,19,05-05-2025 16:40:01,PEA River Electric Coop
Dale,10444,1,05-07-2025 00:40:01,PEA River Electric Coop
Dale,10444,1,05-07-2025 00:55:01,PEA River Electric Coop
Dale,10444,1,05-07-2025 01:10:01,PEA River Electric Coop
Dale,10444,1,05-07-2025 01:25:01,PEA River Electric Coop
Dale,10444,1,05-07-2025 14:40:00,PEA River Electric Coop
Dale,10444,1,05-07-2025 14:55:01,PEA River Electric Coop
Dale,10444,1,05-07-2025 15:10:01,PEA River Electric Coop
Dale,10444,1,05-07-2025 15:25:01,PEA River Electric Coop
Dale,10444,1,05-07-2025 15:40:01,PEA River Electric Coop
Dale,10444,1,05-07-2025 15:55:01,PEA River Electric Coop
Dale,10444,1,05-07-2025 16:10:01,PEA River Electric Coop
Dale,10444,1,05-07-2025 16:25:00,PEA River Electric Coop
Barbour,4493,1,05-07-2025 16:55:01,PEA River Electric Coop
Barbour,4493,31,05-07-2025 17:10:01,PEA River Electric Coop
Barbour,4493,31,05-07-2025 17:25:00,PEA River Electric Coop
Barbour,4493,31,05-07-2025 17:40:00,PEA River Electric Coop
Barbour,4493,31,05-07-2025 17:55:01,PEA River Electric Coop
Barbour,4493,31,05-07-2025 18:10:01,PEA River Electric Coop
Barbour,4493,31,05-07-2025 18:25:01,PEA River Electric Coop
Dale,10444,2,05-07-2025 19:40:01,PEA River Electric Coop
Dale,10444,2,05-07-2025 19:55:00,PEA River Electric Coop
Dale,10444,2,05-07-2025 20:10:01,PEA River Electric Coop
Dale,10444,2,05-07-2025 20:25:01,PEA River Electric Coop
Dale,10444,1,05-07-2025 20:40:01,PEA River Electric Coop
Dale,10444,1,05-07-2025 20:55:01,PEA River Electric Coop
Dale,10444,1,05-07-2025 21:10:01,PEA River Electric Coop
Dale,10444,1,05-07-2025 21:25:01,PEA River Electric Coop
Geneva,4,4,05-08-2025 14:10:02,PEA River Electric Coop
Coffee,314,16,05-08-2025 14:10:02,PEA River Electric Coop
Dale,10444,10,05-08-2025 14:10:02,PEA River Electric Coop
Geneva,4,4,05-08-2025 14:25:02,PEA River Electric Coop
Coffee,314,16,05-08-2025 14:25:02,PEA River Electric Coop
Dale,10444,54,05-08-2025 14:25:02,PEA River Electric Coop
Geneva,4,4,05-08-2025 14:40:02,PEA River Electric Coop
Coffee,314,16,05-08-2025 14:40:02,PEA River Electric Coop
Dale,10444,5,05-08-2025 14:40:02,PEA River Electric Coop
Geneva,4,4,05-08-2025 14:55:02,PEA River Electric Coop
Coffee,314,16,05-08-2025 14:55:02,PEA River Electric Coop
Dale,10444,5,05-08-2025 14:55:02,PEA River Electric Coop
Geneva,4,4,05-08-2025 15:10:02,PEA River Electric Coop
Coffee,314,16,05-08-2025 15:10:02,PEA River Electric Coop
Dale,10444,5,05-08-2025 15:10:02,PEA River Electric Coop
Geneva,4,4,05-08-2025 15:25:02,PEA River Electric Coop
Coffee,314,16,05-08-2025 15:25:02,PEA River Electric Coop
Dale,10444,5,05-08-2025 15:25:02,PEA River Electric Coop
Geneva,4,4,05-08-2025 15:40:01,PEA River Electric Coop
Coffee,314,16,05-08-2025 15:40:01,PEA River Electric Coop
Dale,10444,5,05-08-2025 15:40:01,PEA River Electric Coop
Geneva,4,4,05-08-2025 15:55:02,PEA River Electric Coop
Coffee,314,16,05-08-2025 15:55:02,PEA River Electric Coop
Dale,10444,5,05-08-2025 15:55:02,PEA River Electric Coop
Geneva,4,4,05-08-2025 16:10:01,PEA River Electric Coop
Coffee,314,16,05-08-2025 16:10:01,PEA River Electric Coop
Dale,10444,5,05-08-2025 16:10:01,PEA River Electric Coop
Dale,10444,1,05-08-2025 21:55:01,PEA River Electric Coop
Dale,10444,1,05-08-2025 22:10:01,PEA River Electric Coop
Dale,10444,1,05-08-2025 22:25:01,PEA River Electric Coop
Dale,10444,1,05-08-2025 22:40:01,PEA River Electric Coop
Coffee,314,17,05-08-2025 23:10:01,PEA River Electric Coop
Dale,10444,2,05-09-2025 00:25:01,PEA River Electric Coop
Dale,10444,9,05-09-2025 00:40:01,PEA River Electric Coop
Dale,10444,9,05-09-2025 00:55:01,PEA River Electric Coop
Dale,10444,9,05-09-2025 01:10:01,PEA River Electric Coop
Dale,10444,9,05-09-2025 01:25:01,PEA River Electric Coop
Dale,10444,9,05-09-2025 01:40:01,PEA River Electric Coop
Dale,10444,9,05-09-2025 01:55:01,PEA River Electric Coop
Henry,4280,3,05-09-2025 18:25:00,PEA River Electric Coop
Henry,4280,3,05-09-2025 18:40:01,PEA River Electric Coop
Dale,10444,1,05-09-2025 18:55:01,PEA River Electric Coop
Dale,10444,1,05-09-2025 19:10:01,PEA River Electric Coop
Dale,10444,18,05-10-2025 00:40:00,PEA River Electric Coop
Dale,10444,18,05-10-2025 00:55:01,PEA River Electric Coop
Dale,10444,18,05-10-2025 01:10:01,PEA River Electric Coop
Dale,10444,18,05-10-2025 01:25:01,PEA River Electric Coop
Dale,10444,18,05-10-2025 01:40:01,PEA River Electric Coop
Dale,10444,18,05-10-2025 01:55:01,PEA River Electric Coop
Dale,10444,2,05-10-2025 11:25:01,PEA River Electric Coop
Dale,10444,2,05-10-2025 11:40:01,PEA River Electric Coop
Dale,10444,2,05-10-2025 11:55:01,PEA River Electric Coop
Dale,10444,2,05-10-2025 12:10:02,PEA River Electric Coop
Dale,10444,2,05-10-2025 12:25:01,PEA River Electric Coop
Dale,10444,12,05-10-2025 14:25:01,PEA River Electric Coop
Dale,10444,12,05-10-2025 14:40:01,PEA River Electric Coop
Dale,10444,12,05-10-2025 14:55:01,PEA River Electric Coop
Dale,10444,1,05-10-2025 15:10:02,PEA River Electric Coop
Barbour,4493,2,05-10-2025 15:25:01,PEA River Electric Coop
Dale,10444,11,05-10-2025 15:25:01,PEA River Electric Coop
Henry,4280,25,05-10-2025 15:40:01,PEA River Electric Coop
Barbour,4493,2,05-10-2025 15:40:01,PEA River Electric Coop
Dale,10444,11,05-10-2025 15:40:01,PEA River Electric Coop
Henry,4280,25,05-10-2025 15:55:01,PEA River Electric Coop
Barbour,4493,2,05-10-2025 15:55:01,PEA River Electric Coop
Dale,10444,11,05-10-2025 15:55:01,PEA River Electric Coop
Henry,4280,25,05-10-2025 16:10:01,PEA River Electric Coop
Barbour,4493,2,05-10-2025 16:10:01,PEA River Electric Coop
Dale,10444,11,05-10-2025 16:10:01,PEA River Electric Coop
Henry,4280,25,05-10-2025 16:25:01,PEA River Electric Coop
Barbour,4493,2,05-10-2025 16:25:01,PEA River Electric Coop
Dale,10444,10,05-10-2025 16:25:01,PEA River Electric Coop
Henry,4280,25,05-10-2025 16:40:00,PEA River Electric Coop
Henry,4280,25,05-10-2025 16:55:01,PEA River Electric Coop
Henry,4280,25,05-10-2025 17:10:01,PEA River Electric Coop
Henry,4280,25,05-10-2025 17:25:01,PEA River Electric Coop
Dale,10444,2,05-10-2025 17:25:01,PEA River Electric Coop
Henry,4280,25,05-10-2025 17:40:01,PEA River Electric Coop
Dale,10444,2,05-10-2025 17:40:01,PEA River Electric Coop
Henry,4280,25,05-10-2025 17:55:01,PEA River Electric Coop
Dale,10444,2,05-10-2025 17:55:01,PEA River Electric Coop
Henry,4280,71,05-10-2025 18:10:01,PEA River Electric Coop
Dale,10444,2,05-10-2025 18:10:01,PEA River Electric Coop
Henry,4280,323,05-10-2025 18:25:01,PEA River Electric Coop
Dale,10444,2,05-10-2025 18:25:01,PEA River Electric Coop
Henry,4280,370,05-10-2025 18:40:01,PEA River Electric Coop
Dale,10444,2,05-10-2025 18:40:01,PEA River Electric Coop
Henry,4280,471,05-10-2025 18:55:01,PEA River Electric Coop
Dale,10444,1,05-10-2025 18:55:01,PEA River Electric Coop
Henry,4280,505,05-10-2025 19:10:01,PEA River Electric Coop
Dale,10444,1,05-10-2025 19:10:01,PEA River Electric Coop
Henry,4280,504,05-10-2025 19:25:01,PEA River Electric Coop
Dale,10444,1,05-10-2025 19:25:01,PEA River Electric Coop
Henry,4280,505,05-10-2025 19:40:01,PEA River Electric Coop
Dale,10444,1,05-10-2025 19:40:01,PEA River Electric Coop
Henry,4280,482,05-10-2025 19:55:01,PEA River Electric Coop
Dale,10444,1,05-10-2025 19:55:01,PEA River Electric Coop
Henry,4280,482,05-10-2025 20:10:01,PEA River Electric Coop
Dale,10444,1,05-10-2025 20:10:01,PEA River Electric Coop
Henry,4280,484,05-10-2025 20:25:01,PEA River Electric Coop
Dale,10444,1,05-10-2025 20:25:01,PEA River Electric Coop
Henry,4280,484,05-10-2025 20:40:01,PEA River Electric Coop
Dale,10444,1,05-10-2025 20:40:01,PEA River Electric Coop
Henry,4280,484,05-10-2025 20:55:01,PEA River Electric Coop
Dale,10444,1,05-10-2025 20:55:01,PEA River Electric Coop
Henry,4280,434,05-10-2025 21:10:01,PEA River Electric Coop
Dale,10444,1,05-10-2025 21:10:01,PEA River Electric Coop
Henry,4280,434,05-10-2025 21:25:01,PEA River Electric Coop
Dale,10444,1,05-10-2025 21:25:01,PEA River Electric Coop
Henry,4280,432,05-10-2025 21:40:01,PEA River Electric Coop
Dale,10444,1,05-10-2025 21:40:01,PEA River Electric Coop
Henry,4280,432,05-10-2025 21:55:01,PEA River Electric Coop
Dale,10444,1,05-10-2025 21:55:01,PEA River Electric Coop
Henry,4280,432,05-10-2025 22:10:00,PEA River Electric Coop
Dale,10444,1,05-10-2025 22:10:00,PEA River Electric Coop
Henry,4280,432,05-10-2025 22:25:01,PEA River Electric Coop
Dale,10444,1,05-10-2025 22:25:01,PEA River Electric Coop
Henry,4280,432,05-10-2025 22:40:00,PEA River Electric Coop
Dale,10444,1,05-10-2025 22:40:00,PEA River Electric Coop
Henry,4280,432,05-10-2025 22:55:01,PEA River Electric Coop
Dale,10444,1,05-10-2025 22:55:01,PEA River Electric Coop
Henry,4280,432,05-10-2025 23:10:01,PEA River Electric Coop
Dale,10444,1,05-10-2025 23:10:01,PEA River Electric Coop
Henry,4280,432,05-10-2025 23:25:01,PEA River Electric Coop
Dale,10444,1,05-10-2025 23:25:01,PEA River Electric Coop
Henry,4280,432,05-10-2025 23:40:01,PEA River Electric Coop
Dale,10444,1,05-10-2025 23:40:01,PEA River Electric Coop
Henry,4280,430,05-10-2025 23:55:01,PEA River Electric Coop
Henry,4280,430,05-11-2025 00:10:00,PEA River Electric Coop
Henry,4280,1,05-11-2025 01:25:01,PEA River Electric Coop
Henry,4280,1,05-11-2025 01:40:01,PEA River Electric Coop
Henry,4280,2,05-11-2025 01:55:00,PEA River Electric Coop
Henry,4280,2,05-11-2025 02:10:01,PEA River Electric Coop
Henry,4280,1,05-11-2025 02:25:01,PEA River Electric Coop
Henry,4280,1,05-11-2025 02:40:01,PEA River Electric Coop
Henry,4280,1,05-11-2025 02:55:01,PEA River Electric Coop
Barbour,4493,1,05-11-2025 08:10:01,PEA River Electric Coop
Barbour,4493,1,05-11-2025 08:25:01,PEA River Electric Coop
Barbour,4493,30,05-11-2025 08:40:00,PEA River Electric Coop
Barbour,4493,30,05-11-2025 08:55:01,PEA River Electric Coop
Barbour,4493,30,05-11-2025 09:10:00,PEA River Electric Coop
Barbour,4493,30,05-11-2025 09:25:01,PEA River Electric Coop
Barbour,4493,30,05-11-2025 09:40:01,PEA River Electric Coop
Barbour,4493,30,05-11-2025 09:55:01,PEA River Electric Coop
Barbour,4493,30,05-11-2025 10:10:01,PEA River Electric Coop
Barbour,4493,30,05-11-2025 10:25:01,PEA River Electric Coop
Barbour,4493,30,05-11-2025 10:40:01,PEA River Electric Coop
Barbour,4493,30,05-11-2025 10:55:01,PEA River Electric Coop
Barbour,4493,30,05-11-2025 11:10:01,PEA River Electric Coop
Barbour,4493,30,05-11-2025 11:25:01,PEA River Electric Coop
Barbour,4493,30,05-11-2025 11:40:01,PEA River Electric Coop
Dale,10444,2,05-11-2025 12:25:01,PEA River Electric Coop
Dale,10444,25,05-11-2025 12:40:01,PEA River Electric Coop
Dale,10444,25,05-11-2025 12:55:00,PEA River Electric Coop
Dale,10444,1,05-11-2025 13:10:01,PEA River Electric Coop
Dale,10444,1,05-11-2025 13:25:01,PEA River Electric Coop
Dale,10444,1,05-11-2025 13:40:01,PEA River Electric Coop
Dale,10444,1,05-11-2025 13:55:01,PEA River Electric Coop
Dale,10444,5,05-11-2025 17:55:02,PEA River Electric Coop
Dale,10444,22,05-11-2025 18:10:01,PEA River Electric Coop
Dale,10444,23,05-11-2025 18:25:01,PEA River Electric Coop
Dale,10444,24,05-11-2025 18:40:01,PEA River Electric Coop
Dale,10444,24,05-11-2025 18:55:01,PEA River Electric Coop
Dale,10444,24,05-11-2025 19:10:01,PEA River Electric Coop
Dale,10444,24,05-11-2025 19:25:00,PEA River Electric Coop
Dale,10444,24,05-11-2025 19:40:01,PEA River Electric Coop
Dale,10444,19,05-11-2025 19:55:00,PEA River Electric Coop
Dale,10444,33,05-11-2025 20:10:00,PEA River Electric Coop
Dale,10444,33,05-11-2025 20:25:01,PEA River Electric Coop
Dale,10444,1,05-11-2025 23:55:00,PEA River Electric Coop
Dale,10444,3,05-12-2025 02:40:00,PEA River Electric Coop
Dale,10444,3,05-12-2025 02:55:01,PEA River Electric Coop
Dale,10444,3,05-12-2025 03:10:01,PEA River Electric Coop
Dale,10444,3,05-12-2025 03:25:00,PEA River Electric Coop
Dale,10444,3,05-12-2025 03:40:01,PEA River Electric Coop
Henry,4280,10,05-12-2025 03:55:01,PEA River Electric Coop
Dale,10444,3,05-12-2025 03:55:01,PEA River Electric Coop
Henry,4280,10,05-12-2025 04:10:00,PEA River Electric Coop
Barbour,4493,3,05-12-2025 04:10:00,PEA River Electric Coop
Henry,4280,10,05-12-2025 04:25:01,PEA River Electric Coop
Barbour,4493,3,05-12-2025 04:25:01,PEA River Electric Coop
Henry,4280,10,05-12-2025 04:40:01,PEA River Electric Coop
Barbour,4493,3,05-12-2025 04:40:01,PEA River Electric Coop
Henry,4280,10,05-12-2025 04:55:00,PEA River Electric Coop
Barbour,4493,3,05-12-2025 04:55:00,PEA River Electric Coop
Henry,4280,10,05-12-2025 05:10:01,PEA River Electric Coop
Barbour,4493,3,05-12-2025 05:10:01,PEA River Electric Coop
Henry,4280,10,05-12-2025 05:25:01,PEA River Electric Coop
Barbour,4493,3,05-12-2025 05:25:01,PEA River Electric Coop
Barbour,4493,3,05-12-2025 05:40:01,PEA River Electric Coop
Barbour,4493,3,05-12-2025 05:55:01,PEA River Electric Coop
Barbour,4493,3,05-12-2025 06:10:01,PEA River Electric Coop
Dale,10444,2,05-12-2025 06:25:01,PEA River Electric Coop
Dale,10444,1,05-12-2025 14:40:01,PEA River Electric Coop
Dale,10444,2,05-12-2025 19:25:01,PEA River Electric Coop
Dale,10444,2,05-12-2025 19:40:00,PEA River Electric Coop
Dale,10444,1,05-12-2025 23:10:01,PEA River Electric Coop
Dale,10444,4,05-13-2025 00:10:01,PEA River Electric Coop
Dale,10444,4,05-13-2025 00:40:01,PEA River Electric Coop
Dale,10444,4,05-13-2025 00:55:00,PEA River Electric Coop
Dale,10444,4,05-13-2025 01:10:00,PEA River Electric Coop
Dale,10444,4,05-13-2025 01:25:01,PEA River Electric Coop
Dale,10444,4,05-13-2025 01:40:01,PEA River Electric Coop
Dale,10444,14,05-13-2025 15:40:01,PEA River Electric Coop
Dale,10444,14,05-13-2025 15:55:01,PEA River Electric Coop
Dale,10444,17,05-13-2025 16:10:01,PEA River Electric Coop
Dale,10444,17,05-13-2025 16:25:01,PEA River Electric Coop
Dale,10444,17,05-13-2025 16:40:01,PEA River Electric Coop
Dale,10444,3,05-13-2025 16:55:01,PEA River Electric Coop
Dale,10444,3,05-13-2025 17:10:01,PEA River Electric Coop
Dale,10444,1,05-13-2025 20:55:01,PEA River Electric Coop
Dale,10444,1,05-13-2025 21:10:01,PEA River Electric Coop
Dale,10444,1,05-13-2025 21:25:00,PEA River Electric Coop
Dale,10444,1,05-13-2025 21:40:01,PEA River Electric Coop
Henry,4280,1,05-13-2025 21:55:00,PEA River Electric Coop
Henry,4280,1,05-13-2025 22:10:01,PEA River Electric Coop
Henry,4280,1,05-13-2025 22:25:01,PEA River Electric Coop
Henry,4280,1,05-13-2025 22:40:01,PEA River Electric Coop
Dale,10444,1,05-14-2025 01:55:01,PEA River Electric Coop
Dale,10444,1,05-14-2025 02:10:01,PEA River Electric Coop
Dale,10444,3,05-14-2025 10:55:01,PEA River Electric Coop
Dale,10444,3,05-14-2025 11:10:00,PEA River Electric Coop
Dale,10444,3,05-14-2025 11:25:01,PEA River Electric Coop
Dale,10444,3,05-14-2025 11:40:01,PEA River Electric Coop
Dale,10444,3,05-14-2025 11:55:01,PEA River Electric Coop
Dale,10444,3,05-14-2025 12:10:01,PEA River Electric Coop
Dale,10444,3,05-14-2025 12:25:00,PEA River Electric Coop
Barbour,4493,1,05-14-2025 14:55:01,PEA River Electric Coop
Barbour,4493,1,05-14-2025 15:10:01,PEA River Electric Coop
Barbour,4493,1,05-14-2025 15:25:01,PEA River Electric Coop
Barbour,4493,1,05-14-2025 15:40:01,PEA River Electric Coop
Barbour,4493,1,05-14-2025 15:55:01,PEA River Electric Coop
Barbour,4493,1,05-14-2025 16:10:01,PEA River Electric Coop
Barbour,4493,1,05-14-2025 16:25:01,PEA River Electric Coop
Barbour,4493,1,05-14-2025 16:40:01,PEA River Electric Coop
Barbour,4493,1,05-14-2025 16:55:01,PEA River Electric Coop
Dale,10444,1,05-14-2025 17:25:01,PEA River Electric Coop
Dale,10444,1,05-14-2025 17:40:01,PEA River Electric Coop
Dale,10444,1,05-14-2025 17:55:01,PEA River Electric Coop
Dale,10444,1,05-14-2025 18:10:01,PEA River Electric Coop
Dale,10444,1,05-14-2025 18:25:01,PEA River Electric Coop
Dale,10444,1,05-14-2025 18:40:00,PEA River Electric Coop
Dale,10444,1,05-14-2025 18:55:01,PEA River Electric Coop
Dale,10444,1,05-14-2025 19:10:01,PEA River Electric Coop
Dale,10444,1,05-14-2025 19:25:01,PEA River Electric Coop
Dale,10444,2,05-14-2025 23:10:01,PEA River Electric Coop
Dale,10444,2,05-14-2025 23:25:01,PEA River Electric Coop
Dale,10444,2,05-14-2025 23:40:01,PEA River Electric Coop
Dale,10444,2,05-14-2025 23:55:01,PEA River Electric Coop
Dale,10444,2,05-15-2025 00:10:01,PEA River Electric Coop
Dale,10444,18,05-15-2025 11:40:01,PEA River Electric Coop
Dale,10444,18,05-15-2025 11:55:01,PEA River Electric Coop
Dale,10444,18,05-15-2025 12:10:01,PEA River Electric Coop
Dale,10444,18,05-15-2025 12:25:01,PEA River Electric Coop
Dale,10444,18,05-15-2025 12:40:01,PEA River Electric Coop
Barbour,4493,1,05-15-2025 21:40:01,PEA River Electric Coop
Barbour,4493,1,05-15-2025 21:55:01,PEA River Electric Coop
Barbour,4493,1,05-15-2025 22:10:01,PEA River Electric Coop
Barbour,4493,1,05-15-2025 22:25:01,PEA River Electric Coop
Dale,10444,1,05-16-2025 18:40:01,PEA River Electric Coop
Dale,10444,1,05-16-2025 18:55:01,PEA River Electric Coop
Dale,10444,1,05-16-2025 19:10:01,PEA River Electric Coop
Coffee,314,13,05-17-2025 14:40:01,PEA River Electric Coop
Dale,10444,264,05-17-2025 14:40:01,PEA River Electric Coop
Coffee,314,13,05-17-2025 14:55:01,PEA River Electric Coop
Dale,10444,264,05-17-2025 14:55:01,PEA River Electric Coop
Coffee,314,13,05-17-2025 15:10:01,PEA River Electric Coop
Dale,10444,264,05-17-2025 15:10:01,PEA River Electric Coop
Coffee,314,13,05-17-2025 15:25:01,PEA River Electric Coop
Dale,10444,264,05-17-2025 15:25:01,PEA River Electric Coop
Coffee,314,13,05-17-2025 15:40:02,PEA River Electric Coop
Dale,10444,264,05-17-2025 15:40:02,PEA River Electric Coop
Dale,10444,2,05-17-2025 23:40:01,PEA River Electric Coop
Dale,10444,2,05-17-2025 23:55:00,PEA River Electric Coop
Dale,10444,4,05-18-2025 00:10:01,PEA River Electric Coop
Dale,10444,4,05-18-2025 00:25:01,PEA River Electric Coop
Dale,10444,4,05-18-2025 00:40:01,PEA River Electric Coop
Dale,10444,2,05-18-2025 00:55:01,PEA River Electric Coop
Dale,10444,3,05-18-2025 01:10:01,PEA River Electric Coop
Dale,10444,3,05-18-2025 01:25:01,PEA River Electric Coop
Barbour,4493,3,05-18-2025 06:25:01,PEA River Electric Coop
Barbour,4493,3,05-18-2025 06:40:01,PEA River Electric Coop
Barbour,4493,3,05-18-2025 06:55:01,PEA River Electric Coop
Dale,10444,1,05-18-2025 16:55:01,PEA River Electric Coop
Barbour,4493,1,05-19-2025 16:40:01,PEA River Electric Coop
Barbour,4493,1,05-19-2025 16:55:01,PEA River Electric Coop
Barbour,4493,1,05-19-2025 17:10:00,PEA River Electric Coop
Barbour,4493,1,05-19-2025 17:25:01,PEA River Electric Coop
Barbour,4493,1,05-19-2025 17:40:00,PEA River Electric Coop
Barbour,4493,1,05-19-2025 17:55:01,PEA River Electric Coop
Henry,4280,2,05-19-2025 21:10:01,PEA River Electric Coop
Henry,4280,1,05-21-2025 09:40:01,PEA River Electric Coop
Henry,4280,1,05-21-2025 09:55:01,PEA River Electric Coop
Henry,4280,1,05-21-2025 10:10:00,PEA River Electric Coop
Henry,4280,1,05-21-2025 10:25:01,PEA River Electric Coop
Barbour,4493,1,05-21-2025 10:25:01,PEA River Electric Coop
Henry,4280,1,05-21-2025 10:40:01,PEA River Electric Coop
Barbour,4493,1,05-21-2025 10:40:01,PEA River Electric Coop
Barbour,4493,1,05-21-2025 10:55:01,PEA River Electric Coop
Henry,4280,1,05-21-2025 11:10:00,PEA River Electric Coop
Barbour,4493,1,05-21-2025 11:10:00,PEA River Electric Coop
Henry,4280,1,05-21-2025 11:25:01,PEA River Electric Coop
Barbour,4493,1,05-21-2025 11:25:01,PEA River Electric Coop
Henry,4280,1,05-21-2025 11:40:01,PEA River Electric Coop
Barbour,4493,1,05-21-2025 11:40:01,PEA River Electric Coop
Henry,4280,1,05-21-2025 11:55:01,PEA River Electric Coop
Henry,4280,1,05-21-2025 12:10:01,PEA River Electric Coop
Dale,10444,1,05-21-2025 12:10:01,PEA River Electric Coop
Henry,4280,1,05-21-2025 12:25:01,PEA River Electric Coop
Dale,10444,1,05-21-2025 12:25:01,PEA River Electric Coop
Henry,4280,1,05-21-2025 12:40:01,PEA River Electric Coop
Dale,10444,1,05-21-2025 12:40:01,PEA River Electric Coop
Dale,10444,1,05-21-2025 14:25:00,PEA River Electric Coop
Dale,10444,1,05-21-2025 14:40:00,PEA River Electric Coop
Dale,10444,1,05-21-2025 14:55:00,PEA River Electric Coop
Dale,10444,1,05-21-2025 15:10:01,PEA River Electric Coop
Dale,10444,1,05-21-2025 15:25:01,PEA River Electric Coop
Dale,10444,1,05-21-2025 15:40:02,PEA River Electric Coop
Henry,4280,1,05-21-2025 20:40:00,PEA River Electric Coop
Henry,4280,1,05-21-2025 20:55:01,PEA River Electric Coop
Henry,4280,3,05-21-2025 21:25:01,PEA River Electric Coop
Barbour,4493,2,05-21-2025 21:40:00,PEA River Electric Coop
Henry,4280,3,05-21-2025 22:40:01,PEA River Electric Coop
Henry,4280,3,05-21-2025 22:55:01,PEA River Electric Coop
Henry,4280,3,05-21-2025 23:10:01,PEA River Electric Coop
Henry,4280,3,05-21-2025 23:25:01,PEA River Electric Coop
Henry,4280,3,05-21-2025 23:40:01,PEA River Electric Coop
Henry,4280,2,05-22-2025 01:55:01,PEA River Electric Coop
Dale,10444,1,05-22-2025 04:25:00,PEA River Electric Coop
Dale,10444,1,05-22-2025 04:40:01,PEA River Electric Coop
Dale,10444,1,05-22-2025 04:55:01,PEA River Electric Coop
Dale,10444,1,05-22-2025 05:10:01,PEA River Electric Coop
Barbour,4493,1,05-22-2025 12:55:01,PEA River Electric Coop
Barbour,4493,1,05-22-2025 13:10:01,PEA River Electric Coop
Barbour,4493,1,05-22-2025 13:25:01,PEA River Electric Coop
Barbour,4493,1,05-22-2025 13:40:01,PEA River Electric Coop
Dale,10444,1,05-22-2025 13:40:01,PEA River Electric Coop
Barbour,4493,1,05-22-2025 13:55:01,PEA River Electric Coop
Dale,10444,1,05-22-2025 13:55:01,PEA River Electric Coop
Barbour,4493,1,05-22-2025 14:10:01,PEA River Electric Coop
Dale,10444,1,05-22-2025 14:10:01,PEA River Electric Coop
Barbour,4493,1,05-22-2025 14:25:01,PEA River Electric Coop
Barbour,4493,1,05-22-2025 14:40:01,PEA River Electric Coop
Barbour,4493,1,05-22-2025 14:55:01,PEA River Electric Coop
Barbour,4493,1,05-22-2025 15:10:01,PEA River Electric Coop
Barbour,4493,1,05-22-2025 15:25:01,PEA River Electric Coop
Barbour,4493,1,05-22-2025 15:40:01,PEA River Electric Coop
Barbour,4493,1,05-22-2025 15:55:01,PEA River Electric Coop
Barbour,4493,1,05-22-2025 16:10:01,PEA River Electric Coop
Dale,10444,1,05-22-2025 20:10:01,PEA River Electric Coop
Dale,10444,1,05-22-2025 20:25:01,PEA River Electric Coop
Barbour,4493,1,05-22-2025 20:40:00,PEA River Electric Coop
Dale,10444,1,05-22-2025 20:40:00,PEA River Electric Coop
Barbour,4493,1,05-22-2025 20:55:01,PEA River Electric Coop
Dale,10444,1,05-22-2025 20:55:01,PEA River Electric Coop
Barbour,4493,1,05-22-2025 21:10:01,PEA River Electric Coop
Dale,10444,1,05-22-2025 21:10:01,PEA River Electric Coop
Dale,10444,1,05-22-2025 21:25:01,PEA River Electric Coop
Dale,10444,1,05-22-2025 21:40:01,PEA River Electric Coop
Dale,10444,1,05-22-2025 21:55:01,PEA River Electric Coop
Henry,4280,1,05-22-2025 22:10:01,PEA River Electric Coop
Dale,10444,16,05-22-2025 22:10:01,PEA River Electric Coop
Henry,4280,1,05-22-2025 22:25:01,PEA River Electric Coop
Dale,10444,16,05-22-2025 22:25:01,PEA River Electric Coop
Henry,4280,1,05-22-2025 22:40:01,PEA River Electric Coop
Dale,10444,16,05-22-2025 22:40:01,PEA River Electric Coop
Henry,4280,1,05-22-2025 22:55:01,PEA River Electric Coop
Dale,10444,16,05-22-2025 22:55:01,PEA River Electric Coop
Dale,10444,16,05-22-2025 23:25:01,PEA River Electric Coop
Dale,10444,16,05-22-2025 23:40:00,PEA River Electric Coop
Dale,10444,16,05-22-2025 23:55:01,PEA River Electric Coop
Henry,4280,1,05-23-2025 16:25:01,PEA River Electric Coop
Henry,4280,1,05-23-2025 16:40:01,PEA River Electric Coop
Henry,4280,1,05-23-2025 16:55:01,PEA River Electric Coop
Dale,10444,1,05-23-2025 23:25:01,PEA River Electric Coop
Dale,10444,1,05-23-2025 23:40:01,PEA River Electric Coop
Henry,4280,1,05-24-2025 10:10:01,PEA River Electric Coop
Henry,4280,1,05-24-2025 10:25:01,PEA River Electric Coop
Henry,4280,1,05-24-2025 10:40:01,PEA River Electric Coop
Henry,4280,1,05-24-2025 10:55:01,PEA River Electric Coop
Dale,10444,1,05-24-2025 15:55:01,PEA River Electric Coop
Dale,10444,1,05-24-2025 16:10:01,PEA River Electric Coop
Dale,10444,1,05-24-2025 16:25:01,PEA River Electric Coop
Dale,10444,1,05-24-2025 16:40:01,PEA River Electric Coop
Dale,10444,2,05-24-2025 23:25:01,PEA River Electric Coop
Henry,4280,3,05-25-2025 00:25:01,PEA River Electric Coop
Henry,4280,3,05-25-2025 00:40:01,PEA River Electric Coop
Henry,4280,3,05-25-2025 00:55:00,PEA River Electric Coop
Henry,4280,3,05-25-2025 01:10:01,PEA River Electric Coop
Dale,10444,1,05-25-2025 02:25:01,PEA River Electric Coop
Dale,10444,1,05-25-2025 02:40:01,PEA River Electric Coop
Dale,10444,1,05-25-2025 02:55:01,PEA River Electric Coop
Dale,10444,1,05-25-2025 03:10:01,PEA River Electric Coop
Dale,10444,1,05-25-2025 03:25:01,PEA River Electric Coop
Dale,10444,1,05-25-2025 03:40:01,PEA River Electric Coop
Dale,10444,1,05-25-2025 03:55:00,PEA River Electric Coop
Dale,10444,1,05-25-2025 04:10:01,PEA River Electric Coop
Dale,10444,1,05-25-2025 04:25:01,PEA River Electric Coop
Dale,10444,1,05-25-2025 04:40:01,PEA River Electric Coop
Dale,10444,1,05-25-2025 04:55:01,PEA River Electric Coop
Dale,10444,1,05-25-2025 05:10:01,PEA River Electric Coop
Dale,10444,1,05-25-2025 05:25:00,PEA River Electric Coop
Dale,10444,1,05-25-2025 05:40:01,PEA River Electric Coop
Dale,10444,1,05-25-2025 05:55:01,PEA River Electric Coop
Dale,10444,4,05-25-2025 06:10:01,PEA River Electric Coop
Dale,10444,4,05-25-2025 06:25:01,PEA River Electric Coop
Dale,10444,4,05-25-2025 06:40:00,PEA River Electric Coop
Dale,10444,4,05-25-2025 06:55:01,PEA River Electric Coop
Dale,10444,1,05-25-2025 07:10:01,PEA River Electric Coop
Dale,10444,1,05-25-2025 07:25:01,PEA River Electric Coop
Dale,10444,1,05-25-2025 07:40:01,PEA River Electric Coop
Dale,10444,1,05-25-2025 07:55:01,PEA River Electric Coop
Dale,10444,1,05-25-2025 08:10:01,PEA River Electric Coop
Dale,10444,1,05-25-2025 08:25:01,PEA River Electric Coop
Dale,10444,1,05-25-2025 08:40:01,PEA River Electric Coop
Dale,10444,1,05-25-2025 08:55:01,PEA River Electric Coop
Dale,10444,1,05-25-2025 09:10:00,PEA River Electric Coop
Dale,10444,1,05-25-2025 09:25:01,PEA River Electric Coop
Dale,10444,1,05-25-2025 09:40:01,PEA River Electric Coop
Dale,10444,1,05-25-2025 09:55:01,PEA River Electric Coop
Dale,10444,1,05-25-2025 10:10:01,PEA River Electric Coop
Dale,10444,1,05-25-2025 10:25:01,PEA River Electric Coop
Dale,10444,1,05-25-2025 10:40:01,PEA River Electric Coop
Dale,10444,1,05-25-2025 10:55:01,PEA River Electric Coop
Dale,10444,1,05-25-2025 11:10:01,PEA River Electric Coop
Dale,10444,1,05-25-2025 11:25:01,PEA River Electric Coop
Dale,10444,1,05-25-2025 11:40:01,PEA River Electric Coop
Dale,10444,1,05-25-2025 11:55:01,PEA River Electric Coop
Dale,10444,1,05-25-2025 12:10:01,PEA River Electric Coop
Dale,10444,1,05-25-2025 12:25:01,PEA River Electric Coop
Dale,10444,1,05-25-2025 12:40:01,PEA River Electric Coop
Dale,10444,1,05-25-2025 12:55:01,PEA River Electric Coop
Dale,10444,1,05-25-2025 13:10:01,PEA River Electric Coop
Dale,10444,1,05-25-2025 13:25:00,PEA River Electric Coop
Dale,10444,1,05-25-2025 13:40:01,PEA River Electric Coop
Dale,10444,1,05-25-2025 13:55:01,PEA River Electric Coop
Barbour,4493,1,05-25-2025 14:10:00,PEA River Electric Coop
Dale,10444,1,05-25-2025 14:10:00,PEA River Electric Coop
Barbour,4493,33,05-25-2025 14:25:01,PEA River Electric Coop
Dale,10444,1,05-25-2025 14:25:01,PEA River Electric Coop
Barbour,4493,4,05-25-2025 14:40:01,PEA River Electric Coop
Dale,10444,1,05-25-2025 14:40:01,PEA River Electric Coop
Barbour,4493,3,05-25-2025 14:55:00,PEA River Electric Coop
Henry,4280,2,05-25-2025 20:40:01,PEA River Electric Coop
Henry,4280,2,05-25-2025 20:55:01,PEA River Electric Coop
Henry,4280,2,05-25-2025 21:10:01,PEA River Electric Coop
Henry,4280,2,05-25-2025 21:25:01,PEA River Electric Coop
Henry,4280,2,05-25-2025 21:40:01,PEA River Electric Coop
Coffee,314,1,05-25-2025 22:25:01,PEA River Electric Coop
Coffee,314,1,05-25-2025 22:40:01,PEA River Electric Coop
Coffee,314,1,05-25-2025 22:55:01,PEA River Electric Coop
Dale,10444,4,05-26-2025 12:25:01,PEA River Electric Coop
Dale,10444,4,05-26-2025 12:40:01,PEA River Electric Coop
Dale,10444,7,05-26-2025 12:55:01,PEA River Electric Coop
Dale,10444,5,05-26-2025 13:10:01,PEA River Electric Coop
Dale,10444,1,05-26-2025 13:55:01,PEA River Electric Coop
Dale,10444,1,05-26-2025 14:10:01,PEA River Electric Coop
Dale,10444,1,05-26-2025 21:10:01,PEA River Electric Coop
Dale,10444,1,05-26-2025 21:25:01,PEA River Electric Coop
Dale,10444,1,05-26-2025 21:40:01,PEA River Electric Coop
Dale,10444,1,05-26-2025 21:55:01,PEA River Electric Coop
Henry,4280,14,05-27-2025 02:10:01,PEA River Electric Coop
Barbour,4493,2,05-27-2025 02:10:01,PEA River Electric Coop
Henry,4280,14,05-27-2025 02:25:01,PEA River Electric Coop
Barbour,4493,16,05-27-2025 02:25:01,PEA River Electric Coop
Henry,4280,14,05-27-2025 02:40:01,PEA River Electric Coop
Barbour,4493,16,05-27-2025 02:40:01,PEA River Electric Coop
Henry,4280,15,05-27-2025 02:55:01,PEA River Electric Coop
Barbour,4493,16,05-27-2025 02:55:01,PEA River Electric Coop
Henry,4280,16,05-27-2025 03:10:07,PEA River Electric Coop
Barbour,4493,16,05-27-2025 03:10:07,PEA River Electric Coop
Henry,4280,16,05-27-2025 03:25:01,PEA River Electric Coop
Henry,4280,26,05-27-2025 03:40:01,PEA River Electric Coop
Henry,4280,26,05-27-2025 03:55:01,PEA River Electric Coop
Henry,4280,26,05-27-2025 04:10:01,PEA River Electric Coop
Henry,4280,26,05-27-2025 04:25:01,PEA River Electric Coop
Henry,4280,26,05-27-2025 04:40:01,PEA River Electric Coop
Henry,4280,26,05-27-2025 04:55:01,PEA River Electric Coop
Dale,10444,38,05-27-2025 04:55:01,PEA River Electric Coop
Henry,4280,15,05-27-2025 05:10:01,PEA River Electric Coop
Dale,10444,38,05-27-2025 05:10:01,PEA River Electric Coop
Henry,4280,15,05-27-2025 05:25:01,PEA River Electric Coop
Dale,10444,38,05-27-2025 05:25:01,PEA River Electric Coop
Henry,4280,1,05-27-2025 05:40:01,PEA River Electric Coop
Dale,10444,38,05-27-2025 05:40:01,PEA River Electric Coop
Henry,4280,1,05-27-2025 05:55:01,PEA River Electric Coop
Dale,10444,38,05-27-2025 05:55:01,PEA River Electric Coop
Dale,10444,38,05-27-2025 06:10:01,PEA River Electric Coop
Dale,10444,38,05-27-2025 06:25:01,PEA River Electric Coop
Dale,10444,38,05-27-2025 06:40:01,PEA River Electric Coop
Dale,10444,38,05-27-2025 06:55:01,PEA River Electric Coop
Dale,10444,38,05-27-2025 07:10:01,PEA River Electric Coop
Barbour,4493,2,05-27-2025 11:10:01,PEA River Electric Coop
Barbour,4493,32,05-27-2025 11:25:01,PEA River Electric Coop
Barbour,4493,32,05-27-2025 11:40:00,PEA River Electric Coop
Barbour,4493,32,05-27-2025 11:55:01,PEA River Electric Coop
Barbour,4493,32,05-27-2025 12:10:01,PEA River Electric Coop
Barbour,4493,32,05-27-2025 12:25:02,PEA River Electric Coop
Dale,10444,1,05-27-2025 12:40:01,PEA River Electric Coop
Dale,10444,1,05-27-2025 12:55:01,PEA River Electric Coop
Henry,4280,8,05-27-2025 13:10:01,PEA River Electric Coop
Dale,10444,16,05-27-2025 13:10:01,PEA River Electric Coop
Barbour,4493,258,05-27-2025 19:55:01,PEA River Electric Coop
Dale,10444,3,05-27-2025 19:55:01,PEA River Electric Coop
Henry,4280,1,05-27-2025 20:10:01,PEA River Electric Coop
Barbour,4493,260,05-27-2025 20:10:01,PEA River Electric Coop
Dale,10444,87,05-27-2025 20:10:01,PEA River Electric Coop
Henry,4280,3,05-27-2025 20:25:01,PEA River Electric Coop
Barbour,4493,280,05-27-2025 20:25:01,PEA River Electric Coop
Dale,10444,90,05-27-2025 20:25:01,PEA River Electric Coop
Henry,4280,154,05-27-2025 20:40:01,PEA River Electric Coop
Barbour,4493,282,05-27-2025 20:40:01,PEA River Electric Coop
Dale,10444,1216,05-27-2025 20:40:01,PEA River Electric Coop
Henry,4280,152,05-27-2025 20:55:01,PEA River Electric Coop
Barbour,4493,252,05-27-2025 20:55:01,PEA River Electric Coop
Dale,10444,1218,05-27-2025 20:55:01,PEA River Electric Coop
Henry,4280,152,05-27-2025 21:10:01,PEA River Electric Coop
Barbour,4493,230,05-27-2025 21:10:01,PEA River Electric Coop
Dale,10444,1218,05-27-2025 21:10:01,PEA River Electric Coop
Henry,4280,68,05-27-2025 21:25:01,PEA River Electric Coop
Barbour,4493,228,05-27-2025 21:25:01,PEA River Electric Coop
Dale,10444,1200,05-27-2025 21:25:01,PEA River Electric Coop
Henry,4280,39,05-27-2025 21:40:01,PEA River Electric Coop
Barbour,4493,228,05-27-2025 21:40:01,PEA River Electric Coop
Dale,10444,1200,05-27-2025 21:40:01,PEA River Electric Coop
Henry,4280,38,05-27-2025 21:55:01,PEA River Electric Coop
Barbour,4493,228,05-27-2025 21:55:01,PEA River Electric Coop
Dale,10444,1200,05-27-2025 21:55:01,PEA River Electric Coop
Henry,4280,36,05-27-2025 22:10:00,PEA River Electric Coop
Dale,10444,1200,05-27-2025 22:10:00,PEA River Electric Coop
Henry,4280,36,05-27-2025 22:25:00,PEA River Electric Coop
Dale,10444,1200,05-27-2025 22:25:00,PEA River Electric Coop
Henry,4280,36,05-27-2025 22:40:01,PEA River Electric Coop
Dale,10444,1200,05-27-2025 22:40:01,PEA River Electric Coop
Henry,4280,36,05-27-2025 22:55:00,PEA River Electric Coop
Dale,10444,1200,05-27-2025 22:55:00,PEA River Electric Coop
Henry,4280,37,05-27-2025 23:10:01,PEA River Electric Coop
Dale,10444,1200,05-27-2025 23:10:01,PEA River Electric Coop
Henry,4280,37,05-27-2025 23:25:01,PEA River Electric Coop
Dale,10444,1200,05-27-2025 23:25:01,PEA River Electric Coop
Henry,4280,37,05-27-2025 23:40:01,PEA River Electric Coop
Dale,10444,1200,05-27-2025 23:40:01,PEA River Electric Coop
Henry,4280,37,05-27-2025 23:55:01,PEA River Electric Coop
Dale,10444,1200,05-27-2025 23:55:01,PEA River Electric Coop
Henry,4280,37,05-28-2025 00:10:01,PEA River Electric Coop
Dale,10444,1194,05-28-2025 00:10:01,PEA River Electric Coop
Henry,4280,36,05-28-2025 00:25:01,PEA River Electric Coop
Barbour,4493,1,05-28-2025 00:25:01,PEA River Electric Coop
Dale,10444,1194,05-28-2025 00:25:01,PEA River Electric Coop
Henry,4280,36,05-28-2025 00:40:01,PEA River Electric Coop
Barbour,4493,1,05-28-2025 00:40:01,PEA River Electric Coop
Dale,10444,1194,05-28-2025 00:40:01,PEA River Electric Coop
Barbour,4493,1,05-28-2025 00:55:01,PEA River Electric Coop
Barbour,4493,1,05-28-2025 01:10:01,PEA River Electric Coop
Barbour,4493,1,05-28-2025 14:10:01,PEA River Electric Coop
Barbour,4493,1,05-28-2025 14:25:01,PEA River Electric Coop
Barbour,4493,1,05-28-2025 14:40:01,PEA River Electric Coop
Dale,10444,6,05-29-2025 01:10:01,PEA River Electric Coop
Dale,10444,6,05-29-2025 01:25:01,PEA River Electric Coop
Dale,10444,6,05-29-2025 01:40:01,PEA River Electric Coop
Dale,10444,6,05-29-2025 01:55:01,PEA River Electric Coop
Henry,4280,28,05-29-2025 02:25:01,PEA River Electric Coop
Henry,4280,28,05-29-2025 02:40:00,PEA River Electric Coop
Henry,4280,28,05-29-2025 02:55:01,PEA River Electric Coop
Henry,4280,28,05-29-2025 03:10:01,PEA River Electric Coop
Henry,4280,28,05-29-2025 03:25:01,PEA River Electric Coop
Henry,4280,28,05-29-2025 03:40:01,PEA River Electric Coop
Henry,4280,28,05-29-2025 03:55:01,PEA River Electric Coop
Henry,4280,28,05-29-2025 04:10:01,PEA River Electric Coop
Henry,4280,28,05-29-2025 04:25:01,PEA River Electric Coop
Henry,4280,28,05-29-2025 04:40:01,PEA River Electric Coop
Dale,10444,2,05-29-2025 06:55:01,PEA River Electric Coop
Dale,10444,2,05-29-2025 07:10:01,PEA River Electric Coop
Dale,10444,2,05-29-2025 07:25:01,PEA River Electric Coop
Dale,10444,2,05-29-2025 07:40:00,PEA River Electric Coop
Dale,10444,2,05-29-2025 07:55:02,PEA River Electric Coop
Dale,10444,2,05-29-2025 08:10:01,PEA River Electric Coop
Dale,10444,2,05-29-2025 08:25:01,PEA River Electric Coop
Barbour,4493,2,05-29-2025 12:10:01,PEA River Electric Coop
Barbour,4493,2,05-29-2025 12:25:01,PEA River Electric Coop
Barbour,4493,2,05-29-2025 12:40:01,PEA River Electric Coop
Barbour,4493,2,05-29-2025 12:55:01,PEA River Electric Coop
Dale,10444,1,05-29-2025 14:10:01,PEA River Electric Coop
Dale,10444,2,05-29-2025 18:25:01,PEA River Electric Coop
Dale,10444,66,05-30-2025 03:25:01,PEA River Electric Coop
Barbour,4493,1,05-30-2025 03:40:01,PEA River Electric Coop
Dale,10444,66,05-30-2025 03:40:01,PEA River Electric Coop
Barbour,4493,1,05-30-2025 03:55:01,PEA River Electric Coop
Dale,10444,66,05-30-2025 03:55:01,PEA River Electric Coop
Barbour,4493,1,05-30-2025 04:10:01,PEA River Electric Coop
Barbour,4493,1,05-30-2025 04:25:00,PEA River Electric Coop
Barbour,4493,1,05-30-2025 04:40:01,PEA River Electric Coop
Barbour,4493,1,05-30-2025 04:55:01,PEA River Electric Coop
Barbour,4493,1,05-30-2025 05:10:01,PEA River Electric Coop
Barbour,4493,1,05-30-2025 05:25:01,PEA River Electric Coop
Barbour,4493,8,05-30-2025 13:25:01,PEA River Electric Coop
Barbour,4493,8,05-30-2025 13:40:01,PEA River Electric Coop
Barbour,4493,8,05-30-2025 13:55:00,PEA River Electric Coop
Henry,4280,1,05-30-2025 14:10:01,PEA River Electric Coop
Barbour,4493,8,05-30-2025 14:10:01,PEA River Electric Coop
Henry,4280,1,05-30-2025 14:25:01,PEA River Electric Coop
Henry,4280,1,05-30-2025 14:40:00,PEA River Electric Coop
Dale,10444,1,05-30-2025 15:55:01,PEA River Electric Coop
Dale,10444,1,05-30-2025 16:10:01,PEA River Electric Coop
Dale,10444,1,05-30-2025 16:25:01,PEA River Electric Coop
Dale,10444,1,05-30-2025 16:40:01,PEA River Electric Coop
Dale,10444,1,05-30-2025 16:55:02,PEA River Electric Coop
Dale,10444,1,05-30-2025 17:10:01,PEA River Electric Coop
Dale,10444,1,05-30-2025 17:25:01,PEA River Electric Coop
Dale,10444,1,05-30-2025 17:40:00,PEA River Electric Coop
Dale,10444,1,05-30-2025 17:55:00,PEA River Electric Coop
Barbour,4493,3,06-01-2025 12:55:01,PEA River Electric Coop
Barbour,4493,3,06-01-2025 13:10:01,PEA River Electric Coop
Barbour,4493,3,06-01-2025 13:25:01,PEA River Electric Coop
Barbour,4493,3,06-01-2025 13:40:01,PEA River Electric Coop
Barbour,4493,3,06-01-2025 13:55:01,PEA River Electric Coop
Barbour,4493,3,06-01-2025 14:10:00,PEA River Electric Coop
Dale,10444,1,06-01-2025 19:55:01,PEA River Electric Coop
Dale,10444,1,06-01-2025 20:10:01,PEA River Electric Coop
Dale,10444,1,06-01-2025 20:25:01,PEA River Electric Coop
Dale,10444,1,06-01-2025 20:40:00,PEA River Electric Coop
Dale,10444,1,06-01-2025 20:55:01,PEA River Electric Coop
Coffee,314,181,06-02-2025 10:10:01,PEA River Electric Coop
Dale,10444,100,06-02-2025 10:10:01,PEA River Electric Coop
Coffee,314,181,06-02-2025 10:25:01,PEA River Electric Coop
Dale,10444,100,06-02-2025 10:25:01,PEA River Electric Coop
Coffee,314,181,06-02-2025 10:40:01,PEA River Electric Coop
Dale,10444,100,06-02-2025 10:40:01,PEA River Electric Coop
Coffee,314,181,06-02-2025 10:55:01,PEA River Electric Coop
Dale,10444,100,06-02-2025 10:55:01,PEA River Electric Coop
Coffee,314,181,06-02-2025 11:10:01,PEA River Electric Coop
Dale,10444,100,06-02-2025 11:10:01,PEA River Electric Coop
Coffee,314,181,06-02-2025 11:25:01,PEA River Electric Coop
Dale,10444,100,06-02-2025 11:25:01,PEA River Electric Coop
Barbour,4493,1,06-02-2025 14:55:01,PEA River Electric Coop
Barbour,4493,1,06-02-2025 15:10:01,PEA River Electric Coop
Barbour,4493,1,06-02-2025 15:25:01,PEA River Electric Coop
Barbour,4493,1,06-02-2025 15:40:01,PEA River Electric Coop
Barbour,4493,1,06-02-2025 15:55:01,PEA River Electric Coop
Dale,10444,3,06-03-2025 02:25:01,PEA River Electric Coop
Dale,10444,3,06-03-2025 02:40:00,PEA River Electric Coop
Dale,10444,3,06-03-2025 02:55:01,PEA River Electric Coop
Barbour,4493,1,06-03-2025 05:10:01,PEA River Electric Coop
Barbour,4493,1,06-03-2025 05:25:02,PEA River Electric Coop
Barbour,4493,1,06-03-2025 05:40:01,PEA River Electric Coop
Barbour,4493,1,06-03-2025 05:55:01,PEA River Electric Coop
Barbour,4493,1,06-03-2025 06:10:01,PEA River Electric Coop
Barbour,4493,1,06-03-2025 06:25:01,PEA River Electric Coop
Barbour,4493,1,06-03-2025 06:40:01,PEA River Electric Coop
Barbour,4493,1,06-03-2025 12:10:01,PEA River Electric Coop
Barbour,4493,1,06-03-2025 12:25:01,PEA River Electric Coop
Barbour,4493,1,06-03-2025 12:40:01,PEA River Electric Coop
Barbour,4493,1,06-03-2025 12:55:01,PEA River Electric Coop
Barbour,4493,1,06-03-2025 13:10:01,PEA River Electric Coop
Barbour,4493,1,06-03-2025 13:25:00,PEA River Electric Coop
Barbour,4493,1,06-03-2025 13:40:01,PEA River Electric Coop
Barbour,4493,1,06-03-2025 18:55:01,PEA River Electric Coop
Barbour,4493,1,06-03-2025 19:10:01,PEA River Electric Coop
Barbour,4493,1,06-03-2025 19:25:01,PEA River Electric Coop
Barbour,4493,1,06-03-2025 19:40:01,PEA River Electric Coop
Barbour,4493,1,06-03-2025 19:55:01,PEA River Electric Coop
Barbour,4493,1,06-03-2025 20:10:01,PEA River Electric Coop
Barbour,4493,1,06-03-2025 20:25:02,PEA River Electric Coop
Barbour,4493,1,06-03-2025 20:40:01,PEA River Electric Coop
Barbour,4493,1,06-03-2025 20:55:01,PEA River Electric Coop
Barbour,4493,1,06-03-2025 21:10:01,PEA River Electric Coop
Barbour,4493,1,06-03-2025 21:25:01,PEA River Electric Coop
Barbour,4493,1,06-03-2025 21:40:01,PEA River Electric Coop
Dale,10444,46,06-04-2025 12:40:01,PEA River Electric Coop
Dale,10444,46,06-04-2025 12:55:01,PEA River Electric Coop
Dale,10444,46,06-04-2025 13:10:01,PEA River Electric Coop
Henry,4280,1,06-04-2025 13:25:01,PEA River Electric Coop
Dale,10444,46,06-04-2025 13:25:01,PEA River Electric Coop
Henry,4280,1,06-04-2025 13:40:01,PEA River Electric Coop
Dale,10444,46,06-04-2025 13:40:01,PEA River Electric Coop
Henry,4280,1,06-04-2025 13:55:01,PEA River Electric Coop
Dale,10444,46,06-04-2025 13:55:01,PEA River Electric Coop
Henry,4280,1,06-04-2025 14:10:02,PEA River Electric Coop
Dale,10444,46,06-04-2025 14:10:02,PEA River Electric Coop
Dale,10444,46,06-04-2025 14:25:01,PEA River Electric Coop
Dale,10444,46,06-04-2025 14:40:01,PEA River Electric Coop
Dale,10444,46,06-04-2025 14:55:01,PEA River Electric Coop
Dale,10444,46,06-04-2025 15:10:01,PEA River Electric Coop
Dale,10444,46,06-04-2025 15:25:01,PEA River Electric Coop
Dale,10444,46,06-04-2025 15:40:01,PEA River Electric Coop
Dale,10444,46,06-04-2025 15:55:01,PEA River Electric Coop
Dale,10444,46,06-04-2025 16:10:01,PEA River Electric Coop
Dale,10444,46,06-04-2025 16:25:01,PEA River Electric Coop
Dale,10444,46,06-04-2025 16:40:01,PEA River Electric Coop
Dale,10444,46,06-04-2025 16:55:01,PEA River Electric Coop
Dale,10444,46,06-04-2025 17:10:01,PEA River Electric Coop
Dale,10444,46,06-04-2025 17:25:01,PEA River Electric Coop
Dale,10444,46,06-04-2025 17:40:01,PEA River Electric Coop
Dale,10444,46,06-04-2025 17:55:01,PEA River Electric Coop
Dale,10444,46,06-04-2025 18:10:01,PEA River Electric Coop
Dale,10444,46,06-04-2025 18:25:01,PEA River Electric Coop
Dale,10444,46,06-04-2025 18:40:01,PEA River Electric Coop
Dale,10444,46,06-04-2025 18:55:01,PEA River Electric Coop
Dale,10444,46,06-04-2025 19:10:01,PEA River Electric Coop
Dale,10444,46,06-04-2025 19:25:01,PEA River Electric Coop
Henry,4280,126,06-04-2025 20:40:01,PEA River Electric Coop
Barbour,4493,127,06-04-2025 20:40:01,PEA River Electric Coop
Henry,4280,334,06-04-2025 20:55:01,PEA River Electric Coop
Barbour,4493,461,06-04-2025 20:55:01,PEA River Electric Coop
Henry,4280,334,06-04-2025 21:10:01,PEA River Electric Coop
Barbour,4493,461,06-04-2025 21:10:01,PEA River Electric Coop
Henry,4280,80,06-04-2025 21:25:01,PEA River Electric Coop
Barbour,4493,407,06-04-2025 21:25:01,PEA River Electric Coop
Henry,4280,80,06-04-2025 21:40:01,PEA River Electric Coop
Barbour,4493,407,06-04-2025 21:40:01,PEA River Electric Coop
Henry,4280,80,06-04-2025 21:55:00,PEA River Electric Coop
Barbour,4493,407,06-04-2025 21:55:00,PEA River Electric Coop
Henry,4280,40,06-05-2025 11:10:01,PEA River Electric Coop
Henry,4280,40,06-05-2025 11:25:01,PEA River Electric Coop
Henry,4280,40,06-05-2025 11:40:01,PEA River Electric Coop
Henry,4280,40,06-05-2025 11:55:01,PEA River Electric Coop
Henry,4280,40,06-05-2025 12:10:01,PEA River Electric Coop
Henry,4280,4,06-05-2025 12:55:01,PEA River Electric Coop
Dale,10444,2,06-05-2025 21:40:01,PEA River Electric Coop
Dale,10444,2,06-05-2025 21:55:01,PEA River Electric Coop
Dale,10444,2,06-05-2025 22:10:01,PEA River Electric Coop
Dale,10444,1,06-06-2025 02:10:01,PEA River Electric Coop
Dale,10444,1,06-06-2025 02:25:01,PEA River Electric Coop
Dale,10444,1,06-06-2025 02:40:01,PEA River Electric Coop
Dale,10444,1,06-06-2025 02:55:00,PEA River Electric Coop
Barbour,4493,2,06-06-2025 13:55:01,PEA River Electric Coop
Barbour,4493,2,06-06-2025 14:10:01,PEA River Electric Coop
Barbour,4493,2,06-06-2025 14:25:01,PEA River Electric Coop
Henry,4280,1,06-06-2025 14:55:01,PEA River Electric Coop
Henry,4280,2,06-06-2025 15:10:01,PEA River Electric Coop
Henry,4280,2,06-06-2025 15:25:01,PEA River Electric Coop
Henry,4280,2,06-06-2025 15:40:01,PEA River Electric Coop
Henry,4280,1,06-06-2025 15:55:01,PEA River Electric Coop
Barbour,4493,1,06-06-2025 19:40:01,PEA River Electric Coop
Barbour,4493,1,06-06-2025 19:55:00,PEA River Electric Coop
Barbour,4493,1,06-06-2025 20:10:01,PEA River Electric Coop
Barbour,4493,2,06-07-2025 04:25:01,PEA River Electric Coop
Barbour,4493,2,06-07-2025 04:40:01,PEA River Electric Coop
Barbour,4493,2,06-07-2025 04:55:01,PEA River Electric Coop
Barbour,4493,3,06-07-2025 05:10:01,PEA River Electric Coop
Barbour,4493,3,06-07-2025 05:25:01,PEA River Electric Coop
Barbour,4493,1,06-07-2025 05:40:01,PEA River Electric Coop
Barbour,4493,3,06-07-2025 05:55:01,PEA River Electric Coop
Barbour,4493,7,06-07-2025 09:55:01,PEA River Electric Coop
Barbour,4493,1,06-07-2025 10:10:01,PEA River Electric Coop
Barbour,4493,1,06-07-2025 10:25:01,PEA River Electric Coop
Barbour,4493,1,06-07-2025 10:40:01,PEA River Electric Coop
Barbour,4493,2,06-07-2025 10:55:01,PEA River Electric Coop
Barbour,4493,2,06-07-2025 11:10:01,PEA River Electric Coop
Barbour,4493,1,06-07-2025 11:25:01,PEA River Electric Coop
Barbour,4493,1,06-07-2025 11:40:01,PEA River Electric Coop
Barbour,4493,1,06-07-2025 11:55:01,PEA River Electric Coop
Dale,10444,4,06-07-2025 19:25:01,PEA River Electric Coop
Dale,10444,4,06-07-2025 19:40:01,PEA River Electric Coop
Dale,10444,4,06-07-2025 19:55:01,PEA River Electric Coop
Dale,10444,4,06-07-2025 20:10:01,PEA River Electric Coop
Dale,10444,4,06-07-2025 20:25:01,PEA River Electric Coop
Dale,10444,4,06-07-2025 20:40:01,PEA River Electric Coop
Dale,10444,4,06-07-2025 20:55:01,PEA River Electric Coop
Henry,4280,2,06-07-2025 23:10:01,PEA River Electric Coop
Barbour,4493,2,06-07-2025 23:10:01,PEA River Electric Coop
Henry,4280,232,06-07-2025 23:25:01,PEA River Electric Coop
Barbour,4493,90,06-07-2025 23:25:01,PEA River Electric Coop
Henry,4280,232,06-07-2025 23:40:01,PEA River Electric Coop
Barbour,4493,90,06-07-2025 23:40:01,PEA River Electric Coop
Henry,4280,232,06-07-2025 23:55:01,PEA River Electric Coop
Barbour,4493,90,06-07-2025 23:55:01,PEA River Electric Coop
Henry,4280,232,06-08-2025 00:10:01,PEA River Electric Coop
Barbour,4493,90,06-08-2025 00:10:01,PEA River Electric Coop
Henry,4280,232,06-08-2025 00:25:01,PEA River Electric Coop
Barbour,4493,90,06-08-2025 00:25:01,PEA River Electric Coop
Henry,4280,232,06-08-2025 00:40:01,PEA River Electric Coop
Barbour,4493,90,06-08-2025 00:40:01,PEA River Electric Coop
Henry,4280,10,06-08-2025 00:55:00,PEA River Electric Coop
Barbour,4493,6,06-08-2025 00:55:00,PEA River Electric Coop
Henry,4280,10,06-08-2025 01:10:01,PEA River Electric Coop
Barbour,4493,6,06-08-2025 01:10:01,PEA River Electric Coop
Henry,4280,10,06-08-2025 01:25:01,PEA River Electric Coop
Barbour,4493,6,06-08-2025 01:25:01,PEA River Electric Coop
Henry,4280,10,06-08-2025 01:40:01,PEA River Electric Coop
Barbour,4493,6,06-08-2025 01:40:01,PEA River Electric Coop
Henry,4280,10,06-08-2025 01:55:01,PEA River Electric Coop
Barbour,4493,6,06-08-2025 01:55:01,PEA River Electric Coop
Henry,4280,10,06-08-2025 02:10:01,PEA River Electric Coop
Barbour,4493,6,06-08-2025 02:10:01,PEA River Electric Coop
Henry,4280,10,06-08-2025 02:25:01,PEA River Electric Coop
Barbour,4493,6,06-08-2025 02:25:01,PEA River Electric Coop
Henry,4280,10,06-08-2025 02:40:01,PEA River Electric Coop
Barbour,4493,6,06-08-2025 02:40:01,PEA River Electric Coop
Henry,4280,10,06-08-2025 02:55:01,PEA River Electric Coop
Barbour,4493,6,06-08-2025 02:55:01,PEA River Electric Coop
Henry,4280,10,06-08-2025 03:10:01,PEA River Electric Coop
Barbour,4493,6,06-08-2025 03:10:01,PEA River Electric Coop
Henry,4280,10,06-08-2025 03:25:00,PEA River Electric Coop
Barbour,4493,6,06-08-2025 03:25:00,PEA River Electric Coop
Henry,4280,10,06-08-2025 03:40:01,PEA River Electric Coop
Barbour,4493,6,06-08-2025 03:40:01,PEA River Electric Coop
Henry,4280,10,06-08-2025 03:55:01,PEA River Electric Coop
Barbour,4493,9,06-08-2025 03:55:01,PEA River Electric Coop
Henry,4280,10,06-08-2025 04:10:01,PEA River Electric Coop
Barbour,4493,9,06-08-2025 04:10:01,PEA River Electric Coop
Henry,4280,10,06-08-2025 04:25:01,PEA River Electric Coop
Barbour,4493,9,06-08-2025 04:25:01,PEA River Electric Coop
Henry,4280,10,06-08-2025 04:40:01,PEA River Electric Coop
Barbour,4493,9,06-08-2025 04:40:01,PEA River Electric Coop
Henry,4280,10,06-08-2025 04:55:01,PEA River Electric Coop
Barbour,4493,6,06-08-2025 04:55:01,PEA River Electric Coop
Henry,4280,10,06-08-2025 05:10:01,PEA River Electric Coop
Barbour,4493,6,06-08-2025 05:10:01,PEA River Electric Coop
Henry,4280,10,06-08-2025 05:25:01,PEA River Electric Coop
Barbour,4493,6,06-08-2025 05:25:01,PEA River Electric Coop
Henry,4280,10,06-08-2025 05:40:01,PEA River Electric Coop
Barbour,4493,6,06-08-2025 05:40:01,PEA River Electric Coop
Henry,4280,10,06-08-2025 05:55:01,PEA River Electric Coop
Barbour,4493,6,06-08-2025 05:55:01,PEA River Electric Coop
Henry,4280,10,06-08-2025 06:10:01,PEA River Electric Coop
Barbour,4493,6,06-08-2025 06:10:01,PEA River Electric Coop
Henry,4280,10,06-08-2025 06:25:01,PEA River Electric Coop
Barbour,4493,6,06-08-2025 06:25:01,PEA River Electric Coop
Henry,4280,10,06-08-2025 06:40:01,PEA River Electric Coop
Barbour,4493,7,06-08-2025 06:40:01,PEA River Electric Coop
Henry,4280,10,06-08-2025 06:55:01,PEA River Electric Coop
Barbour,4493,7,06-08-2025 06:55:01,PEA River Electric Coop
Henry,4280,10,06-08-2025 07:10:01,PEA River Electric Coop
Barbour,4493,7,06-08-2025 07:10:01,PEA River Electric Coop
Henry,4280,10,06-08-2025 07:25:01,PEA River Electric Coop
Barbour,4493,7,06-08-2025 07:25:01,PEA River Electric Coop
Henry,4280,10,06-08-2025 07:40:01,PEA River Electric Coop
Barbour,4493,7,06-08-2025 07:40:01,PEA River Electric Coop
Henry,4280,10,06-08-2025 07:55:01,PEA River Electric Coop
Barbour,4493,6,06-08-2025 07:55:01,PEA River Electric Coop
Henry,4280,10,06-08-2025 08:10:01,PEA River Electric Coop
Barbour,4493,6,06-08-2025 08:10:01,PEA River Electric Coop
Henry,4280,10,06-08-2025 08:25:01,PEA River Electric Coop
Barbour,4493,6,06-08-2025 08:25:01,PEA River Electric Coop
Henry,4280,10,06-08-2025 08:40:01,PEA River Electric Coop
Barbour,4493,6,06-08-2025 08:40:01,PEA River Electric Coop
Henry,4280,10,06-08-2025 08:55:01,PEA River Electric Coop
Barbour,4493,6,06-08-2025 08:55:01,PEA River Electric Coop
Henry,4280,10,06-08-2025 09:10:01,PEA River Electric Coop
Barbour,4493,6,06-08-2025 09:10:01,PEA River Electric Coop
Henry,4280,10,06-08-2025 09:25:01,PEA River Electric Coop
Barbour,4493,6,06-08-2025 09:25:01,PEA River Electric Coop
Henry,4280,10,06-08-2025 09:40:01,PEA River Electric Coop
Barbour,4493,6,06-08-2025 09:40:01,PEA River Electric Coop
Henry,4280,10,06-08-2025 09:55:01,PEA River Electric Coop
Barbour,4493,6,06-08-2025 09:55:01,PEA River Electric Coop
Henry,4280,10,06-08-2025 10:10:01,PEA River Electric Coop
Barbour,4493,6,06-08-2025 10:10:01,PEA River Electric Coop
Henry,4280,10,06-08-2025 10:25:01,PEA River Electric Coop
Barbour,4493,6,06-08-2025 10:25:01,PEA River Electric Coop
Henry,4280,10,06-08-2025 10:40:01,PEA River Electric Coop
Barbour,4493,6,06-08-2025 10:40:01,PEA River Electric Coop
Henry,4280,10,06-08-2025 10:55:01,PEA River Electric Coop
Barbour,4493,6,06-08-2025 10:55:01,PEA River Electric Coop
Henry,4280,10,06-08-2025 11:10:01,PEA River Electric Coop
Barbour,4493,6,06-08-2025 11:10:01,PEA River Electric Coop
Henry,4280,10,06-08-2025 11:25:01,PEA River Electric Coop
Barbour,4493,6,06-08-2025 11:25:01,PEA River Electric Coop
Henry,4280,10,06-08-2025 11:40:01,PEA River Electric Coop
Barbour,4493,6,06-08-2025 11:40:01,PEA River Electric Coop
Henry,4280,10,06-08-2025 11:55:01,PEA River Electric Coop
Barbour,4493,6,06-08-2025 11:55:01,PEA River Electric Coop
Henry,4280,10,06-08-2025 12:10:00,PEA River Electric Coop
Barbour,4493,6,06-08-2025 12:10:00,PEA River Electric Coop
Henry,4280,10,06-08-2025 12:25:01,PEA River Electric Coop
Barbour,4493,6,06-08-2025 12:25:01,PEA River Electric Coop
Henry,4280,10,06-08-2025 12:40:01,PEA River Electric Coop
Barbour,4493,6,06-08-2025 12:40:01,PEA River Electric Coop
Henry,4280,10,06-08-2025 12:55:01,PEA River Electric Coop
Barbour,4493,6,06-08-2025 12:55:01,PEA River Electric Coop
Henry,4280,10,06-08-2025 13:10:00,PEA River Electric Coop
Barbour,4493,6,06-08-2025 13:10:00,PEA River Electric Coop
Henry,4280,10,06-08-2025 13:25:01,PEA River Electric Coop
Barbour,4493,6,06-08-2025 13:25:01,PEA River Electric Coop
Dale,10444,2,06-08-2025 13:25:01,PEA River Electric Coop
Henry,4280,10,06-08-2025 13:40:02,PEA River Electric Coop
Barbour,4493,6,06-08-2025 13:40:02,PEA River Electric Coop
Dale,10444,2,06-08-2025 13:40:02,PEA River Electric Coop
Henry,4280,10,06-08-2025 13:55:01,PEA River Electric Coop
Barbour,4493,6,06-08-2025 13:55:01,PEA River Electric Coop
Dale,10444,2,06-08-2025 13:55:01,PEA River Electric Coop
Henry,4280,10,06-08-2025 14:10:01,PEA River Electric Coop
Barbour,4493,6,06-08-2025 14:10:01,PEA River Electric Coop
Dale,10444,2,06-08-2025 14:10:01,PEA River Electric Coop
Henry,4280,10,06-08-2025 14:25:01,PEA River Electric Coop
Barbour,4493,6,06-08-2025 14:25:01,PEA River Electric Coop
Henry,4280,10,06-08-2025 14:40:00,PEA River Electric Coop
Barbour,4493,6,06-08-2025 14:40:00,PEA River Electric Coop
Henry,4280,10,06-08-2025 14:55:01,PEA River Electric Coop
Barbour,4493,6,06-08-2025 14:55:01,PEA River Electric Coop
Henry,4280,10,06-08-2025 15:10:01,PEA River Electric Coop
Barbour,4493,6,06-08-2025 15:10:01,PEA River Electric Coop
Henry,4280,10,06-08-2025 15:25:01,PEA River Electric Coop
Barbour,4493,6,06-08-2025 15:25:01,PEA River Electric Coop
Henry,4280,10,06-08-2025 15:40:01,PEA River Electric Coop
Barbour,4493,8,06-08-2025 15:40:01,PEA River Electric Coop
Henry,4280,10,06-08-2025 15:55:01,PEA River Electric Coop
Barbour,4493,8,06-08-2025 15:55:01,PEA River Electric Coop
Henry,4280,10,06-08-2025 16:10:01,PEA River Electric Coop
Barbour,4493,8,06-08-2025 16:10:01,PEA River Electric Coop
Henry,4280,10,06-08-2025 16:25:01,PEA River Electric Coop
Barbour,4493,6,06-08-2025 16:25:01,PEA River Electric Coop
Henry,4280,10,06-08-2025 16:40:01,PEA River Electric Coop
Barbour,4493,6,06-08-2025 16:40:01,PEA River Electric Coop
Henry,4280,10,06-08-2025 16:55:01,PEA River Electric Coop
Barbour,4493,6,06-08-2025 16:55:01,PEA River Electric Coop
Henry,4280,10,06-08-2025 17:10:01,PEA River Electric Coop
Barbour,4493,6,06-08-2025 17:10:01,PEA River Electric Coop
Henry,4280,10,06-08-2025 17:25:01,PEA River Electric Coop
Barbour,4493,6,06-08-2025 17:25:01,PEA River Electric Coop
Henry,4280,10,06-08-2025 17:40:01,PEA River Electric Coop
Barbour,4493,6,06-08-2025 17:40:01,PEA River Electric Coop
Henry,4280,10,06-08-2025 17:55:01,PEA River Electric Coop
Barbour,4493,6,06-08-2025 17:55:01,PEA River Electric Coop
Henry,4280,10,06-08-2025 18:10:01,PEA River Electric Coop
Barbour,4493,6,06-08-2025 18:10:01,PEA River Electric Coop
Henry,4280,10,06-08-2025 18:25:01,PEA River Electric Coop
Barbour,4493,6,06-08-2025 18:25:01,PEA River Electric Coop
Henry,4280,10,06-08-2025 18:40:01,PEA River Electric Coop
Barbour,4493,6,06-08-2025 18:40:01,PEA River Electric Coop
Henry,4280,10,06-08-2025 18:55:01,PEA River Electric Coop
Barbour,4493,6,06-08-2025 18:55:01,PEA River Electric Coop
Henry,4280,10,06-08-2025 19:10:01,PEA River Electric Coop
Barbour,4493,6,06-08-2025 19:10:01,PEA River Electric Coop
Henry,4280,10,06-08-2025 19:25:01,PEA River Electric Coop
Barbour,4493,6,06-08-2025 19:25:01,PEA River Electric Coop
Henry,4280,10,06-08-2025 19:40:01,PEA River Electric Coop
Barbour,4493,6,06-08-2025 19:40:01,PEA River Electric Coop
Henry,4280,10,06-08-2025 19:55:01,PEA River Electric Coop
Barbour,4493,6,06-08-2025 19:55:01,PEA River Electric Coop
Henry,4280,10,06-08-2025 20:10:01,PEA River Electric Coop
Barbour,4493,6,06-08-2025 20:10:01,PEA River Electric Coop
Dale,10444,1,06-09-2025 12:10:01,PEA River Electric Coop
Dale,10444,1,06-09-2025 12:25:01,PEA River Electric Coop
Dale,10444,1,06-09-2025 12:40:01,PEA River Electric Coop
Dale,10444,1,06-09-2025 12:55:01,PEA River Electric Coop
Dale,10444,1,06-09-2025 14:25:01,PEA River Electric Coop
Barbour,4493,1,06-09-2025 15:25:01,PEA River Electric Coop
Barbour,4493,1,06-09-2025 15:40:01,PEA River Electric Coop
Barbour,4493,1,06-09-2025 15:55:01,PEA River Electric Coop
Barbour,4493,1,06-09-2025 16:10:00,PEA River Electric Coop
Barbour,4493,1,06-09-2025 22:40:01,PEA River Electric Coop
Barbour,4493,1,06-09-2025 22:55:01,PEA River Electric Coop
Dale,10444,1,06-09-2025 23:40:01,PEA River Electric Coop
Dale,10444,1,06-09-2025 23:55:01,PEA River Electric Coop
Dale,10444,234,06-10-2025 01:40:01,PEA River Electric Coop
Dale,10444,234,06-10-2025 01:55:01,PEA River Electric Coop
Dale,10444,2,06-10-2025 02:25:01,PEA River Electric Coop
Barbour,4493,1,06-10-2025 02:40:01,PEA River Electric Coop
Dale,10444,2,06-10-2025 02:40:01,PEA River Electric Coop
Barbour,4493,1,06-10-2025 02:55:01,PEA River Electric Coop
Dale,10444,2,06-10-2025 02:55:01,PEA River Electric Coop
Barbour,4493,1,06-10-2025 03:10:01,PEA River Electric Coop
Barbour,4493,1,06-10-2025 03:25:01,PEA River Electric Coop
Barbour,4493,1,06-10-2025 03:40:01,PEA River Electric Coop
Henry,4280,1,06-10-2025 13:55:01,PEA River Electric Coop
Henry,4280,1,06-10-2025 14:10:01,PEA River Electric Coop
Henry,4280,15,06-10-2025 16:10:01,PEA River Electric Coop
Henry,4280,1,06-10-2025 16:55:01,PEA River Electric Coop
Henry,4280,1,06-10-2025 17:10:01,PEA River Electric Coop
Henry,4280,1,06-10-2025 17:25:01,PEA River Electric Coop
Henry,4280,1,06-10-2025 17:40:01,PEA River Electric Coop
Dale,10444,1,06-11-2025 10:25:01,PEA River Electric Coop
Dale,10444,1,06-11-2025 10:40:01,PEA River Electric Coop
Dale,10444,1,06-11-2025 10:55:01,PEA River Electric Coop
Dale,10444,1,06-11-2025 11:10:02,PEA River Electric Coop
Dale,10444,2,06-11-2025 15:55:01,PEA River Electric Coop
Henry,4280,14,06-11-2025 21:10:01,PEA River Electric Coop
Henry,4280,14,06-11-2025 21:25:01,PEA River Electric Coop
Henry,4280,14,06-11-2025 21:40:01,PEA River Electric Coop
Henry,4280,14,06-11-2025 21:55:01,PEA River Electric Coop
Henry,4280,14,06-11-2025 22:10:01,PEA River Electric Coop
Henry,4280,14,06-11-2025 22:25:01,PEA River Electric Coop
Barbour,4493,1,06-12-2025 15:10:01,PEA River Electric Coop
Barbour,4493,1,06-12-2025 15:25:01,PEA River Electric Coop
Barbour,4493,2,06-12-2025 20:55:01,PEA River Electric Coop
Barbour,4493,2,06-12-2025 21:10:01,PEA River Electric Coop
Barbour,4493,2,06-12-2025 21:25:01,PEA River Electric Coop
Barbour,4493,2,06-12-2025 21:40:01,PEA River Electric Coop
Henry,4280,1,06-13-2025 15:25:01,PEA River Electric Coop
Henry,4280,1,06-13-2025 15:40:01,PEA River Electric Coop
Henry,4280,1,06-13-2025 15:55:01,PEA River Electric Coop
Henry,4280,1,06-13-2025 17:40:01,PEA River Electric Coop
Henry,4280,1,06-13-2025 17:55:01,PEA River Electric Coop
Henry,4280,1,06-13-2025 18:10:01,PEA River Electric Coop
Henry,4280,1,06-13-2025 18:25:01,PEA River Electric Coop
Dale,10444,74,06-13-2025 21:55:01,PEA River Electric Coop
Dale,10444,74,06-13-2025 22:10:01,PEA River Electric Coop
Dale,10444,84,06-13-2025 22:25:01,PEA River Electric Coop
Dale,10444,84,06-13-2025 22:40:01,PEA River Electric Coop
Dale,10444,84,06-13-2025 22:55:01,PEA River Electric Coop
Dale,10444,84,06-13-2025 23:10:01,PEA River Electric Coop
Dale,10444,84,06-13-2025 23:25:01,PEA River Electric Coop
Dale,10444,85,06-13-2025 23:40:01,PEA River Electric Coop
Dale,10444,10,06-13-2025 23:55:01,PEA River Electric Coop
Dale,10444,10,06-14-2025 00:10:01,PEA River Electric Coop
Barbour,4493,20,06-14-2025 05:55:01,PEA River Electric Coop
Barbour,4493,46,06-14-2025 06:10:01,PEA River Electric Coop
Barbour,4493,46,06-14-2025 06:25:01,PEA River Electric Coop
Barbour,4493,46,06-14-2025 06:40:01,PEA River Electric Coop
Barbour,4493,46,06-14-2025 06:55:01,PEA River Electric Coop
Barbour,4493,46,06-14-2025 07:10:01,PEA River Electric Coop
Henry,4280,1,06-14-2025 14:40:01,PEA River Electric Coop
Henry,4280,1,06-14-2025 14:55:01,PEA River Electric Coop
Henry,4280,1,06-14-2025 15:10:01,PEA River Electric Coop
Barbour,4493,3,06-14-2025 15:10:01,PEA River Electric Coop
Henry,4280,1,06-14-2025 15:25:01,PEA River Electric Coop
Barbour,4493,3,06-14-2025 15:25:01,PEA River Electric Coop
Henry,4280,1,06-14-2025 15:40:01,PEA River Electric Coop
Barbour,4493,3,06-14-2025 15:40:01,PEA River Electric Coop
Barbour,4493,3,06-14-2025 15:55:00,PEA River Electric Coop
Barbour,4493,3,06-14-2025 16:10:01,PEA River Electric Coop
Barbour,4493,3,06-14-2025 16:25:01,PEA River Electric Coop
Dale,10444,2,06-14-2025 21:10:01,PEA River Electric Coop
Dale,10444,1,06-15-2025 01:10:01,PEA River Electric Coop
Dale,10444,1,06-15-2025 01:25:01,PEA River Electric Coop
Dale,10444,1,06-15-2025 01:40:01,PEA River Electric Coop
Dale,10444,1,06-15-2025 01:55:01,PEA River Electric Coop
Dale,10444,1,06-15-2025 02:10:00,PEA River Electric Coop
Dale,10444,1,06-15-2025 02:25:01,PEA River Electric Coop
Barbour,4493,1,06-15-2025 12:55:01,PEA River Electric Coop
Barbour,4493,1,06-15-2025 13:10:01,PEA River Electric Coop
Barbour,4493,1,06-15-2025 13:25:01,PEA River Electric Coop
Barbour,4493,1,06-15-2025 13:40:01,PEA River Electric Coop
Dale,10444,2,06-15-2025 13:40:01,PEA River Electric Coop
Barbour,4493,1,06-15-2025 13:55:01,PEA River Electric Coop
Dale,10444,2,06-15-2025 13:55:01,PEA River Electric Coop
Dale,10444,2,06-15-2025 14:10:01,PEA River Electric Coop
Dale,10444,2,06-15-2025 14:25:01,PEA River Electric Coop
Dale,10444,2,06-15-2025 14:40:01,PEA River Electric Coop
Dale,10444,4,06-15-2025 14:55:01,PEA River Electric Coop
Dale,10444,4,06-15-2025 15:10:01,PEA River Electric Coop
Henry,4280,1,06-15-2025 17:55:01,PEA River Electric Coop
Henry,4280,1,06-16-2025 00:40:01,PEA River Electric Coop
Henry,4280,1,06-16-2025 00:55:01,PEA River Electric Coop
Barbour,4493,1,06-16-2025 00:55:01,PEA River Electric Coop
Henry,4280,1,06-16-2025 01:10:01,PEA River Electric Coop
Barbour,4493,1,06-16-2025 01:10:01,PEA River Electric Coop
Henry,4280,1,06-16-2025 01:25:01,PEA River Electric Coop
Barbour,4493,69,06-16-2025 01:25:01,PEA River Electric Coop
Dale,10444,48,06-16-2025 01:25:01,PEA River Electric Coop
Henry,4280,1,06-16-2025 01:40:01,PEA River Electric Coop
Barbour,4493,1,06-16-2025 01:40:01,PEA River Electric Coop
Henry,4280,1,06-16-2025 01:55:01,PEA River Electric Coop
Barbour,4493,1,06-16-2025 01:55:01,PEA River Electric Coop
Henry,4280,1,06-16-2025 02:10:01,PEA River Electric Coop
Barbour,4493,1,06-16-2025 02:10:01,PEA River Electric Coop
Barbour,4493,1,06-16-2025 02:25:01,PEA River Electric Coop
Barbour,4493,1,06-16-2025 02:40:01,PEA River Electric Coop
Barbour,4493,1,06-16-2025 02:55:01,PEA River Electric Coop
Henry,4280,2,06-16-2025 06:10:01,PEA River Electric Coop
Henry,4280,27,06-16-2025 06:25:01,PEA River Electric Coop
Henry,4280,27,06-16-2025 06:40:01,PEA River Electric Coop
Henry,4280,27,06-16-2025 06:55:01,PEA River Electric Coop
Henry,4280,27,06-16-2025 07:10:01,PEA River Electric Coop
Henry,4280,27,06-16-2025 07:25:01,PEA River Electric Coop
Henry,4280,27,06-16-2025 07:40:01,PEA River Electric Coop
Dale,10444,2,06-16-2025 12:10:01,PEA River Electric Coop
Dale,10444,2,06-16-2025 12:25:00,PEA River Electric Coop
Dale,10444,2,06-16-2025 12:40:01,PEA River Electric Coop
Dale,10444,2,06-16-2025 12:55:01,PEA River Electric Coop
Dale,10444,2,06-16-2025 13:10:01,PEA River Electric Coop
Dale,10444,1,06-16-2025 14:40:01,PEA River Electric Coop
Dale,10444,1,06-16-2025 14:55:01,PEA River Electric Coop
Dale,10444,1,06-16-2025 15:10:01,PEA River Electric Coop
Henry,4280,1,06-16-2025 20:55:01,PEA River Electric Coop
Henry,4280,1,06-16-2025 21:10:01,PEA River Electric Coop
Henry,4280,1,06-16-2025 21:40:01,PEA River Electric Coop
Henry,4280,1,06-16-2025 21:55:00,PEA River Electric Coop
Henry,4280,1,06-16-2025 22:10:01,PEA River Electric Coop
Henry,4280,1,06-16-2025 22:25:01,PEA River Electric Coop
Henry,4280,2,06-16-2025 22:40:01,PEA River Electric Coop
Henry,4280,2,06-16-2025 22:55:01,PEA River Electric Coop
Dale,10444,2,06-16-2025 23:10:01,PEA River Electric Coop
Dale,10444,2,06-16-2025 23:25:01,PEA River Electric Coop
Dale,10444,2,06-16-2025 23:40:00,PEA River Electric Coop
Dale,10444,2,06-16-2025 23:55:01,PEA River Electric Coop
Dale,10444,2,06-17-2025 10:40:01,PEA River Electric Coop
Dale,10444,2,06-17-2025 10:55:01,PEA River Electric Coop
Henry,4280,4,06-17-2025 14:10:01,PEA River Electric Coop
Henry,4280,11,06-17-2025 14:40:01,PEA River Electric Coop
Henry,4280,60,06-17-2025 14:55:01,PEA River Electric Coop
Henry,4280,61,06-17-2025 15:10:01,PEA River Electric Coop
Henry,4280,62,06-17-2025 15:25:01,PEA River Electric Coop
Henry,4280,6,06-17-2025 17:40:00,PEA River Electric Coop
Henry,4280,260,06-17-2025 17:55:01,PEA River Electric Coop
Henry,4280,260,06-17-2025 18:10:01,PEA River Electric Coop
Henry,4280,260,06-17-2025 18:25:01,PEA River Electric Coop
Henry,4280,3,06-17-2025 19:40:00,PEA River Electric Coop
Barbour,4493,1,06-17-2025 19:40:00,PEA River Electric Coop
Henry,4280,3,06-17-2025 19:55:01,PEA River Electric Coop
Barbour,4493,1,06-17-2025 19:55:01,PEA River Electric Coop
Barbour,4493,1,06-17-2025 20:10:00,PEA River Electric Coop
Dale,10444,34,06-17-2025 20:10:00,PEA River Electric Coop
Barbour,4493,1,06-17-2025 20:25:01,PEA River Electric Coop
Dale,10444,2,06-17-2025 20:40:01,PEA River Electric Coop
Dale,10444,2,06-17-2025 20:55:01,PEA River Electric Coop
Dale,10444,2,06-17-2025 21:10:01,PEA River Electric Coop
Henry,4280,2,06-17-2025 21:25:01,PEA River Electric Coop
Dale,10444,2,06-17-2025 21:25:01,PEA River Electric Coop
Henry,4280,2,06-17-2025 21:40:01,PEA River Electric Coop
Dale,10444,2,06-17-2025 21:40:01,PEA River Electric Coop
Henry,4280,2,06-17-2025 21:55:01,PEA River Electric Coop
Henry,4280,2,06-17-2025 22:10:01,PEA River Electric Coop
Henry,4280,2,06-17-2025 22:25:01,PEA River Electric Coop
Henry,4280,2,06-17-2025 22:40:00,PEA River Electric Coop
Henry,4280,2,06-17-2025 22:55:01,PEA River Electric Coop
Henry,4280,2,06-17-2025 23:10:01,PEA River Electric Coop
Dale,10444,2,06-18-2025 03:10:00,PEA River Electric Coop
Dale,10444,2,06-18-2025 03:25:01,PEA River Electric Coop
Dale,10444,2,06-18-2025 03:40:00,PEA River Electric Coop
Barbour,4493,2,06-18-2025 04:40:00,PEA River Electric Coop
Barbour,4493,2,06-18-2025 04:55:01,PEA River Electric Coop
Barbour,4493,2,06-18-2025 05:10:01,PEA River Electric Coop
Barbour,4493,2,06-18-2025 05:25:01,PEA River Electric Coop
Barbour,4493,2,06-18-2025 05:40:01,PEA River Electric Coop
Barbour,4493,2,06-18-2025 05:55:01,PEA River Electric Coop
Dale,10444,1,06-18-2025 16:55:01,PEA River Electric Coop
Barbour,4493,34,06-18-2025 17:10:01,PEA River Electric Coop
Dale,10444,3,06-18-2025 17:10:01,PEA River Electric Coop
Barbour,4493,2172,06-18-2025 17:25:01,PEA River Electric Coop
Dale,10444,458,06-18-2025 17:25:01,PEA River Electric Coop
Barbour,4493,2172,06-18-2025 17:40:01,PEA River Electric Coop
Dale,10444,458,06-18-2025 17:40:01,PEA River Electric Coop
Barbour,4493,2172,06-18-2025 17:55:01,PEA River Electric Coop
Dale,10444,457,06-18-2025 17:55:01,PEA River Electric Coop
Barbour,4493,2172,06-18-2025 18:10:01,PEA River Electric Coop
Dale,10444,457,06-18-2025 18:10:01,PEA River Electric Coop
Dale,10444,1,06-18-2025 18:25:01,PEA River Electric Coop
Henry,4280,1,06-18-2025 18:55:01,PEA River Electric Coop
Henry,4280,1,06-18-2025 19:10:01,PEA River Electric Coop
Barbour,4493,2,06-18-2025 22:55:01,PEA River Electric Coop
Barbour,4493,4,06-18-2025 23:10:01,PEA River Electric Coop
Barbour,4493,4,06-18-2025 23:25:01,PEA River Electric Coop
Barbour,4493,5,06-18-2025 23:40:01,PEA River Electric Coop
Barbour,4493,9,06-18-2025 23:55:01,PEA River Electric Coop
Barbour,4493,9,06-19-2025 00:10:01,PEA River Electric Coop
Barbour,4493,9,06-19-2025 00:25:01,PEA River Electric Coop
Barbour,4493,9,06-19-2025 00:40:01,PEA River Electric Coop
Barbour,4493,9,06-19-2025 00:55:01,PEA River Electric Coop
Barbour,4493,9,06-19-2025 01:10:01,PEA River Electric Coop
Barbour,4493,7,06-19-2025 01:25:01,PEA River Electric Coop
Barbour,4493,12,06-19-2025 01:40:00,PEA River Electric Coop
Barbour,4493,12,06-19-2025 01:55:01,PEA River Electric Coop
Barbour,4493,5,06-19-2025 02:10:01,PEA River Electric Coop
Barbour,4493,5,06-19-2025 02:25:01,PEA River Electric Coop
Barbour,4493,5,06-19-2025 02:40:01,PEA River Electric Coop
Dale,10444,2,06-19-2025 03:10:01,PEA River Electric Coop
Dale,10444,2,06-19-2025 03:25:01,PEA River Electric Coop
Dale,10444,2,06-19-2025 03:40:01,PEA River Electric Coop
Dale,10444,2,06-19-2025 03:55:01,PEA River Electric Coop
Barbour,4493,1,06-19-2025 13:55:00,PEA River Electric Coop
Barbour,4493,1,06-19-2025 14:10:01,PEA River Electric Coop
Barbour,4493,1,06-19-2025 14:25:01,PEA River Electric Coop
Dale,10444,5,06-19-2025 19:55:01,PEA River Electric Coop
Barbour,4493,1,06-19-2025 20:10:01,PEA River Electric Coop
Dale,10444,8,06-19-2025 20:10:01,PEA River Electric Coop
Barbour,4493,1,06-19-2025 20:25:01,PEA River Electric Coop
Dale,10444,4,06-19-2025 20:25:01,PEA River Electric Coop
Barbour,4493,1,06-19-2025 20:40:01,PEA River Electric Coop
Dale,10444,4,06-19-2025 20:40:01,PEA River Electric Coop
Dale,10444,4,06-19-2025 20:55:01,PEA River Electric Coop
Dale,10444,6,06-19-2025 21:10:01,PEA River Electric Coop
Dale,10444,2,06-19-2025 21:25:01,PEA River Electric Coop
Dale,10444,3,06-19-2025 21:40:01,PEA River Electric Coop
Dale,10444,2,06-19-2025 21:55:00,PEA River Electric Coop
Dale,10444,2,06-19-2025 22:10:01,PEA River Electric Coop
Dale,10444,4,06-19-2025 22:25:01,PEA River Electric Coop
Dale,10444,3,06-19-2025 22:40:01,PEA River Electric Coop
Dale,10444,1,06-19-2025 23:25:00,PEA River Electric Coop
Dale,10444,1,06-19-2025 23:40:01,PEA River Electric Coop
Dale,10444,1,06-19-2025 23:55:01,PEA River Electric Coop
Dale,10444,1,06-20-2025 00:10:01,PEA River Electric Coop
Dale,10444,1,06-20-2025 00:25:01,PEA River Electric Coop
Dale,10444,1,06-20-2025 00:40:01,PEA River Electric Coop
Dale,10444,1,06-20-2025 00:55:00,PEA River Electric Coop
Dale,10444,1,06-20-2025 01:10:01,PEA River Electric Coop
Barbour,4493,2,06-20-2025 04:25:01,PEA River Electric Coop
Barbour,4493,41,06-20-2025 04:40:01,PEA River Electric Coop
Barbour,4493,41,06-20-2025 04:55:01,PEA River Electric Coop
Barbour,4493,41,06-20-2025 05:10:01,PEA River Electric Coop
Barbour,4493,41,06-20-2025 05:25:01,PEA River Electric Coop
Barbour,4493,41,06-20-2025 05:40:01,PEA River Electric Coop
Barbour,4493,41,06-20-2025 05:55:01,PEA River Electric Coop
Barbour,4493,41,06-20-2025 06:10:00,PEA River Electric Coop
Barbour,4493,41,06-20-2025 06:25:01,PEA River Electric Coop
Barbour,4493,41,06-20-2025 06:40:01,PEA River Electric Coop
Barbour,4493,41,06-20-2025 06:55:01,PEA River Electric Coop
Barbour,4493,41,06-20-2025 07:10:01,PEA River Electric Coop
Barbour,4493,41,06-20-2025 07:25:01,PEA River Electric Coop
Barbour,4493,41,06-20-2025 07:40:00,PEA River Electric Coop
Barbour,4493,41,06-20-2025 07:55:01,PEA River Electric Coop
Barbour,4493,41,06-20-2025 08:10:01,PEA River Electric Coop
Barbour,4493,41,06-20-2025 08:25:01,PEA River Electric Coop
Barbour,4493,41,06-20-2025 08:40:00,PEA River Electric Coop
Barbour,4493,41,06-20-2025 08:55:00,PEA River Electric Coop
Barbour,4493,41,06-20-2025 09:10:01,PEA River Electric Coop
Barbour,4493,41,06-20-2025 09:25:01,PEA River Electric Coop
Henry,4280,1,06-20-2025 13:40:01,PEA River Electric Coop
Henry,4280,1,06-20-2025 13:55:01,PEA River Electric Coop
Henry,4280,1,06-20-2025 14:10:01,PEA River Electric Coop
Henry,4280,1,06-20-2025 14:25:01,PEA River Electric Coop
Barbour,4493,2,06-20-2025 15:10:01,PEA River Electric Coop
Barbour,4493,1,06-20-2025 15:55:01,PEA River Electric Coop
Barbour,4493,1,06-20-2025 16:10:01,PEA River Electric Coop
Barbour,4493,1,06-20-2025 16:25:01,PEA River Electric Coop
Barbour,4493,1,06-20-2025 16:40:01,PEA River Electric Coop
Barbour,4493,1,06-20-2025 16:55:01,PEA River Electric Coop
Barbour,4493,1,06-20-2025 17:10:01,PEA River Electric Coop
Dale,10444,1,06-20-2025 20:40:01,PEA River Electric Coop
Dale,10444,1,06-20-2025 20:55:01,PEA River Electric Coop
Dale,10444,10,06-20-2025 21:10:01,PEA River Electric Coop
Dale,10444,10,06-20-2025 21:25:01,PEA River Electric Coop
Dale,10444,9,06-20-2025 21:40:01,PEA River Electric Coop
Dale,10444,9,06-20-2025 21:55:01,PEA River Electric Coop
Dale,10444,9,06-20-2025 22:10:01,PEA River Electric Coop
Dale,10444,9,06-20-2025 22:25:01,PEA River Electric Coop
Dale,10444,9,06-20-2025 22:40:01,PEA River Electric Coop
Dale,10444,9,06-20-2025 22:55:01,PEA River Electric Coop
Dale,10444,9,06-20-2025 23:10:01,PEA River Electric Coop
Barbour,4493,2,06-21-2025 18:25:01,PEA River Electric Coop
Barbour,4493,2,06-21-2025 18:40:01,PEA River Electric Coop
Barbour,4493,2,06-21-2025 18:55:01,PEA River Electric Coop
Barbour,4493,2,06-21-2025 19:10:01,PEA River Electric Coop
Barbour,4493,2,06-21-2025 19:25:01,PEA River Electric Coop
Barbour,4493,2,06-21-2025 19:40:01,PEA River Electric Coop
Dale,10444,1,06-22-2025 02:40:01,PEA River Electric Coop
Dale,10444,1,06-22-2025 02:55:01,PEA River Electric Coop
Dale,10444,1,06-22-2025 03:10:01,PEA River Electric Coop
Dale,10444,1,06-22-2025 03:25:01,PEA River Electric Coop
Dale,10444,1,06-22-2025 03:40:01,PEA River Electric Coop
Dale,10444,3,06-22-2025 15:25:01,PEA River Electric Coop
Dale,10444,3,06-22-2025 15:40:01,PEA River Electric Coop
Dale,10444,3,06-22-2025 15:55:01,PEA River Electric Coop
Dale,10444,3,06-22-2025 16:10:01,PEA River Electric Coop
Dale,10444,3,06-22-2025 17:10:01,PEA River Electric Coop
Dale,10444,3,06-22-2025 17:25:01,PEA River Electric Coop
Barbour,4493,2,06-22-2025 19:55:01,PEA River Electric Coop
Barbour,4493,2,06-22-2025 20:10:01,PEA River Electric Coop
Barbour,4493,2,06-22-2025 20:25:01,PEA River Electric Coop
Henry,4280,2,06-22-2025 20:40:01,PEA River Electric Coop
Barbour,4493,2,06-22-2025 20:40:01,PEA River Electric Coop
Henry,4280,3,06-22-2025 20:55:01,PEA River Electric Coop
Henry,4280,2,06-22-2025 21:10:01,PEA River Electric Coop
Henry,4280,2,06-22-2025 21:25:01,PEA River Electric Coop
Henry,4280,2,06-22-2025 21:40:00,PEA River Electric Coop
Barbour,4493,2,06-23-2025 11:55:01,PEA River Electric Coop
Barbour,4493,2,06-23-2025 12:10:01,PEA River Electric Coop
Barbour,4493,2,06-23-2025 12:25:02,PEA River Electric Coop
Barbour,4493,2,06-23-2025 12:40:01,PEA River Electric Coop
Barbour,4493,2,06-23-2025 12:55:01,PEA River Electric Coop
Barbour,4493,2,06-23-2025 13:10:01,PEA River Electric Coop
Henry,4280,18,06-23-2025 13:25:01,PEA River Electric Coop
Barbour,4493,2,06-23-2025 13:25:01,PEA River Electric Coop
Barbour,4493,2,06-23-2025 13:40:01,PEA River Electric Coop
Dale,10444,70,06-23-2025 21:40:01,PEA River Electric Coop
Dale,10444,70,06-23-2025 21:55:01,PEA River Electric Coop
Dale,10444,70,06-23-2025 22:10:01,PEA River Electric Coop
Dale,10444,70,06-23-2025 22:25:01,PEA River Electric Coop
Dale,10444,70,06-23-2025 22:40:01,PEA River Electric Coop
Dale,10444,70,06-23-2025 22:55:01,PEA River Electric Coop
Dale,10444,65,06-23-2025 23:10:01,PEA River Electric Coop
Dale,10444,65,06-23-2025 23:25:01,PEA River Electric Coop
Henry,4280,30,06-24-2025 14:25:02,PEA River Electric Coop
Henry,4280,55,06-24-2025 14:40:01,PEA River Electric Coop
Henry,4280,55,06-24-2025 14:55:01,PEA River Electric Coop
Henry,4280,55,06-24-2025 15:10:01,PEA River Electric Coop
Henry,4280,90,06-24-2025 15:25:01,PEA River Electric Coop
Henry,4280,150,06-24-2025 15:40:01,PEA River Electric Coop
Henry,4280,150,06-24-2025 15:55:01,PEA River Electric Coop
Henry,4280,150,06-24-2025 16:10:01,PEA River Electric Coop
Henry,4280,150,06-24-2025 16:25:01,PEA River Electric Coop
Henry,4280,150,06-24-2025 16:40:01,PEA River Electric Coop
Henry,4280,150,06-24-2025 16:55:02,PEA River Electric Coop
Henry,4280,578,06-24-2025 17:10:02,PEA River Electric Coop
Barbour,4493,111,06-24-2025 17:10:02,PEA River Electric Coop
Henry,4280,578,06-24-2025 17:25:01,PEA River Electric Coop
Barbour,4493,111,06-24-2025 17:25:01,PEA River Electric Coop
Henry,4280,578,06-24-2025 17:40:01,PEA River Electric Coop
Barbour,4493,111,06-24-2025 17:40:01,PEA River Electric Coop
Henry,4280,578,06-24-2025 17:55:01,PEA River Electric Coop
Barbour,4493,111,06-24-2025 17:55:01,PEA River Electric Coop
Henry,4280,578,06-24-2025 18:10:01,PEA River Electric Coop
Barbour,4493,111,06-24-2025 18:10:01,PEA River Electric Coop
Henry,4280,578,06-24-2025 18:25:01,PEA River Electric Coop
Barbour,4493,111,06-24-2025 18:25:01,PEA River Electric Coop
Henry,4280,578,06-24-2025 18:40:01,PEA River Electric Coop
Barbour,4493,111,06-24-2025 18:40:01,PEA River Electric Coop
Henry,4280,11,06-24-2025 19:10:00,PEA River Electric Coop
Dale,10444,4,06-24-2025 20:55:01,PEA River Electric Coop
Dale,10444,4,06-24-2025 21:10:01,PEA River Electric Coop
Dale,10444,4,06-24-2025 21:25:01,PEA River Electric Coop
Dale,10444,4,06-24-2025 21:40:01,PEA River Electric Coop
Dale,10444,4,06-24-2025 21:55:02,PEA River Electric Coop
Dale,10444,4,06-24-2025 22:10:01,PEA River Electric Coop
Dale,10444,4,06-24-2025 22:25:01,PEA River Electric Coop
Dale,10444,4,06-24-2025 22:40:01,PEA River Electric Coop
Barbour,4493,1,06-25-2025 01:55:01,PEA River Electric Coop
Barbour,4493,1,06-25-2025 02:10:01,PEA River Electric Coop
Henry,4280,2,06-25-2025 14:55:01,PEA River Electric Coop
Henry,4280,1,06-25-2025 17:40:01,PEA River Electric Coop
Barbour,4493,1,06-25-2025 17:40:01,PEA River Electric Coop
Henry,4280,1,06-25-2025 17:55:01,PEA River Electric Coop
Barbour,4493,1,06-25-2025 17:55:01,PEA River Electric Coop
Henry,4280,1,06-25-2025 18:10:02,PEA River Electric Coop
Barbour,4493,1,06-25-2025 18:10:02,PEA River Electric Coop
Henry,4280,1,06-25-2025 18:25:01,PEA River Electric Coop
Barbour,4493,1,06-25-2025 18:25:01,PEA River Electric Coop
Dale,10444,3,06-25-2025 18:55:01,PEA River Electric Coop
Dale,10444,3,06-25-2025 19:10:01,PEA River Electric Coop
Dale,10444,3,06-25-2025 19:25:01,PEA River Electric Coop
Dale,10444,6,06-25-2025 22:40:01,PEA River Electric Coop
Dale,10444,7,06-25-2025 22:55:01,PEA River Electric Coop
Dale,10444,7,06-25-2025 23:10:01,PEA River Electric Coop
Dale,10444,1,06-25-2025 23:25:01,PEA River Electric Coop
Dale,10444,3,06-25-2025 23:40:01,PEA River Electric Coop
Dale,10444,3,06-25-2025 23:55:01,PEA River Electric Coop
Dale,10444,6,06-26-2025 00:10:01,PEA River Electric Coop
Dale,10444,11,06-26-2025 00:25:01,PEA River Electric Coop
Dale,10444,12,06-26-2025 00:40:01,PEA River Electric Coop
Barbour,4493,2,06-26-2025 00:55:01,PEA River Electric Coop
Dale,10444,12,06-26-2025 00:55:01,PEA River Electric Coop
Barbour,4493,2,06-26-2025 01:10:01,PEA River Electric Coop
Dale,10444,6,06-26-2025 01:10:01,PEA River Electric Coop
Henry,4280,21,06-26-2025 01:25:01,PEA River Electric Coop
Dale,10444,6,06-26-2025 01:25:01,PEA River Electric Coop
Henry,4280,21,06-26-2025 01:40:01,PEA River Electric Coop
Dale,10444,1,06-26-2025 01:40:01,PEA River Electric Coop
Henry,4280,21,06-26-2025 01:55:01,PEA River Electric Coop
Barbour,4493,24,06-26-2025 01:55:01,PEA River Electric Coop
Dale,10444,45,06-26-2025 01:55:01,PEA River Electric Coop
Henry,4280,23,06-26-2025 02:10:01,PEA River Electric Coop
Barbour,4493,26,06-26-2025 02:10:01,PEA River Electric Coop
Dale,10444,790,06-26-2025 02:10:01,PEA River Electric Coop
Henry,4280,23,06-26-2025 02:25:01,PEA River Electric Coop
Barbour,4493,26,06-26-2025 02:25:01,PEA River Electric Coop
Dale,10444,789,06-26-2025 02:25:01,PEA River Electric Coop
Henry,4280,23,06-26-2025 02:40:01,PEA River Electric Coop
Barbour,4493,26,06-26-2025 02:40:01,PEA River Electric Coop
Dale,10444,789,06-26-2025 02:40:01,PEA River Electric Coop
Henry,4280,23,06-26-2025 02:55:01,PEA River Electric Coop
Barbour,4493,27,06-26-2025 02:55:01,PEA River Electric Coop
Dale,10444,789,06-26-2025 02:55:01,PEA River Electric Coop
Henry,4280,23,06-26-2025 03:10:01,PEA River Electric Coop
Barbour,4493,27,06-26-2025 03:10:01,PEA River Electric Coop
Dale,10444,789,06-26-2025 03:10:01,PEA River Electric Coop
Henry,4280,23,06-26-2025 03:25:01,PEA River Electric Coop
Barbour,4493,27,06-26-2025 03:25:01,PEA River Electric Coop
Dale,10444,789,06-26-2025 03:25:01,PEA River Electric Coop
Henry,4280,2,06-26-2025 03:40:01,PEA River Electric Coop
Barbour,4493,26,06-26-2025 03:40:01,PEA River Electric Coop
Dale,10444,789,06-26-2025 03:40:01,PEA River Electric Coop
Barbour,4493,24,06-26-2025 03:55:01,PEA River Electric Coop
Dale,10444,24,06-26-2025 03:55:01,PEA River Electric Coop
Barbour,4493,24,06-26-2025 04:10:01,PEA River Electric Coop
Dale,10444,24,06-26-2025 04:10:01,PEA River Electric Coop
Barbour,4493,24,06-26-2025 04:25:01,PEA River Electric Coop
Dale,10444,24,06-26-2025 04:25:01,PEA River Electric Coop
Barbour,4493,24,06-26-2025 04:40:01,PEA River Electric Coop
Dale,10444,24,06-26-2025 04:40:01,PEA River Electric Coop
Barbour,4493,24,06-26-2025 04:55:01,PEA River Electric Coop
Dale,10444,24,06-26-2025 04:55:01,PEA River Electric Coop
Barbour,4493,1,06-26-2025 05:55:00,PEA River Electric Coop
Barbour,4493,1,06-26-2025 06:10:01,PEA River Electric Coop
Barbour,4493,1,06-26-2025 06:25:01,PEA River Electric Coop
Barbour,4493,1,06-26-2025 06:40:01,PEA River Electric Coop
Barbour,4493,1,06-26-2025 06:55:01,PEA River Electric Coop
Dale,10444,2,06-26-2025 06:55:01,PEA River Electric Coop
Barbour,4493,1,06-26-2025 07:10:01,PEA River Electric Coop
Dale,10444,2,06-26-2025 07:10:01,PEA River Electric Coop
Barbour,4493,1,06-26-2025 07:25:01,PEA River Electric Coop
Dale,10444,2,06-26-2025 07:25:01,PEA River Electric Coop
Barbour,4493,1,06-26-2025 07:40:01,PEA River Electric Coop
Dale,10444,2,06-26-2025 07:40:01,PEA River Electric Coop
Barbour,4493,1,06-26-2025 07:55:01,PEA River Electric Coop
Dale,10444,2,06-26-2025 07:55:01,PEA River Electric Coop
Barbour,4493,1,06-26-2025 08:10:01,PEA River Electric Coop
Dale,10444,2,06-26-2025 08:10:01,PEA River Electric Coop
Barbour,4493,1,06-26-2025 08:25:01,PEA River Electric Coop
Dale,10444,2,06-26-2025 08:25:01,PEA River Electric Coop
Barbour,4493,1,06-26-2025 08:40:01,PEA River Electric Coop
Barbour,4493,611,06-26-2025 08:55:01,PEA River Electric Coop
Barbour,4493,789,06-26-2025 09:10:01,PEA River Electric Coop
Barbour,4493,789,06-26-2025 09:25:01,PEA River Electric Coop
Barbour,4493,789,06-26-2025 09:40:01,PEA River Electric Coop
Barbour,4493,789,06-26-2025 09:55:01,PEA River Electric Coop
Barbour,4493,789,06-26-2025 10:10:01,PEA River Electric Coop
Barbour,4493,789,06-26-2025 10:25:01,PEA River Electric Coop
Barbour,4493,789,06-26-2025 10:40:01,PEA River Electric Coop
Barbour,4493,789,06-26-2025 10:55:01,PEA River Electric Coop
Barbour,4493,789,06-26-2025 11:10:01,PEA River Electric Coop
Barbour,4493,789,06-26-2025 11:25:01,PEA River Electric Coop
Barbour,4493,789,06-26-2025 11:40:01,PEA River Electric Coop
Barbour,4493,789,06-26-2025 11:55:01,PEA River Electric Coop
Dale,10444,1,06-26-2025 12:10:01,PEA River Electric Coop
Dale,10444,1,06-26-2025 12:25:01,PEA River Electric Coop
Dale,10444,1,06-26-2025 12:40:01,PEA River Electric Coop
Dale,10444,1,06-26-2025 12:55:01,PEA River Electric Coop
Dale,10444,1,06-26-2025 13:10:01,PEA River Electric Coop
Dale,10444,1,06-26-2025 13:25:01,PEA River Electric Coop
Dale,10444,1,06-26-2025 13:40:01,PEA River Electric Coop
Dale,10444,1,06-26-2025 13:55:01,PEA River Electric Coop
Dale,10444,1,06-26-2025 14:10:01,PEA River Electric Coop
Dale,10444,1,06-26-2025 14:25:01,PEA River Electric Coop
Dale,10444,1,06-26-2025 14:40:01,PEA River Electric Coop
Dale,10444,2,06-26-2025 18:40:01,PEA River Electric Coop
Dale,10444,2,06-26-2025 18:55:01,PEA River Electric Coop
Dale,10444,2,06-26-2025 19:10:01,PEA River Electric Coop
Dale,10444,2,06-26-2025 19:25:01,PEA River Electric Coop
Barbour,4493,2,06-26-2025 20:55:01,PEA River Electric Coop
Dale,10444,3,06-27-2025 02:25:01,PEA River Electric Coop
Dale,10444,3,06-27-2025 02:40:01,PEA River Electric Coop
Dale,10444,3,06-27-2025 02:55:01,PEA River Electric Coop
Dale,10444,3,06-27-2025 03:10:01,PEA River Electric Coop
Dale,10444,3,06-27-2025 12:10:01,PEA River Electric Coop
Dale,10444,3,06-27-2025 12:25:01,PEA River Electric Coop
Dale,10444,1,06-27-2025 12:40:01,PEA River Electric Coop
Dale,10444,1,06-27-2025 12:55:01,PEA River Electric Coop
Dale,10444,1,06-27-2025 13:10:01,PEA River Electric Coop
Henry,4280,1,06-27-2025 22:40:00,PEA River Electric Coop
Henry,4280,1,06-27-2025 22:55:01,PEA River Electric Coop
Henry,4280,1,06-27-2025 23:10:01,PEA River Electric Coop
Henry,4280,1,06-27-2025 23:25:01,PEA River Electric Coop
Henry,4280,1,06-27-2025 23:40:01,PEA River Electric Coop
Henry,4280,1,06-27-2025 23:55:01,PEA River Electric Coop
Henry,4280,3,06-28-2025 11:25:01,PEA River Electric Coop
Henry,4280,3,06-28-2025 11:40:01,PEA River Electric Coop
Dale,10444,2,06-28-2025 11:40:01,PEA River Electric Coop
Henry,4280,3,06-28-2025 11:55:01,PEA River Electric Coop
Dale,10444,2,06-28-2025 11:55:01,PEA River Electric Coop
Henry,4280,3,06-28-2025 12:10:01,PEA River Electric Coop
Dale,10444,2,06-28-2025 12:10:01,PEA River Electric Coop
Henry,4280,1,06-28-2025 12:25:01,PEA River Electric Coop
Dale,10444,2,06-28-2025 12:25:01,PEA River Electric Coop
Henry,4280,1,06-28-2025 12:40:01,PEA River Electric Coop
Dale,10444,2,06-28-2025 12:40:01,PEA River Electric Coop
Henry,4280,1,06-28-2025 12:55:01,PEA River Electric Coop
Dale,10444,2,06-28-2025 12:55:01,PEA River Electric Coop
Henry,4280,1,06-28-2025 13:10:01,PEA River Electric Coop
Dale,10444,2,06-28-2025 13:10:01,PEA River Electric Coop
Dale,10444,1,06-28-2025 15:10:01,PEA River Electric Coop
Dale,10444,1,06-28-2025 15:25:01,PEA River Electric Coop
Dale,10444,1,06-28-2025 15:40:01,PEA River Electric Coop
Henry,4280,3,06-28-2025 15:55:01,PEA River Electric Coop
Dale,10444,1,06-28-2025 15:55:01,PEA River Electric Coop
Henry,4280,3,06-28-2025 16:10:01,PEA River Electric Coop
Dale,10444,1,06-28-2025 16:10:01,PEA River Electric Coop
Henry,4280,3,06-28-2025 16:25:01,PEA River Electric Coop
Dale,10444,1,06-28-2025 16:25:01,PEA River Electric Coop
Henry,4280,3,06-28-2025 16:40:01,PEA River Electric Coop
Henry,4280,4,06-28-2025 16:55:03,PEA River Electric Coop
Henry,4280,4,06-28-2025 17:10:01,PEA River Electric Coop
Henry,4280,4,06-28-2025 17:25:01,PEA River Electric Coop
Henry,4280,4,06-28-2025 17:40:01,PEA River Electric Coop
Henry,4280,1,06-28-2025 17:55:01,PEA River Electric Coop
Dale,10444,2,06-28-2025 18:10:01,PEA River Electric Coop
Dale,10444,2,06-28-2025 18:25:01,PEA River Electric Coop
Dale,10444,2,06-28-2025 18:40:01,PEA River Electric Coop
Dale,10444,2,06-28-2025 18:55:01,PEA River Electric Coop
Henry,4280,1,06-28-2025 21:40:01,PEA River Electric Coop
Barbour,4493,1,06-28-2025 21:40:01,PEA River Electric Coop
Henry,4280,1,06-28-2025 21:55:01,PEA River Electric Coop
Barbour,4493,1,06-28-2025 21:55:01,PEA River Electric Coop
Henry,4280,1,06-28-2025 22:10:01,PEA River Electric Coop
Barbour,4493,1,06-28-2025 22:10:01,PEA River Electric Coop
Henry,4280,1,06-28-2025 22:25:01,PEA River Electric Coop
Barbour,4493,1,06-28-2025 22:25:01,PEA River Electric Coop
Barbour,4493,2,06-28-2025 22:40:01,PEA River Electric Coop
Barbour,4493,10,06-28-2025 22:55:01,PEA River Electric Coop
Barbour,4493,10,06-28-2025 23:10:01,PEA River Electric Coop
Barbour,4493,9,06-28-2025 23:25:01,PEA River Electric Coop
Barbour,4493,9,06-28-2025 23:40:01,PEA River Electric Coop
Barbour,4493,9,06-28-2025 23:55:01,PEA River Electric Coop
Barbour,4493,9,06-29-2025 00:10:01,PEA River Electric Coop
Dale,10444,1,06-29-2025 02:55:01,PEA River Electric Coop
Barbour,4493,2,06-29-2025 03:10:01,PEA River Electric Coop
Dale,10444,1,06-29-2025 03:10:01,PEA River Electric Coop
Barbour,4493,2,06-29-2025 03:25:01,PEA River Electric Coop
Dale,10444,1,06-29-2025 03:25:01,PEA River Electric Coop
Barbour,4493,2,06-29-2025 03:40:01,PEA River Electric Coop
Dale,10444,1,06-29-2025 03:40:01,PEA River Electric Coop
Dale,10444,1,06-29-2025 03:55:01,PEA River Electric Coop
Dale,10444,1,06-29-2025 04:10:01,PEA River Electric Coop
Dale,10444,1,06-29-2025 04:25:01,PEA River Electric Coop
Dale,10444,1,06-29-2025 12:10:01,PEA River Electric Coop
Dale,10444,1,06-29-2025 12:25:01,PEA River Electric Coop
Dale,10444,1,06-29-2025 12:40:01,PEA River Electric Coop
Dale,10444,1,06-29-2025 12:55:01,PEA River Electric Coop
Dale,10444,1,06-29-2025 13:10:01,PEA River Electric Coop
Barbour,4493,1,06-29-2025 14:10:01,PEA River Electric Coop
Dale,10444,1,06-29-2025 20:10:01,PEA River Electric Coop
Dale,10444,1,06-29-2025 20:25:01,PEA River Electric Coop
Dale,10444,1,06-29-2025 20:40:01,PEA River Electric Coop
Henry,4280,1,06-30-2025 13:10:01,PEA River Electric Coop
Dale,10444,1,06-30-2025 14:25:01,PEA River Electric Coop
Henry,4280,1,07-01-2025 18:40:01,PEA River Electric Coop
Henry,4280,1,07-01-2025 21:25:01,PEA River Electric Coop
Henry,4280,1,07-01-2025 21:40:01,PEA River Electric Coop
Henry,4280,1,07-01-2025 21:55:01,PEA River Electric Coop
Barbour,4493,1,07-01-2025 23:40:02,PEA River Electric Coop
Barbour,4493,1,07-01-2025 23:55:01,PEA River Electric Coop
Barbour,4493,1,07-02-2025 00:10:01,PEA River Electric Coop
Henry,4280,3,07-02-2025 02:25:01,PEA River Electric Coop
Henry,4280,3,07-02-2025 02:40:00,PEA River Electric Coop
Henry,4280,3,07-02-2025 02:55:01,PEA River Electric Coop
Henry,4280,3,07-02-2025 03:10:01,PEA River Electric Coop
Henry,4280,3,07-02-2025 03:25:01,PEA River Electric Coop
Henry,4280,3,07-02-2025 03:40:01,PEA River Electric Coop
Henry,4280,3,07-02-2025 03:55:01,PEA River Electric Coop
Henry,4280,3,07-02-2025 04:10:01,PEA River Electric Coop
Dale,10444,1,07-02-2025 14:40:01,PEA River Electric Coop
Dale,10444,1,07-02-2025 14:55:01,PEA River Electric Coop
Dale,10444,1,07-02-2025 15:10:01,PEA River Electric Coop
Dale,10444,1,07-02-2025 15:25:01,PEA River Electric Coop
Henry,4280,25,07-03-2025 12:55:01,PEA River Electric Coop
Henry,4280,25,07-03-2025 13:10:01,PEA River Electric Coop
Henry,4280,25,07-03-2025 13:25:01,PEA River Electric Coop
Henry,4280,25,07-03-2025 13:40:01,PEA River Electric Coop
Henry,4280,25,07-03-2025 13:55:01,PEA River Electric Coop
Henry,4280,25,07-03-2025 14:10:01,PEA River Electric Coop
Henry,4280,25,07-03-2025 14:25:01,PEA River Electric Coop
Henry,4280,25,07-03-2025 14:40:01,PEA River Electric Coop
Henry,4280,25,07-03-2025 14:55:01,PEA River Electric Coop
Henry,4280,25,07-03-2025 15:10:01,PEA River Electric Coop
Henry,4280,25,07-03-2025 15:25:01,PEA River Electric Coop
Barbour,4493,1,07-03-2025 16:25:01,PEA River Electric Coop
Barbour,4493,2,07-03-2025 16:40:01,PEA River Electric Coop
Dale,10444,1,07-03-2025 16:40:01,PEA River Electric Coop
Barbour,4493,1,07-03-2025 16:55:01,PEA River Electric Coop
Dale,10444,1,07-03-2025 16:55:01,PEA River Electric Coop
Barbour,4493,1,07-03-2025 17:10:01,PEA River Electric Coop
Dale,10444,1,07-03-2025 17:10:01,PEA River Electric Coop
Barbour,4493,1,07-03-2025 17:25:01,PEA River Electric Coop
Dale,10444,1,07-03-2025 17:25:01,PEA River Electric Coop
Barbour,4493,1,07-03-2025 17:40:01,PEA River Electric Coop
Dale,10444,1,07-03-2025 17:40:01,PEA River Electric Coop
Barbour,4493,1,07-03-2025 17:55:01,PEA River Electric Coop
Dale,10444,1,07-03-2025 17:55:01,PEA River Electric Coop
Barbour,4493,1,07-03-2025 18:10:01,PEA River Electric Coop
Dale,10444,1,07-03-2025 18:10:01,PEA River Electric Coop
Barbour,4493,1,07-03-2025 18:25:01,PEA River Electric Coop
Dale,10444,1,07-03-2025 18:25:01,PEA River Electric Coop
Barbour,4493,1,07-03-2025 18:40:01,PEA River Electric Coop
Barbour,4493,1,07-03-2025 18:55:01,PEA River Electric Coop
Barbour,4493,1,07-03-2025 19:10:01,PEA River Electric Coop
Barbour,4493,30,07-03-2025 20:25:01,PEA River Electric Coop
Barbour,4493,30,07-03-2025 20:40:01,PEA River Electric Coop
Barbour,4493,41,07-03-2025 20:55:01,PEA River Electric Coop
Barbour,4493,41,07-03-2025 21:10:01,PEA River Electric Coop
Barbour,4493,41,07-03-2025 21:25:00,PEA River Electric Coop
Barbour,4493,41,07-03-2025 21:40:01,PEA River Electric Coop
Barbour,4493,41,07-03-2025 21:55:01,PEA River Electric Coop
Dale,10444,1,07-03-2025 21:55:01,PEA River Electric Coop
Barbour,4493,41,07-03-2025 22:10:01,PEA River Electric Coop
Dale,10444,1,07-03-2025 22:10:01,PEA River Electric Coop
Barbour,4493,41,07-03-2025 22:25:01,PEA River Electric Coop
Dale,10444,1,07-03-2025 22:25:01,PEA River Electric Coop
Barbour,4493,41,07-03-2025 22:40:01,PEA River Electric Coop
Dale,10444,1,07-03-2025 22:40:01,PEA River Electric Coop
Barbour,4493,41,07-03-2025 22:55:01,PEA River Electric Coop
Dale,10444,1,07-03-2025 22:55:01,PEA River Electric Coop
Dale,10444,1,07-03-2025 23:10:01,PEA River Electric Coop
Dale,10444,1,07-03-2025 23:25:01,PEA River Electric Coop
Dale,10444,1,07-03-2025 23:40:00,PEA River Electric Coop
Dale,10444,1,07-03-2025 23:55:01,PEA River Electric Coop
Dale,10444,1,07-04-2025 00:10:01,PEA River Electric Coop
Henry,4280,1,07-04-2025 14:10:01,PEA River Electric Coop
Henry,4280,1,07-04-2025 14:25:01,PEA River Electric Coop
Henry,4280,1,07-04-2025 14:40:01,PEA River Electric Coop
Henry,4280,1,07-04-2025 14:55:01,PEA River Electric Coop
Dale,10444,1,07-04-2025 14:55:01,PEA River Electric Coop
Henry,4280,1,07-04-2025 15:10:01,PEA River Electric Coop
Dale,10444,1,07-04-2025 15:10:01,PEA River Electric Coop
Henry,4280,1,07-04-2025 15:25:01,PEA River Electric Coop
Dale,10444,1,07-04-2025 15:25:01,PEA River Electric Coop
Dale,10444,1,07-04-2025 15:40:01,PEA River Electric Coop
Dale,10444,1,07-04-2025 15:55:01,PEA River Electric Coop
Dale,10444,1,07-04-2025 16:10:01,PEA River Electric Coop
Dale,10444,4,07-04-2025 18:25:01,PEA River Electric Coop
Dale,10444,4,07-04-2025 18:40:01,PEA River Electric Coop
Dale,10444,4,07-04-2025 18:55:00,PEA River Electric Coop
Dale,10444,3,07-04-2025 19:10:01,PEA River Electric Coop
Dale,10444,1,07-04-2025 19:25:01,PEA River Electric Coop
Dale,10444,1,07-04-2025 19:40:01,PEA River Electric Coop
Barbour,4493,2,07-04-2025 21:10:01,PEA River Electric Coop
Barbour,4493,2,07-04-2025 21:25:00,PEA River Electric Coop
Barbour,4493,2,07-04-2025 21:40:01,PEA River Electric Coop
Barbour,4493,2,07-04-2025 21:55:01,PEA River Electric Coop
Barbour,4493,2,07-04-2025 22:10:01,PEA River Electric Coop
Henry,4280,10,07-05-2025 13:55:01,PEA River Electric Coop
Henry,4280,10,07-05-2025 14:10:01,PEA River Electric Coop
Henry,4280,10,07-05-2025 14:25:01,PEA River Electric Coop
Dale,10444,1,07-05-2025 14:25:01,PEA River Electric Coop
Henry,4280,10,07-05-2025 14:40:01,PEA River Electric Coop
Dale,10444,1,07-05-2025 14:40:01,PEA River Electric Coop
Dale,10444,2,07-05-2025 14:55:01,PEA River Electric Coop
Henry,4280,10,07-05-2025 15:10:01,PEA River Electric Coop
Dale,10444,2,07-05-2025 15:10:01,PEA River Electric Coop
Dale,10444,2,07-05-2025 15:25:01,PEA River Electric Coop
Henry,4280,1,07-06-2025 12:40:01,PEA River Electric Coop
Henry,4280,1,07-06-2025 12:55:01,PEA River Electric Coop
Henry,4280,1,07-06-2025 13:10:01,PEA River Electric Coop
Henry,4280,1,07-06-2025 13:25:01,PEA River Electric Coop
Henry,4280,1,07-06-2025 13:40:00,PEA River Electric Coop
Henry,4280,1,07-06-2025 13:55:01,PEA River Electric Coop
Henry,4280,1,07-06-2025 14:10:01,PEA River Electric Coop
Dale,10444,2,07-06-2025 14:10:01,PEA River Electric Coop
Henry,4280,1,07-06-2025 14:25:01,PEA River Electric Coop
Dale,10444,2,07-06-2025 14:25:01,PEA River Electric Coop
Dale,10444,2,07-06-2025 14:40:00,PEA River Electric Coop
Dale,10444,2,07-06-2025 14:55:01,PEA River Electric Coop
Dale,10444,2,07-06-2025 15:10:01,PEA River Electric Coop
Henry,4280,1,07-06-2025 16:10:01,PEA River Electric Coop
Henry,4280,1,07-06-2025 16:25:01,PEA River Electric Coop
Henry,4280,1,07-06-2025 16:40:01,PEA River Electric Coop
Henry,4280,1,07-06-2025 16:55:01,PEA River Electric Coop
Henry,4280,1,07-06-2025 17:10:01,PEA River Electric Coop
Dale,10444,68,07-07-2025 06:40:00,PEA River Electric Coop
Dale,10444,68,07-07-2025 06:55:01,PEA River Electric Coop
Dale,10444,68,07-07-2025 07:10:01,PEA River Electric Coop
Dale,10444,68,07-07-2025 07:25:01,PEA River Electric Coop
Dale,10444,68,07-07-2025 07:40:01,PEA River Electric Coop
Dale,10444,68,07-07-2025 07:55:01,PEA River Electric Coop
Dale,10444,68,07-07-2025 08:10:01,PEA River Electric Coop
Dale,10444,68,07-07-2025 08:25:01,PEA River Electric Coop
Dale,10444,68,07-07-2025 08:40:01,PEA River Electric Coop
Dale,10444,68,07-07-2025 08:55:01,PEA River Electric Coop
Dale,10444,68,07-07-2025 09:10:01,PEA River Electric Coop
Dale,10444,68,07-07-2025 09:25:01,PEA River Electric Coop
Dale,10444,68,07-07-2025 09:40:01,PEA River Electric Coop
Dale,10444,68,07-07-2025 09:55:00,PEA River Electric Coop
Dale,10444,68,07-07-2025 10:10:01,PEA River Electric Coop
Dale,10444,68,07-07-2025 10:25:01,PEA River Electric Coop
Dale,10444,2,07-07-2025 11:10:01,PEA River Electric Coop
Dale,10444,2,07-07-2025 11:25:00,PEA River Electric Coop
Dale,10444,2,07-07-2025 11:40:01,PEA River Electric Coop
Dale,10444,2,07-07-2025 11:55:01,PEA River Electric Coop
Henry,4280,1,07-07-2025 12:40:01,PEA River Electric Coop
Henry,4280,1,07-07-2025 12:55:01,PEA River Electric Coop
Henry,4280,1,07-07-2025 13:10:01,PEA River Electric Coop
Henry,4280,1,07-07-2025 16:55:00,PEA River Electric Coop
Henry,4280,1,07-07-2025 17:10:01,PEA River Electric Coop
Henry,4280,1,07-07-2025 17:25:01,PEA River Electric Coop
Henry,4280,1,07-07-2025 17:40:01,PEA River Electric Coop
Henry,4280,1,07-07-2025 17:55:01,PEA River Electric Coop
Dale,10444,3,07-07-2025 19:40:01,PEA River Electric Coop
Barbour,4493,1,07-08-2025 00:25:01,PEA River Electric Coop
Barbour,4493,1,07-08-2025 00:40:01,PEA River Electric Coop
Barbour,4493,1,07-08-2025 00:55:01,PEA River Electric Coop
Barbour,4493,1,07-08-2025 01:10:01,PEA River Electric Coop
Barbour,4493,1,07-08-2025 01:25:01,PEA River Electric Coop
Dale,10444,1,07-08-2025 22:25:01,PEA River Electric Coop
Dale,10444,2,07-08-2025 22:40:01,PEA River Electric Coop
Dale,10444,2,07-08-2025 22:55:01,PEA River Electric Coop
Dale,10444,2,07-08-2025 23:10:01,PEA River Electric Coop
Dale,10444,2,07-08-2025 23:25:01,PEA River Electric Coop
Dale,10444,1,07-08-2025 23:40:01,PEA River Electric Coop
Dale,10444,1,07-08-2025 23:55:01,PEA River Electric Coop
Henry,4280,1,07-09-2025 01:55:01,PEA River Electric Coop
Dale,10444,1,07-09-2025 01:55:01,PEA River Electric Coop
Henry,4280,1,07-09-2025 02:10:01,PEA River Electric Coop
Dale,10444,1,07-09-2025 02:10:01,PEA River Electric Coop
Henry,4280,1,07-09-2025 02:25:01,PEA River Electric Coop
Dale,10444,1,07-09-2025 02:25:01,PEA River Electric Coop
Henry,4280,1,07-09-2025 02:40:01,PEA River Electric Coop
Henry,4280,1,07-09-2025 02:55:00,PEA River Electric Coop
Dale,10444,5,07-09-2025 13:55:03,PEA River Electric Coop
Barbour,4493,1,07-09-2025 16:40:01,PEA River Electric Coop
Barbour,4493,1,07-09-2025 16:55:01,PEA River Electric Coop
Barbour,4493,1,07-09-2025 17:10:01,PEA River Electric Coop
Barbour,4493,1,07-09-2025 17:25:01,PEA River Electric Coop
Barbour,4493,1,07-09-2025 17:40:01,PEA River Electric Coop
Dale,10444,1,07-09-2025 22:55:01,PEA River Electric Coop
Dale,10444,1,07-10-2025 03:55:01,PEA River Electric Coop
Dale,10444,3,07-10-2025 04:10:01,PEA River Electric Coop
Dale,10444,3,07-10-2025 04:25:01,PEA River Electric Coop
Dale,10444,3,07-10-2025 04:40:01,PEA River Electric Coop
Dale,10444,4,07-10-2025 06:25:01,PEA River Electric Coop
Dale,10444,4,07-10-2025 06:40:01,PEA River Electric Coop
Dale,10444,4,07-10-2025 06:55:01,PEA River Electric Coop
Henry,4280,2,07-10-2025 12:10:00,PEA River Electric Coop
Henry,4280,190,07-10-2025 17:25:01,PEA River Electric Coop
Barbour,4493,54,07-10-2025 17:25:01,PEA River Electric Coop
Henry,4280,404,07-10-2025 17:40:01,PEA River Electric Coop
Barbour,4493,111,07-10-2025 17:40:01,PEA River Electric Coop
Henry,4280,2,07-10-2025 18:10:01,PEA River Electric Coop
Dale,10444,1,07-10-2025 18:55:01,PEA River Electric Coop
Dale,10444,1,07-11-2025 00:10:01,PEA River Electric Coop
Dale,10444,1,07-11-2025 00:25:01,PEA River Electric Coop
Dale,10444,1,07-11-2025 00:40:01,PEA River Electric Coop
Dale,10444,1,07-11-2025 00:55:01,PEA River Electric Coop
Dale,10444,1,07-11-2025 17:55:01,PEA River Electric Coop
Dale,10444,2,07-12-2025 12:10:01,PEA River Electric Coop
Dale,10444,2,07-12-2025 12:25:01,PEA River Electric Coop
Dale,10444,1,07-12-2025 12:40:01,PEA River Electric Coop
Dale,10444,1,07-12-2025 12:55:01,PEA River Electric Coop
Dale,10444,2,07-13-2025 18:55:01,PEA River Electric Coop
Dale,10444,2,07-13-2025 19:10:01,PEA River Electric Coop
Dale,10444,882,07-13-2025 19:25:01,PEA River Electric Coop
Dale,10444,1049,07-13-2025 19:40:01,PEA River Electric Coop
Barbour,4493,1,07-13-2025 19:55:01,PEA River Electric Coop
Dale,10444,1049,07-13-2025 19:55:01,PEA River Electric Coop
Dale,10444,42,07-13-2025 20:10:01,PEA River Electric Coop
Barbour,4493,333,07-13-2025 20:25:01,PEA River Electric Coop
Dale,10444,44,07-13-2025 20:25:01,PEA River Electric Coop
Barbour,4493,3,07-13-2025 20:40:00,PEA River Electric Coop
Dale,10444,44,07-13-2025 20:40:00,PEA River Electric Coop
Barbour,4493,3,07-13-2025 20:55:00,PEA River Electric Coop
Dale,10444,44,07-13-2025 20:55:00,PEA River Electric Coop
Barbour,4493,3,07-13-2025 21:10:01,PEA River Electric Coop
Dale,10444,44,07-13-2025 21:10:01,PEA River Electric Coop
Barbour,4493,3,07-13-2025 21:25:00,PEA River Electric Coop
Dale,10444,44,07-13-2025 21:25:00,PEA River Electric Coop
Barbour,4493,3,07-13-2025 21:40:01,PEA River Electric Coop
Dale,10444,44,07-13-2025 21:40:01,PEA River Electric Coop
Barbour,4493,3,07-13-2025 21:55:01,PEA River Electric Coop
Dale,10444,44,07-13-2025 21:55:01,PEA River Electric Coop
Barbour,4493,3,07-13-2025 22:10:01,PEA River Electric Coop
Dale,10444,44,07-13-2025 22:10:01,PEA River Electric Coop
Barbour,4493,3,07-13-2025 22:25:01,PEA River Electric Coop
Dale,10444,44,07-13-2025 22:25:01,PEA River Electric Coop
Barbour,4493,3,07-13-2025 22:40:01,PEA River Electric Coop
Dale,10444,44,07-13-2025 22:40:01,PEA River Electric Coop
Barbour,4493,2,07-13-2025 22:55:01,PEA River Electric Coop
Dale,10444,44,07-13-2025 22:55:01,PEA River Electric Coop
Barbour,4493,2,07-13-2025 23:10:01,PEA River Electric Coop
Dale,10444,44,07-13-2025 23:10:01,PEA River Electric Coop
Barbour,4493,2,07-13-2025 23:25:01,PEA River Electric Coop
Dale,10444,44,07-13-2025 23:25:01,PEA River Electric Coop
Dale,10444,42,07-13-2025 23:55:01,PEA River Electric Coop
Dale,10444,42,07-14-2025 00:10:01,PEA River Electric Coop
Dale,10444,42,07-14-2025 00:25:01,PEA River Electric Coop
Dale,10444,42,07-14-2025 00:40:01,PEA River Electric Coop
Dale,10444,42,07-14-2025 00:55:02,PEA River Electric Coop
Dale,10444,42,07-14-2025 01:10:01,PEA River Electric Coop
Dale,10444,42,07-14-2025 01:25:01,PEA River Electric Coop
Dale,10444,42,07-14-2025 01:40:01,PEA River Electric Coop
Dale,10444,42,07-14-2025 01:55:01,PEA River Electric Coop
Barbour,4493,305,07-14-2025 02:10:01,PEA River Electric Coop
Dale,10444,48,07-14-2025 02:10:01,PEA River Electric Coop
Barbour,4493,420,07-14-2025 02:25:01,PEA River Electric Coop
Dale,10444,42,07-14-2025 02:25:01,PEA River Electric Coop
Barbour,4493,420,07-14-2025 02:40:01,PEA River Electric Coop
Dale,10444,42,07-14-2025 02:40:01,PEA River Electric Coop
Barbour,4493,375,07-14-2025 02:55:01,PEA River Electric Coop
Dale,10444,42,07-14-2025 02:55:01,PEA River Electric Coop
Barbour,4493,372,07-14-2025 03:10:01,PEA River Electric Coop
Henry,4280,1,07-14-2025 13:55:01,PEA River Electric Coop
Dale,10444,1,07-14-2025 14:40:01,PEA River Electric Coop
Dale,10444,1,07-14-2025 14:55:01,PEA River Electric Coop
Barbour,4493,112,07-14-2025 18:55:01,PEA River Electric Coop
Barbour,4493,205,07-14-2025 19:10:02,PEA River Electric Coop
Barbour,4493,2,07-14-2025 19:25:01,PEA River Electric Coop
Barbour,4493,1,07-15-2025 12:55:00,PEA River Electric Coop
Barbour,4493,1,07-15-2025 13:10:01,PEA River Electric Coop
Barbour,4493,1,07-15-2025 13:25:01,PEA River Electric Coop
Dale,10444,4,07-15-2025 13:55:01,PEA River Electric Coop
Dale,10444,4,07-15-2025 14:10:01,PEA River Electric Coop
Dale,10444,4,07-15-2025 14:25:01,PEA River Electric Coop
Barbour,4493,1,07-15-2025 21:10:01,PEA River Electric Coop
Dale,10444,2,07-15-2025 21:10:01,PEA River Electric Coop
Henry,4280,2,07-15-2025 21:25:01,PEA River Electric Coop
Barbour,4493,11,07-15-2025 21:25:01,PEA River Electric Coop
Dale,10444,2,07-15-2025 21:25:01,PEA River Electric Coop
Henry,4280,2,07-15-2025 21:40:00,PEA River Electric Coop
Barbour,4493,11,07-15-2025 21:40:00,PEA River Electric Coop
Dale,10444,56,07-15-2025 21:40:00,PEA River Electric Coop
Henry,4280,2,07-15-2025 21:55:01,PEA River Electric Coop
Barbour,4493,11,07-15-2025 21:55:01,PEA River Electric Coop
Dale,10444,83,07-15-2025 21:55:01,PEA River Electric Coop
Henry,4280,2,07-15-2025 22:10:02,PEA River Electric Coop
Barbour,4493,11,07-15-2025 22:10:02,PEA River Electric Coop
Dale,10444,181,07-15-2025 22:10:02,PEA River Electric Coop
Henry,4280,2,07-15-2025 22:25:01,PEA River Electric Coop
Barbour,4493,11,07-15-2025 22:25:01,PEA River Electric Coop
Dale,10444,899,07-15-2025 22:25:01,PEA River Electric Coop
Henry,4280,2,07-15-2025 22:40:01,PEA River Electric Coop
Barbour,4493,11,07-15-2025 22:40:01,PEA River Electric Coop
Dale,10444,952,07-15-2025 22:40:01,PEA River Electric Coop
Henry,4280,2,07-15-2025 22:55:00,PEA River Electric Coop
Barbour,4493,11,07-15-2025 22:55:00,PEA River Electric Coop
Dale,10444,952,07-15-2025 22:55:00,PEA River Electric Coop
Henry,4280,2,07-15-2025 23:10:01,PEA River Electric Coop
Barbour,4493,11,07-15-2025 23:10:01,PEA River Electric Coop
Dale,10444,803,07-15-2025 23:10:01,PEA River Electric Coop
Henry,4280,2,07-15-2025 23:25:01,PEA River Electric Coop
Barbour,4493,11,07-15-2025 23:25:01,PEA River Electric Coop
Dale,10444,801,07-15-2025 23:25:01,PEA River Electric Coop
Dale,10444,801,07-15-2025 23:40:01,PEA River Electric Coop
Henry,4280,2,07-15-2025 23:55:01,PEA River Electric Coop
Dale,10444,752,07-15-2025 23:55:01,PEA River Electric Coop
Henry,4280,2,07-16-2025 00:10:01,PEA River Electric Coop
Barbour,4493,1,07-16-2025 00:10:01,PEA River Electric Coop
Dale,10444,752,07-16-2025 00:10:01,PEA River Electric Coop
Henry,4280,2,07-16-2025 00:25:01,PEA River Electric Coop
Dale,10444,752,07-16-2025 00:25:01,PEA River Electric Coop
Dale,10444,752,07-16-2025 00:40:01,PEA River Electric Coop
Dale,10444,751,07-16-2025 00:55:01,PEA River Electric Coop
Dale,10444,751,07-16-2025 01:10:01,PEA River Electric Coop
Dale,10444,751,07-16-2025 01:25:01,PEA River Electric Coop
Dale,10444,751,07-16-2025 01:40:01,PEA River Electric Coop
Barbour,4493,1,07-16-2025 01:55:01,PEA River Electric Coop
Dale,10444,751,07-16-2025 01:55:01,PEA River Electric Coop
Barbour,4493,1,07-16-2025 02:10:01,PEA River Electric Coop
Dale,10444,751,07-16-2025 02:10:01,PEA River Electric Coop
Barbour,4493,1,07-16-2025 02:25:01,PEA River Electric Coop
Dale,10444,751,07-16-2025 02:25:01,PEA River Electric Coop
Barbour,4493,1,07-16-2025 02:40:01,PEA River Electric Coop
Dale,10444,751,07-16-2025 02:40:01,PEA River Electric Coop
Dale,10444,751,07-16-2025 02:55:01,PEA River Electric Coop
Dale,10444,750,07-16-2025 03:10:01,PEA River Electric Coop
Dale,10444,750,07-16-2025 03:25:01,PEA River Electric Coop
Dale,10444,750,07-16-2025 03:40:01,PEA River Electric Coop
Dale,10444,750,07-16-2025 03:55:01,PEA River Electric Coop
Dale,10444,750,07-16-2025 04:10:01,PEA River Electric Coop
Dale,10444,750,07-16-2025 04:25:01,PEA River Electric Coop
Dale,10444,750,07-16-2025 04:40:01,PEA River Electric Coop
Dale,10444,14,07-16-2025 05:10:01,PEA River Electric Coop
Dale,10444,14,07-16-2025 05:25:01,PEA River Electric Coop
Dale,10444,2,07-16-2025 05:40:01,PEA River Electric Coop
Dale,10444,2,07-16-2025 05:55:01,PEA River Electric Coop
Dale,10444,1,07-16-2025 07:25:01,PEA River Electric Coop
Dale,10444,1,07-16-2025 07:40:01,PEA River Electric Coop
Dale,10444,1,07-16-2025 07:55:01,PEA River Electric Coop
Dale,10444,1,07-16-2025 08:10:01,PEA River Electric Coop
Dale,10444,1,07-16-2025 08:25:01,PEA River Electric Coop
Dale,10444,1,07-16-2025 08:40:01,PEA River Electric Coop
Dale,10444,1,07-16-2025 08:55:01,PEA River Electric Coop
Dale,10444,2,07-16-2025 09:10:01,PEA River Electric Coop
Dale,10444,1,07-16-2025 09:25:01,PEA River Electric Coop
Dale,10444,15,07-16-2025 09:40:01,PEA River Electric Coop
Dale,10444,15,07-16-2025 09:55:01,PEA River Electric Coop
Dale,10444,15,07-16-2025 10:10:01,PEA River Electric Coop
Dale,10444,52,07-16-2025 14:10:01,PEA River Electric Coop
Dale,10444,52,07-16-2025 14:25:01,PEA River Electric Coop
Dale,10444,52,07-16-2025 14:40:01,PEA River Electric Coop
Dale,10444,49,07-16-2025 14:55:01,PEA River Electric Coop
Dale,10444,49,07-16-2025 15:10:01,PEA River Electric Coop
Barbour,4493,1,07-16-2025 15:25:01,PEA River Electric Coop
Dale,10444,49,07-16-2025 15:25:01,PEA River Electric Coop
Dale,10444,49,07-16-2025 15:40:01,PEA River Electric Coop
Barbour,4493,1,07-16-2025 15:55:01,PEA River Electric Coop
Dale,10444,49,07-16-2025 15:55:01,PEA River Electric Coop
Barbour,4493,1,07-16-2025 17:55:01,PEA River Electric Coop
Barbour,4493,1,07-16-2025 18:10:01,PEA River Electric Coop
Barbour,4493,1,07-16-2025 18:25:01,PEA River Electric Coop
Henry,4280,22,07-16-2025 18:40:01,PEA River Electric Coop
Barbour,4493,1,07-16-2025 18:40:01,PEA River Electric Coop
Henry,4280,22,07-16-2025 18:55:01,PEA River Electric Coop
Barbour,4493,1,07-16-2025 18:55:01,PEA River Electric Coop
Henry,4280,22,07-16-2025 19:10:01,PEA River Electric Coop
Barbour,4493,1,07-16-2025 19:10:01,PEA River Electric Coop
Barbour,4493,1,07-16-2025 19:25:01,PEA River Electric Coop
Barbour,4493,1,07-16-2025 19:40:01,PEA River Electric Coop
Barbour,4493,1,07-16-2025 19:55:01,PEA River Electric Coop
Barbour,4493,153,07-17-2025 13:25:01,PEA River Electric Coop
Dale,10444,3,07-17-2025 16:10:01,PEA River Electric Coop
Dale,10444,3,07-17-2025 16:25:01,PEA River Electric Coop
Dale,10444,3,07-17-2025 16:40:01,PEA River Electric Coop
Barbour,4493,1,07-17-2025 19:10:01,PEA River Electric Coop
Barbour,4493,1,07-17-2025 19:25:01,PEA River Electric Coop
Barbour,4493,1,07-17-2025 19:40:00,PEA River Electric Coop
Barbour,4493,1,07-17-2025 19:55:01,PEA River Electric Coop
Dale,10444,2,07-17-2025 20:40:01,PEA River Electric Coop
Dale,10444,31,07-17-2025 20:55:01,PEA River Electric Coop
Dale,10444,31,07-17-2025 21:10:01,PEA River Electric Coop
Dale,10444,33,07-17-2025 21:25:01,PEA River Electric Coop
Henry,4280,1,07-17-2025 23:25:01,PEA River Electric Coop
Henry,4280,1,07-17-2025 23:40:01,PEA River Electric Coop
Dale,10444,3,07-18-2025 09:25:01,PEA River Electric Coop
Dale,10444,3,07-18-2025 09:40:01,PEA River Electric Coop
Dale,10444,3,07-18-2025 09:55:01,PEA River Electric Coop
Dale,10444,3,07-18-2025 10:10:01,PEA River Electric Coop
Dale,10444,3,07-18-2025 10:25:01,PEA River Electric Coop
Coffee,314,268,07-18-2025 19:10:01,PEA River Electric Coop
Dale,10444,672,07-18-2025 19:10:01,PEA River Electric Coop
Coffee,314,268,07-18-2025 19:25:01,PEA River Electric Coop
Dale,10444,672,07-18-2025 19:25:01,PEA River Electric Coop
Coffee,314,268,07-18-2025 19:40:00,PEA River Electric Coop
Dale,10444,672,07-18-2025 19:40:00,PEA River Electric Coop
Dale,10444,8,07-18-2025 20:55:01,PEA River Electric Coop
Dale,10444,1,07-18-2025 21:25:01,PEA River Electric Coop
Dale,10444,1,07-18-2025 21:40:01,PEA River Electric Coop
Henry,4280,1,07-18-2025 21:55:01,PEA River Electric Coop
Dale,10444,1,07-18-2025 21:55:01,PEA River Electric Coop
Henry,4280,123,07-18-2025 22:10:01,PEA River Electric Coop
Barbour,4493,111,07-18-2025 22:10:01,PEA River Electric Coop
Dale,10444,1,07-18-2025 22:10:01,PEA River Electric Coop
Henry,4280,123,07-18-2025 22:25:01,PEA River Electric Coop
Barbour,4493,111,07-18-2025 22:25:01,PEA River Electric Coop
Dale,10444,1,07-18-2025 22:25:01,PEA River Electric Coop
Henry,4280,123,07-18-2025 22:40:01,PEA River Electric Coop
Barbour,4493,111,07-18-2025 22:40:01,PEA River Electric Coop
Henry,4280,123,07-18-2025 22:55:01,PEA River Electric Coop
Barbour,4493,111,07-18-2025 22:55:01,PEA River Electric Coop
Henry,4280,123,07-18-2025 23:10:01,PEA River Electric Coop
Barbour,4493,111,07-18-2025 23:10:01,PEA River Electric Coop
Henry,4280,123,07-18-2025 23:25:01,PEA River Electric Coop
Barbour,4493,111,07-18-2025 23:25:01,PEA River Electric Coop
Henry,4280,131,07-18-2025 23:40:01,PEA River Electric Coop
Barbour,4493,111,07-18-2025 23:40:01,PEA River Electric Coop
Dale,10444,7,07-18-2025 23:40:01,PEA River Electric Coop
Henry,4280,131,07-18-2025 23:55:01,PEA River Electric Coop
Barbour,4493,111,07-18-2025 23:55:01,PEA River Electric Coop
Dale,10444,7,07-18-2025 23:55:01,PEA River Electric Coop
Dale,10444,8,07-19-2025 00:10:01,PEA River Electric Coop
Dale,10444,8,07-19-2025 00:25:01,PEA River Electric Coop
Dale,10444,8,07-19-2025 00:40:02,PEA River Electric Coop
Dale,10444,8,07-19-2025 00:55:01,PEA River Electric Coop
Henry,4280,3,07-19-2025 01:10:01,PEA River Electric Coop
Henry,4280,3,07-19-2025 01:25:01,PEA River Electric Coop
Henry,4280,3,07-19-2025 01:40:01,PEA River Electric Coop
Henry,4280,3,07-19-2025 01:55:01,PEA River Electric Coop
Henry,4280,3,07-19-2025 02:10:01,PEA River Electric Coop
Henry,4280,3,07-19-2025 02:25:01,PEA River Electric Coop
Dale,10444,3,07-19-2025 12:55:01,PEA River Electric Coop
Dale,10444,3,07-19-2025 13:10:01,PEA River Electric Coop
Dale,10444,41,07-19-2025 13:25:01,PEA River Electric Coop
Dale,10444,38,07-19-2025 13:40:01,PEA River Electric Coop
Dale,10444,38,07-19-2025 13:55:01,PEA River Electric Coop
Dale,10444,38,07-19-2025 14:10:01,PEA River Electric Coop
Henry,4280,2,07-20-2025 15:10:01,PEA River Electric Coop
Henry,4280,2,07-20-2025 15:25:01,PEA River Electric Coop
Henry,4280,2,07-20-2025 15:40:01,PEA River Electric Coop
Henry,4280,2,07-20-2025 15:55:01,PEA River Electric Coop
Henry,4280,2,07-21-2025 14:55:01,PEA River Electric Coop
Dale,10444,2,07-21-2025 16:55:01,PEA River Electric Coop
Dale,10444,125,07-21-2025 17:10:01,PEA River Electric Coop
Dale,10444,125,07-21-2025 17:25:00,PEA River Electric Coop
Henry,4280,1,07-21-2025 21:10:01,PEA River Electric Coop
Henry,4280,1,07-21-2025 21:25:01,PEA River Electric Coop
Dale,10444,2,07-22-2025 11:40:01,PEA River Electric Coop
Dale,10444,2,07-22-2025 11:55:01,PEA River Electric Coop
Dale,10444,2,07-22-2025 12:10:01,PEA River Electric Coop
Henry,4280,2,07-22-2025 20:10:01,PEA River Electric Coop
Barbour,4493,683,07-22-2025 20:10:01,PEA River Electric Coop
Henry,4280,5,07-22-2025 20:25:01,PEA River Electric Coop
Barbour,4493,824,07-22-2025 20:25:01,PEA River Electric Coop
Henry,4280,5,07-22-2025 20:40:01,PEA River Electric Coop
Barbour,4493,869,07-22-2025 20:40:01,PEA River Electric Coop
Henry,4280,5,07-22-2025 20:55:01,PEA River Electric Coop
Barbour,4493,869,07-22-2025 20:55:01,PEA River Electric Coop
Henry,4280,5,07-22-2025 21:10:01,PEA River Electric Coop
Barbour,4493,869,07-22-2025 21:10:01,PEA River Electric Coop
Henry,4280,3,07-22-2025 21:25:01,PEA River Electric Coop
Barbour,4493,869,07-22-2025 21:25:01,PEA River Electric Coop
Dale,10444,38,07-22-2025 21:25:01,PEA River Electric Coop
Henry,4280,3,07-22-2025 21:40:01,PEA River Electric Coop
Barbour,4493,82,07-22-2025 21:40:01,PEA River Electric Coop
Dale,10444,39,07-22-2025 21:40:01,PEA River Electric Coop
Henry,4280,5,07-22-2025 21:55:01,PEA River Electric Coop
Barbour,4493,82,07-22-2025 21:55:01,PEA River Electric Coop
Dale,10444,40,07-22-2025 21:55:01,PEA River Electric Coop
Henry,4280,5,07-22-2025 22:10:01,PEA River Electric Coop
Barbour,4493,80,07-22-2025 22:10:01,PEA River Electric Coop
Dale,10444,45,07-22-2025 22:10:01,PEA River Electric Coop
Henry,4280,4,07-22-2025 22:25:01,PEA River Electric Coop
Barbour,4493,46,07-22-2025 22:25:01,PEA River Electric Coop
Dale,10444,66,07-22-2025 22:25:01,PEA River Electric Coop
Coffee,314,8,07-22-2025 22:40:01,PEA River Electric Coop
Henry,4280,3,07-22-2025 22:40:01,PEA River Electric Coop
Barbour,4493,46,07-22-2025 22:40:01,PEA River Electric Coop
Dale,10444,59,07-22-2025 22:40:01,PEA River Electric Coop
Coffee,314,8,07-22-2025 22:55:01,PEA River Electric Coop
Henry,4280,2,07-22-2025 22:55:01,PEA River Electric Coop
Barbour,4493,46,07-22-2025 22:55:01,PEA River Electric Coop
Dale,10444,47,07-22-2025 22:55:01,PEA River Electric Coop
Coffee,314,8,07-22-2025 23:10:01,PEA River Electric Coop
Henry,4280,54,07-22-2025 23:10:01,PEA River Electric Coop
Barbour,4493,15,07-22-2025 23:10:01,PEA River Electric Coop
Dale,10444,42,07-22-2025 23:10:01,PEA River Electric Coop
Coffee,314,8,07-22-2025 23:25:01,PEA River Electric Coop
Henry,4280,54,07-22-2025 23:25:01,PEA River Electric Coop
Barbour,4493,15,07-22-2025 23:25:01,PEA River Electric Coop
Dale,10444,47,07-22-2025 23:25:01,PEA River Electric Coop
Coffee,314,8,07-22-2025 23:40:01,PEA River Electric Coop
Henry,4280,1,07-22-2025 23:40:01,PEA River Electric Coop
Barbour,4493,15,07-22-2025 23:40:01,PEA River Electric Coop
Dale,10444,46,07-22-2025 23:40:01,PEA River Electric Coop
Coffee,314,8,07-22-2025 23:55:01,PEA River Electric Coop
Henry,4280,1,07-22-2025 23:55:01,PEA River Electric Coop
Dale,10444,46,07-22-2025 23:55:01,PEA River Electric Coop
Coffee,314,8,07-23-2025 00:10:01,PEA River Electric Coop
Dale,10444,46,07-23-2025 00:10:01,PEA River Electric Coop
Coffee,314,8,07-23-2025 00:25:00,PEA River Electric Coop
Dale,10444,41,07-23-2025 00:25:00,PEA River Electric Coop
Coffee,314,8,07-23-2025 00:40:01,PEA River Electric Coop
Dale,10444,41,07-23-2025 00:40:01,PEA River Electric Coop
Coffee,314,8,07-23-2025 00:55:01,PEA River Electric Coop
Dale,10444,29,07-23-2025 00:55:01,PEA River Electric Coop
Henry,4280,2,07-23-2025 14:55:01,PEA River Electric Coop
Henry,4280,2,07-23-2025 15:10:00,PEA River Electric Coop
Dale,10444,1,07-23-2025 15:10:00,PEA River Electric Coop
Barbour,4493,2,07-23-2025 20:10:01,PEA River Electric Coop
Barbour,4493,2,07-23-2025 20:25:01,PEA River Electric Coop
Barbour,4493,2,07-23-2025 20:40:02,PEA River Electric Coop
Barbour,4493,2,07-23-2025 20:55:01,PEA River Electric Coop
Barbour,4493,2,07-23-2025 21:10:01,PEA River Electric Coop
Barbour,4493,2,07-23-2025 21:25:01,PEA River Electric Coop
Henry,4280,1,07-23-2025 22:10:01,PEA River Electric Coop
Henry,4280,1,07-23-2025 22:25:02,PEA River Electric Coop
Henry,4280,1,07-23-2025 22:40:01,PEA River Electric Coop
Henry,4280,1,07-23-2025 22:55:01,PEA River Electric Coop
Barbour,4493,1,07-23-2025 22:55:01,PEA River Electric Coop
Barbour,4493,1,07-23-2025 23:10:01,PEA River Electric Coop
Barbour,4493,1,07-23-2025 23:25:01,PEA River Electric Coop
Dale,10444,1,07-23-2025 23:25:01,PEA River Electric Coop
Barbour,4493,1,07-23-2025 23:40:01,PEA River Electric Coop
Dale,10444,1,07-23-2025 23:40:01,PEA River Electric Coop
Dale,10444,1,07-23-2025 23:55:01,PEA River Electric Coop
Dale,10444,2,07-25-2025 03:25:01,PEA River Electric Coop
Dale,10444,2,07-25-2025 03:40:01,PEA River Electric Coop
Dale,10444,1,07-25-2025 06:40:01,PEA River Electric Coop
Dale,10444,1,07-25-2025 06:55:01,PEA River Electric Coop
Henry,4280,1,07-25-2025 13:40:01,PEA River Electric Coop
Henry,4280,3,07-25-2025 14:40:01,PEA River Electric Coop
Henry,4280,2,07-25-2025 14:55:01,PEA River Electric Coop
Henry,4280,2,07-25-2025 15:10:01,PEA River Electric Coop
Henry,4280,2,07-25-2025 15:25:01,PEA River Electric Coop
Henry,4280,2,07-25-2025 15:40:01,PEA River Electric Coop
Henry,4280,2,07-25-2025 15:55:01,PEA River Electric Coop
Dale,10444,7,07-25-2025 18:10:01,PEA River Electric Coop
Dale,10444,390,07-25-2025 18:25:01,PEA River Electric Coop
Dale,10444,390,07-25-2025 18:40:01,PEA River Electric Coop
Dale,10444,390,07-25-2025 18:55:01,PEA River Electric Coop
Dale,10444,418,07-25-2025 19:10:01,PEA River Electric Coop
Dale,10444,418,07-25-2025 19:25:01,PEA River Electric Coop
Dale,10444,750,07-25-2025 19:40:01,PEA River Electric Coop
Dale,10444,750,07-25-2025 19:55:01,PEA River Electric Coop
Dale,10444,750,07-25-2025 20:10:01,PEA River Electric Coop
Dale,10444,555,07-25-2025 20:25:01,PEA River Electric Coop
Dale,10444,555,07-25-2025 20:40:01,PEA River Electric Coop
Barbour,4493,4,07-25-2025 20:55:01,PEA River Electric Coop
Barbour,4493,7,07-25-2025 21:10:01,PEA River Electric Coop
Barbour,4493,7,07-25-2025 21:25:01,PEA River Electric Coop
Barbour,4493,7,07-25-2025 21:40:01,PEA River Electric Coop
Barbour,4493,7,07-25-2025 21:55:01,PEA River Electric Coop
Barbour,4493,7,07-25-2025 22:10:01,PEA River Electric Coop
Barbour,4493,1,07-26-2025 10:40:01,PEA River Electric Coop
Barbour,4493,1,07-26-2025 10:55:01,PEA River Electric Coop
Barbour,4493,1,07-26-2025 11:10:01,PEA River Electric Coop
Dale,10444,1,07-26-2025 15:55:01,PEA River Electric Coop
Barbour,4493,4,07-26-2025 17:10:01,PEA River Electric Coop
Barbour,4493,4,07-26-2025 17:25:01,PEA River Electric Coop
Barbour,4493,4,07-26-2025 17:40:01,PEA River Electric Coop
Barbour,4493,4,07-26-2025 17:55:01,PEA River Electric Coop
Dale,10444,3,07-26-2025 20:55:01,PEA River Electric Coop
Dale,10444,3,07-26-2025 21:10:01,PEA River Electric Coop
Henry,4280,3,07-27-2025 05:55:01,PEA River Electric Coop
Henry,4280,3,07-27-2025 06:10:01,PEA River Electric Coop
Henry,4280,3,07-27-2025 06:25:01,PEA River Electric Coop
Henry,4280,24,07-27-2025 06:40:01,PEA River Electric Coop
Henry,4280,24,07-27-2025 06:55:01,PEA River Electric Coop
Henry,4280,24,07-27-2025 07:10:01,PEA River Electric Coop
Henry,4280,24,07-27-2025 07:25:01,PEA River Electric Coop
Barbour,4493,2,07-27-2025 18:25:01,PEA River Electric Coop
Barbour,4493,2,07-27-2025 18:40:00,PEA River Electric Coop
Barbour,4493,2,07-27-2025 18:55:01,PEA River Electric Coop
Barbour,4493,2,07-27-2025 19:10:01,PEA River Electric Coop
Barbour,4493,2,07-27-2025 19:25:01,PEA River Electric Coop
Dale,10444,2,07-27-2025 19:55:01,PEA River Electric Coop
Henry,4280,1,07-27-2025 21:10:01,PEA River Electric Coop
Henry,4280,1,07-27-2025 21:25:01,PEA River Electric Coop
Henry,4280,1,07-27-2025 21:40:01,PEA River Electric Coop
Henry,4280,1,07-27-2025 21:55:00,PEA River Electric Coop
Henry,4280,1,07-27-2025 22:10:01,PEA River Electric Coop
Barbour,4493,2,07-28-2025 05:40:01,PEA River Electric Coop
Barbour,4493,2,07-28-2025 05:55:01,PEA River Electric Coop
Barbour,4493,2,07-28-2025 06:10:01,PEA River Electric Coop
Barbour,4493,2,07-28-2025 06:25:01,PEA River Electric Coop
Henry,4280,2,07-28-2025 12:55:01,PEA River Electric Coop
Henry,4280,2,07-28-2025 13:10:01,PEA River Electric Coop
Henry,4280,9,07-28-2025 13:55:01,PEA River Electric Coop
Henry,4280,24,07-28-2025 14:10:01,PEA River Electric Coop
Henry,4280,24,07-28-2025 14:25:01,PEA River Electric Coop
Henry,4280,24,07-28-2025 14:40:01,PEA River Electric Coop
Henry,4280,24,07-28-2025 14:55:01,PEA River Electric Coop
Henry,4280,24,07-28-2025 15:10:01,PEA River Electric Coop
Henry,4280,1,07-28-2025 16:55:01,PEA River Electric Coop
Henry,4280,1,07-28-2025 17:10:01,PEA River Electric Coop
Henry,4280,1,07-28-2025 17:25:02,PEA River Electric Coop
Henry,4280,1,07-28-2025 21:25:01,PEA River Electric Coop
Henry,4280,1,07-28-2025 21:40:01,PEA River Electric Coop
Henry,4280,1,07-28-2025 21:55:01,PEA River Electric Coop
Barbour,4493,3,07-28-2025 21:55:01,PEA River Electric Coop
Henry,4280,1,07-28-2025 22:10:01,PEA River Electric Coop
Barbour,4493,3,07-28-2025 22:10:01,PEA River Electric Coop
Henry,4280,1,07-28-2025 22:25:01,PEA River Electric Coop
Barbour,4493,3,07-28-2025 22:25:01,PEA River Electric Coop
Dale,10444,2,07-29-2025 11:40:01,PEA River Electric Coop
Barbour,4493,1,07-29-2025 13:10:00,PEA River Electric Coop
Barbour,4493,1,07-29-2025 13:25:01,PEA River Electric Coop
Barbour,4493,1,07-29-2025 13:40:01,PEA River Electric Coop
Barbour,4493,1,07-29-2025 13:55:01,PEA River Electric Coop
Barbour,4493,1,07-29-2025 14:10:01,PEA River Electric Coop
Dale,10444,2,07-29-2025 20:55:01,PEA River Electric Coop
Dale,10444,24,07-29-2025 21:10:01,PEA River Electric Coop
Barbour,4493,2,07-29-2025 21:25:02,PEA River Electric Coop
Dale,10444,28,07-29-2025 21:25:02,PEA River Electric Coop
Barbour,4493,2,07-29-2025 21:40:01,PEA River Electric Coop
Dale,10444,4,07-29-2025 21:40:01,PEA River Electric Coop
Barbour,4493,3,07-29-2025 21:55:01,PEA River Electric Coop
Dale,10444,4,07-29-2025 21:55:01,PEA River Electric Coop
Barbour,4493,4,07-29-2025 22:10:01,PEA River Electric Coop
Dale,10444,4,07-29-2025 22:10:01,PEA River Electric Coop
Barbour,4493,4,07-29-2025 22:25:01,PEA River Electric Coop
Dale,10444,4,07-29-2025 22:25:01,PEA River Electric Coop
Barbour,4493,4,07-29-2025 22:40:01,PEA River Electric Coop
Barbour,4493,4,07-29-2025 22:55:01,PEA River Electric Coop
Dale,10444,35,07-29-2025 22:55:01,PEA River Electric Coop
Barbour,4493,4,07-29-2025 23:10:01,PEA River Electric Coop
Dale,10444,35,07-29-2025 23:10:01,PEA River Electric Coop
Barbour,4493,4,07-29-2025 23:25:01,PEA River Electric Coop
Dale,10444,37,07-29-2025 23:25:01,PEA River Electric Coop
Barbour,4493,1,07-29-2025 23:40:01,PEA River Electric Coop
Dale,10444,37,07-29-2025 23:40:01,PEA River Electric Coop
Barbour,4493,1,07-29-2025 23:55:00,PEA River Electric Coop
Dale,10444,37,07-29-2025 23:55:00,PEA River Electric Coop
Barbour,4493,1,07-30-2025 00:10:01,PEA River Electric Coop
Dale,10444,2,07-30-2025 00:10:01,PEA River Electric Coop
Barbour,4493,1,07-30-2025 00:25:00,PEA River Electric Coop
Barbour,4493,1,07-30-2025 04:10:01,PEA River Electric Coop
Barbour,4493,2,07-30-2025 04:25:01,PEA River Electric Coop
Henry,4280,42,07-30-2025 04:40:01,PEA River Electric Coop
Barbour,4493,2,07-30-2025 04:40:01,PEA River Electric Coop
Dale,10444,1,07-30-2025 04:40:01,PEA River Electric Coop
Henry,4280,42,07-30-2025 04:55:01,PEA River Electric Coop
Barbour,4493,2,07-30-2025 04:55:01,PEA River Electric Coop
Dale,10444,1,07-30-2025 04:55:01,PEA River Electric Coop
Henry,4280,42,07-30-2025 05:10:01,PEA River Electric Coop
Barbour,4493,2,07-30-2025 05:10:01,PEA River Electric Coop
Dale,10444,1,07-30-2025 05:10:01,PEA River Electric Coop
Henry,4280,42,07-30-2025 05:25:01,PEA River Electric Coop
Barbour,4493,1,07-30-2025 05:25:01,PEA River Electric Coop
Dale,10444,1,07-30-2025 05:25:01,PEA River Electric Coop
Henry,4280,42,07-30-2025 05:40:01,PEA River Electric Coop
Barbour,4493,1,07-30-2025 05:40:01,PEA River Electric Coop
Dale,10444,1,07-30-2025 05:40:01,PEA River Electric Coop
Henry,4280,42,07-30-2025 05:55:01,PEA River Electric Coop
Barbour,4493,25,07-30-2025 05:55:01,PEA River Electric Coop
Dale,10444,1,07-30-2025 05:55:01,PEA River Electric Coop
Henry,4280,42,07-30-2025 06:10:01,PEA River Electric Coop
Barbour,4493,25,07-30-2025 06:10:01,PEA River Electric Coop
Dale,10444,1,07-30-2025 06:10:01,PEA River Electric Coop
Henry,4280,42,07-30-2025 06:25:01,PEA River Electric Coop
Barbour,4493,25,07-30-2025 06:25:01,PEA River Electric Coop
Dale,10444,1,07-30-2025 06:25:01,PEA River Electric Coop
Henry,4280,42,07-30-2025 06:40:01,PEA River Electric Coop
Dale,10444,1,07-30-2025 06:40:01,PEA River Electric Coop
Henry,4280,42,07-30-2025 06:55:01,PEA River Electric Coop
Dale,10444,1,07-30-2025 06:55:01,PEA River Electric Coop
Henry,4280,42,07-30-2025 07:10:01,PEA River Electric Coop
Dale,10444,1,07-30-2025 07:10:01,PEA River Electric Coop
Dale,10444,1,07-30-2025 07:25:00,PEA River Electric Coop
Dale,10444,1,07-30-2025 07:40:01,PEA River Electric Coop
Dale,10444,1,07-30-2025 07:55:01,PEA River Electric Coop
Dale,10444,1,07-30-2025 08:10:01,PEA River Electric Coop
Dale,10444,1,07-30-2025 08:55:01,PEA River Electric Coop
Dale,10444,1,07-30-2025 10:40:01,PEA River Electric Coop
Dale,10444,1,07-30-2025 10:55:01,PEA River Electric Coop
Dale,10444,1,07-30-2025 11:10:01,PEA River Electric Coop
Dale,10444,1,07-30-2025 11:25:01,PEA River Electric Coop
Dale,10444,1,07-30-2025 11:40:01,PEA River Electric Coop
Dale,10444,1,07-30-2025 11:55:00,PEA River Electric Coop
Dale,10444,1,07-30-2025 12:10:01,PEA River Electric Coop
Barbour,4493,1,07-30-2025 13:40:01,PEA River Electric Coop
Barbour,4493,1,07-30-2025 13:55:01,PEA River Electric Coop
Barbour,4493,1,07-30-2025 14:10:01,PEA River Electric Coop
Dale,10444,1,07-30-2025 18:10:01,PEA River Electric Coop
Dale,10444,1,07-30-2025 18:25:01,PEA River Electric Coop
Dale,10444,4,07-30-2025 18:40:01,PEA River Electric Coop
Dale,10444,213,07-30-2025 18:55:01,PEA River Electric Coop
Dale,10444,213,07-30-2025 19:10:01,PEA River Electric Coop
Dale,10444,213,07-30-2025 19:25:01,PEA River Electric Coop
Dale,10444,212,07-30-2025 19:40:01,PEA River Electric Coop
Dale,10444,1,07-30-2025 20:10:01,PEA River Electric Coop
Dale,10444,1,07-30-2025 21:10:01,PEA River Electric Coop
Barbour,4493,1,07-30-2025 21:25:01,PEA River Electric Coop
Dale,10444,2,07-30-2025 21:25:01,PEA River Electric Coop
Barbour,4493,1,07-30-2025 21:40:01,PEA River Electric Coop
Dale,10444,2,07-30-2025 21:40:01,PEA River Electric Coop
Barbour,4493,1,07-30-2025 21:55:01,PEA River Electric Coop
Dale,10444,3,07-30-2025 21:55:01,PEA River Electric Coop
Henry,4280,62,07-30-2025 22:10:00,PEA River Electric Coop
Barbour,4493,1,07-30-2025 22:10:00,PEA River Electric Coop
Dale,10444,12,07-30-2025 22:10:00,PEA River Electric Coop
Henry,4280,430,07-30-2025 22:25:01,PEA River Electric Coop
Barbour,4493,1,07-30-2025 22:25:01,PEA River Electric Coop
Dale,10444,12,07-30-2025 22:25:01,PEA River Electric Coop
Henry,4280,430,07-30-2025 22:40:01,PEA River Electric Coop
Dale,10444,12,07-30-2025 22:40:01,PEA River Electric Coop
Henry,4280,430,07-30-2025 22:55:01,PEA River Electric Coop
Dale,10444,11,07-30-2025 22:55:01,PEA River Electric Coop
Henry,4280,430,07-30-2025 23:10:01,PEA River Electric Coop
Dale,10444,10,07-30-2025 23:10:01,PEA River Electric Coop
Henry,4280,430,07-30-2025 23:25:01,PEA River Electric Coop
Dale,10444,7,07-30-2025 23:25:01,PEA River Electric Coop
Henry,4280,430,07-30-2025 23:40:01,PEA River Electric Coop
Dale,10444,8,07-30-2025 23:40:01,PEA River Electric Coop
Henry,4280,430,07-30-2025 23:55:02,PEA River Electric Coop
Dale,10444,6,07-30-2025 23:55:02,PEA River Electric Coop
Henry,4280,430,07-31-2025 00:10:00,PEA River Electric Coop
Dale,10444,6,07-31-2025 00:10:00,PEA River Electric Coop
Dale,10444,6,07-31-2025 00:25:01,PEA River Electric Coop
Dale,10444,6,07-31-2025 00:40:01,PEA River Electric Coop
Dale,10444,6,07-31-2025 00:55:01,PEA River Electric Coop
Dale,10444,8,07-31-2025 01:10:00,PEA River Electric Coop
Dale,10444,2,07-31-2025 01:25:01,PEA River Electric Coop
Dale,10444,2,07-31-2025 01:40:00,PEA River Electric Coop
Dale,10444,2,07-31-2025 01:55:01,PEA River Electric Coop
Dale,10444,2,07-31-2025 02:10:01,PEA River Electric Coop
Dale,10444,2,07-31-2025 02:25:01,PEA River Electric Coop
Dale,10444,100,07-31-2025 03:40:01,PEA River Electric Coop
Dale,10444,152,07-31-2025 03:55:01,PEA River Electric Coop
Dale,10444,152,07-31-2025 04:10:01,PEA River Electric Coop
Dale,10444,152,07-31-2025 04:25:01,PEA River Electric Coop
Dale,10444,152,07-31-2025 04:40:01,PEA River Electric Coop
Dale,10444,152,07-31-2025 04:55:01,PEA River Electric Coop
Dale,10444,152,07-31-2025 05:10:01,PEA River Electric Coop
Dale,10444,152,07-31-2025 05:25:01,PEA River Electric Coop
Dale,10444,152,07-31-2025 05:40:01,PEA River Electric Coop
Dale,10444,152,07-31-2025 05:55:01,PEA River Electric Coop
Dale,10444,152,07-31-2025 06:10:01,PEA River Electric Coop
Dale,10444,152,07-31-2025 06:25:01,PEA River Electric Coop
Dale,10444,1,07-31-2025 13:55:00,PEA River Electric Coop
Henry,4280,1,07-31-2025 14:40:01,PEA River Electric Coop
Barbour,4493,1,07-31-2025 15:10:00,PEA River Electric Coop
Dale,10444,1,07-31-2025 16:10:01,PEA River Electric Coop
Dale,10444,1,07-31-2025 16:25:01,PEA River Electric Coop
Henry,4280,1,07-31-2025 22:25:01,PEA River Electric Coop
Henry,4280,3,07-31-2025 22:40:01,PEA River Electric Coop
Henry,4280,4,07-31-2025 22:55:01,PEA River Electric Coop
Henry,4280,4,07-31-2025 23:10:01,PEA River Electric Coop
Henry,4280,1,07-31-2025 23:25:01,PEA River Electric Coop
Dale,10444,1,08-01-2025 04:40:01,PEA River Electric Coop
Dale,10444,1,08-01-2025 04:55:01,PEA River Electric Coop
Dale,10444,1,08-01-2025 05:10:01,PEA River Electric Coop
Dale,10444,1,08-01-2025 05:25:01,PEA River Electric Coop
Dale,10444,1,08-01-2025 12:25:01,PEA River Electric Coop
Dale,10444,1,08-01-2025 12:40:01,PEA River Electric Coop
Dale,10444,2,08-01-2025 12:55:01,PEA River Electric Coop
Dale,10444,23,08-01-2025 13:10:01,PEA River Electric Coop
Coffee,314,1,08-01-2025 16:25:01,PEA River Electric Coop
Coffee,314,1,08-01-2025 16:40:00,PEA River Electric Coop
Dale,10444,1,08-01-2025 17:40:01,PEA River Electric Coop
Dale,10444,1,08-01-2025 17:55:01,PEA River Electric Coop
Henry,4280,3,08-01-2025 18:10:01,PEA River Electric Coop
Dale,10444,1,08-01-2025 18:10:01,PEA River Electric Coop
Henry,4280,2,08-01-2025 20:25:01,PEA River Electric Coop
Dale,10444,1,08-01-2025 20:40:01,PEA River Electric Coop
Dale,10444,1,08-01-2025 20:55:01,PEA River Electric Coop
Dale,10444,1,08-01-2025 21:10:01,PEA River Electric Coop
Dale,10444,1,08-01-2025 21:25:01,PEA River Electric Coop
Dale,10444,135,08-01-2025 23:40:01,PEA River Electric Coop
Dale,10444,140,08-01-2025 23:55:01,PEA River Electric Coop
Dale,10444,143,08-02-2025 00:10:01,PEA River Electric Coop
Dale,10444,143,08-02-2025 00:25:01,PEA River Electric Coop
Dale,10444,143,08-02-2025 00:40:01,PEA River Electric Coop
Dale,10444,36,08-02-2025 00:55:01,PEA River Electric Coop
Dale,10444,34,08-02-2025 01:10:01,PEA River Electric Coop
Dale,10444,35,08-02-2025 01:25:01,PEA River Electric Coop
Dale,10444,2,08-02-2025 01:40:01,PEA River Electric Coop
Dale,10444,1,08-02-2025 01:55:01,PEA River Electric Coop
Dale,10444,1,08-02-2025 02:10:01,PEA River Electric Coop
Dale,10444,35,08-02-2025 03:40:01,PEA River Electric Coop
Dale,10444,35,08-02-2025 03:55:01,PEA River Electric Coop
Dale,10444,35,08-02-2025 04:10:01,PEA River Electric Coop
Dale,10444,36,08-02-2025 04:25:01,PEA River Electric Coop
Dale,10444,36,08-02-2025 04:40:01,PEA River Electric Coop
Dale,10444,1,08-02-2025 04:55:01,PEA River Electric Coop
Dale,10444,1,08-02-2025 05:10:01,PEA River Electric Coop
Dale,10444,1,08-02-2025 05:25:01,PEA River Electric Coop
Dale,10444,1,08-02-2025 05:40:01,PEA River Electric Coop
Dale,10444,1,08-02-2025 05:55:01,PEA River Electric Coop
Henry,4280,10,08-02-2025 13:55:01,PEA River Electric Coop
Henry,4280,10,08-02-2025 14:10:01,PEA River Electric Coop
Henry,4280,10,08-02-2025 14:25:01,PEA River Electric Coop
Henry,4280,10,08-02-2025 14:40:01,PEA River Electric Coop
Henry,4280,10,08-02-2025 14:55:01,PEA River Electric Coop
Dale,10444,1,08-02-2025 14:55:01,PEA River Electric Coop
Dale,10444,1,08-02-2025 15:10:01,PEA River Electric Coop
Dale,10444,1,08-02-2025 15:25:01,PEA River Electric Coop
Dale,10444,1,08-02-2025 22:25:01,PEA River Electric Coop
Dale,10444,1,08-02-2025 22:40:01,PEA River Electric Coop
Henry,4280,1,08-02-2025 23:25:01,PEA River Electric Coop
Henry,4280,1,08-02-2025 23:40:01,PEA River Electric Coop
Henry,4280,1,08-02-2025 23:55:01,PEA River Electric Coop
Henry,4280,1,08-03-2025 00:10:01,PEA River Electric Coop
Dale,10444,1,08-03-2025 00:10:01,PEA River Electric Coop
Dale,10444,1,08-03-2025 00:25:01,PEA River Electric Coop
Dale,10444,1,08-03-2025 00:40:01,PEA River Electric Coop
Henry,4280,2,08-03-2025 11:25:01,PEA River Electric Coop
Henry,4280,2,08-03-2025 11:40:00,PEA River Electric Coop
Henry,4280,2,08-03-2025 11:55:01,PEA River Electric Coop
Dale,10444,3,08-03-2025 12:55:01,PEA River Electric Coop
Dale,10444,3,08-03-2025 13:10:01,PEA River Electric Coop
Dale,10444,3,08-03-2025 13:25:01,PEA River Electric Coop
Henry,4280,2,08-03-2025 14:55:01,PEA River Electric Coop
Dale,10444,1,08-03-2025 15:25:01,PEA River Electric Coop
Dale,10444,1,08-03-2025 15:40:01,PEA River Electric Coop
Dale,10444,1,08-03-2025 15:55:01,PEA River Electric Coop
Henry,4280,1,08-03-2025 17:25:01,PEA River Electric Coop
Barbour,4493,1,08-03-2025 18:55:01,PEA River Electric Coop
Barbour,4493,1,08-03-2025 19:10:01,PEA River Electric Coop
Barbour,4493,1,08-03-2025 19:25:01,PEA River Electric Coop
Dale,10444,1,08-03-2025 19:25:01,PEA River Electric Coop
Barbour,4493,1,08-03-2025 19:40:01,PEA River Electric Coop
Dale,10444,1,08-03-2025 19:40:01,PEA River Electric Coop
Dale,10444,29,08-03-2025 19:55:01,PEA River Electric Coop
Henry,4280,1,08-03-2025 20:10:02,PEA River Electric Coop
Dale,10444,29,08-03-2025 20:10:02,PEA River Electric Coop
Henry,4280,1,08-03-2025 20:25:01,PEA River Electric Coop
Dale,10444,29,08-03-2025 20:25:01,PEA River Electric Coop
Henry,4280,1,08-03-2025 20:40:01,PEA River Electric Coop
Dale,10444,4,08-03-2025 20:40:01,PEA River Electric Coop
Henry,4280,1,08-03-2025 20:55:00,PEA River Electric Coop
Dale,10444,9,08-03-2025 20:55:00,PEA River Electric Coop
Dale,10444,8,08-03-2025 21:10:01,PEA River Electric Coop
Dale,10444,8,08-03-2025 21:25:01,PEA River Electric Coop
Dale,10444,11,08-03-2025 21:40:01,PEA River Electric Coop
Barbour,4493,1,08-03-2025 21:55:01,PEA River Electric Coop
Dale,10444,11,08-03-2025 21:55:01,PEA River Electric Coop
Barbour,4493,1,08-03-2025 22:10:01,PEA River Electric Coop
Barbour,4493,1,08-03-2025 22:25:01,PEA River Electric Coop
Barbour,4493,1,08-03-2025 22:40:01,PEA River Electric Coop
Barbour,4493,1,08-03-2025 22:55:01,PEA River Electric Coop
Barbour,4493,1,08-03-2025 23:10:01,PEA River Electric Coop
Barbour,4493,1,08-03-2025 23:25:00,PEA River Electric Coop
Dale,10444,1,08-04-2025 01:10:01,PEA River Electric Coop
Henry,4280,2,08-04-2025 01:25:01,PEA River Electric Coop
Dale,10444,1,08-04-2025 01:25:01,PEA River Electric Coop
Henry,4280,2,08-04-2025 01:40:00,PEA River Electric Coop
Henry,4280,2,08-04-2025 01:55:01,PEA River Electric Coop
Henry,4280,2,08-04-2025 02:10:01,PEA River Electric Coop
Dale,10444,3,08-04-2025 03:10:01,PEA River Electric Coop
Dale,10444,3,08-04-2025 03:25:01,PEA River Electric Coop
Dale,10444,3,08-04-2025 03:40:01,PEA River Electric Coop
Dale,10444,3,08-04-2025 03:55:01,PEA River Electric Coop
Dale,10444,3,08-04-2025 04:10:01,PEA River Electric Coop
Dale,10444,3,08-04-2025 04:25:01,PEA River Electric Coop
Henry,4280,2,08-04-2025 09:25:01,PEA River Electric Coop
Henry,4280,9,08-04-2025 09:40:01,PEA River Electric Coop
Henry,4280,9,08-04-2025 09:55:01,PEA River Electric Coop
Henry,4280,9,08-04-2025 10:10:01,PEA River Electric Coop
Henry,4280,9,08-04-2025 10:25:01,PEA River Electric Coop
Henry,4280,10,08-04-2025 10:40:01,PEA River Electric Coop
Henry,4280,24,08-04-2025 10:55:01,PEA River Electric Coop
Henry,4280,24,08-04-2025 11:10:01,PEA River Electric Coop
Henry,4280,1,08-04-2025 11:25:01,PEA River Electric Coop
Henry,4280,1,08-04-2025 11:40:01,PEA River Electric Coop
Dale,10444,1,08-04-2025 14:40:01,PEA River Electric Coop
Dale,10444,1,08-04-2025 14:55:01,PEA River Electric Coop
Henry,4280,1,08-04-2025 15:10:01,PEA River Electric Coop
Dale,10444,1,08-04-2025 15:10:01,PEA River Electric Coop
Henry,4280,1,08-04-2025 15:25:01,PEA River Electric Coop
Dale,10444,1,08-04-2025 15:25:01,PEA River Electric Coop
Henry,4280,1,08-04-2025 15:40:01,PEA River Electric Coop
Dale,10444,1,08-04-2025 15:40:01,PEA River Electric Coop
Henry,4280,1,08-04-2025 15:55:01,PEA River Electric Coop
Henry,4280,1,08-04-2025 16:10:01,PEA River Electric Coop
Henry,4280,34,08-04-2025 19:55:01,PEA River Electric Coop
Henry,4280,34,08-04-2025 20:10:01,PEA River Electric Coop
Henry,4280,34,08-04-2025 20:25:01,PEA River Electric Coop
Henry,4280,34,08-04-2025 20:40:00,PEA River Electric Coop
Henry,4280,34,08-04-2025 20:55:01,PEA River Electric Coop
Henry,4280,34,08-04-2025 21:10:01,PEA River Electric Coop
Henry,4280,34,08-04-2025 21:25:01,PEA River Electric Coop
Barbour,4493,1,08-04-2025 21:40:01,PEA River Electric Coop
Barbour,4493,1,08-04-2025 21:55:01,PEA River Electric Coop
Barbour,4493,1,08-04-2025 22:10:01,PEA River Electric Coop
Barbour,4493,1,08-04-2025 22:25:02,PEA River Electric Coop
Barbour,4493,1,08-04-2025 22:40:01,PEA River Electric Coop
Dale,10444,1,08-05-2025 02:10:01,PEA River Electric Coop
Dale,10444,1,08-05-2025 02:25:01,PEA River Electric Coop
Dale,10444,1,08-05-2025 02:40:01,PEA River Electric Coop
Dale,10444,1,08-05-2025 02:55:01,PEA River Electric Coop
Dale,10444,1,08-05-2025 03:10:01,PEA River Electric Coop
Dale,10444,1,08-05-2025 03:25:01,PEA River Electric Coop
Dale,10444,1,08-05-2025 03:40:01,PEA River Electric Coop
Henry,4280,2,08-05-2025 09:40:01,PEA River Electric Coop
Henry,4280,2,08-05-2025 09:55:01,PEA River Electric Coop
Henry,4280,2,08-05-2025 10:10:01,PEA River Electric Coop
Henry,4280,2,08-05-2025 10:25:01,PEA River Electric Coop
Henry,4280,2,08-05-2025 10:40:01,PEA River Electric Coop
Henry,4280,8,08-05-2025 10:55:01,PEA River Electric Coop
Henry,4280,21,08-05-2025 11:10:01,PEA River Electric Coop
Henry,4280,21,08-05-2025 11:25:01,PEA River Electric Coop
Henry,4280,21,08-05-2025 11:40:01,PEA River Electric Coop
Henry,4280,22,08-05-2025 11:55:01,PEA River Electric Coop
Henry,4280,22,08-05-2025 12:10:01,PEA River Electric Coop
Henry,4280,22,08-05-2025 12:25:01,PEA River Electric Coop
Henry,4280,22,08-05-2025 12:40:01,PEA River Electric Coop
Henry,4280,22,08-05-2025 12:55:01,PEA River Electric Coop
Henry,4280,22,08-05-2025 13:10:01,PEA River Electric Coop
Barbour,4493,16,08-05-2025 13:10:01,PEA River Electric Coop
Henry,4280,22,08-05-2025 13:25:01,PEA River Electric Coop
Henry,4280,22,08-05-2025 13:40:01,PEA River Electric Coop
Henry,4280,22,08-05-2025 13:55:01,PEA River Electric Coop
Barbour,4493,1,08-05-2025 15:10:01,PEA River Electric Coop
Barbour,4493,18,08-05-2025 15:25:01,PEA River Electric Coop
Barbour,4493,18,08-05-2025 15:40:01,PEA River Electric Coop
Barbour,4493,18,08-05-2025 15:55:01,PEA River Electric Coop
Barbour,4493,18,08-05-2025 16:10:01,PEA River Electric Coop
Barbour,4493,18,08-05-2025 16:25:01,PEA River Electric Coop
Henry,4280,1,08-05-2025 18:10:01,PEA River Electric Coop
Henry,4280,1,08-05-2025 18:25:00,PEA River Electric Coop
Henry,4280,1,08-05-2025 18:40:01,PEA River Electric Coop
Henry,4280,9,08-05-2025 21:10:01,PEA River Electric Coop
Dale,10444,271,08-05-2025 21:10:01,PEA River Electric Coop
Henry,4280,9,08-05-2025 21:25:01,PEA River Electric Coop
Dale,10444,277,08-05-2025 21:25:01,PEA River Electric Coop
Henry,4280,9,08-05-2025 21:40:01,PEA River Electric Coop
Dale,10444,301,08-05-2025 21:40:01,PEA River Electric Coop
Henry,4280,9,08-05-2025 21:55:01,PEA River Electric Coop
Dale,10444,301,08-05-2025 21:55:01,PEA River Electric Coop
Dale,10444,386,08-05-2025 22:55:01,PEA River Electric Coop
Dale,10444,386,08-05-2025 23:10:01,PEA River Electric Coop
Dale,10444,386,08-05-2025 23:25:01,PEA River Electric Coop
Dale,10444,386,08-05-2025 23:40:01,PEA River Electric Coop
Dale,10444,386,08-05-2025 23:55:01,PEA River Electric Coop
Dale,10444,386,08-06-2025 00:10:01,PEA River Electric Coop
Dale,10444,386,08-06-2025 00:25:01,PEA River Electric Coop
Barbour,4493,1,08-06-2025 11:55:01,PEA River Electric Coop
Barbour,4493,1,08-06-2025 12:10:01,PEA River Electric Coop
Dale,10444,2,08-06-2025 13:25:01,PEA River Electric Coop
Henry,4280,1,08-06-2025 13:40:01,PEA River Electric Coop
Dale,10444,2,08-06-2025 13:40:01,PEA River Electric Coop
Henry,4280,2,08-06-2025 13:55:02,PEA River Electric Coop
Dale,10444,2,08-06-2025 13:55:02,PEA River Electric Coop
Henry,4280,2,08-06-2025 14:10:01,PEA River Electric Coop
Dale,10444,2,08-06-2025 14:10:01,PEA River Electric Coop
Henry,4280,2,08-06-2025 14:25:01,PEA River Electric Coop
Dale,10444,2,08-06-2025 14:25:01,PEA River Electric Coop
Henry,4280,2,08-06-2025 14:40:01,PEA River Electric Coop
Henry,4280,2,08-06-2025 14:55:01,PEA River Electric Coop
Dale,10444,1,08-06-2025 15:40:01,PEA River Electric Coop
Dale,10444,1,08-06-2025 15:55:01,PEA River Electric Coop
Dale,10444,2,08-06-2025 21:25:01,PEA River Electric Coop
Dale,10444,2,08-06-2025 21:40:01,PEA River Electric Coop
Dale,10444,2,08-06-2025 21:55:01,PEA River Electric Coop
Dale,10444,2,08-06-2025 22:10:01,PEA River Electric Coop
Dale,10444,2,08-07-2025 06:25:01,PEA River Electric Coop
Dale,10444,3,08-07-2025 06:40:01,PEA River Electric Coop
Dale,10444,3,08-07-2025 06:55:01,PEA River Electric Coop
Dale,10444,2,08-07-2025 07:10:01,PEA River Electric Coop
Dale,10444,2,08-07-2025 07:25:01,PEA River Electric Coop
Dale,10444,2,08-07-2025 07:40:01,PEA River Electric Coop
Henry,4280,2,08-07-2025 13:25:01,PEA River Electric Coop
Henry,4280,3,08-07-2025 13:40:01,PEA River Electric Coop
Henry,4280,1,08-07-2025 13:55:01,PEA River Electric Coop
Henry,4280,1,08-07-2025 14:10:01,PEA River Electric Coop
Henry,4280,1,08-07-2025 14:25:01,PEA River Electric Coop
Barbour,4493,3,08-08-2025 12:55:01,PEA River Electric Coop
Barbour,4493,3,08-08-2025 13:10:01,PEA River Electric Coop
Barbour,4493,3,08-08-2025 13:25:01,PEA River Electric Coop
Barbour,4493,3,08-08-2025 13:40:01,PEA River Electric Coop
Barbour,4493,3,08-08-2025 13:55:01,PEA River Electric Coop
Barbour,4493,3,08-08-2025 14:10:01,PEA River Electric Coop
Henry,4280,56,08-08-2025 14:25:01,PEA River Electric Coop
Barbour,4493,3,08-08-2025 14:25:01,PEA River Electric Coop
Barbour,4493,3,08-08-2025 14:40:04,PEA River Electric Coop
Barbour,4493,3,08-08-2025 14:55:01,PEA River Electric Coop
Barbour,4493,3,08-08-2025 15:10:01,PEA River Electric Coop
Barbour,4493,3,08-08-2025 15:25:01,PEA River Electric Coop
Barbour,4493,3,08-08-2025 15:40:01,PEA River Electric Coop
Barbour,4493,3,08-08-2025 15:55:01,PEA River Electric Coop
Barbour,4493,3,08-08-2025 16:10:01,PEA River Electric Coop
Barbour,4493,3,08-08-2025 16:25:01,PEA River Electric Coop
Barbour,4493,3,08-08-2025 16:40:01,PEA River Electric Coop
Barbour,4493,3,08-08-2025 16:55:01,PEA River Electric Coop
Barbour,4493,3,08-08-2025 17:10:01,PEA River Electric Coop
Barbour,4493,3,08-08-2025 17:25:01,PEA River Electric Coop
Barbour,4493,3,08-08-2025 17:40:01,PEA River Electric Coop
Barbour,4493,1,08-08-2025 19:25:01,PEA River Electric Coop
Barbour,4493,1,08-08-2025 19:40:01,PEA River Electric Coop
Barbour,4493,1,08-08-2025 19:55:01,PEA River Electric Coop
Dale,10444,2,08-09-2025 17:40:01,PEA River Electric Coop
Dale,10444,2,08-09-2025 17:55:01,PEA River Electric Coop
Dale,10444,2,08-09-2025 18:10:01,PEA River Electric Coop
Dale,10444,2,08-09-2025 18:25:01,PEA River Electric Coop
Dale,10444,2,08-09-2025 20:55:01,PEA River Electric Coop
Dale,10444,2,08-09-2025 21:10:01,PEA River Electric Coop
Henry,4280,1,08-09-2025 21:25:01,PEA River Electric Coop
Dale,10444,2,08-09-2025 21:25:01,PEA River Electric Coop
Henry,4280,1,08-09-2025 21:40:01,PEA River Electric Coop
Dale,10444,2,08-09-2025 21:40:01,PEA River Electric Coop
Henry,4280,1,08-09-2025 21:55:01,PEA River Electric Coop
Henry,4280,1,08-09-2025 22:10:01,PEA River Electric Coop
Henry,4280,1,08-09-2025 22:25:01,PEA River Electric Coop
Henry,4280,1,08-09-2025 22:40:01,PEA River Electric Coop
Dale,10444,10,08-10-2025 01:55:01,PEA River Electric Coop
Dale,10444,10,08-10-2025 02:10:01,PEA River Electric Coop
Dale,10444,1,08-10-2025 12:25:01,PEA River Electric Coop
Dale,10444,1,08-10-2025 12:40:01,PEA River Electric Coop
Dale,10444,1,08-10-2025 12:55:01,PEA River Electric Coop
Dale,10444,1,08-10-2025 20:55:01,PEA River Electric Coop
Dale,10444,1,08-10-2025 21:10:01,PEA River Electric Coop
Dale,10444,1,08-10-2025 21:25:01,PEA River Electric Coop
Dale,10511,2,08-12-2025 17:55:01,PEA River Electric Coop
Dale,10511,2,08-12-2025 18:10:01,PEA River Electric Coop
Dale,10511,2,08-12-2025 18:25:01,PEA River Electric Coop
Dale,10511,2,08-12-2025 18:40:01,PEA River Electric Coop
Dale,10511,28,08-12-2025 18:55:01,PEA River Electric Coop
Dale,10511,28,08-12-2025 19:10:01,PEA River Electric Coop
Dale,10511,26,08-12-2025 19:25:01,PEA River Electric Coop
Dale,10511,26,08-12-2025 19:40:01,PEA River Electric Coop
Dale,10511,26,08-12-2025 19:55:01,PEA River Electric Coop
Dale,10511,26,08-12-2025 20:10:01,PEA River Electric Coop
Dale,10511,8,08-12-2025 20:40:01,PEA River Electric Coop
Dale,10511,5,08-12-2025 21:25:01,PEA River Electric Coop
Dale,10511,1,08-12-2025 21:40:01,PEA River Electric Coop
Dale,10511,1,08-12-2025 21:55:01,PEA River Electric Coop
Henry,4290,1,08-12-2025 22:10:01,PEA River Electric Coop
Dale,10511,1,08-12-2025 22:10:01,PEA River Electric Coop
Henry,4290,1,08-12-2025 22:25:01,PEA River Electric Coop
Dale,10511,1,08-12-2025 22:25:01,PEA River Electric Coop
Henry,4290,1,08-12-2025 22:40:01,PEA River Electric Coop
Dale,10511,1,08-12-2025 22:40:01,PEA River Electric Coop
Henry,4290,1,08-12-2025 22:55:01,PEA River Electric Coop
Henry,4290,1,08-12-2025 23:10:01,PEA River Electric Coop
Henry,4290,1,08-12-2025 23:25:00,PEA River Electric Coop
Dale,10511,2,08-13-2025 12:40:00,PEA River Electric Coop
Dale,10511,2,08-13-2025 12:55:01,PEA River Electric Coop
Dale,10511,6,08-13-2025 13:10:01,PEA River Electric Coop
Henry,4290,1,08-13-2025 21:40:01,PEA River Electric Coop
Henry,4290,1,08-13-2025 21:55:01,PEA River Electric Coop
Barbour,4522,4,08-13-2025 21:55:01,PEA River Electric Coop
Henry,4290,1,08-13-2025 22:10:01,PEA River Electric Coop
Barbour,4522,4,08-13-2025 22:10:01,PEA River Electric Coop
Dale,10511,3,08-13-2025 22:10:01,PEA River Electric Coop
Henry,4290,1,08-13-2025 22:25:01,PEA River Electric Coop
Barbour,4522,4,08-13-2025 22:25:01,PEA River Electric Coop
Dale,10511,3,08-13-2025 22:25:01,PEA River Electric Coop
Barbour,4522,4,08-13-2025 22:40:01,PEA River Electric Coop
Dale,10511,3,08-13-2025 22:40:01,PEA River Electric Coop
Barbour,4522,4,08-13-2025 22:55:01,PEA River Electric Coop
Dale,10511,3,08-13-2025 22:55:01,PEA River Electric Coop
Dale,10511,3,08-13-2025 23:10:00,PEA River Electric Coop
Dale,10511,3,08-13-2025 23:25:01,PEA River Electric Coop
Henry,4290,1,08-13-2025 23:40:01,PEA River Electric Coop
Henry,4290,1,08-13-2025 23:55:01,PEA River Electric Coop
Henry,4290,1,08-14-2025 00:10:01,PEA River Electric Coop
Dale,10511,1,08-14-2025 01:25:01,PEA River Electric Coop
Dale,10511,1,08-14-2025 01:40:01,PEA River Electric Coop
Dale,10511,1,08-14-2025 01:55:01,PEA River Electric Coop
Dale,10511,3,08-14-2025 17:25:01,PEA River Electric Coop
Barbour,4522,1,08-14-2025 21:40:01,PEA River Electric Coop
Barbour,4522,1,08-14-2025 21:55:01,PEA River Electric Coop
Barbour,4522,1,08-14-2025 22:10:01,PEA River Electric Coop
Barbour,4522,1,08-14-2025 22:25:01,PEA River Electric Coop
Barbour,4522,1,08-14-2025 22:40:01,PEA River Electric Coop
Barbour,4522,1,08-14-2025 22:55:01,PEA River Electric Coop
Dale,10511,1,08-15-2025 09:10:01,PEA River Electric Coop
Dale,10511,1,08-15-2025 09:25:00,PEA River Electric Coop
Dale,10511,1,08-15-2025 09:40:01,PEA River Electric Coop
Dale,10511,1,08-15-2025 09:55:01,PEA River Electric Coop
Dale,10511,1,08-15-2025 17:55:01,PEA River Electric Coop
Barbour,4522,1,08-15-2025 18:10:01,PEA River Electric Coop
Dale,10511,1,08-15-2025 18:10:01,PEA River Electric Coop
Henry,4290,1,08-15-2025 18:25:01,PEA River Electric Coop
Barbour,4522,1,08-15-2025 18:25:01,PEA River Electric Coop
Dale,10511,1,08-15-2025 18:25:01,PEA River Electric Coop
Henry,4290,16,08-15-2025 18:40:01,PEA River Electric Coop
Barbour,4522,15,08-15-2025 18:40:01,PEA River Electric Coop
Dale,10511,1,08-15-2025 18:40:01,PEA River Electric Coop
Henry,4290,16,08-15-2025 18:55:01,PEA River Electric Coop
Barbour,4522,15,08-15-2025 18:55:01,PEA River Electric Coop
Henry,4290,1,08-15-2025 19:10:01,PEA River Electric Coop
Henry,4290,1,08-15-2025 19:25:01,PEA River Electric Coop
Dale,10511,7,08-15-2025 20:40:01,PEA River Electric Coop
Dale,10511,183,08-15-2025 20:55:01,PEA River Electric Coop
Henry,4290,1,08-15-2025 21:10:01,PEA River Electric Coop
Dale,10511,342,08-15-2025 21:10:01,PEA River Electric Coop
Henry,4290,1,08-15-2025 21:25:01,PEA River Electric Coop
Barbour,4522,1,08-15-2025 21:25:01,PEA River Electric Coop
Dale,10511,345,08-15-2025 21:25:01,PEA River Electric Coop
Henry,4290,1,08-15-2025 21:40:01,PEA River Electric Coop
Barbour,4522,1,08-15-2025 21:40:01,PEA River Electric Coop
Dale,10511,345,08-15-2025 21:40:01,PEA River Electric Coop
Henry,4290,1,08-15-2025 21:55:01,PEA River Electric Coop
Barbour,4522,1,08-15-2025 21:55:01,PEA River Electric Coop
Dale,10511,345,08-15-2025 21:55:01,PEA River Electric Coop
Henry,4290,1,08-15-2025 22:10:01,PEA River Electric Coop
Dale,10511,345,08-15-2025 22:10:01,PEA River Electric Coop
Henry,4290,1,08-15-2025 22:25:01,PEA River Electric Coop
Dale,10511,345,08-15-2025 22:25:01,PEA River Electric Coop
Dale,10511,345,08-15-2025 22:40:00,PEA River Electric Coop
Henry,4290,1,08-15-2025 22:55:01,PEA River Electric Coop
Dale,10511,345,08-15-2025 22:55:01,PEA River Electric Coop
Henry,4290,1,08-15-2025 23:10:01,PEA River Electric Coop
Dale,10511,342,08-15-2025 23:10:01,PEA River Electric Coop
Henry,4290,1,08-15-2025 23:25:01,PEA River Electric Coop
Dale,10511,342,08-15-2025 23:25:01,PEA River Electric Coop
Henry,4290,1,08-15-2025 23:40:01,PEA River Electric Coop
Dale,10511,342,08-15-2025 23:40:01,PEA River Electric Coop
Henry,4290,1,08-15-2025 23:55:01,PEA River Electric Coop
Barbour,4522,1,08-15-2025 23:55:01,PEA River Electric Coop
Dale,10511,499,08-15-2025 23:55:01,PEA River Electric Coop
Barbour,4522,1,08-16-2025 00:10:01,PEA River Electric Coop
Dale,10511,4,08-16-2025 00:10:01,PEA River Electric Coop
Barbour,4522,1,08-16-2025 00:25:01,PEA River Electric Coop
Barbour,4522,1,08-16-2025 00:40:01,PEA River Electric Coop
Dale,10511,3,08-16-2025 01:25:01,PEA River Electric Coop
Dale,10511,3,08-16-2025 01:40:01,PEA River Electric Coop
Dale,10511,3,08-16-2025 01:55:01,PEA River Electric Coop
Dale,10511,3,08-16-2025 02:10:01,PEA River Electric Coop
Dale,10511,8,08-16-2025 02:55:01,PEA River Electric Coop
Dale,10511,8,08-16-2025 03:10:01,PEA River Electric Coop
Barbour,4522,14,08-16-2025 03:25:01,PEA River Electric Coop
Barbour,4522,71,08-16-2025 03:40:01,PEA River Electric Coop
Barbour,4522,71,08-16-2025 03:55:01,PEA River Electric Coop
Barbour,4522,71,08-16-2025 04:10:01,PEA River Electric Coop
Barbour,4522,71,08-16-2025 04:25:01,PEA River Electric Coop
Barbour,4522,1,08-16-2025 05:10:01,PEA River Electric Coop
Barbour,4522,1,08-16-2025 05:25:01,PEA River Electric Coop
Barbour,4522,1,08-16-2025 05:40:01,PEA River Electric Coop
Barbour,4522,1,08-16-2025 05:55:01,PEA River Electric Coop
Barbour,4522,1,08-16-2025 06:10:01,PEA River Electric Coop
Barbour,4522,1,08-16-2025 06:25:01,PEA River Electric Coop
Henry,4290,2,08-16-2025 13:55:01,PEA River Electric Coop
Henry,4290,2,08-16-2025 14:10:01,PEA River Electric Coop
Henry,4290,2,08-16-2025 14:25:01,PEA River Electric Coop
Henry,4290,2,08-16-2025 14:40:01,PEA River Electric Coop
Henry,4290,2,08-16-2025 14:55:01,PEA River Electric Coop
Henry,4290,2,08-16-2025 15:10:01,PEA River Electric Coop
Dale,10511,1,08-16-2025 15:10:01,PEA River Electric Coop
Dale,10511,1,08-16-2025 15:25:01,PEA River Electric Coop
Barbour,4522,1,08-16-2025 15:40:01,PEA River Electric Coop
Dale,10511,1,08-16-2025 15:40:01,PEA River Electric Coop
Barbour,4522,1,08-16-2025 15:55:01,PEA River Electric Coop
Dale,10511,1,08-16-2025 15:55:01,PEA River Electric Coop
Barbour,4522,1,08-16-2025 16:10:01,PEA River Electric Coop
Dale,10511,1,08-16-2025 16:10:01,PEA River Electric Coop
Barbour,4522,1,08-16-2025 16:25:01,PEA River Electric Coop
Barbour,4522,1,08-16-2025 16:40:01,PEA River Electric Coop
Barbour,4522,2,08-16-2025 16:55:01,PEA River Electric Coop
Barbour,4522,1,08-16-2025 17:10:01,PEA River Electric Coop
Barbour,4522,1,08-16-2025 17:25:01,PEA River Electric Coop
Dale,10511,2,08-16-2025 21:40:01,PEA River Electric Coop
Dale,10511,2,08-16-2025 21:55:01,PEA River Electric Coop
Dale,10511,2,08-16-2025 22:10:01,PEA River Electric Coop
Dale,10511,2,08-16-2025 22:25:01,PEA River Electric Coop
Dale,10511,2,08-16-2025 22:40:01,PEA River Electric Coop
Dale,10511,2,08-16-2025 22:55:01,PEA River Electric Coop
Dale,10511,2,08-16-2025 23:10:01,PEA River Electric Coop
Dale,10511,2,08-16-2025 23:25:01,PEA River Electric Coop
Dale,10511,2,08-16-2025 23:55:01,PEA River Electric Coop
Dale,10511,2,08-17-2025 00:10:01,PEA River Electric Coop
Dale,10511,2,08-17-2025 00:25:01,PEA River Electric Coop
Dale,10511,2,08-17-2025 00:40:01,PEA River Electric Coop
Dale,10511,2,08-17-2025 00:55:01,PEA River Electric Coop
Dale,10511,2,08-17-2025 01:10:01,PEA River Electric Coop
Dale,10511,1,08-17-2025 13:10:01,PEA River Electric Coop
Dale,10511,1,08-17-2025 13:25:01,PEA River Electric Coop
Dale,10511,1,08-17-2025 13:40:01,PEA River Electric Coop
Dale,10511,1,08-17-2025 13:55:01,PEA River Electric Coop
Dale,10511,1,08-17-2025 14:10:01,PEA River Electric Coop
Dale,10511,2,08-17-2025 15:40:01,PEA River Electric Coop
Dale,10511,2,08-17-2025 15:55:01,PEA River Electric Coop
Dale,10511,2,08-17-2025 16:10:00,PEA River Electric Coop
Dale,10511,2,08-17-2025 16:25:01,PEA River Electric Coop
Henry,4290,1,08-18-2025 00:10:01,PEA River Electric Coop
Henry,4290,1,08-18-2025 00:25:01,PEA River Electric Coop
Henry,4290,1,08-18-2025 00:40:01,PEA River Electric Coop
Henry,4290,1,08-18-2025 00:55:01,PEA River Electric Coop
Henry,4290,2,08-18-2025 01:10:01,PEA River Electric Coop
Henry,4290,2,08-18-2025 01:25:01,PEA River Electric Coop
Henry,4290,2,08-18-2025 01:40:01,PEA River Electric Coop
Henry,4290,1,08-18-2025 01:55:00,PEA River Electric Coop
Henry,4290,1,08-18-2025 02:10:01,PEA River Electric Coop
Henry,4290,1,08-18-2025 02:25:01,PEA River Electric Coop
Henry,4290,1,08-18-2025 02:40:01,PEA River Electric Coop
Dale,10511,1,08-18-2025 03:55:01,PEA River Electric Coop
Dale,10511,1,08-18-2025 04:10:01,PEA River Electric Coop
Henry,4290,2,08-18-2025 11:25:02,PEA River Electric Coop
Henry,4290,2,08-18-2025 11:40:01,PEA River Electric Coop
Henry,4290,2,08-18-2025 11:55:01,PEA River Electric Coop
Henry,4290,2,08-18-2025 12:10:01,PEA River Electric Coop
Henry,4290,2,08-18-2025 12:25:01,PEA River Electric Coop
Henry,4290,2,08-18-2025 12:40:01,PEA River Electric Coop
Barbour,4522,34,08-18-2025 15:55:01,PEA River Electric Coop
Barbour,4522,38,08-18-2025 16:10:01,PEA River Electric Coop
Barbour,4522,38,08-18-2025 16:25:01,PEA River Electric Coop
Barbour,4522,38,08-18-2025 16:40:00,PEA River Electric Coop
Barbour,4522,1,08-18-2025 16:55:01,PEA River Electric Coop
Barbour,4522,1,08-18-2025 17:10:01,PEA River Electric Coop
Barbour,4522,1,08-18-2025 17:25:01,PEA River Electric Coop
Barbour,4522,1,08-18-2025 17:40:01,PEA River Electric Coop
Barbour,4522,1,08-18-2025 17:55:01,PEA River Electric Coop
Barbour,4522,1,08-18-2025 18:10:01,PEA River Electric Coop
Barbour,4522,1,08-18-2025 18:25:01,PEA River Electric Coop
Dale,10511,1,08-18-2025 20:10:01,PEA River Electric Coop
Henry,4290,1,08-18-2025 20:40:01,PEA River Electric Coop
Henry,4290,1,08-18-2025 20:55:01,PEA River Electric Coop
Henry,4290,1,08-18-2025 21:10:01,PEA River Electric Coop
Barbour,4522,1,08-19-2025 14:40:01,PEA River Electric Coop
Barbour,4522,1,08-19-2025 14:55:01,PEA River Electric Coop
Barbour,4522,2,08-19-2025 15:10:01,PEA River Electric Coop
Barbour,4522,2,08-19-2025 15:25:01,PEA River Electric Coop
Barbour,4522,2,08-19-2025 15:40:01,PEA River Electric Coop
Henry,4290,1,08-19-2025 15:55:01,PEA River Electric Coop
Barbour,4522,1,08-19-2025 15:55:01,PEA River Electric Coop
Henry,4290,1,08-19-2025 16:10:01,PEA River Electric Coop
Barbour,4522,1,08-19-2025 16:10:01,PEA River Electric Coop
Henry,4290,1,08-19-2025 16:25:01,PEA River Electric Coop
Barbour,4522,1,08-19-2025 16:25:01,PEA River Electric Coop
Henry,4290,1,08-19-2025 16:40:02,PEA River Electric Coop
Barbour,4522,1,08-19-2025 16:40:02,PEA River Electric Coop
Henry,4290,1,08-19-2025 16:55:01,PEA River Electric Coop
Barbour,4522,1,08-19-2025 16:55:01,PEA River Electric Coop
Henry,4290,1,08-19-2025 17:10:01,PEA River Electric Coop
Henry,4290,1,08-19-2025 17:25:01,PEA River Electric Coop
Henry,4290,1,08-19-2025 17:40:01,PEA River Electric Coop
Henry,4290,1,08-19-2025 17:55:01,PEA River Electric Coop
Henry,4290,21,08-19-2025 18:10:01,PEA River Electric Coop
Barbour,4522,2,08-19-2025 18:10:01,PEA River Electric Coop
Henry,4290,21,08-19-2025 18:25:01,PEA River Electric Coop
Barbour,4522,2,08-19-2025 18:25:01,PEA River Electric Coop
Henry,4290,21,08-19-2025 18:40:01,PEA River Electric Coop
Barbour,4522,2,08-19-2025 18:40:01,PEA River Electric Coop
Henry,4290,21,08-19-2025 18:55:01,PEA River Electric Coop
Barbour,4522,2,08-19-2025 18:55:01,PEA River Electric Coop
Henry,4290,21,08-19-2025 19:10:01,PEA River Electric Coop
Barbour,4522,2,08-19-2025 19:10:01,PEA River Electric Coop
Henry,4290,21,08-19-2025 19:25:01,PEA River Electric Coop
Barbour,4522,2,08-19-2025 19:25:01,PEA River Electric Coop
Henry,4290,20,08-19-2025 19:40:01,PEA River Electric Coop
Barbour,4522,2,08-19-2025 19:40:01,PEA River Electric Coop
Henry,4290,20,08-19-2025 19:55:01,PEA River Electric Coop
Barbour,4522,2,08-19-2025 19:55:01,PEA River Electric Coop
Henry,4290,20,08-19-2025 20:10:01,PEA River Electric Coop
Barbour,4522,2,08-19-2025 20:10:01,PEA River Electric Coop
Henry,4290,20,08-19-2025 20:25:01,PEA River Electric Coop
Barbour,4522,2,08-19-2025 20:25:01,PEA River Electric Coop
Dale,10511,37,08-20-2025 03:25:01,PEA River Electric Coop
Dale,10511,37,08-20-2025 03:40:01,PEA River Electric Coop
Dale,10511,37,08-20-2025 03:55:01,PEA River Electric Coop
Dale,10511,37,08-20-2025 04:10:01,PEA River Electric Coop
Dale,10511,37,08-20-2025 04:25:01,PEA River Electric Coop
Dale,10511,37,08-20-2025 04:40:01,PEA River Electric Coop
Dale,10511,37,08-20-2025 04:55:00,PEA River Electric Coop
Dale,10511,2,08-20-2025 16:25:01,PEA River Electric Coop
Dale,10511,2,08-20-2025 16:40:01,PEA River Electric Coop
Dale,10511,2,08-20-2025 16:55:01,PEA River Electric Coop
Dale,10511,2,08-20-2025 17:10:01,PEA River Electric Coop
Dale,10511,2,08-20-2025 17:25:01,PEA River Electric Coop
Dale,10511,2,08-20-2025 17:40:01,PEA River Electric Coop
Barbour,4522,1,08-20-2025 20:10:01,PEA River Electric Coop
Dale,10511,1,08-20-2025 20:10:01,PEA River Electric Coop
Dale,10511,1,08-20-2025 20:25:01,PEA River Electric Coop
Dale,10511,95,08-20-2025 20:55:01,PEA River Electric Coop
Dale,10511,95,08-20-2025 21:10:01,PEA River Electric Coop
Dale,10511,95,08-20-2025 21:25:01,PEA River Electric Coop
Dale,10511,95,08-20-2025 21:40:01,PEA River Electric Coop
Dale,10511,2,08-20-2025 23:25:01,PEA River Electric Coop
Dale,10511,2,08-20-2025 23:40:01,PEA River Electric Coop
Dale,10511,2,08-20-2025 23:55:01,PEA River Electric Coop
Dale,10511,2,08-21-2025 00:10:01,PEA River Electric Coop
Dale,10511,1,08-21-2025 12:25:01,PEA River Electric Coop
Dale,10511,1,08-21-2025 12:40:01,PEA River Electric Coop
Dale,10511,1,08-21-2025 12:55:01,PEA River Electric Coop
Dale,10511,1,08-21-2025 13:10:01,PEA River Electric Coop
Henry,4290,1,08-21-2025 13:25:01,PEA River Electric Coop
Henry,4290,1,08-21-2025 14:10:01,PEA River Electric Coop
Henry,4290,1,08-21-2025 14:25:01,PEA River Electric Coop
Dale,10511,25,08-21-2025 17:25:01,PEA River Electric Coop
Dale,10511,25,08-21-2025 17:40:01,PEA River Electric Coop
Dale,10511,25,08-21-2025 17:55:01,PEA River Electric Coop
Dale,10511,25,08-21-2025 18:10:01,PEA River Electric Coop
Dale,10511,25,08-21-2025 18:25:01,PEA River Electric Coop
Dale,10511,25,08-21-2025 18:40:01,PEA River Electric Coop
Dale,10511,87,08-21-2025 20:40:01,PEA River Electric Coop
Dale,10511,88,08-21-2025 20:55:02,PEA River Electric Coop
Dale,10511,2,08-21-2025 21:25:01,PEA River Electric Coop
Dale,10511,2,08-21-2025 21:40:01,PEA River Electric Coop
Dale,10511,1,08-21-2025 21:55:01,PEA River Electric Coop
Dale,10511,1,08-21-2025 22:10:00,PEA River Electric Coop
Dale,10511,2,08-21-2025 22:25:01,PEA River Electric Coop
Coffee,314,8,08-21-2025 22:40:01,PEA River Electric Coop
Dale,10511,30,08-21-2025 22:40:01,PEA River Electric Coop
Dale,10511,1,08-21-2025 23:10:01,PEA River Electric Coop
Barbour,4522,1,08-22-2025 00:55:01,PEA River Electric Coop
Barbour,4522,1,08-22-2025 01:10:01,PEA River Electric Coop
Barbour,4522,1,08-22-2025 01:25:01,PEA River Electric Coop
Dale,10511,8,08-22-2025 05:40:01,PEA River Electric Coop
Henry,4290,1,08-22-2025 11:25:01,PEA River Electric Coop
Henry,4290,1,08-22-2025 11:40:01,PEA River Electric Coop
Henry,4290,1,08-22-2025 11:55:01,PEA River Electric Coop
Henry,4290,1,08-22-2025 12:10:01,PEA River Electric Coop
Henry,4290,2,08-22-2025 18:25:01,PEA River Electric Coop
Coffee,314,1,08-22-2025 20:10:01,PEA River Electric Coop
Coffee,314,1,08-22-2025 20:25:01,PEA River Electric Coop
Coffee,314,1,08-22-2025 20:40:01,PEA River Electric Coop
Coffee,314,1,08-22-2025 20:55:01,PEA River Electric Coop
Henry,4290,1,08-22-2025 20:55:01,PEA River Electric Coop
Henry,4290,1,08-22-2025 21:10:01,PEA River Electric Coop
Henry,4290,1,08-22-2025 21:25:01,PEA River Electric Coop
Henry,4290,1,08-22-2025 21:40:01,PEA River Electric Coop
Henry,4290,1,08-22-2025 21:55:01,PEA River Electric Coop
Dale,10511,1,08-22-2025 22:10:01,PEA River Electric Coop
Dale,10511,1,08-22-2025 22:25:01,PEA River Electric Coop
Dale,10511,1,08-22-2025 22:40:01,PEA River Electric Coop
Dale,10511,1,08-22-2025 22:55:01,PEA River Electric Coop
Dale,10511,1,08-22-2025 23:10:01,PEA River Electric Coop
Dale,10511,1,08-22-2025 23:25:01,PEA River Electric Coop
Dale,10517,1,10-20-2025 21:10:01,PEA River Electric Coop
Dale,10517,4,10-20-2025 21:25:01,PEA River Electric Coop
Dale,10517,4,10-20-2025 21:40:01,PEA River Electric Coop
