name,customersAffected,customersOutNow,customersServed,timestamp,EMC
Troup,1,1,17625,05-23-2024 17:07:46,Diverse Power
Troup,10,10,17631,05-24-2024 02:37:42,Diverse Power
Troup,10,10,17631,05-24-2024 02:52:42,Diverse Power
Troup,10,10,17631,05-24-2024 03:07:42,Diverse Power
Troup,10,10,17631,05-24-2024 03:22:41,Diverse Power
Troup,10,10,17631,05-24-2024 03:37:41,Diverse Power
Troup,10,10,17631,05-24-2024 03:52:43,Diverse Power
Troup,10,10,17631,05-24-2024 04:07:46,Diverse Power
Troup,10,10,17631,05-24-2024 04:22:41,Diverse Power
Troup,10,10,17631,05-24-2024 04:37:40,Diverse Power
Troup,10,10,17631,05-24-2024 04:52:39,Diverse Power
Troup,10,10,17631,05-24-2024 05:07:40,Diverse Power
Troup,10,10,17631,05-24-2024 05:22:40,Diverse Power
Troup,10,10,17631,05-24-2024 05:37:56,Diverse Power
Troup,10,10,17631,05-24-2024 05:54:49,Diverse Power
Troup,10,10,17631,05-24-2024 06:07:40,Diverse Power
Troup,10,10,17631,05-24-2024 06:22:42,Diverse Power
Troup,10,10,17631,05-24-2024 06:37:41,Diverse Power
Troup,10,0,17631,05-24-2024 06:52:40,Diverse Power
Troup,10,0,17631,05-24-2024 07:07:40,Diverse Power
Troup,10,0,17631,05-24-2024 07:22:43,Diverse Power
Troup,10,0,17631,05-24-2024 07:37:40,Diverse Power
Troup,10,0,17631,05-24-2024 07:52:42,Diverse Power
Troup,10,0,17631,05-24-2024 08:07:40,Diverse Power
Troup,10,0,17631,05-24-2024 08:22:40,Diverse Power
Troup,10,0,17631,05-24-2024 08:37:40,Diverse Power
Troup,10,0,17631,05-24-2024 08:52:41,Diverse Power
Troup,10,0,17631,05-24-2024 09:07:42,Diverse Power
Coweta,2,2,16,05-24-2024 14:52:42,Diverse Power
Coweta,2,2,16,05-24-2024 15:07:44,Diverse Power
Coweta,2,2,16,05-24-2024 15:22:40,Diverse Power
Coweta,2,2,16,05-24-2024 15:37:40,Diverse Power
Harris,2,2,8248,05-24-2024 16:52:41,Diverse Power
Harris,4,4,8247,05-24-2024 17:37:42,Diverse Power
Harris,4,0,8244,05-24-2024 17:52:41,Diverse Power
Troup,1,1,17621,05-24-2024 18:37:43,Diverse Power
Heard,3,3,472,05-24-2024 20:07:44,Diverse Power
Troup,1,1,17635,05-25-2024 16:52:45,Diverse Power
Troup,1,1,17635,05-25-2024 17:07:46,Diverse Power
Troup,1,1,17635,05-25-2024 17:22:46,Diverse Power
Troup,1,1,17635,05-25-2024 17:37:47,Diverse Power
Troup,1,1,17635,05-25-2024 17:52:48,Diverse Power
Troup,1,1,17635,05-25-2024 18:07:46,Diverse Power
Troup,1,1,17635,05-25-2024 18:22:46,Diverse Power
Troup,1,1,17635,05-25-2024 18:37:45,Diverse Power
Troup,1,1,17635,05-25-2024 18:52:44,Diverse Power
Troup,1,1,17635,05-25-2024 19:07:44,Diverse Power
Troup,1,1,17635,05-25-2024 19:22:44,Diverse Power
Troup,1,1,17635,05-25-2024 19:37:44,Diverse Power
Troup,1,1,17635,05-25-2024 19:52:46,Diverse Power
Troup,1,1,17635,05-25-2024 20:07:45,Diverse Power
Troup,1,1,17635,05-25-2024 20:22:46,Diverse Power
Troup,1,1,17635,05-25-2024 20:37:45,Diverse Power
Troup,1,1,17635,05-25-2024 20:52:46,Diverse Power
Troup,1,1,17635,05-25-2024 21:07:47,Diverse Power
Troup,1,1,17635,05-25-2024 21:22:47,Diverse Power
Troup,1,1,17635,05-25-2024 21:37:47,Diverse Power
Troup,1,0,17635,05-25-2024 21:52:47,Diverse Power
Harris,4,4,8249,05-25-2024 22:07:47,Diverse Power
Troup,3,3,17635,05-26-2024 15:37:57,Diverse Power
Troup,3,3,17635,05-26-2024 15:52:57,Diverse Power
Troup,3,0,17635,05-26-2024 16:07:57,Diverse Power
Troup,1,1,17635,05-26-2024 17:52:42,Diverse Power
Troup,1,1,17635,05-26-2024 18:07:43,Diverse Power
Troup,1,1,17635,05-26-2024 18:22:42,Diverse Power
Troup,1,1,17635,05-26-2024 18:37:43,Diverse Power
Troup,16,16,17635,05-26-2024 18:52:43,Diverse Power
Troup,16,16,17635,05-26-2024 19:07:43,Diverse Power
Troup,15,15,17635,05-26-2024 19:22:45,Diverse Power
Troup,15,15,17635,05-26-2024 19:37:59,Diverse Power
Troup,15,0,17635,05-26-2024 19:52:59,Diverse Power
Chambers,6,6,680,05-27-2024 14:52:45,Diverse Power
Chambers,6,6,680,05-27-2024 15:07:45,Diverse Power
Troup,1,1,17635,05-27-2024 15:22:44,Diverse Power
Chambers,6,6,680,05-27-2024 15:22:44,Diverse Power
Troup,1,1,17635,05-27-2024 15:37:43,Diverse Power
Chambers,6,6,680,05-27-2024 15:37:43,Diverse Power
Troup,5,5,17635,05-27-2024 15:52:42,Diverse Power
Chambers,6,6,680,05-27-2024 15:52:42,Diverse Power
Troup,5,5,17635,05-27-2024 16:07:43,Diverse Power
Chambers,6,6,680,05-27-2024 16:07:43,Diverse Power
Troup,5,5,17635,05-27-2024 16:22:43,Diverse Power
Chambers,6,6,680,05-27-2024 16:22:43,Diverse Power
Troup,5,5,17635,05-27-2024 16:37:45,Diverse Power
Chambers,6,6,680,05-27-2024 16:37:45,Diverse Power
Harris,12,12,8249,05-27-2024 16:37:45,Diverse Power
Troup,5,5,17635,05-27-2024 16:52:47,Diverse Power
Chambers,6,6,680,05-27-2024 16:52:47,Diverse Power
Harris,12,12,8249,05-27-2024 16:52:47,Diverse Power
Troup,6,6,17635,05-27-2024 17:07:49,Diverse Power
Chambers,6,6,680,05-27-2024 17:07:49,Diverse Power
Harris,12,12,8249,05-27-2024 17:07:49,Diverse Power
Troup,6,6,17635,05-27-2024 17:22:46,Diverse Power
Chambers,6,6,680,05-27-2024 17:22:46,Diverse Power
Harris,12,12,8249,05-27-2024 17:22:46,Diverse Power
Troup,6,6,17635,05-27-2024 17:38:03,Diverse Power
Harris,12,12,8249,05-27-2024 17:38:03,Diverse Power
Troup,7,7,17635,05-27-2024 17:53:02,Diverse Power
Harris,13,13,8249,05-27-2024 17:53:02,Diverse Power
Troup,7,7,17635,05-27-2024 18:08:02,Diverse Power
Harris,13,13,8249,05-27-2024 18:08:02,Diverse Power
Troup,5,5,17635,05-27-2024 18:23:02,Diverse Power
Harris,12,12,8249,05-27-2024 18:23:02,Diverse Power
Troup,5,5,17635,05-27-2024 18:38:00,Diverse Power
Harris,12,12,8249,05-27-2024 18:38:00,Diverse Power
Troup,1,1,17635,05-27-2024 18:53:03,Diverse Power
Harris,12,12,8249,05-27-2024 18:53:03,Diverse Power
Troup,1,1,17635,05-27-2024 19:08:01,Diverse Power
Harris,12,12,8249,05-27-2024 19:08:01,Diverse Power
Troup,1,1,17635,05-27-2024 19:22:46,Diverse Power
Harris,12,12,8249,05-27-2024 19:22:46,Diverse Power
Troup,1,1,17635,05-27-2024 19:37:47,Diverse Power
Harris,12,12,8249,05-27-2024 19:37:47,Diverse Power
Troup,1,1,17635,05-27-2024 19:52:47,Diverse Power
Harris,13,13,8249,05-27-2024 19:52:47,Diverse Power
Harris,13,13,8249,05-27-2024 20:07:47,Diverse Power
Harris,13,13,8249,05-27-2024 20:22:47,Diverse Power
Harris,13,13,8249,05-27-2024 20:37:46,Diverse Power
Chambers,1,1,680,05-27-2024 22:52:44,Diverse Power
Chambers,1,1,680,05-27-2024 23:07:46,Diverse Power
Chambers,1,1,680,05-27-2024 23:22:42,Diverse Power
Calhoun,1,1,1382,05-27-2024 23:37:47,Diverse Power
Chambers,1,1,680,05-27-2024 23:37:47,Diverse Power
Calhoun,1,1,1382,05-27-2024 23:52:46,Diverse Power
Chambers,1,1,680,05-27-2024 23:52:46,Diverse Power
Calhoun,4,4,1382,05-28-2024 00:07:47,Diverse Power
Chambers,1,1,680,05-28-2024 00:07:47,Diverse Power
Calhoun,3,3,1382,05-28-2024 00:22:46,Diverse Power
Chambers,1,1,680,05-28-2024 00:22:46,Diverse Power
Calhoun,3,3,1382,05-28-2024 00:37:45,Diverse Power
Randolph,5,5,1747,05-28-2024 01:22:47,Diverse Power
Randolph,5,5,1747,05-28-2024 01:37:46,Diverse Power
Randolph,5,5,1747,05-28-2024 01:52:46,Diverse Power
Randolph,5,5,1747,05-28-2024 02:07:47,Diverse Power
Randolph,5,5,1747,05-28-2024 02:22:47,Diverse Power
Randolph,5,5,1747,05-28-2024 02:37:44,Diverse Power
Randolph,5,5,1747,05-28-2024 02:52:43,Diverse Power
Randolph,5,5,1747,05-28-2024 03:07:43,Diverse Power
Randolph,5,0,1747,05-28-2024 03:22:44,Diverse Power
Randolph,5,0,1747,05-28-2024 03:37:44,Diverse Power
Randolph,5,0,1747,05-28-2024 03:52:57,Diverse Power
Randolph,5,0,1747,05-28-2024 04:07:56,Diverse Power
Randolph,5,0,1747,05-28-2024 04:22:56,Diverse Power
Randolph,5,0,1747,05-28-2024 04:37:41,Diverse Power
Randolph,5,0,1747,05-28-2024 04:52:46,Diverse Power
Randolph,5,0,1747,05-28-2024 05:07:42,Diverse Power
Randolph,5,0,1747,05-28-2024 05:22:41,Diverse Power
Harris,29,29,8248,05-28-2024 12:52:42,Diverse Power
Harris,32,32,8248,05-28-2024 13:07:42,Diverse Power
Harris,29,29,8248,05-28-2024 13:22:42,Diverse Power
Harris,29,29,8248,05-28-2024 13:37:43,Diverse Power
Meriwether,1,1,2416,05-28-2024 14:22:45,Diverse Power
Meriwether,1,1,2416,05-28-2024 14:37:47,Diverse Power
Meriwether,1,1,2416,05-28-2024 14:52:45,Diverse Power
Meriwether,1,1,2416,05-28-2024 15:07:43,Diverse Power
Troup,29,29,17628,05-28-2024 15:22:43,Diverse Power
Meriwether,1,1,2416,05-28-2024 15:22:43,Diverse Power
Troup,29,29,17628,05-28-2024 15:37:42,Diverse Power
Troup,29,29,17628,05-28-2024 15:52:44,Diverse Power
Randolph,1,1,1747,05-28-2024 19:37:44,Diverse Power
Randolph,1,1,1747,05-28-2024 19:52:46,Diverse Power
Randolph,1,1,1747,05-28-2024 20:07:44,Diverse Power
Randolph,1,1,1747,05-28-2024 20:22:44,Diverse Power
Troup,925,925,17626,05-28-2024 22:07:43,Diverse Power
Troup,928,928,17637,05-28-2024 22:22:45,Diverse Power
Troup,925,145,17637,05-28-2024 22:37:44,Diverse Power
Randolph,1,1,1747,05-29-2024 03:37:43,Diverse Power
Randolph,2,2,1747,05-29-2024 11:52:41,Diverse Power
Randolph,2,2,1747,05-29-2024 12:07:41,Diverse Power
Randolph,2,2,1748,05-29-2024 12:22:41,Diverse Power
Randolph,2,2,1748,05-29-2024 12:37:42,Diverse Power
Randolph,2,2,1748,05-29-2024 12:52:41,Diverse Power
Randolph,2,2,1748,05-29-2024 13:07:45,Diverse Power
Randolph,2,2,1748,05-29-2024 13:22:41,Diverse Power
Randolph,2,2,1748,05-29-2024 13:37:43,Diverse Power
Randolph,2,2,1748,05-29-2024 13:52:41,Diverse Power
Randolph,2,2,1748,05-29-2024 14:07:46,Diverse Power
Randolph,2,2,1748,05-29-2024 14:22:43,Diverse Power
Randolph,2,2,1748,05-29-2024 14:37:42,Diverse Power
Randolph,2,2,1748,05-29-2024 14:52:44,Diverse Power
Randolph,2,2,1748,05-29-2024 15:07:45,Diverse Power
Randolph,2,2,1748,05-29-2024 15:22:45,Diverse Power
Randolph,2,2,1748,05-29-2024 15:37:43,Diverse Power
Randolph,2,2,1748,05-29-2024 15:52:44,Diverse Power
Randolph,2,2,1748,05-29-2024 16:07:42,Diverse Power
Randolph,2,2,1748,05-29-2024 16:22:42,Diverse Power
Randolph,2,2,1748,05-29-2024 16:37:44,Diverse Power
Randolph,2,2,1748,05-29-2024 16:52:43,Diverse Power
Randolph,2,2,1748,05-29-2024 17:07:44,Diverse Power
Randolph,2,2,1748,05-29-2024 17:22:43,Diverse Power
Randolph,2,2,1748,05-29-2024 17:37:44,Diverse Power
Randolph,2,2,1748,05-29-2024 17:52:43,Diverse Power
Randolph,2,2,1748,05-29-2024 18:07:43,Diverse Power
Randolph,2,2,1748,05-29-2024 18:22:41,Diverse Power
Randolph,2,2,1748,05-29-2024 18:37:41,Diverse Power
Randolph,2,2,1748,05-29-2024 18:52:42,Diverse Power
Randolph,2,2,1748,05-29-2024 19:07:40,Diverse Power
Randolph,2,2,1748,05-29-2024 19:22:40,Diverse Power
Randolph,2,2,1748,05-29-2024 19:37:42,Diverse Power
Randolph,2,2,1748,05-29-2024 19:52:40,Diverse Power
Randolph,2,2,1748,05-29-2024 20:07:41,Diverse Power
Muscogee,1,1,2685,05-29-2024 20:07:41,Diverse Power
Randolph,2,2,1748,05-29-2024 20:22:42,Diverse Power
Muscogee,1,1,2685,05-29-2024 20:22:42,Diverse Power
Randolph,2,2,1748,05-29-2024 20:37:41,Diverse Power
Muscogee,1,1,2685,05-29-2024 20:37:41,Diverse Power
Randolph,2,2,1748,05-29-2024 20:52:42,Diverse Power
Muscogee,1,1,2685,05-29-2024 20:52:42,Diverse Power
Randolph,2,2,1748,05-29-2024 21:07:42,Diverse Power
Muscogee,1,1,2685,05-29-2024 21:07:42,Diverse Power
Muscogee,1,1,2685,05-29-2024 21:22:43,Diverse Power
Muscogee,1,1,2685,05-29-2024 21:37:41,Diverse Power
Randolph,1,1,1748,05-29-2024 22:22:42,Diverse Power
Randolph,1,1,1748,05-29-2024 22:37:40,Diverse Power
Randolph,1,1,1748,05-29-2024 22:52:42,Diverse Power
Randolph,1,1,1748,05-29-2024 23:07:41,Diverse Power
Troup,1,1,17636,05-29-2024 23:22:41,Diverse Power
Troup,1,1,17636,05-29-2024 23:37:41,Diverse Power
Troup,1,1,17636,05-29-2024 23:52:41,Diverse Power
Randolph,1,1,1748,05-30-2024 02:52:56,Diverse Power
Randolph,1,1,1748,05-30-2024 03:07:42,Diverse Power
Randolph,1,1,1748,05-30-2024 03:22:42,Diverse Power
Randolph,1,1,1748,05-30-2024 03:37:41,Diverse Power
Troup,213,213,17636,05-30-2024 15:52:44,Diverse Power
Harris,288,288,8248,05-30-2024 15:52:44,Diverse Power
Troup,211,211,17636,05-30-2024 16:07:43,Diverse Power
Harris,288,288,8248,05-30-2024 16:07:43,Diverse Power
Troup,211,211,17636,05-30-2024 16:22:45,Diverse Power
Harris,288,288,8248,05-30-2024 16:22:45,Diverse Power
Troup,211,211,17636,05-30-2024 16:37:44,Diverse Power
Harris,288,288,8248,05-30-2024 16:37:44,Diverse Power
Troup,13,13,17636,05-30-2024 16:52:43,Diverse Power
Chambers,2,2,680,05-30-2024 16:52:43,Diverse Power
Troup,13,13,17636,05-30-2024 17:07:43,Diverse Power
Troup,13,13,17636,05-30-2024 17:22:41,Diverse Power
Troup,13,13,17636,05-30-2024 17:37:41,Diverse Power
Calhoun,1,1,1382,05-30-2024 22:52:40,Diverse Power
Calhoun,1,1,1382,05-30-2024 23:07:41,Diverse Power
Calhoun,1,1,1382,05-30-2024 23:22:42,Diverse Power
Calhoun,1,1,1382,05-30-2024 23:37:42,Diverse Power
Muscogee,1,1,2684,05-30-2024 23:52:43,Diverse Power
Calhoun,1,0,1382,05-30-2024 23:52:43,Diverse Power
Muscogee,1,1,2684,05-31-2024 00:07:44,Diverse Power
Calhoun,1,0,1382,05-31-2024 00:07:44,Diverse Power
Muscogee,1,1,2684,05-31-2024 00:22:40,Diverse Power
Calhoun,1,0,1382,05-31-2024 00:22:40,Diverse Power
Muscogee,1,1,2684,05-31-2024 00:37:41,Diverse Power
Calhoun,1,0,1382,05-31-2024 00:37:41,Diverse Power
Muscogee,1,1,2684,05-31-2024 00:52:42,Diverse Power
Calhoun,1,0,1382,05-31-2024 00:52:42,Diverse Power
Muscogee,1,1,2684,05-31-2024 01:07:42,Diverse Power
Calhoun,1,0,1382,05-31-2024 01:07:42,Diverse Power
Troup,4,4,17635,05-31-2024 13:22:43,Diverse Power
Meriwether,2,2,2416,05-31-2024 13:22:43,Diverse Power
Troup,7,7,17635,05-31-2024 13:37:42,Diverse Power
Troup,2,2,17635,05-31-2024 14:22:42,Diverse Power
Troup,1,1,17635,05-31-2024 15:22:43,Diverse Power
Troup,2,2,17635,05-31-2024 15:37:42,Diverse Power
Troup,1,1,17635,05-31-2024 18:22:44,Diverse Power
Troup,1,1,17635,05-31-2024 18:37:43,Diverse Power
Harris,2,2,8243,06-01-2024 14:22:45,Diverse Power
Harris,2,2,8243,06-01-2024 14:37:44,Diverse Power
Harris,2,2,8243,06-01-2024 14:52:46,Diverse Power
Harris,1,1,8243,06-01-2024 20:37:43,Diverse Power
Harris,1,1,8243,06-01-2024 20:52:43,Diverse Power
Harris,1,1,8243,06-01-2024 21:07:43,Diverse Power
Harris,1,1,8243,06-01-2024 21:22:43,Diverse Power
Harris,1,1,8243,06-01-2024 21:37:43,Diverse Power
Chambers,1,1,679,06-02-2024 06:37:40,Diverse Power
Chambers,1,1,679,06-02-2024 06:52:40,Diverse Power
Chambers,1,1,679,06-02-2024 07:07:40,Diverse Power
Chambers,1,1,679,06-02-2024 07:22:42,Diverse Power
Chambers,1,1,679,06-02-2024 07:37:41,Diverse Power
Chambers,1,1,679,06-02-2024 07:52:41,Diverse Power
Chambers,1,0,679,06-02-2024 08:07:41,Diverse Power
Chambers,1,0,679,06-02-2024 08:22:41,Diverse Power
Chambers,1,0,679,06-02-2024 08:37:42,Diverse Power
Chambers,1,0,679,06-02-2024 08:52:42,Diverse Power
Chambers,1,0,679,06-02-2024 09:07:40,Diverse Power
Chambers,1,0,679,06-02-2024 09:22:42,Diverse Power
Chambers,1,0,679,06-02-2024 09:37:41,Diverse Power
Troup,1,1,17640,06-02-2024 13:52:42,Diverse Power
Troup,1,1,17640,06-02-2024 14:07:41,Diverse Power
Troup,1,1,17640,06-02-2024 14:22:41,Diverse Power
Harris,2,2,8245,06-02-2024 14:22:41,Diverse Power
Troup,1,1,17640,06-02-2024 14:37:42,Diverse Power
Harris,2,2,8245,06-02-2024 14:37:42,Diverse Power
Harris,2,2,8245,06-02-2024 14:52:41,Diverse Power
Harris,2,2,8245,06-02-2024 15:07:40,Diverse Power
Harris,2,2,8245,06-02-2024 15:22:40,Diverse Power
Harris,2,2,8245,06-02-2024 15:37:39,Diverse Power
Calhoun,1,1,1384,06-02-2024 19:07:43,Diverse Power
Calhoun,2,2,1384,06-02-2024 20:22:42,Diverse Power
Calhoun,2,2,1384,06-02-2024 20:37:43,Diverse Power
Calhoun,2,2,1384,06-02-2024 20:52:42,Diverse Power
Calhoun,2,2,1384,06-02-2024 21:07:43,Diverse Power
Troup,1,1,17640,06-03-2024 12:22:41,Diverse Power
Troup,1,1,17640,06-03-2024 12:37:43,Diverse Power
Troup,1,1,17640,06-03-2024 12:52:42,Diverse Power
Troup,1,1,17640,06-03-2024 13:07:43,Diverse Power
Troup,1,1,17640,06-03-2024 13:22:41,Diverse Power
Troup,1,1,17640,06-03-2024 13:37:41,Diverse Power
Troup,1,1,17640,06-03-2024 13:52:42,Diverse Power
Harris,2,2,8245,06-03-2024 13:52:42,Diverse Power
Troup,1,1,17640,06-03-2024 14:07:43,Diverse Power
Troup,4,4,17640,06-03-2024 17:22:42,Diverse Power
Troup,4,4,17640,06-03-2024 17:37:43,Diverse Power
Troup,6,6,17640,06-03-2024 17:52:43,Diverse Power
Troup,6,6,17640,06-03-2024 18:07:43,Diverse Power
Troup,4,4,17640,06-03-2024 18:22:48,Diverse Power
Troup,4,4,17640,06-03-2024 18:37:48,Diverse Power
Troup,4,4,17640,06-03-2024 18:52:46,Diverse Power
Troup,4,4,17640,06-03-2024 19:07:46,Diverse Power
Troup,4,4,17640,06-03-2024 19:22:47,Diverse Power
Harris,1,1,8247,06-03-2024 22:22:42,Diverse Power
Harris,1,1,8247,06-03-2024 22:37:43,Diverse Power
Muscogee,9,9,2684,06-03-2024 22:52:42,Diverse Power
Harris,1,1,8247,06-03-2024 22:52:42,Diverse Power
Harris,1,1,8247,06-03-2024 23:07:44,Diverse Power
Muscogee,15,15,2684,06-04-2024 01:22:42,Diverse Power
Muscogee,15,15,2684,06-04-2024 01:37:42,Diverse Power
Harris,1,1,8247,06-04-2024 09:52:41,Diverse Power
Harris,1,1,8247,06-04-2024 10:07:41,Diverse Power
Troup,29,29,17632,06-04-2024 10:22:41,Diverse Power
Harris,1,1,8247,06-04-2024 10:22:41,Diverse Power
Troup,29,29,17632,06-04-2024 10:37:42,Diverse Power
Harris,1,1,8247,06-04-2024 10:37:42,Diverse Power
Troup,29,29,17632,06-04-2024 10:52:41,Diverse Power
Harris,1,1,8247,06-04-2024 10:52:41,Diverse Power
Troup,29,29,17632,06-04-2024 11:07:42,Diverse Power
Harris,1,1,8247,06-04-2024 11:07:42,Diverse Power
Troup,29,29,17632,06-04-2024 11:22:44,Diverse Power
Harris,1,1,8247,06-04-2024 11:22:44,Diverse Power
Troup,29,29,17632,06-04-2024 11:37:43,Diverse Power
Harris,1,1,8247,06-04-2024 11:37:43,Diverse Power
Harris,1,1,8247,06-04-2024 11:52:41,Diverse Power
Harris,3,3,8247,06-04-2024 12:07:42,Diverse Power
Harris,3,3,8247,06-04-2024 12:22:41,Diverse Power
Troup,1,1,17632,06-04-2024 12:37:41,Diverse Power
Harris,2,0,8247,06-04-2024 12:37:41,Diverse Power
Troup,4,4,17632,06-04-2024 12:52:41,Diverse Power
Troup,2,2,17632,06-04-2024 13:37:40,Diverse Power
Troup,1,1,17632,06-04-2024 14:22:42,Diverse Power
Troup,1,1,17632,06-04-2024 14:37:44,Diverse Power
Troup,1,1,17632,06-04-2024 14:52:42,Diverse Power
Troup,1,1,17632,06-04-2024 15:07:42,Diverse Power
Troup,2,2,17632,06-04-2024 15:37:41,Diverse Power
Randolph,1,1,1747,06-04-2024 17:07:47,Diverse Power
Randolph,1,1,1747,06-04-2024 17:22:46,Diverse Power
Randolph,1,1,1747,06-04-2024 17:37:43,Diverse Power
Troup,1,1,17632,06-04-2024 22:07:41,Diverse Power
Muscogee,15,15,2685,06-04-2024 23:22:43,Diverse Power
Harris,13,13,8245,06-04-2024 23:52:43,Diverse Power
Harris,13,13,8245,06-05-2024 00:07:42,Diverse Power
Troup,2,2,17635,06-05-2024 02:22:46,Diverse Power
Troup,3,3,17635,06-05-2024 04:22:46,Diverse Power
Troup,3,3,17635,06-05-2024 04:37:44,Diverse Power
Troup,3,3,17635,06-05-2024 04:52:45,Diverse Power
Troup,3,3,17635,06-05-2024 05:07:44,Diverse Power
Troup,3,0,17635,06-05-2024 05:23:01,Diverse Power
Chambers,2,2,678,06-05-2024 11:22:41,Diverse Power
Chambers,2,2,678,06-05-2024 11:37:42,Diverse Power
Troup,3,3,17635,06-05-2024 11:52:42,Diverse Power
Troup,3,3,17635,06-05-2024 12:07:45,Diverse Power
Troup,3,3,17635,06-05-2024 12:22:43,Diverse Power
Troup,3,3,17635,06-05-2024 12:37:46,Diverse Power
Troup,3,3,17635,06-05-2024 12:52:42,Diverse Power
Troup,3,3,17635,06-05-2024 13:07:43,Diverse Power
Troup,3,3,17635,06-05-2024 13:22:43,Diverse Power
Troup,20,20,17635,06-05-2024 13:37:47,Diverse Power
Troup,2,2,17635,06-05-2024 13:52:44,Diverse Power
Troup,2,2,17635,06-05-2024 14:22:44,Diverse Power
Troup,2,2,17635,06-05-2024 14:37:43,Diverse Power
Troup,2,2,17635,06-05-2024 14:52:45,Diverse Power
Troup,2,2,17635,06-05-2024 15:07:43,Diverse Power
Troup,2,2,17635,06-05-2024 15:22:49,Diverse Power
Troup,2,2,17635,06-05-2024 16:52:43,Diverse Power
Troup,2,2,17635,06-05-2024 22:07:42,Diverse Power
Troup,3,3,17636,06-05-2024 22:22:42,Diverse Power
Troup,2,2,17636,06-06-2024 00:22:41,Diverse Power
Troup,2,2,17636,06-06-2024 00:37:42,Diverse Power
Harris,1,1,8246,06-06-2024 01:37:43,Diverse Power
Muscogee,2,2,2685,06-06-2024 05:22:45,Diverse Power
Muscogee,2,2,2685,06-06-2024 05:37:44,Diverse Power
Muscogee,2,2,2685,06-06-2024 05:52:46,Diverse Power
Muscogee,2,2,2685,06-06-2024 06:07:46,Diverse Power
Muscogee,2,2,2685,06-06-2024 06:22:45,Diverse Power
Muscogee,2,2,2685,06-06-2024 06:37:44,Diverse Power
Troup,2,2,17636,06-06-2024 09:52:40,Diverse Power
Troup,2,2,17636,06-06-2024 12:52:42,Diverse Power
Troup,2,2,17636,06-06-2024 13:07:43,Diverse Power
Troup,2,2,17636,06-06-2024 13:22:42,Diverse Power
Troup,2,2,17636,06-06-2024 13:37:44,Diverse Power
Troup,72,72,17636,06-06-2024 13:52:44,Diverse Power
Troup,71,71,17636,06-06-2024 14:07:42,Diverse Power
Troup,71,71,17636,06-06-2024 14:22:45,Diverse Power
Troup,2,2,17636,06-06-2024 15:22:44,Diverse Power
Troup,2,2,17636,06-06-2024 15:37:41,Diverse Power
Troup,2,2,17636,06-06-2024 15:52:45,Diverse Power
Troup,2,2,17636,06-06-2024 16:07:44,Diverse Power
Troup,1,1,17636,06-06-2024 16:22:43,Diverse Power
Troup,1,1,17636,06-06-2024 16:37:43,Diverse Power
Troup,7,7,17636,06-06-2024 17:37:45,Diverse Power
Troup,7,7,17636,06-06-2024 17:52:45,Diverse Power
Troup,7,7,17636,06-06-2024 18:07:45,Diverse Power
Troup,1,1,17636,06-06-2024 18:22:44,Diverse Power
Troup,1,1,17636,06-06-2024 18:37:47,Diverse Power
Calhoun,3,3,1382,06-06-2024 19:22:42,Diverse Power
Calhoun,3,3,1382,06-06-2024 19:37:44,Diverse Power
Calhoun,3,3,1382,06-06-2024 19:52:42,Diverse Power
Calhoun,3,3,1382,06-06-2024 20:07:43,Diverse Power
Calhoun,3,3,1382,06-06-2024 20:22:47,Diverse Power
Calhoun,3,3,1382,06-06-2024 20:37:42,Diverse Power
Troup,2,2,17636,06-06-2024 20:52:48,Diverse Power
Calhoun,3,3,1382,06-06-2024 20:52:48,Diverse Power
Troup,2,2,17636,06-06-2024 21:07:43,Diverse Power
Calhoun,3,3,1382,06-06-2024 21:07:43,Diverse Power
Troup,2,2,17636,06-06-2024 21:22:43,Diverse Power
Calhoun,3,3,1382,06-06-2024 21:22:43,Diverse Power
Harris,1,1,8246,06-06-2024 21:37:44,Diverse Power
Calhoun,2,2,1382,06-07-2024 14:22:40,Diverse Power
Harris,2,2,8245,06-07-2024 14:52:41,Diverse Power
Harris,2,2,8245,06-07-2024 15:07:42,Diverse Power
Troup,2,2,17638,06-07-2024 18:22:45,Diverse Power
Troup,2,2,17638,06-07-2024 18:37:43,Diverse Power
Troup,2,2,17638,06-07-2024 18:52:45,Diverse Power
Troup,2,2,17638,06-07-2024 19:07:42,Diverse Power
Quitman,1,1,1297,06-07-2024 19:52:42,Diverse Power
Troup,3,3,17637,06-07-2024 23:07:42,Diverse Power
Troup,4,4,17637,06-07-2024 23:52:44,Diverse Power
Troup,4,4,17637,06-08-2024 00:07:44,Diverse Power
Troup,2,2,17637,06-08-2024 13:22:41,Diverse Power
Troup,2,2,17637,06-08-2024 13:37:43,Diverse Power
Troup,2,2,17637,06-08-2024 13:52:42,Diverse Power
Clay,1,1,977,06-09-2024 14:52:42,Diverse Power
Troup,1,1,17637,06-10-2024 02:22:45,Diverse Power
Troup,1,1,17637,06-10-2024 02:37:46,Diverse Power
Troup,1,1,17637,06-10-2024 02:52:45,Diverse Power
Troup,1,1,17637,06-10-2024 03:07:45,Diverse Power
Quitman,2,2,1296,06-10-2024 13:52:42,Diverse Power
Calhoun,75,75,1382,06-10-2024 14:07:44,Diverse Power
Harris,13,0,8248,06-10-2024 14:07:44,Diverse Power
Calhoun,75,75,1382,06-10-2024 14:22:44,Diverse Power
Calhoun,75,75,1382,06-10-2024 14:37:50,Diverse Power
Calhoun,75,75,1382,06-10-2024 14:52:46,Diverse Power
Calhoun,75,75,1382,06-10-2024 15:07:45,Diverse Power
Calhoun,75,75,1382,06-10-2024 15:22:46,Diverse Power
Calhoun,75,75,1382,06-10-2024 15:37:47,Diverse Power
Meriwether,1,1,2413,06-10-2024 16:37:44,Diverse Power
Harris,2,2,8248,06-10-2024 17:22:42,Diverse Power
Harris,2,2,8248,06-10-2024 17:37:42,Diverse Power
Harris,2,2,8248,06-10-2024 17:52:42,Diverse Power
Harris,2,2,8248,06-10-2024 18:07:41,Diverse Power
Harris,2,2,8248,06-10-2024 18:22:44,Diverse Power
Harris,2,2,8248,06-10-2024 18:37:46,Diverse Power
Harris,2,2,8248,06-10-2024 18:52:42,Diverse Power
Harris,2,2,8248,06-10-2024 19:07:43,Diverse Power
Troup,1,1,17637,06-10-2024 19:22:43,Diverse Power
Troup,1,1,17637,06-10-2024 19:37:43,Diverse Power
Calhoun,3,3,1382,06-10-2024 19:52:45,Diverse Power
Calhoun,1,1,1382,06-10-2024 20:07:45,Diverse Power
Calhoun,1,1,1382,06-10-2024 20:22:46,Diverse Power
Troup,1,1,17637,06-10-2024 21:22:43,Diverse Power
Randolph,33,33,1749,06-10-2024 23:52:43,Diverse Power
Randolph,33,33,1749,06-11-2024 00:07:43,Diverse Power
Randolph,1,1,1749,06-11-2024 00:22:42,Diverse Power
Randolph,1,1,1749,06-11-2024 00:37:42,Diverse Power
Chambers,4,4,678,06-11-2024 00:37:42,Diverse Power
Troup,3,3,17638,06-11-2024 13:22:45,Diverse Power
Troup,3,3,17638,06-11-2024 13:37:45,Diverse Power
Troup,3,3,17638,06-11-2024 13:52:46,Diverse Power
Troup,5,5,17638,06-11-2024 14:07:46,Diverse Power
Troup,5,5,17638,06-11-2024 14:22:44,Diverse Power
Troup,5,5,17638,06-11-2024 14:37:44,Diverse Power
Troup,5,5,17638,06-11-2024 14:52:46,Diverse Power
Troup,5,5,17638,06-11-2024 15:07:44,Diverse Power
Troup,3,3,17638,06-11-2024 15:22:47,Diverse Power
Troup,3,3,17638,06-11-2024 15:37:45,Diverse Power
Troup,3,3,17638,06-11-2024 15:52:48,Diverse Power
Troup,3,3,17638,06-11-2024 16:07:44,Diverse Power
Troup,3,3,17638,06-11-2024 16:22:43,Diverse Power
Troup,3,3,17638,06-11-2024 16:37:44,Diverse Power
Troup,3,3,17638,06-11-2024 16:52:46,Diverse Power
Troup,3,3,17638,06-11-2024 17:07:43,Diverse Power
Troup,3,3,17638,06-11-2024 17:22:41,Diverse Power
Harris,237,237,8247,06-11-2024 17:22:41,Diverse Power
Harris,237,237,8247,06-11-2024 17:37:40,Diverse Power
Harris,12,12,8248,06-11-2024 17:52:46,Diverse Power
Harris,12,12,8248,06-11-2024 18:07:43,Diverse Power
Harris,12,12,8248,06-11-2024 18:22:42,Diverse Power
Harris,12,12,8248,06-11-2024 18:37:42,Diverse Power
Harris,12,12,8248,06-11-2024 18:52:41,Diverse Power
Harris,12,12,8248,06-11-2024 19:07:43,Diverse Power
Heard,2,2,469,06-11-2024 23:37:41,Diverse Power
Heard,2,2,469,06-11-2024 23:52:40,Diverse Power
Heard,2,2,469,06-12-2024 00:07:41,Diverse Power
Heard,2,2,469,06-12-2024 00:22:42,Diverse Power
Heard,2,0,469,06-12-2024 00:37:43,Diverse Power
Muscogee,25,25,2685,06-12-2024 01:22:44,Diverse Power
Muscogee,25,25,2685,06-12-2024 01:37:43,Diverse Power
Muscogee,25,25,2685,06-12-2024 01:52:42,Diverse Power
Muscogee,25,25,2685,06-12-2024 02:07:41,Diverse Power
Troup,63,63,17620,06-12-2024 18:37:43,Diverse Power
Coweta,16,16,16,06-12-2024 18:37:43,Diverse Power
Meriwether,233,233,2408,06-12-2024 18:37:43,Diverse Power
Troup,63,63,17620,06-12-2024 18:52:43,Diverse Power
Coweta,16,16,16,06-12-2024 18:52:43,Diverse Power
Meriwether,233,233,2408,06-12-2024 18:52:43,Diverse Power
Troup,63,63,17620,06-12-2024 19:07:42,Diverse Power
Coweta,16,16,16,06-12-2024 19:07:42,Diverse Power
Meriwether,233,233,2408,06-12-2024 19:07:42,Diverse Power
Troup,63,63,17620,06-12-2024 19:22:44,Diverse Power
Coweta,16,16,16,06-12-2024 19:22:44,Diverse Power
Meriwether,233,233,2408,06-12-2024 19:22:44,Diverse Power
Troup,63,63,17620,06-12-2024 19:37:44,Diverse Power
Coweta,16,16,16,06-12-2024 19:37:44,Diverse Power
Meriwether,233,233,2408,06-12-2024 19:37:44,Diverse Power
Troup,63,63,17620,06-12-2024 19:52:45,Diverse Power
Coweta,16,16,16,06-12-2024 19:52:45,Diverse Power
Meriwether,233,233,2408,06-12-2024 19:52:45,Diverse Power
Troup,63,63,17620,06-12-2024 20:07:43,Diverse Power
Coweta,13,13,16,06-12-2024 20:07:43,Diverse Power
Meriwether,6,6,2408,06-12-2024 20:07:43,Diverse Power
Troup,63,63,17620,06-12-2024 20:22:43,Diverse Power
Coweta,13,13,16,06-12-2024 20:22:43,Diverse Power
Meriwether,6,6,2408,06-12-2024 20:22:43,Diverse Power
Troup,63,63,17620,06-12-2024 20:37:42,Diverse Power
Coweta,13,13,16,06-12-2024 20:37:42,Diverse Power
Meriwether,6,6,2408,06-12-2024 20:37:42,Diverse Power
Troup,63,63,17620,06-12-2024 20:52:43,Diverse Power
Coweta,13,13,16,06-12-2024 20:52:43,Diverse Power
Meriwether,6,6,2408,06-12-2024 20:52:43,Diverse Power
Troup,63,63,17620,06-12-2024 21:07:42,Diverse Power
Coweta,13,13,16,06-12-2024 21:07:42,Diverse Power
Meriwether,6,6,2408,06-12-2024 21:07:42,Diverse Power
Troup,63,63,17620,06-12-2024 21:22:41,Diverse Power
Coweta,13,13,16,06-12-2024 21:22:41,Diverse Power
Meriwether,6,6,2409,06-12-2024 21:22:41,Diverse Power
Troup,63,63,17620,06-12-2024 21:37:41,Diverse Power
Coweta,13,13,16,06-12-2024 21:37:41,Diverse Power
Meriwether,6,6,2409,06-12-2024 21:37:41,Diverse Power
Troup,63,63,17620,06-12-2024 21:52:40,Diverse Power
Coweta,13,13,16,06-12-2024 21:52:40,Diverse Power
Meriwether,6,6,2409,06-12-2024 21:52:40,Diverse Power
Troup,3,3,17620,06-13-2024 00:52:42,Diverse Power
Troup,2,2,17618,06-13-2024 12:07:41,Diverse Power
Troup,2,2,17618,06-13-2024 12:22:40,Diverse Power
Troup,2,2,17618,06-13-2024 12:37:41,Diverse Power
Troup,2,2,17618,06-13-2024 12:52:43,Diverse Power
Troup,2,2,17617,06-13-2024 13:07:43,Diverse Power
Troup,2,2,17618,06-13-2024 13:22:44,Diverse Power
Troup,2,2,17618,06-13-2024 13:37:41,Diverse Power
Troup,2,2,17618,06-13-2024 13:52:43,Diverse Power
Troup,2,2,17618,06-13-2024 14:07:46,Diverse Power
Muscogee,10,10,2685,06-13-2024 14:07:46,Diverse Power
Troup,2,2,17618,06-13-2024 14:22:47,Diverse Power
Muscogee,10,10,2685,06-13-2024 14:22:47,Diverse Power
Troup,2,2,17618,06-13-2024 14:37:46,Diverse Power
Muscogee,10,10,2685,06-13-2024 14:37:46,Diverse Power
Troup,2,2,17618,06-13-2024 14:52:48,Diverse Power
Muscogee,10,10,2685,06-13-2024 14:52:48,Diverse Power
Troup,2,2,17618,06-13-2024 15:07:43,Diverse Power
Muscogee,10,10,2685,06-13-2024 15:07:43,Diverse Power
Troup,2,2,17618,06-13-2024 15:22:47,Diverse Power
Muscogee,10,10,2685,06-13-2024 15:22:47,Diverse Power
Troup,2,2,17618,06-13-2024 15:37:48,Diverse Power
Muscogee,10,10,2685,06-13-2024 15:37:48,Diverse Power
Troup,4,4,17618,06-13-2024 15:52:48,Diverse Power
Muscogee,10,10,2685,06-13-2024 15:52:48,Diverse Power
Troup,4,4,17618,06-13-2024 16:07:47,Diverse Power
Muscogee,10,10,2685,06-13-2024 16:07:47,Diverse Power
Muscogee,10,10,2685,06-13-2024 16:22:46,Diverse Power
Muscogee,10,10,2685,06-13-2024 16:37:43,Diverse Power
Muscogee,10,10,2685,06-13-2024 16:52:43,Diverse Power
Muscogee,10,10,2685,06-13-2024 17:07:43,Diverse Power
Muscogee,10,10,2686,06-13-2024 17:22:43,Diverse Power
Muscogee,10,10,2686,06-13-2024 17:37:42,Diverse Power
Calhoun,2,2,1382,06-13-2024 17:37:42,Diverse Power
Muscogee,10,10,2686,06-13-2024 17:52:41,Diverse Power
Calhoun,77,77,1382,06-13-2024 17:52:41,Diverse Power
Muscogee,10,10,2686,06-13-2024 18:07:43,Diverse Power
Calhoun,77,77,1382,06-13-2024 18:07:43,Diverse Power
Muscogee,10,10,2686,06-13-2024 18:22:42,Diverse Power
Calhoun,77,77,1382,06-13-2024 18:22:42,Diverse Power
Muscogee,10,10,2686,06-13-2024 18:37:44,Diverse Power
Calhoun,77,77,1382,06-13-2024 18:37:44,Diverse Power
Muscogee,10,10,2686,06-13-2024 18:52:44,Diverse Power
Calhoun,77,77,1382,06-13-2024 18:52:44,Diverse Power
Muscogee,10,10,2686,06-13-2024 19:07:44,Diverse Power
Calhoun,77,77,1382,06-13-2024 19:07:44,Diverse Power
Muscogee,10,10,2686,06-13-2024 19:22:42,Diverse Power
Muscogee,10,0,2686,06-13-2024 19:37:48,Diverse Power
Muscogee,10,0,2686,06-13-2024 19:52:46,Diverse Power
Muscogee,10,0,2686,06-13-2024 20:07:48,Diverse Power
Muscogee,10,0,2686,06-13-2024 20:22:40,Diverse Power
Muscogee,10,0,2686,06-13-2024 20:37:43,Diverse Power
Muscogee,10,0,2686,06-13-2024 20:52:41,Diverse Power
Muscogee,10,0,2686,06-13-2024 21:07:41,Diverse Power
Muscogee,10,0,2686,06-13-2024 21:22:42,Diverse Power
Muscogee,10,0,2686,06-13-2024 21:37:42,Diverse Power
Chambers,1,1,677,06-14-2024 15:22:47,Diverse Power
Chambers,1,1,677,06-14-2024 15:37:46,Diverse Power
Chambers,1,1,677,06-14-2024 15:52:46,Diverse Power
Chambers,1,1,677,06-14-2024 16:07:47,Diverse Power
Chambers,1,1,677,06-14-2024 16:22:48,Diverse Power
Chambers,1,1,677,06-14-2024 16:37:45,Diverse Power
Chambers,1,1,677,06-14-2024 16:52:47,Diverse Power
Chambers,1,1,677,06-14-2024 17:07:46,Diverse Power
Chambers,1,1,677,06-14-2024 17:22:55,Diverse Power
Chambers,1,1,677,06-14-2024 17:37:40,Diverse Power
Chambers,1,1,677,06-14-2024 17:52:43,Diverse Power
Chambers,1,1,677,06-14-2024 18:07:39,Diverse Power
Chambers,1,1,677,06-14-2024 18:22:40,Diverse Power
Harris,1,1,8245,06-15-2024 20:37:43,Diverse Power
Harris,1,1,8245,06-15-2024 20:52:43,Diverse Power
Harris,1,1,8245,06-15-2024 21:07:45,Diverse Power
Harris,1,1,8245,06-15-2024 21:22:45,Diverse Power
Harris,1,1,8245,06-15-2024 21:37:43,Diverse Power
Harris,1,1,8245,06-15-2024 21:52:43,Diverse Power
Harris,1,1,8245,06-15-2024 22:07:44,Diverse Power
Harris,1,1,8245,06-15-2024 22:22:44,Diverse Power
Harris,1,1,8245,06-15-2024 22:37:44,Diverse Power
Harris,1,1,8245,06-16-2024 00:07:42,Diverse Power
Harris,1,1,8245,06-16-2024 00:22:41,Diverse Power
Harris,1,1,8245,06-16-2024 00:37:42,Diverse Power
Harris,1,1,8245,06-16-2024 00:52:42,Diverse Power
Harris,1,1,8245,06-16-2024 01:07:42,Diverse Power
Harris,1,1,8245,06-16-2024 01:22:42,Diverse Power
Harris,1,1,8245,06-16-2024 01:37:43,Diverse Power
Harris,1,1,8245,06-16-2024 01:52:41,Diverse Power
Harris,1,1,8245,06-16-2024 02:07:43,Diverse Power
Harris,1,1,8245,06-16-2024 02:22:42,Diverse Power
Harris,1,1,8245,06-16-2024 02:37:44,Diverse Power
Harris,1,1,8245,06-16-2024 02:52:41,Diverse Power
Harris,1,1,8245,06-16-2024 03:07:43,Diverse Power
Troup,14,14,17625,06-16-2024 03:22:41,Diverse Power
Troup,14,14,17625,06-16-2024 03:37:39,Diverse Power
Troup,51,51,17625,06-16-2024 03:52:40,Diverse Power
Troup,51,51,17625,06-16-2024 04:07:40,Diverse Power
Troup,51,51,17625,06-16-2024 04:22:41,Diverse Power
Troup,51,51,17625,06-16-2024 04:37:39,Diverse Power
Troup,51,51,17625,06-16-2024 04:52:39,Diverse Power
Harris,2,2,8245,06-16-2024 04:52:39,Diverse Power
Troup,51,51,17625,06-16-2024 05:07:42,Diverse Power
Harris,2,2,8245,06-16-2024 05:07:42,Diverse Power
Troup,51,22,17625,06-16-2024 05:22:40,Diverse Power
Harris,2,2,8245,06-16-2024 05:22:40,Diverse Power
Troup,51,22,17625,06-16-2024 05:37:41,Diverse Power
Harris,2,2,8245,06-16-2024 05:37:41,Diverse Power
Troup,51,22,17625,06-16-2024 05:52:41,Diverse Power
Harris,2,2,8245,06-16-2024 05:52:41,Diverse Power
Troup,56,27,17625,06-16-2024 06:07:41,Diverse Power
Harris,2,2,8245,06-16-2024 06:07:41,Diverse Power
Troup,81,52,17625,06-16-2024 06:22:43,Diverse Power
Harris,2,2,8245,06-16-2024 06:22:43,Diverse Power
Troup,81,38,17625,06-16-2024 06:37:41,Diverse Power
Harris,2,2,8245,06-16-2024 06:37:41,Diverse Power
Troup,73,30,17625,06-16-2024 06:52:41,Diverse Power
Harris,2,2,8245,06-16-2024 06:52:41,Diverse Power
Troup,73,30,17625,06-16-2024 07:07:43,Diverse Power
Harris,2,2,8245,06-16-2024 07:07:43,Diverse Power
Troup,73,30,17625,06-16-2024 07:22:43,Diverse Power
Harris,2,2,8245,06-16-2024 07:22:43,Diverse Power
Troup,73,30,17625,06-16-2024 07:37:44,Diverse Power
Harris,2,2,8245,06-16-2024 07:37:44,Diverse Power
Troup,73,30,17625,06-16-2024 07:52:41,Diverse Power
Harris,2,2,8245,06-16-2024 07:52:41,Diverse Power
Troup,30,30,17625,06-16-2024 08:07:44,Diverse Power
Troup,30,30,17625,06-16-2024 08:22:41,Diverse Power
Troup,30,30,17625,06-16-2024 08:37:41,Diverse Power
Troup,30,30,17625,06-16-2024 08:52:42,Diverse Power
Troup,30,30,17625,06-16-2024 09:07:41,Diverse Power
Troup,30,30,17625,06-16-2024 09:22:41,Diverse Power
Troup,30,30,17625,06-16-2024 09:37:40,Diverse Power
Troup,30,30,17625,06-16-2024 09:52:40,Diverse Power
Troup,30,30,17625,06-16-2024 10:07:40,Diverse Power
Troup,30,30,17625,06-16-2024 10:22:40,Diverse Power
Troup,30,30,17625,06-16-2024 10:37:42,Diverse Power
Troup,30,30,17625,06-16-2024 10:52:41,Diverse Power
Troup,30,30,17625,06-16-2024 11:07:41,Diverse Power
Harris,3,3,8245,06-16-2024 11:22:41,Diverse Power
Harris,3,3,8245,06-16-2024 11:37:41,Diverse Power
Harris,3,3,8245,06-16-2024 11:52:41,Diverse Power
Harris,3,3,8245,06-16-2024 12:07:43,Diverse Power
Troup,2,2,17625,06-16-2024 12:22:42,Diverse Power
Harris,3,3,8245,06-16-2024 12:22:42,Diverse Power
Troup,59,59,17625,06-16-2024 12:37:42,Diverse Power
Harris,3,3,8245,06-16-2024 12:37:42,Diverse Power
Troup,59,59,17625,06-16-2024 12:52:42,Diverse Power
Harris,3,3,8245,06-16-2024 12:52:42,Diverse Power
Troup,57,57,17625,06-16-2024 13:07:42,Diverse Power
Troup,57,57,17625,06-16-2024 13:22:43,Diverse Power
Troup,2,2,17625,06-16-2024 13:37:43,Diverse Power
Troup,2,2,17625,06-16-2024 13:52:43,Diverse Power
Troup,2,2,17625,06-16-2024 14:07:44,Diverse Power
Troup,1,1,17625,06-16-2024 23:07:44,Diverse Power
Troup,2,2,17625,06-17-2024 03:22:43,Diverse Power
Troup,2,2,17625,06-17-2024 03:37:42,Diverse Power
Calhoun,1,1,1382,06-17-2024 12:52:42,Diverse Power
Calhoun,1,1,1382,06-17-2024 13:07:44,Diverse Power
Troup,2,2,17622,06-17-2024 13:22:43,Diverse Power
Calhoun,1,1,1382,06-17-2024 13:22:43,Diverse Power
Troup,2,2,17621,06-17-2024 13:37:43,Diverse Power
Calhoun,1,1,1382,06-17-2024 13:37:43,Diverse Power
Troup,2,2,17620,06-17-2024 13:52:41,Diverse Power
Calhoun,1,1,1382,06-17-2024 13:52:41,Diverse Power
Troup,2,2,17620,06-17-2024 14:07:41,Diverse Power
Calhoun,1,1,1382,06-17-2024 14:07:41,Diverse Power
Troup,2,2,17619,06-17-2024 14:22:44,Diverse Power
Calhoun,1,1,1382,06-17-2024 14:22:44,Diverse Power
Troup,2,2,17619,06-17-2024 14:37:46,Diverse Power
Calhoun,1,1,1382,06-17-2024 14:37:46,Diverse Power
Troup,2,2,17619,06-17-2024 14:52:46,Diverse Power
Calhoun,1,1,1382,06-17-2024 14:52:46,Diverse Power
Troup,2,2,17619,06-17-2024 15:07:46,Diverse Power
Calhoun,1,1,1382,06-17-2024 15:07:46,Diverse Power
Calhoun,1,1,1382,06-17-2024 15:22:45,Diverse Power
Calhoun,1,1,1382,06-17-2024 15:37:43,Diverse Power
Calhoun,1,1,1382,06-17-2024 15:52:42,Diverse Power
Calhoun,1,1,1382,06-17-2024 16:07:47,Diverse Power
Calhoun,1,1,1382,06-17-2024 16:22:42,Diverse Power
Calhoun,1,1,1382,06-17-2024 16:37:43,Diverse Power
Calhoun,1,1,1382,06-17-2024 16:52:42,Diverse Power
Calhoun,1,1,1382,06-17-2024 17:07:42,Diverse Power
Calhoun,1,1,1382,06-17-2024 17:22:43,Diverse Power
Calhoun,1,1,1382,06-17-2024 17:37:41,Diverse Power
Calhoun,1,1,1382,06-17-2024 17:52:44,Diverse Power
Calhoun,1,1,1382,06-17-2024 18:07:42,Diverse Power
Troup,2,2,17624,06-18-2024 04:07:44,Diverse Power
Troup,2,2,17624,06-18-2024 04:22:44,Diverse Power
Troup,2,2,17624,06-18-2024 04:37:44,Diverse Power
Troup,2,2,17624,06-18-2024 04:52:44,Diverse Power
Troup,2,2,17624,06-18-2024 05:07:42,Diverse Power
Troup,2,0,17624,06-18-2024 05:22:44,Diverse Power
Troup,2,0,17624,06-18-2024 05:37:42,Diverse Power
Troup,2,0,17624,06-18-2024 05:52:42,Diverse Power
Troup,5,5,17624,06-18-2024 17:22:44,Diverse Power
Randolph,19,19,1747,06-18-2024 20:22:46,Diverse Power
Randolph,19,19,1747,06-18-2024 20:37:45,Diverse Power
Randolph,19,19,1747,06-18-2024 20:52:44,Diverse Power
Troup,3,3,17624,06-18-2024 20:52:44,Diverse Power
Randolph,19,19,1747,06-18-2024 21:07:45,Diverse Power
Randolph,19,19,1747,06-18-2024 21:22:45,Diverse Power
Randolph,19,19,1747,06-18-2024 21:37:42,Diverse Power
Randolph,19,19,1747,06-18-2024 21:52:45,Diverse Power
Randolph,19,19,1747,06-18-2024 22:07:45,Diverse Power
Quitman,1,1,1296,06-19-2024 11:37:42,Diverse Power
Quitman,5,5,1296,06-19-2024 11:52:41,Diverse Power
Quitman,5,5,1296,06-19-2024 12:07:41,Diverse Power
Quitman,5,5,1296,06-19-2024 12:22:42,Diverse Power
Quitman,5,5,1296,06-19-2024 12:37:42,Diverse Power
Quitman,5,5,1296,06-19-2024 12:52:46,Diverse Power
Troup,7,7,17625,06-19-2024 12:52:46,Diverse Power
Quitman,5,5,1296,06-19-2024 13:07:43,Diverse Power
Troup,7,7,17625,06-19-2024 13:07:43,Diverse Power
Quitman,5,5,1296,06-19-2024 13:22:44,Diverse Power
Troup,7,0,17625,06-19-2024 13:22:44,Diverse Power
Harris,47,47,8246,06-19-2024 13:22:44,Diverse Power
Quitman,5,5,1296,06-19-2024 13:37:43,Diverse Power
Troup,7,0,17625,06-19-2024 13:37:43,Diverse Power
Harris,47,47,8246,06-19-2024 13:37:43,Diverse Power
Quitman,5,5,1296,06-19-2024 13:52:44,Diverse Power
Harris,47,47,8246,06-19-2024 13:52:44,Diverse Power
Quitman,5,5,1296,06-19-2024 14:07:45,Diverse Power
Harris,47,47,8246,06-19-2024 14:07:45,Diverse Power
Quitman,5,5,1296,06-19-2024 14:22:45,Diverse Power
Harris,47,47,8246,06-19-2024 14:22:45,Diverse Power
Quitman,5,5,1296,06-19-2024 14:37:50,Diverse Power
Harris,47,47,8246,06-19-2024 14:37:50,Diverse Power
Quitman,6,6,1296,06-19-2024 14:52:48,Diverse Power
Calhoun,1,1,1383,06-19-2024 14:52:48,Diverse Power
Harris,47,47,8246,06-19-2024 14:52:48,Diverse Power
Quitman,6,6,1296,06-19-2024 15:07:49,Diverse Power
Calhoun,1,1,1383,06-19-2024 15:07:49,Diverse Power
Harris,47,47,8246,06-19-2024 15:07:49,Diverse Power
Calhoun,1,1,1383,06-19-2024 15:22:50,Diverse Power
Calhoun,1,1,1383,06-19-2024 15:37:50,Diverse Power
Calhoun,2,2,1383,06-19-2024 15:52:49,Diverse Power
Calhoun,2,2,1383,06-19-2024 16:07:47,Diverse Power
Calhoun,2,2,1383,06-19-2024 16:22:49,Diverse Power
Calhoun,1,1,1383,06-19-2024 16:37:49,Diverse Power
Calhoun,1,1,1383,06-19-2024 16:52:46,Diverse Power
Calhoun,1,1,1383,06-19-2024 17:07:45,Diverse Power
Calhoun,1,1,1383,06-19-2024 17:22:45,Diverse Power
Calhoun,1,1,1383,06-19-2024 17:37:45,Diverse Power
Troup,2,2,17626,06-19-2024 19:52:45,Diverse Power
Troup,2,2,17626,06-19-2024 20:07:42,Diverse Power
Troup,2,2,17627,06-19-2024 20:22:43,Diverse Power
Troup,4,4,17627,06-19-2024 20:37:44,Diverse Power
Troup,2,2,17627,06-19-2024 20:52:44,Diverse Power
Troup,35,35,17627,06-20-2024 02:22:41,Diverse Power
Troup,35,35,17627,06-20-2024 02:37:42,Diverse Power
Troup,35,35,17627,06-20-2024 02:52:43,Diverse Power
Troup,36,36,17627,06-20-2024 03:07:43,Diverse Power
Troup,36,36,17627,06-20-2024 03:22:40,Diverse Power
Troup,36,36,17627,06-20-2024 03:37:41,Diverse Power
Troup,36,36,17627,06-20-2024 03:52:41,Diverse Power
Troup,36,36,17627,06-20-2024 04:07:40,Diverse Power
Troup,36,36,17627,06-20-2024 04:22:41,Diverse Power
Troup,36,36,17627,06-20-2024 04:37:42,Diverse Power
Troup,5,5,17626,06-20-2024 14:52:44,Diverse Power
Troup,5,5,17626,06-20-2024 15:07:44,Diverse Power
Troup,2,2,17626,06-20-2024 17:52:45,Diverse Power
Troup,2,2,17626,06-20-2024 18:07:43,Diverse Power
Troup,2,2,17627,06-20-2024 18:22:47,Diverse Power
Quitman,3,3,1296,06-21-2024 11:37:42,Diverse Power
Quitman,3,3,1296,06-21-2024 11:52:45,Diverse Power
Quitman,3,3,1296,06-21-2024 12:07:46,Diverse Power
Quitman,3,3,1296,06-21-2024 12:22:44,Diverse Power
Quitman,3,3,1296,06-21-2024 12:37:42,Diverse Power
Muscogee,1305,1305,2686,06-21-2024 19:52:41,Diverse Power
Harris,1,1,8246,06-21-2024 19:52:41,Diverse Power
Muscogee,1567,1567,2686,06-21-2024 20:07:41,Diverse Power
Harris,1,1,8246,06-21-2024 20:07:41,Diverse Power
Muscogee,1567,1567,2686,06-21-2024 20:22:43,Diverse Power
Harris,1,1,8246,06-21-2024 20:22:43,Diverse Power
Muscogee,1567,1567,2686,06-21-2024 20:37:40,Diverse Power
Harris,1,1,8246,06-21-2024 20:37:40,Diverse Power
Muscogee,1567,1567,2686,06-21-2024 20:52:40,Diverse Power
Muscogee,1567,1567,2686,06-21-2024 21:07:41,Diverse Power
Muscogee,1567,1567,2686,06-21-2024 21:22:40,Diverse Power
Muscogee,1567,1567,2686,06-21-2024 21:37:41,Diverse Power
Muscogee,1565,17,2686,06-21-2024 21:52:43,Diverse Power
Muscogee,6,6,2686,06-21-2024 22:07:43,Diverse Power
Muscogee,19,19,2686,06-21-2024 22:22:44,Diverse Power
Muscogee,19,19,2686,06-21-2024 22:37:44,Diverse Power
Muscogee,19,19,2686,06-21-2024 22:52:42,Diverse Power
Muscogee,19,19,2686,06-21-2024 23:07:41,Diverse Power
Quitman,61,61,1296,06-21-2024 23:22:40,Diverse Power
Muscogee,19,19,2686,06-21-2024 23:22:40,Diverse Power
Quitman,61,61,1296,06-21-2024 23:37:43,Diverse Power
Muscogee,19,19,2686,06-21-2024 23:37:43,Diverse Power
Quitman,61,61,1296,06-21-2024 23:52:42,Diverse Power
Muscogee,19,19,2686,06-21-2024 23:52:42,Diverse Power
Quitman,61,61,1296,06-22-2024 00:07:43,Diverse Power
Muscogee,19,19,2686,06-22-2024 00:07:43,Diverse Power
Quitman,61,61,1296,06-22-2024 00:22:43,Diverse Power
Muscogee,19,19,2686,06-22-2024 00:22:43,Diverse Power
Quitman,61,61,1296,06-22-2024 00:37:47,Diverse Power
Muscogee,19,19,2686,06-22-2024 00:37:47,Diverse Power
Quitman,61,1,1296,06-22-2024 00:52:46,Diverse Power
Muscogee,19,19,2686,06-22-2024 00:52:46,Diverse Power
Quitman,1,1,1296,06-22-2024 01:07:44,Diverse Power
Muscogee,19,19,2686,06-22-2024 01:07:44,Diverse Power
Muscogee,19,19,2686,06-22-2024 01:22:47,Diverse Power
Muscogee,19,2,2686,06-22-2024 01:37:43,Diverse Power
Muscogee,19,0,2686,06-22-2024 01:52:44,Diverse Power
Muscogee,19,0,2686,06-22-2024 02:07:47,Diverse Power
Troup,53,53,17630,06-22-2024 16:22:45,Diverse Power
Troup,36,36,17630,06-22-2024 16:37:43,Diverse Power
Troup,36,36,17630,06-22-2024 16:52:46,Diverse Power
Troup,36,36,17630,06-22-2024 17:07:42,Diverse Power
Troup,37,37,17630,06-22-2024 17:22:43,Diverse Power
Troup,1,1,17630,06-22-2024 17:37:42,Diverse Power
Troup,1,1,17630,06-22-2024 17:52:42,Diverse Power
Troup,1,1,17630,06-22-2024 18:07:42,Diverse Power
Randolph,1,1,1748,06-23-2024 01:22:43,Diverse Power
Harris,32,32,8247,06-23-2024 09:07:43,Diverse Power
Harris,32,32,8247,06-23-2024 09:22:43,Diverse Power
Harris,32,32,8247,06-23-2024 09:37:43,Diverse Power
Harris,32,32,8247,06-23-2024 09:52:43,Diverse Power
Harris,32,32,8247,06-23-2024 10:07:42,Diverse Power
Harris,32,32,8247,06-23-2024 10:22:43,Diverse Power
Harris,34,34,8247,06-23-2024 10:37:41,Diverse Power
Harris,32,32,8247,06-23-2024 10:52:43,Diverse Power
Harris,32,0,8247,06-23-2024 11:07:43,Diverse Power
Harris,26,26,8247,06-23-2024 23:07:44,Diverse Power
Harris,26,26,8247,06-23-2024 23:22:43,Diverse Power
Harris,26,26,8247,06-23-2024 23:37:44,Diverse Power
Harris,18,18,8247,06-23-2024 23:52:42,Diverse Power
Harris,18,18,8247,06-24-2024 00:07:42,Diverse Power
Harris,18,18,8247,06-24-2024 00:22:41,Diverse Power
Harris,18,18,8247,06-24-2024 00:37:41,Diverse Power
Harris,18,18,8247,06-24-2024 00:52:42,Diverse Power
Harris,18,0,8247,06-24-2024 01:07:41,Diverse Power
Harris,18,0,8247,06-24-2024 01:22:41,Diverse Power
Troup,1,1,17629,06-24-2024 13:37:47,Diverse Power
Troup,6,6,17629,06-24-2024 13:52:47,Diverse Power
Meriwether,3,3,2410,06-24-2024 13:52:47,Diverse Power
Troup,7,7,17629,06-24-2024 14:07:46,Diverse Power
Meriwether,3,3,2410,06-24-2024 14:07:46,Diverse Power
Troup,7,7,17628,06-24-2024 14:22:42,Diverse Power
Meriwether,3,3,2410,06-24-2024 14:22:42,Diverse Power
Troup,6,6,17627,06-24-2024 14:37:42,Diverse Power
Meriwether,3,3,2410,06-24-2024 14:37:42,Diverse Power
Heard,2,2,469,06-24-2024 16:52:45,Diverse Power
Troup,88,88,17627,06-24-2024 16:52:45,Diverse Power
Heard,2,2,469,06-24-2024 17:07:49,Diverse Power
Troup,88,88,17628,06-24-2024 17:07:49,Diverse Power
Heard,2,2,469,06-24-2024 17:22:44,Diverse Power
Troup,88,88,17628,06-24-2024 17:22:44,Diverse Power
Heard,2,2,469,06-24-2024 17:37:45,Diverse Power
Troup,88,88,17628,06-24-2024 17:37:45,Diverse Power
Heard,2,2,469,06-24-2024 17:52:47,Diverse Power
Troup,165,165,17628,06-24-2024 17:52:47,Diverse Power
Troup,115,115,17628,06-24-2024 18:07:47,Diverse Power
Troup,115,115,17630,06-24-2024 18:22:46,Diverse Power
Troup,2,2,17630,06-24-2024 18:37:48,Diverse Power
Meriwether,1,1,2410,06-24-2024 19:07:46,Diverse Power
Meriwether,1,1,2410,06-24-2024 19:22:45,Diverse Power
Meriwether,1,1,2410,06-24-2024 19:37:46,Diverse Power
Meriwether,1,1,2410,06-24-2024 19:52:47,Diverse Power
Harris,52,52,8245,06-24-2024 19:52:47,Diverse Power
Meriwether,1,1,2410,06-24-2024 20:07:46,Diverse Power
Harris,52,52,8245,06-24-2024 20:07:46,Diverse Power
Meriwether,1,1,2410,06-24-2024 20:22:43,Diverse Power
Harris,52,52,8246,06-24-2024 20:22:43,Diverse Power
Meriwether,1,1,2410,06-24-2024 20:37:44,Diverse Power
Harris,52,52,8246,06-24-2024 20:37:44,Diverse Power
Harris,52,52,8246,06-24-2024 20:52:43,Diverse Power
Calhoun,3,3,1384,06-24-2024 21:07:44,Diverse Power
Harris,52,52,8246,06-24-2024 21:07:44,Diverse Power
Calhoun,3,3,1384,06-24-2024 21:22:42,Diverse Power
Harris,52,52,8247,06-24-2024 21:22:42,Diverse Power
Calhoun,3,3,1384,06-24-2024 21:37:41,Diverse Power
Harris,52,52,8247,06-24-2024 21:37:41,Diverse Power
Calhoun,3,3,1384,06-24-2024 21:52:44,Diverse Power
Harris,52,52,8247,06-24-2024 21:52:44,Diverse Power
Calhoun,3,3,1384,06-24-2024 22:07:44,Diverse Power
Harris,52,52,8247,06-24-2024 22:07:44,Diverse Power
Calhoun,3,3,1384,06-24-2024 22:22:43,Diverse Power
Harris,52,52,8247,06-24-2024 22:22:43,Diverse Power
Calhoun,3,3,1384,06-24-2024 22:37:42,Diverse Power
Harris,52,52,8247,06-24-2024 22:37:42,Diverse Power
Calhoun,3,3,1384,06-24-2024 22:52:42,Diverse Power
Harris,52,52,8247,06-24-2024 22:52:42,Diverse Power
Calhoun,3,3,1384,06-24-2024 23:07:42,Diverse Power
Harris,52,0,8247,06-24-2024 23:07:42,Diverse Power
Clay,3,3,976,06-25-2024 11:37:41,Diverse Power
Troup,2,2,17631,06-25-2024 12:07:42,Diverse Power
Troup,2,2,17631,06-25-2024 12:22:43,Diverse Power
Troup,2,2,17631,06-25-2024 12:37:42,Diverse Power
Troup,2,2,17631,06-25-2024 12:52:42,Diverse Power
Randolph,1,1,1748,06-25-2024 13:07:42,Diverse Power
Troup,2,2,17631,06-25-2024 13:07:42,Diverse Power
Randolph,1,1,1748,06-25-2024 13:22:43,Diverse Power
Randolph,1,1,1748,06-25-2024 13:37:42,Diverse Power
Randolph,1,1,1748,06-25-2024 13:52:42,Diverse Power
Randolph,1,1,1748,06-25-2024 14:07:43,Diverse Power
Randolph,1,1,1748,06-25-2024 14:22:46,Diverse Power
Troup,2,2,17630,06-25-2024 17:52:43,Diverse Power
Troup,2,2,17630,06-25-2024 18:07:43,Diverse Power
Troup,2,2,17630,06-25-2024 18:22:44,Diverse Power
Troup,2,0,17630,06-25-2024 18:37:43,Diverse Power
Troup,1,1,17630,06-25-2024 19:52:46,Diverse Power
Troup,26,26,17630,06-25-2024 20:07:43,Diverse Power
Troup,26,26,17630,06-25-2024 20:22:42,Diverse Power
Troup,26,26,17630,06-25-2024 20:37:43,Diverse Power
Troup,26,26,17630,06-25-2024 20:52:45,Diverse Power
Harris,1,1,8247,06-26-2024 13:07:43,Diverse Power
Harris,12,12,8247,06-26-2024 13:22:44,Diverse Power
Harris,12,12,8247,06-26-2024 13:37:43,Diverse Power
Harris,12,12,8245,06-26-2024 13:52:45,Diverse Power
Clay,3,3,976,06-26-2024 14:07:45,Diverse Power
Harris,56,56,8240,06-26-2024 17:07:47,Diverse Power
Meriwether,1,1,2411,06-26-2024 23:52:49,Diverse Power
Meriwether,1,1,2411,06-27-2024 00:22:43,Diverse Power
Clay,2,2,976,06-27-2024 01:07:48,Diverse Power
Meriwether,19,19,2411,06-27-2024 01:22:48,Diverse Power
Meriwether,18,18,2411,06-27-2024 01:37:42,Diverse Power
Meriwether,18,18,2411,06-27-2024 01:52:41,Diverse Power
Meriwether,18,18,2411,06-27-2024 02:07:46,Diverse Power
Meriwether,18,18,2411,06-27-2024 02:22:45,Diverse Power
Meriwether,18,18,2411,06-27-2024 02:37:43,Diverse Power
Troup,2,2,17631,06-27-2024 02:52:43,Diverse Power
Meriwether,18,18,2411,06-27-2024 02:52:43,Diverse Power
Troup,2,2,17631,06-27-2024 03:07:43,Diverse Power
Meriwether,18,18,2411,06-27-2024 03:07:43,Diverse Power
Troup,2,2,17631,06-27-2024 03:22:43,Diverse Power
Troup,2,2,17631,06-27-2024 03:37:42,Diverse Power
Calhoun,1,1,1384,06-27-2024 13:37:45,Diverse Power
Calhoun,1,1,1384,06-27-2024 13:52:45,Diverse Power
Calhoun,1,1,1384,06-27-2024 14:07:48,Diverse Power
Calhoun,1,1,1384,06-27-2024 14:22:46,Diverse Power
Calhoun,1,1,1384,06-27-2024 14:37:45,Diverse Power
Randolph,11,11,1748,06-27-2024 15:22:46,Diverse Power
Randolph,11,11,1748,06-27-2024 15:37:47,Diverse Power
Troup,1006,1006,17634,06-27-2024 16:22:46,Diverse Power
Troup,1019,1019,17634,06-27-2024 16:37:46,Diverse Power
Troup,1145,141,17634,06-27-2024 16:52:44,Diverse Power
Troup,1145,141,17634,06-27-2024 17:07:46,Diverse Power
Troup,1145,143,17634,06-27-2024 17:22:45,Diverse Power
Troup,1145,143,17634,06-27-2024 17:37:45,Diverse Power
Troup,13,13,17634,06-27-2024 21:07:45,Diverse Power
Troup,13,13,17634,06-27-2024 21:22:47,Diverse Power
Troup,13,13,17634,06-27-2024 21:37:45,Diverse Power
Troup,13,13,17635,06-27-2024 21:52:48,Diverse Power
Troup,13,13,17635,06-27-2024 22:07:50,Diverse Power
Troup,13,13,17635,06-27-2024 22:22:45,Diverse Power
Troup,13,13,17635,06-27-2024 22:37:45,Diverse Power
Troup,13,13,17635,06-27-2024 22:52:45,Diverse Power
Clay,2,2,976,06-27-2024 23:52:46,Diverse Power
Troup,50,50,17635,06-28-2024 00:07:45,Diverse Power
Clay,2,2,976,06-28-2024 00:07:45,Diverse Power
Quitman,13,13,1297,06-28-2024 00:22:45,Diverse Power
Troup,94,94,17635,06-28-2024 00:22:45,Diverse Power
Quitman,13,13,1297,06-28-2024 00:37:44,Diverse Power
Troup,94,94,17635,06-28-2024 00:37:44,Diverse Power
Quitman,13,13,1297,06-28-2024 00:52:44,Diverse Power
Quitman,13,13,1297,06-28-2024 01:07:43,Diverse Power
Quitman,13,13,1297,06-28-2024 01:22:43,Diverse Power
Quitman,13,13,1297,06-28-2024 01:37:45,Diverse Power
Quitman,1,1,1297,06-28-2024 02:22:43,Diverse Power
Quitman,1,1,1297,06-28-2024 02:37:43,Diverse Power
Quitman,1,1,1297,06-28-2024 02:52:43,Diverse Power
Troup,2,2,17635,06-28-2024 10:52:42,Diverse Power
Troup,2,2,17635,06-28-2024 11:07:45,Diverse Power
Troup,2,2,17635,06-28-2024 11:22:45,Diverse Power
Troup,2,2,17635,06-28-2024 11:37:45,Diverse Power
Troup,2,2,17635,06-28-2024 11:52:43,Diverse Power
Troup,2,0,17635,06-28-2024 12:07:45,Diverse Power
Troup,1,1,17630,06-28-2024 15:52:47,Diverse Power
Troup,1,1,17630,06-28-2024 16:07:46,Diverse Power
Troup,1,1,17630,06-28-2024 16:22:45,Diverse Power
Troup,1,1,17630,06-28-2024 16:37:44,Diverse Power
Troup,1,1,17631,06-28-2024 16:52:44,Diverse Power
Troup,1,1,17631,06-28-2024 17:07:44,Diverse Power
Troup,1,1,17631,06-28-2024 17:22:46,Diverse Power
Troup,1,1,17631,06-28-2024 17:37:44,Diverse Power
Troup,1,1,17631,06-28-2024 17:52:45,Diverse Power
Troup,1,1,17631,06-28-2024 18:07:42,Diverse Power
Troup,1,1,17631,06-28-2024 18:22:43,Diverse Power
Harris,2,2,8238,06-29-2024 04:52:43,Diverse Power
Harris,2,2,8238,06-29-2024 05:07:42,Diverse Power
Harris,2,2,8238,06-29-2024 05:22:41,Diverse Power
Harris,2,2,8238,06-29-2024 05:37:42,Diverse Power
Harris,2,2,8238,06-29-2024 05:52:42,Diverse Power
Harris,2,2,8238,06-29-2024 06:07:42,Diverse Power
Troup,65,65,17633,06-29-2024 09:22:41,Diverse Power
Troup,65,65,17633,06-29-2024 09:37:41,Diverse Power
Troup,65,65,17633,06-29-2024 09:52:41,Diverse Power
Troup,6,6,17633,06-29-2024 10:07:42,Diverse Power
Troup,6,6,17633,06-29-2024 10:22:41,Diverse Power
Troup,6,6,17633,06-29-2024 10:37:42,Diverse Power
Troup,6,6,17633,06-29-2024 10:52:41,Diverse Power
Meriwether,4,4,2413,06-29-2024 11:52:42,Diverse Power
Meriwether,4,4,2413,06-29-2024 12:07:43,Diverse Power
Meriwether,4,4,2413,06-29-2024 12:22:42,Diverse Power
Meriwether,4,4,2413,06-29-2024 12:37:42,Diverse Power
Meriwether,4,4,2413,06-29-2024 12:52:42,Diverse Power
Meriwether,4,4,2413,06-29-2024 13:07:45,Diverse Power
Calhoun,2,2,1384,06-29-2024 13:22:41,Diverse Power
Meriwether,4,4,2413,06-29-2024 13:22:41,Diverse Power
Calhoun,2,2,1384,06-29-2024 13:37:41,Diverse Power
Meriwether,4,4,2413,06-29-2024 13:37:41,Diverse Power
Troup,1,1,17633,06-29-2024 14:37:40,Diverse Power
Troup,1,1,17633,06-29-2024 14:52:41,Diverse Power
Troup,1,1,17633,06-29-2024 15:07:41,Diverse Power
Troup,16,16,17633,06-29-2024 15:22:42,Diverse Power
Troup,16,16,17633,06-29-2024 15:37:42,Diverse Power
Harris,14,14,8238,06-29-2024 19:52:45,Diverse Power
Harris,14,14,8238,06-29-2024 20:07:44,Diverse Power
Harris,14,14,8238,06-29-2024 20:22:44,Diverse Power
Troup,2,2,17633,06-29-2024 23:22:43,Diverse Power
Troup,2,2,17633,06-29-2024 23:37:43,Diverse Power
Troup,2,2,17633,06-29-2024 23:52:45,Diverse Power
Troup,21,21,17633,06-30-2024 01:37:43,Diverse Power
Troup,21,21,17633,06-30-2024 01:52:42,Diverse Power
Troup,21,21,17633,06-30-2024 02:07:42,Diverse Power
Troup,21,21,17633,06-30-2024 02:22:42,Diverse Power
Troup,21,21,17633,06-30-2024 02:37:42,Diverse Power
Clay,3,3,976,06-30-2024 10:37:39,Diverse Power
Clay,3,3,976,06-30-2024 10:52:40,Diverse Power
Clay,3,3,976,06-30-2024 11:07:42,Diverse Power
Clay,3,3,976,06-30-2024 11:22:41,Diverse Power
Harris,2,2,8238,06-30-2024 12:37:41,Diverse Power
Harris,2,2,8238,06-30-2024 12:52:42,Diverse Power
Harris,2,2,8238,06-30-2024 13:07:42,Diverse Power
Harris,2,2,8238,06-30-2024 13:22:42,Diverse Power
Clay,3,3,976,06-30-2024 13:52:45,Diverse Power
Clay,3,3,976,06-30-2024 14:07:43,Diverse Power
Clay,3,3,976,06-30-2024 14:22:42,Diverse Power
Clay,3,3,976,06-30-2024 14:37:43,Diverse Power
Troup,1,1,17633,06-30-2024 16:07:43,Diverse Power
Troup,1,1,17633,06-30-2024 16:22:42,Diverse Power
Troup,1,1,17633,06-30-2024 16:37:43,Diverse Power
Troup,15,15,17633,06-30-2024 20:22:48,Diverse Power
Troup,15,15,17633,06-30-2024 20:37:46,Diverse Power
Troup,15,15,17633,06-30-2024 20:52:45,Diverse Power
Troup,17,17,17633,06-30-2024 21:07:46,Diverse Power
Troup,17,17,17633,06-30-2024 21:22:49,Diverse Power
Troup,17,17,17633,06-30-2024 21:37:47,Diverse Power
Troup,17,17,17633,06-30-2024 21:52:42,Diverse Power
Troup,2,2,17633,06-30-2024 22:07:45,Diverse Power
Troup,2,2,17633,06-30-2024 22:22:45,Diverse Power
Troup,2,2,17633,06-30-2024 22:37:43,Diverse Power
Troup,2,2,17633,06-30-2024 22:52:42,Diverse Power
Troup,2,2,17633,06-30-2024 23:07:46,Diverse Power
Troup,31,31,17633,07-01-2024 08:22:40,Diverse Power
Troup,31,31,17633,07-01-2024 08:37:40,Diverse Power
Troup,31,31,17633,07-01-2024 08:52:41,Diverse Power
Troup,31,31,17633,07-01-2024 09:07:40,Diverse Power
Troup,31,31,17633,07-01-2024 09:22:41,Diverse Power
Troup,31,31,17633,07-01-2024 09:37:40,Diverse Power
Harris,1,1,8238,07-01-2024 12:37:41,Diverse Power
Clay,7,7,976,07-01-2024 15:07:48,Diverse Power
Clay,7,7,976,07-01-2024 15:22:48,Diverse Power
Clay,7,0,976,07-01-2024 15:37:44,Diverse Power
Quitman,260,260,1299,07-01-2024 17:22:43,Diverse Power
Clay,96,96,976,07-01-2024 17:22:43,Diverse Power
Quitman,260,1,1299,07-01-2024 17:37:43,Diverse Power
Clay,96,0,976,07-01-2024 17:37:43,Diverse Power
Quitman,260,1,1299,07-01-2024 17:52:42,Diverse Power
Clay,96,0,977,07-01-2024 17:52:42,Diverse Power
Quitman,260,1,1299,07-01-2024 18:07:47,Diverse Power
Clay,96,0,977,07-01-2024 18:07:47,Diverse Power
Quitman,260,1,1299,07-01-2024 18:22:46,Diverse Power
Clay,96,0,977,07-01-2024 18:22:46,Diverse Power
Quitman,260,1,1299,07-01-2024 18:37:44,Diverse Power
Clay,96,0,977,07-01-2024 18:37:44,Diverse Power
Quitman,260,1,1299,07-01-2024 18:52:42,Diverse Power
Clay,96,0,977,07-01-2024 18:52:42,Diverse Power
Quitman,1,1,1299,07-01-2024 19:07:44,Diverse Power
Quitman,1,1,1299,07-01-2024 19:22:44,Diverse Power
Quitman,1,1,1299,07-01-2024 19:37:45,Diverse Power
Troup,1,1,17634,07-01-2024 19:37:45,Diverse Power
Quitman,1,1,1299,07-01-2024 19:52:43,Diverse Power
Quitman,1,1,1299,07-01-2024 20:07:44,Diverse Power
Quitman,1,1,1299,07-01-2024 20:22:44,Diverse Power
Quitman,1,1,1299,07-01-2024 20:37:46,Diverse Power
Quitman,1,1,1299,07-01-2024 20:52:44,Diverse Power
Quitman,1,1,1299,07-01-2024 21:07:42,Diverse Power
Quitman,1,1,1299,07-01-2024 21:22:43,Diverse Power
Quitman,1,1,1299,07-01-2024 21:37:41,Diverse Power
Quitman,1,1,1299,07-01-2024 21:52:40,Diverse Power
Quitman,1,1,1299,07-01-2024 22:07:40,Diverse Power
Quitman,1,1,1299,07-01-2024 22:22:40,Diverse Power
Quitman,1,1,1299,07-01-2024 22:37:43,Diverse Power
Quitman,1,1,1299,07-01-2024 22:52:41,Diverse Power
Quitman,1,1,1299,07-01-2024 23:07:40,Diverse Power
Quitman,1,1,1299,07-01-2024 23:22:40,Diverse Power
Quitman,1,1,1299,07-01-2024 23:37:40,Diverse Power
Quitman,1,1,1299,07-01-2024 23:52:41,Diverse Power
Quitman,1,1,1299,07-02-2024 00:07:39,Diverse Power
Quitman,1,1,1299,07-02-2024 00:22:40,Diverse Power
Quitman,1,1,1299,07-02-2024 00:37:40,Diverse Power
Quitman,1,1,1299,07-02-2024 00:52:39,Diverse Power
Quitman,1,1,1299,07-02-2024 01:07:41,Diverse Power
Quitman,1,1,1299,07-02-2024 01:22:42,Diverse Power
Quitman,1,1,1299,07-02-2024 01:37:42,Diverse Power
Quitman,1,1,1299,07-02-2024 01:52:43,Diverse Power
Harris,31,31,8239,07-02-2024 11:22:42,Diverse Power
Harris,31,31,8239,07-02-2024 11:37:42,Diverse Power
Harris,31,31,8239,07-02-2024 11:52:42,Diverse Power
Harris,31,31,8239,07-02-2024 12:07:43,Diverse Power
Harris,31,31,8239,07-02-2024 12:22:41,Diverse Power
Harris,31,31,8239,07-02-2024 12:37:40,Diverse Power
Harris,31,31,8239,07-02-2024 12:52:40,Diverse Power
Harris,31,31,8239,07-02-2024 13:07:40,Diverse Power
Harris,31,31,8239,07-02-2024 13:22:39,Diverse Power
Harris,31,31,8239,07-02-2024 13:37:43,Diverse Power
Quitman,1,1,1299,07-02-2024 13:52:43,Diverse Power
Harris,31,31,8239,07-02-2024 13:52:43,Diverse Power
Harris,31,0,8239,07-02-2024 14:07:43,Diverse Power
Harris,31,0,8239,07-02-2024 14:22:43,Diverse Power
Heard,1,1,468,07-02-2024 14:52:42,Diverse Power
Harris,49,49,8239,07-02-2024 14:52:42,Diverse Power
Heard,1,1,468,07-02-2024 15:07:45,Diverse Power
Harris,44,44,8239,07-02-2024 15:07:45,Diverse Power
Heard,1,1,468,07-02-2024 15:22:45,Diverse Power
Harris,44,44,8239,07-02-2024 15:22:45,Diverse Power
Heard,1,1,468,07-02-2024 15:37:44,Diverse Power
Harris,44,44,8239,07-02-2024 15:37:44,Diverse Power
Harris,44,0,8239,07-02-2024 15:52:44,Diverse Power
Troup,1,1,17631,07-02-2024 18:52:45,Diverse Power
Troup,1,1,17631,07-02-2024 19:07:47,Diverse Power
Troup,1,1,17631,07-02-2024 19:22:45,Diverse Power
Troup,1,0,17631,07-02-2024 19:37:44,Diverse Power
Troup,1,0,17631,07-02-2024 19:52:44,Diverse Power
Troup,1,0,17631,07-02-2024 20:07:44,Diverse Power
Harris,1,1,8239,07-02-2024 20:52:46,Diverse Power
Harris,1,1,8239,07-02-2024 21:07:44,Diverse Power
Troup,4,4,17607,07-03-2024 14:52:43,Diverse Power
Troup,4,4,17606,07-03-2024 15:07:42,Diverse Power
Troup,1,1,17621,07-03-2024 22:52:41,Diverse Power
Troup,1,1,17621,07-03-2024 23:07:41,Diverse Power
Troup,1,1,17624,07-05-2024 08:22:42,Diverse Power
Troup,1,1,17624,07-05-2024 08:37:42,Diverse Power
Troup,1,1,17624,07-05-2024 08:52:42,Diverse Power
Troup,1,1,17624,07-05-2024 09:07:44,Diverse Power
Troup,3,3,17624,07-05-2024 09:22:43,Diverse Power
Troup,3,3,17624,07-05-2024 09:37:44,Diverse Power
Troup,3,3,17624,07-05-2024 09:52:42,Diverse Power
Troup,3,3,17624,07-05-2024 10:07:42,Diverse Power
Troup,3,3,17624,07-05-2024 10:22:41,Diverse Power
Troup,3,3,17624,07-05-2024 10:37:42,Diverse Power
Troup,5,5,17624,07-05-2024 14:22:45,Diverse Power
Harris,10,10,8232,07-05-2024 19:22:45,Diverse Power
Harris,10,10,8232,07-05-2024 19:37:47,Diverse Power
Harris,10,10,8232,07-05-2024 19:52:46,Diverse Power
Harris,10,10,8232,07-05-2024 20:07:46,Diverse Power
Harris,10,10,8232,07-05-2024 20:22:46,Diverse Power
Harris,10,10,8232,07-05-2024 20:37:46,Diverse Power
Troup,1,1,17624,07-05-2024 21:22:44,Diverse Power
Troup,1,1,17624,07-05-2024 21:37:46,Diverse Power
Troup,1,1,17624,07-05-2024 21:52:46,Diverse Power
Troup,1,1,17624,07-05-2024 22:07:46,Diverse Power
Troup,1,1,17624,07-05-2024 22:22:48,Diverse Power
Troup,1,1,17624,07-05-2024 22:37:48,Diverse Power
Troup,1,1,17624,07-05-2024 22:52:49,Diverse Power
Troup,1,1,17624,07-05-2024 23:07:46,Diverse Power
Troup,1,1,17624,07-05-2024 23:22:47,Diverse Power
Troup,1,1,17624,07-05-2024 23:37:46,Diverse Power
Troup,1,0,17624,07-05-2024 23:52:46,Diverse Power
Harris,41,41,8232,07-05-2024 23:52:46,Diverse Power
Harris,42,42,8232,07-06-2024 00:07:47,Diverse Power
Harris,42,42,8232,07-06-2024 00:22:46,Diverse Power
Harris,43,43,8232,07-06-2024 00:37:45,Diverse Power
Muscogee,14,14,2676,07-06-2024 00:52:45,Diverse Power
Harris,49,49,8232,07-06-2024 00:52:45,Diverse Power
Muscogee,14,14,2676,07-06-2024 01:08:21,Diverse Power
Harris,47,47,8232,07-06-2024 01:08:21,Diverse Power
Muscogee,1,1,2676,07-06-2024 01:22:45,Diverse Power
Harris,42,42,8232,07-06-2024 01:22:45,Diverse Power
Muscogee,1,1,2677,07-06-2024 01:37:45,Diverse Power
Harris,42,42,8232,07-06-2024 01:37:45,Diverse Power
Muscogee,3,3,2677,07-06-2024 01:52:47,Diverse Power
Meriwether,11,11,2406,07-06-2024 01:52:47,Diverse Power
Harris,105,64,8232,07-06-2024 01:52:47,Diverse Power
Muscogee,1,1,2677,07-06-2024 02:07:47,Diverse Power
Meriwether,11,11,2406,07-06-2024 02:07:47,Diverse Power
Harris,63,63,8232,07-06-2024 02:07:47,Diverse Power
Muscogee,1,1,2677,07-06-2024 02:22:44,Diverse Power
Meriwether,11,11,2406,07-06-2024 02:22:44,Diverse Power
Harris,63,63,8232,07-06-2024 02:22:44,Diverse Power
Meriwether,11,11,2406,07-06-2024 02:37:41,Diverse Power
Harris,64,63,8232,07-06-2024 02:37:41,Diverse Power
Meriwether,11,11,2406,07-06-2024 02:52:41,Diverse Power
Harris,63,63,8232,07-06-2024 02:52:41,Diverse Power
Meriwether,11,11,2406,07-06-2024 03:07:42,Diverse Power
Harris,63,63,8232,07-06-2024 03:07:42,Diverse Power
Harris,62,62,8232,07-06-2024 03:22:41,Diverse Power
Harris,62,62,8233,07-06-2024 03:37:43,Diverse Power
Harris,1,1,8233,07-06-2024 03:52:42,Diverse Power
Harris,1,1,8233,07-06-2024 04:07:42,Diverse Power
Harris,1,1,8233,07-06-2024 05:07:41,Diverse Power
Harris,1,1,8233,07-06-2024 05:22:43,Diverse Power
Harris,1,1,8233,07-06-2024 05:37:42,Diverse Power
Harris,1,1,8233,07-06-2024 05:52:41,Diverse Power
Harris,1,1,8233,07-06-2024 06:07:42,Diverse Power
Harris,1,1,8233,07-06-2024 06:22:42,Diverse Power
Harris,1,1,8233,07-06-2024 06:37:41,Diverse Power
Harris,1,1,8233,07-06-2024 06:52:42,Diverse Power
Harris,1,1,8233,07-06-2024 07:07:41,Diverse Power
Harris,1,1,8233,07-06-2024 07:22:44,Diverse Power
Harris,1,1,8233,07-06-2024 07:37:43,Diverse Power
Troup,2,2,17624,07-06-2024 11:22:42,Diverse Power
Troup,2,2,17624,07-06-2024 11:37:42,Diverse Power
Troup,2,2,17624,07-06-2024 11:52:43,Diverse Power
Muscogee,1,1,2678,07-06-2024 12:07:43,Diverse Power
Meriwether,2,2,2406,07-06-2024 12:07:43,Diverse Power
Muscogee,1,1,2678,07-06-2024 12:22:42,Diverse Power
Meriwether,2,2,2406,07-06-2024 12:22:42,Diverse Power
Muscogee,1,1,2678,07-06-2024 12:37:43,Diverse Power
Meriwether,2,2,2406,07-06-2024 12:37:43,Diverse Power
Muscogee,1,1,2678,07-06-2024 12:52:43,Diverse Power
Muscogee,1,1,2678,07-06-2024 13:07:44,Diverse Power
Harris,4,4,8234,07-06-2024 14:22:42,Diverse Power
Harris,1,1,8234,07-06-2024 15:52:43,Diverse Power
Harris,1,1,8234,07-06-2024 16:07:42,Diverse Power
Harris,1,1,8234,07-06-2024 16:22:43,Diverse Power
Harris,1,1,8234,07-06-2024 16:37:42,Diverse Power
Harris,1,1,8234,07-06-2024 16:52:41,Diverse Power
Harris,1,1,8234,07-06-2024 17:07:41,Diverse Power
Harris,1,1,8234,07-06-2024 18:22:42,Diverse Power
Harris,1,1,8234,07-06-2024 18:37:42,Diverse Power
Harris,1,1,8234,07-06-2024 18:52:42,Diverse Power
Harris,1,1,8234,07-06-2024 19:07:44,Diverse Power
Troup,101,101,17624,07-06-2024 19:37:45,Diverse Power
Quitman,1,1,1299,07-06-2024 19:52:47,Diverse Power
Quitman,1,1,1299,07-06-2024 20:07:51,Diverse Power
Quitman,1,1,1299,07-06-2024 20:22:45,Diverse Power
Quitman,1,1,1299,07-06-2024 20:37:44,Diverse Power
Quitman,1,1,1299,07-06-2024 20:52:44,Diverse Power
Quitman,1,1,1299,07-06-2024 21:07:43,Diverse Power
Quitman,1,1,1299,07-06-2024 21:22:44,Diverse Power
Quitman,1,1,1299,07-06-2024 21:37:42,Diverse Power
Quitman,1,1,1299,07-06-2024 21:52:44,Diverse Power
Calhoun,1,1,1379,07-07-2024 20:52:43,Diverse Power
Calhoun,1,1,1379,07-07-2024 21:07:42,Diverse Power
Calhoun,2,2,1379,07-07-2024 23:22:42,Diverse Power
Harris,5,5,8234,07-07-2024 23:22:42,Diverse Power
Calhoun,2,2,1379,07-07-2024 23:37:43,Diverse Power
Calhoun,2,2,1379,07-07-2024 23:52:42,Diverse Power
Calhoun,2,2,1379,07-08-2024 00:07:43,Diverse Power
Harris,5,5,8234,07-08-2024 00:52:45,Diverse Power
Harris,6,6,8234,07-08-2024 01:07:42,Diverse Power
Harris,3,3,8234,07-08-2024 01:22:41,Diverse Power
Harris,2,2,8234,07-08-2024 01:37:41,Diverse Power
Harris,1,1,8234,07-08-2024 01:52:43,Diverse Power
Harris,1,1,8234,07-08-2024 02:07:42,Diverse Power
Troup,16,16,17625,07-08-2024 06:07:42,Diverse Power
Troup,16,16,17625,07-08-2024 06:22:42,Diverse Power
Troup,16,16,17625,07-08-2024 06:37:44,Diverse Power
Troup,16,16,17625,07-08-2024 06:52:42,Diverse Power
Troup,16,16,17625,07-08-2024 07:07:43,Diverse Power
Troup,16,16,17625,07-08-2024 07:22:43,Diverse Power
Troup,16,16,17625,07-08-2024 07:37:43,Diverse Power
Troup,1,1,17625,07-08-2024 08:22:43,Diverse Power
Troup,1,1,17625,07-08-2024 08:37:42,Diverse Power
Troup,1,1,17625,07-08-2024 08:52:41,Diverse Power
Meriwether,2,2,2406,07-08-2024 09:22:44,Diverse Power
Harris,11,11,8234,07-08-2024 09:52:43,Diverse Power
Harris,11,11,8234,07-08-2024 10:07:42,Diverse Power
Harris,11,11,8234,07-08-2024 10:22:41,Diverse Power
Troup,1,0,17625,07-08-2024 10:37:42,Diverse Power
Harris,11,11,8234,07-08-2024 10:37:42,Diverse Power
Muscogee,2,2,2680,07-08-2024 10:52:43,Diverse Power
Harris,11,11,8234,07-08-2024 10:52:43,Diverse Power
Muscogee,2,2,2680,07-08-2024 11:07:44,Diverse Power
Harris,12,12,8234,07-08-2024 11:07:44,Diverse Power
Harris,12,12,8234,07-08-2024 11:22:43,Diverse Power
Harris,12,12,8234,07-08-2024 11:37:43,Diverse Power
Harris,1,1,8234,07-08-2024 11:52:43,Diverse Power
Harris,1,1,8234,07-08-2024 12:07:45,Diverse Power
Troup,3,3,17623,07-08-2024 12:52:42,Diverse Power
Meriwether,2,2,2406,07-08-2024 12:52:42,Diverse Power
Troup,802,802,17623,07-08-2024 13:07:43,Diverse Power
Meriwether,2,2,2406,07-08-2024 13:07:43,Diverse Power
Troup,802,3,17623,07-08-2024 13:22:45,Diverse Power
Troup,802,3,17622,07-08-2024 13:37:43,Diverse Power
Troup,799,0,17623,07-08-2024 13:52:46,Diverse Power
Troup,1,1,17623,07-08-2024 14:37:44,Diverse Power
Meriwether,1,1,2406,07-08-2024 19:37:43,Diverse Power
Meriwether,1,1,2406,07-08-2024 19:52:44,Diverse Power
Meriwether,1,1,2406,07-08-2024 20:07:42,Diverse Power
Meriwether,1,1,2406,07-08-2024 20:22:43,Diverse Power
Harris,2,2,8234,07-08-2024 22:22:45,Diverse Power
Harris,2,2,8234,07-08-2024 22:37:43,Diverse Power
Harris,2,2,8234,07-08-2024 22:52:43,Diverse Power
Troup,39,39,17623,07-08-2024 23:07:46,Diverse Power
Harris,2,2,8234,07-08-2024 23:07:46,Diverse Power
Troup,210,210,17623,07-08-2024 23:22:47,Diverse Power
Harris,2,2,8234,07-08-2024 23:22:47,Diverse Power
Troup,210,210,17623,07-08-2024 23:37:48,Diverse Power
Harris,2,2,8234,07-08-2024 23:37:48,Diverse Power
Troup,211,211,17623,07-08-2024 23:52:45,Diverse Power
Troup,35,35,17623,07-09-2024 00:07:48,Diverse Power
Troup,35,35,17623,07-09-2024 00:22:46,Diverse Power
Troup,35,35,17623,07-09-2024 00:37:46,Diverse Power
Troup,34,34,17623,07-09-2024 00:52:48,Diverse Power
Harris,1,1,8234,07-09-2024 11:52:43,Diverse Power
Harris,1,1,8234,07-09-2024 12:07:46,Diverse Power
Troup,5,5,17623,07-09-2024 12:22:45,Diverse Power
Muscogee,3,3,2685,07-09-2024 12:22:45,Diverse Power
Harris,1,1,8234,07-09-2024 12:22:45,Diverse Power
Troup,5,5,17623,07-09-2024 12:37:45,Diverse Power
Muscogee,3,3,2685,07-09-2024 12:37:45,Diverse Power
Harris,1,1,8234,07-09-2024 12:37:45,Diverse Power
Muscogee,3,3,2685,07-09-2024 12:52:46,Diverse Power
Harris,3,3,8234,07-09-2024 12:52:46,Diverse Power
Muscogee,3,3,2685,07-09-2024 13:07:48,Diverse Power
Harris,3,3,8234,07-09-2024 13:07:48,Diverse Power
Harris,3,3,8234,07-09-2024 13:22:51,Diverse Power
Harris,3,3,8234,07-09-2024 13:37:47,Diverse Power
Troup,36,36,17625,07-09-2024 17:37:45,Diverse Power
Harris,6,6,8234,07-09-2024 17:37:45,Diverse Power
Troup,36,36,17624,07-09-2024 17:52:45,Diverse Power
Harris,6,6,8234,07-09-2024 17:52:45,Diverse Power
Troup,36,36,17624,07-09-2024 18:07:44,Diverse Power
Harris,6,6,8234,07-09-2024 18:07:44,Diverse Power
Troup,36,36,17624,07-09-2024 18:22:45,Diverse Power
Troup,36,36,17623,07-09-2024 18:37:44,Diverse Power
Troup,36,0,17623,07-09-2024 18:52:46,Diverse Power
Troup,1,1,17624,07-09-2024 20:52:46,Diverse Power
Troup,16,16,17624,07-09-2024 21:07:48,Diverse Power
Meriwether,31,31,2406,07-09-2024 21:07:48,Diverse Power
Harris,1,1,8234,07-09-2024 21:07:48,Diverse Power
Troup,105,105,17624,07-09-2024 21:22:48,Diverse Power
Meriwether,18,18,2406,07-09-2024 21:22:48,Diverse Power
Harris,3,3,8234,07-09-2024 21:22:48,Diverse Power
Randolph,4,4,1743,07-09-2024 21:37:46,Diverse Power
Troup,105,105,17624,07-09-2024 21:37:46,Diverse Power
Meriwether,18,18,2406,07-09-2024 21:37:46,Diverse Power
Harris,3,3,8234,07-09-2024 21:37:46,Diverse Power
Randolph,4,4,1743,07-09-2024 21:52:46,Diverse Power
Troup,99,99,17624,07-09-2024 21:52:46,Diverse Power
Meriwether,19,19,2406,07-09-2024 21:52:46,Diverse Power
Harris,3,3,8234,07-09-2024 21:52:46,Diverse Power
Randolph,4,4,1743,07-09-2024 22:07:48,Diverse Power
Troup,103,103,17624,07-09-2024 22:07:48,Diverse Power
Meriwether,23,23,2406,07-09-2024 22:07:48,Diverse Power
Harris,3,3,8234,07-09-2024 22:07:48,Diverse Power
Troup,103,103,17624,07-09-2024 22:22:45,Diverse Power
Meriwether,23,23,2406,07-09-2024 22:22:45,Diverse Power
Harris,3,3,8234,07-09-2024 22:22:45,Diverse Power
Troup,107,107,17624,07-09-2024 22:37:46,Diverse Power
Meriwether,23,5,2406,07-09-2024 22:37:46,Diverse Power
Harris,3,3,8234,07-09-2024 22:37:46,Diverse Power
Troup,102,102,17624,07-09-2024 22:52:48,Diverse Power
Meriwether,5,5,2406,07-09-2024 22:52:48,Diverse Power
Harris,3,3,8234,07-09-2024 22:52:48,Diverse Power
Troup,102,102,17624,07-09-2024 23:07:45,Diverse Power
Meriwether,6,6,2406,07-09-2024 23:07:45,Diverse Power
Harris,4,4,8234,07-09-2024 23:07:45,Diverse Power
Troup,101,101,17624,07-09-2024 23:22:44,Diverse Power
Meriwether,1,1,2406,07-09-2024 23:22:44,Diverse Power
Harris,4,4,8234,07-09-2024 23:22:44,Diverse Power
Troup,101,101,17624,07-09-2024 23:37:45,Diverse Power
Harris,4,4,8234,07-09-2024 23:37:45,Diverse Power
Troup,6,6,17624,07-09-2024 23:52:44,Diverse Power
Harris,4,4,8234,07-09-2024 23:52:44,Diverse Power
Troup,6,6,17624,07-10-2024 00:07:45,Diverse Power
Harris,4,4,8234,07-10-2024 00:07:45,Diverse Power
Troup,2,2,17624,07-10-2024 00:22:44,Diverse Power
Harris,4,4,8234,07-10-2024 00:22:44,Diverse Power
Troup,2,2,17624,07-10-2024 00:37:42,Diverse Power
Harris,4,4,8234,07-10-2024 00:37:42,Diverse Power
Troup,1,1,17624,07-10-2024 00:52:45,Diverse Power
Harris,1,1,8234,07-10-2024 00:52:45,Diverse Power
Troup,1,1,17624,07-10-2024 01:07:44,Diverse Power
Harris,1,1,8234,07-10-2024 01:07:44,Diverse Power
Troup,1,1,17624,07-10-2024 01:22:43,Diverse Power
Harris,1,1,8234,07-10-2024 01:22:43,Diverse Power
Meriwether,2,2,2406,07-10-2024 02:52:44,Diverse Power
Meriwether,22,22,2406,07-10-2024 03:07:45,Diverse Power
Meriwether,25,25,2406,07-10-2024 03:22:45,Diverse Power
Meriwether,25,25,2406,07-10-2024 03:37:44,Diverse Power
Meriwether,22,22,2406,07-10-2024 03:52:44,Diverse Power
Meriwether,22,22,2406,07-10-2024 04:07:44,Diverse Power
Harris,66,66,8234,07-10-2024 04:22:42,Diverse Power
Harris,66,66,8234,07-10-2024 04:37:44,Diverse Power
Harris,66,66,8234,07-10-2024 04:52:40,Diverse Power
Harris,66,66,8234,07-10-2024 05:07:40,Diverse Power
Harris,66,66,8234,07-10-2024 05:22:41,Diverse Power
Harris,66,66,8234,07-10-2024 05:37:42,Diverse Power
Harris,66,66,8234,07-10-2024 05:52:41,Diverse Power
Harris,66,66,8234,07-10-2024 06:07:42,Diverse Power
Harris,66,66,8234,07-10-2024 06:22:41,Diverse Power
Harris,66,66,8234,07-10-2024 06:37:42,Diverse Power
Harris,66,66,8234,07-10-2024 06:52:42,Diverse Power
Harris,66,66,8234,07-10-2024 07:07:43,Diverse Power
Harris,66,66,8234,07-10-2024 07:22:41,Diverse Power
Harris,66,66,8234,07-10-2024 07:37:41,Diverse Power
Harris,66,66,8234,07-10-2024 07:52:42,Diverse Power
Harris,66,66,8234,07-10-2024 08:07:41,Diverse Power
Harris,66,66,8234,07-10-2024 08:22:42,Diverse Power
Harris,66,66,8234,07-10-2024 08:37:42,Diverse Power
Harris,66,66,8234,07-10-2024 08:52:42,Diverse Power
Harris,66,66,8234,07-10-2024 09:07:42,Diverse Power
Harris,66,66,8234,07-10-2024 09:22:44,Diverse Power
Harris,66,66,8234,07-10-2024 09:37:42,Diverse Power
Harris,66,66,8234,07-10-2024 09:52:42,Diverse Power
Harris,66,66,8234,07-10-2024 10:07:42,Diverse Power
Harris,66,66,8234,07-10-2024 10:22:42,Diverse Power
Harris,66,66,8234,07-10-2024 10:37:41,Diverse Power
Harris,66,66,8234,07-10-2024 10:52:43,Diverse Power
Harris,66,66,8234,07-10-2024 11:07:44,Diverse Power
Harris,66,0,8234,07-10-2024 11:22:42,Diverse Power
Harris,66,0,8234,07-10-2024 11:37:42,Diverse Power
Troup,1,1,17624,07-10-2024 11:52:42,Diverse Power
Harris,97,31,8234,07-10-2024 11:52:42,Diverse Power
Troup,1,1,17624,07-10-2024 12:07:43,Diverse Power
Harris,31,31,8234,07-10-2024 12:07:43,Diverse Power
Troup,1,1,17624,07-10-2024 12:22:43,Diverse Power
Harris,31,31,8233,07-10-2024 12:22:43,Diverse Power
Troup,1,1,17624,07-10-2024 12:37:42,Diverse Power
Harris,31,31,8233,07-10-2024 12:37:42,Diverse Power
Troup,1,1,17621,07-10-2024 12:52:42,Diverse Power
Harris,31,31,8219,07-10-2024 12:52:42,Diverse Power
Troup,1,1,17618,07-10-2024 13:07:40,Diverse Power
Troup,5,4,17613,07-10-2024 13:22:40,Diverse Power
Troup,4,4,17613,07-10-2024 13:37:43,Diverse Power
Troup,4,4,17614,07-10-2024 13:52:42,Diverse Power
Troup,4,4,17615,07-10-2024 14:07:42,Diverse Power
Troup,4,4,17616,07-10-2024 14:22:41,Diverse Power
Troup,4,4,17616,07-10-2024 14:37:40,Diverse Power
Troup,4,4,17616,07-10-2024 14:52:41,Diverse Power
Harris,1,1,8217,07-10-2024 14:52:41,Diverse Power
Troup,4,4,17616,07-10-2024 15:07:41,Diverse Power
Harris,1,1,8217,07-10-2024 15:07:41,Diverse Power
Troup,4,4,17616,07-10-2024 15:22:42,Diverse Power
Harris,1,1,8217,07-10-2024 15:22:42,Diverse Power
Troup,4,4,17616,07-10-2024 15:37:43,Diverse Power
Harris,1,1,8218,07-10-2024 15:37:43,Diverse Power
Troup,6,0,17616,07-10-2024 15:52:42,Diverse Power
Harris,1,1,8218,07-10-2024 15:52:42,Diverse Power
Troup,6,0,17616,07-10-2024 16:07:45,Diverse Power
Harris,1,1,8218,07-10-2024 16:07:45,Diverse Power
Troup,7,1,17616,07-10-2024 16:22:45,Diverse Power
Troup,7,1,17616,07-10-2024 16:37:42,Diverse Power
Troup,7,1,17617,07-10-2024 16:52:43,Diverse Power
Troup,1,1,17617,07-10-2024 17:07:42,Diverse Power
Troup,1,1,17617,07-10-2024 17:22:44,Diverse Power
Harris,4,4,8220,07-10-2024 17:22:44,Diverse Power
Troup,1,1,17617,07-10-2024 17:37:44,Diverse Power
Harris,4,4,8220,07-10-2024 17:37:44,Diverse Power
Harris,4,4,8221,07-10-2024 17:52:43,Diverse Power
Harris,4,4,8222,07-10-2024 18:07:42,Diverse Power
Harris,4,4,8222,07-10-2024 18:22:41,Diverse Power
Harris,4,4,8222,07-10-2024 18:37:41,Diverse Power
Harris,4,4,8222,07-10-2024 18:52:41,Diverse Power
Harris,4,4,8222,07-10-2024 19:07:43,Diverse Power
Harris,4,4,8223,07-10-2024 19:22:41,Diverse Power
Harris,4,4,8223,07-10-2024 19:37:43,Diverse Power
Harris,4,4,8224,07-10-2024 19:52:45,Diverse Power
Harris,4,4,8225,07-10-2024 20:07:42,Diverse Power
Harris,4,4,8225,07-10-2024 20:22:43,Diverse Power
Harris,4,4,8225,07-10-2024 20:37:44,Diverse Power
Harris,4,4,8226,07-10-2024 20:52:46,Diverse Power
Harris,4,4,8227,07-10-2024 21:07:43,Diverse Power
Harris,2,2,8228,07-11-2024 00:37:43,Diverse Power
Meriwether,1,1,2407,07-11-2024 12:37:43,Diverse Power
Meriwether,1,1,2407,07-11-2024 12:52:41,Diverse Power
Meriwether,1,1,2407,07-11-2024 13:07:42,Diverse Power
Meriwether,1,1,2407,07-11-2024 13:22:40,Diverse Power
Meriwether,1,1,2407,07-11-2024 13:37:42,Diverse Power
Meriwether,1,1,2407,07-11-2024 13:52:42,Diverse Power
Meriwether,1,1,2407,07-11-2024 14:07:42,Diverse Power
Meriwether,1,1,2408,07-11-2024 14:22:42,Diverse Power
Harris,1,1,8231,07-11-2024 18:37:42,Diverse Power
Quitman,2,2,1299,07-11-2024 19:52:41,Diverse Power
Harris,5,5,8232,07-11-2024 19:52:41,Diverse Power
Quitman,2,2,1299,07-11-2024 20:07:41,Diverse Power
Harris,5,5,8232,07-11-2024 20:07:41,Diverse Power
Quitman,2,2,1299,07-11-2024 20:22:41,Diverse Power
Harris,5,5,8232,07-11-2024 20:22:41,Diverse Power
Quitman,2,2,1299,07-11-2024 20:37:41,Diverse Power
Harris,5,5,8232,07-11-2024 20:37:41,Diverse Power
Quitman,2,0,1299,07-11-2024 20:52:43,Diverse Power
Harris,5,5,8232,07-11-2024 20:52:43,Diverse Power
Harris,5,5,8232,07-11-2024 21:07:43,Diverse Power
Harris,5,5,8232,07-11-2024 21:22:42,Diverse Power
Harris,5,5,8232,07-11-2024 21:37:42,Diverse Power
Harris,5,5,8232,07-11-2024 21:52:42,Diverse Power
Harris,5,5,8232,07-11-2024 22:07:43,Diverse Power
Harris,5,5,8232,07-11-2024 22:22:46,Diverse Power
Harris,5,5,8232,07-11-2024 22:37:41,Diverse Power
Harris,5,5,8232,07-11-2024 22:52:42,Diverse Power
Harris,5,5,8232,07-11-2024 23:07:42,Diverse Power
Troup,1,1,17608,07-11-2024 23:22:42,Diverse Power
Harris,4,4,8232,07-11-2024 23:22:42,Diverse Power
Troup,1,1,17608,07-11-2024 23:37:41,Diverse Power
Harris,4,4,8232,07-11-2024 23:37:41,Diverse Power
Troup,1,1,17608,07-11-2024 23:52:44,Diverse Power
Harris,4,4,8232,07-11-2024 23:52:44,Diverse Power
Troup,1,1,17609,07-12-2024 00:07:43,Diverse Power
Harris,4,0,8232,07-12-2024 00:07:43,Diverse Power
Troup,1,1,17610,07-12-2024 00:22:47,Diverse Power
Troup,1,1,17610,07-12-2024 00:37:42,Diverse Power
Troup,1,1,17611,07-12-2024 00:52:42,Diverse Power
Troup,1,1,17611,07-12-2024 01:07:42,Diverse Power
Troup,1,1,17611,07-12-2024 01:22:42,Diverse Power
Troup,1,1,17604,07-13-2024 01:52:40,Diverse Power
Troup,1,1,17604,07-13-2024 02:07:39,Diverse Power
Troup,1,1,17604,07-13-2024 02:22:41,Diverse Power
Troup,1,1,17604,07-13-2024 02:37:41,Diverse Power
Randolph,1,1,1744,07-13-2024 04:07:40,Diverse Power
Randolph,1,1,1744,07-13-2024 04:22:40,Diverse Power
Randolph,1,1,1744,07-13-2024 04:37:41,Diverse Power
Randolph,1,1,1744,07-13-2024 04:52:40,Diverse Power
Randolph,1,1,1744,07-13-2024 05:07:40,Diverse Power
Randolph,1,1,1744,07-13-2024 05:22:40,Diverse Power
Randolph,1,1,1744,07-13-2024 05:37:40,Diverse Power
Randolph,1,1,1744,07-13-2024 05:52:42,Diverse Power
Randolph,1,1,1744,07-13-2024 06:07:42,Diverse Power
Randolph,1,0,1744,07-13-2024 06:22:42,Diverse Power
Troup,1,1,17607,07-13-2024 18:37:42,Diverse Power
Calhoun,3,3,1379,07-14-2024 11:22:41,Diverse Power
Calhoun,3,3,1379,07-14-2024 11:37:42,Diverse Power
Calhoun,3,3,1379,07-14-2024 11:52:43,Diverse Power
Calhoun,3,3,1379,07-14-2024 12:07:42,Diverse Power
Calhoun,3,0,1379,07-14-2024 12:22:42,Diverse Power
Meriwether,2,2,2408,07-14-2024 16:22:42,Diverse Power
Meriwether,2,2,2408,07-14-2024 16:37:44,Diverse Power
Meriwether,2,2,2408,07-14-2024 16:52:42,Diverse Power
Meriwether,2,2,2408,07-14-2024 17:07:42,Diverse Power
Meriwether,2,2,2408,07-14-2024 17:22:42,Diverse Power
Meriwether,2,2,2408,07-14-2024 17:37:42,Diverse Power
Meriwether,2,2,2408,07-14-2024 17:52:41,Diverse Power
Meriwether,2,2,2408,07-14-2024 18:07:41,Diverse Power
Troup,4,4,17607,07-14-2024 18:22:44,Diverse Power
Meriwether,2,2,2408,07-14-2024 18:22:44,Diverse Power
Randolph,28,28,1744,07-14-2024 18:37:45,Diverse Power
Troup,4,4,17607,07-14-2024 18:37:45,Diverse Power
Meriwether,2,2,2408,07-14-2024 18:37:45,Diverse Power
Randolph,28,28,1744,07-14-2024 18:52:43,Diverse Power
Troup,4,4,17607,07-14-2024 18:52:43,Diverse Power
Meriwether,2,2,2408,07-14-2024 18:52:43,Diverse Power
Randolph,28,28,1744,07-14-2024 19:07:43,Diverse Power
Troup,8,8,17607,07-14-2024 19:07:43,Diverse Power
Meriwether,2,2,2408,07-14-2024 19:07:43,Diverse Power
Randolph,28,28,1744,07-14-2024 19:22:44,Diverse Power
Troup,8,8,17607,07-14-2024 19:22:44,Diverse Power
Meriwether,2,2,2408,07-14-2024 19:22:44,Diverse Power
Randolph,28,28,1744,07-14-2024 19:37:45,Diverse Power
Troup,4,4,17607,07-14-2024 19:37:45,Diverse Power
Meriwether,2,2,2408,07-14-2024 19:37:45,Diverse Power
Randolph,28,28,1744,07-14-2024 19:52:45,Diverse Power
Troup,4,4,17607,07-14-2024 19:52:45,Diverse Power
Randolph,28,28,1744,07-14-2024 20:07:44,Diverse Power
Troup,4,4,17607,07-14-2024 20:07:44,Diverse Power
Randolph,28,28,1744,07-14-2024 20:22:44,Diverse Power
Troup,4,4,17607,07-14-2024 20:22:44,Diverse Power
Randolph,28,28,1744,07-14-2024 20:37:43,Diverse Power
Troup,4,4,17607,07-14-2024 20:37:43,Diverse Power
Randolph,28,28,1744,07-14-2024 20:52:44,Diverse Power
Troup,4,0,17607,07-14-2024 20:52:44,Diverse Power
Randolph,28,28,1744,07-14-2024 21:07:43,Diverse Power
Randolph,28,28,1744,07-14-2024 21:22:43,Diverse Power
Randolph,28,28,1744,07-14-2024 21:37:42,Diverse Power
Randolph,28,28,1744,07-14-2024 21:52:44,Diverse Power
Randolph,28,28,1744,07-14-2024 22:07:42,Diverse Power
Randolph,28,28,1744,07-14-2024 22:22:45,Diverse Power
Randolph,28,28,1744,07-14-2024 22:37:44,Diverse Power
Randolph,28,28,1744,07-14-2024 22:52:44,Diverse Power
Randolph,28,28,1744,07-14-2024 23:07:45,Diverse Power
Randolph,28,28,1744,07-14-2024 23:22:41,Diverse Power
Randolph,28,28,1744,07-14-2024 23:37:47,Diverse Power
Randolph,28,0,1744,07-14-2024 23:52:49,Diverse Power
Troup,1,1,17606,07-15-2024 13:07:40,Diverse Power
Troup,4,4,17595,07-15-2024 13:22:42,Diverse Power
Troup,4,1,17595,07-15-2024 13:37:41,Diverse Power
Troup,4,1,17598,07-15-2024 13:52:42,Diverse Power
Troup,1,1,17601,07-15-2024 14:07:43,Diverse Power
Troup,1,1,17603,07-15-2024 14:22:43,Diverse Power
Troup,3,3,17604,07-15-2024 14:37:45,Diverse Power
Troup,3,3,17604,07-15-2024 14:52:41,Diverse Power
Troup,3,3,17604,07-15-2024 15:07:43,Diverse Power
Troup,3,0,17605,07-15-2024 15:22:43,Diverse Power
Harris,1,1,8239,07-15-2024 18:52:44,Diverse Power
Harris,1,1,8239,07-15-2024 19:07:42,Diverse Power
Harris,1,0,8239,07-15-2024 19:22:47,Diverse Power
Clay,42,42,976,07-15-2024 19:52:45,Diverse Power
Heard,45,45,461,07-15-2024 20:07:44,Diverse Power
Clay,42,42,976,07-15-2024 20:07:44,Diverse Power
Heard,2,2,461,07-15-2024 20:22:44,Diverse Power
Clay,42,42,976,07-15-2024 20:22:44,Diverse Power
Heard,2,2,461,07-15-2024 20:37:45,Diverse Power
Heard,2,2,461,07-15-2024 20:52:46,Diverse Power
Harris,1,1,8240,07-15-2024 20:52:46,Diverse Power
Heard,2,2,461,07-15-2024 21:07:44,Diverse Power
Harris,1,1,8240,07-15-2024 21:07:44,Diverse Power
Heard,2,2,461,07-15-2024 21:22:44,Diverse Power
Harris,1,1,8240,07-15-2024 21:22:44,Diverse Power
Heard,2,2,461,07-15-2024 21:37:43,Diverse Power
Harris,1,1,8240,07-15-2024 21:37:43,Diverse Power
Heard,2,2,461,07-15-2024 21:52:44,Diverse Power
Harris,2,2,8240,07-15-2024 21:52:44,Diverse Power
Heard,2,2,461,07-15-2024 22:07:44,Diverse Power
Harris,2,2,8240,07-15-2024 22:07:44,Diverse Power
Heard,3,3,461,07-15-2024 22:22:45,Diverse Power
Heard,3,3,461,07-15-2024 22:37:46,Diverse Power
Heard,2,2,461,07-15-2024 22:52:49,Diverse Power
Troup,2,2,17611,07-15-2024 22:52:49,Diverse Power
Heard,2,2,461,07-15-2024 23:07:49,Diverse Power
Troup,2,2,17611,07-15-2024 23:07:49,Diverse Power
Heard,2,2,461,07-15-2024 23:22:49,Diverse Power
Troup,2,2,17611,07-15-2024 23:22:49,Diverse Power
Heard,2,0,461,07-15-2024 23:37:50,Diverse Power
Clay,2,2,977,07-16-2024 02:37:48,Diverse Power
Troup,2,2,17612,07-16-2024 05:52:43,Diverse Power
Troup,2,2,17612,07-16-2024 06:07:43,Diverse Power
Troup,2,2,17612,07-16-2024 06:22:43,Diverse Power
Troup,2,2,17612,07-16-2024 06:37:42,Diverse Power
Troup,2,2,17612,07-16-2024 06:52:43,Diverse Power
Troup,2,2,17612,07-16-2024 07:07:44,Diverse Power
Early,2,2,2,07-16-2024 11:22:44,Diverse Power
Calhoun,7,7,1379,07-16-2024 11:22:44,Diverse Power
Early,2,2,2,07-16-2024 11:37:44,Diverse Power
Calhoun,7,7,1379,07-16-2024 11:37:44,Diverse Power
Early,2,2,2,07-16-2024 11:52:43,Diverse Power
Calhoun,7,7,1379,07-16-2024 11:52:43,Diverse Power
Early,2,2,2,07-16-2024 12:07:44,Diverse Power
Calhoun,7,7,1379,07-16-2024 12:07:44,Diverse Power
Early,2,2,2,07-16-2024 12:22:43,Diverse Power
Calhoun,7,7,1379,07-16-2024 12:22:43,Diverse Power
Early,2,2,2,07-16-2024 12:37:44,Diverse Power
Calhoun,7,7,1379,07-16-2024 12:37:44,Diverse Power
Troup,2,2,17615,07-16-2024 20:37:44,Diverse Power
Troup,2,2,17615,07-16-2024 20:52:42,Diverse Power
Troup,2,2,17615,07-16-2024 21:07:42,Diverse Power
Troup,2,2,17615,07-16-2024 21:22:43,Diverse Power
Troup,2,2,17615,07-16-2024 21:37:42,Diverse Power
Troup,17,17,17615,07-16-2024 21:52:42,Diverse Power
Harris,34,34,8239,07-16-2024 21:52:42,Diverse Power
Troup,15,15,17615,07-16-2024 22:07:46,Diverse Power
Harris,34,34,8239,07-16-2024 22:07:46,Diverse Power
Troup,15,15,17615,07-16-2024 22:22:44,Diverse Power
Harris,34,34,8239,07-16-2024 22:22:44,Diverse Power
Harris,34,34,8239,07-16-2024 22:37:46,Diverse Power
Harris,59,59,8239,07-16-2024 22:52:45,Diverse Power
Harris,59,59,8239,07-16-2024 23:07:48,Diverse Power
Harris,42,42,8239,07-16-2024 23:22:47,Diverse Power
Harris,43,43,8239,07-16-2024 23:37:44,Diverse Power
Harris,28,28,8239,07-16-2024 23:52:45,Diverse Power
Harris,28,28,8239,07-17-2024 00:07:47,Diverse Power
Harris,28,28,8239,07-17-2024 00:22:45,Diverse Power
Harris,28,28,8239,07-17-2024 00:37:44,Diverse Power
Harris,3,3,8239,07-17-2024 00:52:44,Diverse Power
Harris,3,3,8239,07-17-2024 01:07:42,Diverse Power
Harris,2,2,8239,07-17-2024 12:07:42,Diverse Power
Harris,2,2,8239,07-17-2024 12:22:42,Diverse Power
Harris,2,2,8239,07-17-2024 12:37:42,Diverse Power
Harris,2,2,8239,07-17-2024 12:52:42,Diverse Power
Harris,2,2,8239,07-17-2024 13:07:45,Diverse Power
Harris,2,2,8239,07-17-2024 13:22:44,Diverse Power
Harris,2,2,8239,07-17-2024 13:37:44,Diverse Power
Harris,2,2,8239,07-17-2024 13:52:46,Diverse Power
Troup,2,2,17613,07-17-2024 14:37:44,Diverse Power
Troup,2,2,17613,07-17-2024 14:52:45,Diverse Power
Troup,2,2,17613,07-17-2024 15:07:44,Diverse Power
Troup,2,2,17613,07-17-2024 15:22:43,Diverse Power
Troup,2,2,17613,07-17-2024 15:37:43,Diverse Power
Troup,4,4,17615,07-17-2024 19:07:48,Diverse Power
Troup,28,28,17615,07-17-2024 19:22:49,Diverse Power
Troup,28,28,17615,07-17-2024 19:37:50,Diverse Power
Troup,43,43,17616,07-17-2024 19:52:52,Diverse Power
Troup,43,43,17616,07-17-2024 20:07:49,Diverse Power
Harris,1444,1444,8240,07-17-2024 20:07:49,Diverse Power
Troup,15,15,17616,07-17-2024 20:22:46,Diverse Power
Harris,1444,1444,8240,07-17-2024 20:22:46,Diverse Power
Troup,15,15,17616,07-17-2024 20:37:42,Diverse Power
Harris,1444,1444,8240,07-17-2024 20:37:42,Diverse Power
Troup,16,16,17616,07-17-2024 20:52:42,Diverse Power
Calhoun,1,1,1379,07-17-2024 20:52:42,Diverse Power
Harris,1444,1444,8240,07-17-2024 20:52:42,Diverse Power
Troup,16,16,17616,07-17-2024 21:07:46,Diverse Power
Calhoun,1,1,1379,07-17-2024 21:07:46,Diverse Power
Meriwether,1,1,2410,07-17-2024 21:07:46,Diverse Power
Harris,1444,1444,8240,07-17-2024 21:07:46,Diverse Power
Troup,16,16,17616,07-17-2024 21:22:44,Diverse Power
Calhoun,1,1,1379,07-17-2024 21:22:44,Diverse Power
Meriwether,1,1,2410,07-17-2024 21:22:44,Diverse Power
Harris,1446,1446,8240,07-17-2024 21:22:44,Diverse Power
Troup,16,16,17616,07-17-2024 21:37:46,Diverse Power
Calhoun,1,1,1379,07-17-2024 21:37:46,Diverse Power
Meriwether,1,1,2410,07-17-2024 21:37:46,Diverse Power
Harris,7,7,8240,07-17-2024 21:37:46,Diverse Power
Troup,15,15,17616,07-17-2024 21:52:47,Diverse Power
Meriwether,1,1,2410,07-17-2024 21:52:47,Diverse Power
Harris,2,2,8240,07-17-2024 21:52:47,Diverse Power
Meriwether,1,1,2410,07-17-2024 22:07:50,Diverse Power
Harris,15,15,8240,07-17-2024 22:07:50,Diverse Power
Troup,1,1,17616,07-17-2024 22:22:50,Diverse Power
Meriwether,1,1,2410,07-17-2024 22:22:50,Diverse Power
Harris,12,12,8240,07-17-2024 22:22:50,Diverse Power
Troup,1,1,17616,07-17-2024 22:37:47,Diverse Power
Harris,2,2,8240,07-17-2024 22:37:47,Diverse Power
Troup,1,1,17616,07-17-2024 22:52:46,Diverse Power
Troup,1,1,17616,07-17-2024 23:07:50,Diverse Power
Troup,1,1,17616,07-17-2024 23:22:45,Diverse Power
Troup,1,1,17616,07-17-2024 23:37:45,Diverse Power
Troup,1,1,17616,07-17-2024 23:52:49,Diverse Power
Calhoun,1,1,1379,07-18-2024 00:07:46,Diverse Power
Calhoun,1,1,1379,07-18-2024 00:22:48,Diverse Power
Calhoun,1,1,1379,07-18-2024 00:37:45,Diverse Power
Harris,3,3,8240,07-18-2024 04:37:43,Diverse Power
Harris,3,3,8240,07-18-2024 04:52:41,Diverse Power
Harris,3,3,8240,07-18-2024 05:07:43,Diverse Power
Harris,3,3,8240,07-18-2024 05:22:41,Diverse Power
Harris,3,3,8240,07-18-2024 05:37:41,Diverse Power
Harris,3,3,8240,07-18-2024 05:52:42,Diverse Power
Harris,3,3,8240,07-18-2024 06:07:42,Diverse Power
Troup,4,4,17616,07-18-2024 06:22:43,Diverse Power
Troup,2,2,17616,07-18-2024 12:37:43,Diverse Power
Troup,13,13,17615,07-18-2024 12:52:41,Diverse Power
Troup,13,13,17615,07-18-2024 13:07:41,Diverse Power
Troup,13,13,17612,07-18-2024 13:22:41,Diverse Power
Troup,13,13,17613,07-18-2024 13:37:43,Diverse Power
Troup,13,13,17613,07-18-2024 13:52:43,Diverse Power
Troup,13,13,17613,07-18-2024 14:07:43,Diverse Power
Troup,13,13,17614,07-18-2024 14:22:45,Diverse Power
Troup,79,79,17614,07-18-2024 14:37:43,Diverse Power
Troup,79,79,17614,07-18-2024 14:52:42,Diverse Power
Troup,79,79,17614,07-18-2024 15:07:43,Diverse Power
Troup,79,66,17614,07-18-2024 15:22:47,Diverse Power
Troup,79,66,17614,07-18-2024 15:37:41,Diverse Power
Troup,1,1,17616,07-18-2024 22:22:44,Diverse Power
Troup,1,1,17616,07-18-2024 22:37:44,Diverse Power
Troup,13,13,17617,07-19-2024 00:52:41,Diverse Power
Meriwether,3,3,2410,07-19-2024 00:52:41,Diverse Power
Troup,37,37,17617,07-19-2024 01:07:41,Diverse Power
Chambers,28,28,677,07-19-2024 01:07:41,Diverse Power
Troup,38,38,17617,07-19-2024 01:22:41,Diverse Power
Chambers,28,28,677,07-19-2024 01:22:41,Diverse Power
Heard,1,1,463,07-19-2024 01:37:42,Diverse Power
Troup,38,38,17617,07-19-2024 01:37:42,Diverse Power
Chambers,28,28,677,07-19-2024 01:37:42,Diverse Power
Heard,1,1,463,07-19-2024 01:52:41,Diverse Power
Troup,37,37,17617,07-19-2024 01:52:41,Diverse Power
Chambers,28,28,677,07-19-2024 01:52:41,Diverse Power
Heard,1,1,463,07-19-2024 02:07:45,Diverse Power
Troup,37,37,17617,07-19-2024 02:07:45,Diverse Power
Chambers,28,28,677,07-19-2024 02:07:45,Diverse Power
Heard,1,1,463,07-19-2024 02:22:44,Diverse Power
Troup,37,37,17617,07-19-2024 02:22:44,Diverse Power
Chambers,28,28,677,07-19-2024 02:22:44,Diverse Power
Heard,1,1,463,07-19-2024 02:37:43,Diverse Power
Troup,24,24,17617,07-19-2024 02:37:43,Diverse Power
Meriwether,2,2,2410,07-19-2024 02:37:43,Diverse Power
Chambers,28,28,677,07-19-2024 02:37:43,Diverse Power
Troup,3,3,17617,07-19-2024 02:52:44,Diverse Power
Chambers,1,1,677,07-19-2024 02:52:44,Diverse Power
Troup,3,3,17617,07-19-2024 03:07:45,Diverse Power
Chambers,1,1,677,07-19-2024 03:07:45,Diverse Power
Chambers,1,1,677,07-19-2024 03:22:43,Diverse Power
Chambers,1,1,677,07-19-2024 03:37:45,Diverse Power
Harris,16,16,8239,07-19-2024 03:37:45,Diverse Power
Chambers,1,1,677,07-19-2024 03:52:43,Diverse Power
Harris,16,16,8239,07-19-2024 03:52:43,Diverse Power
Chambers,1,1,677,07-19-2024 04:07:42,Diverse Power
Harris,16,16,8239,07-19-2024 04:07:42,Diverse Power
Harris,16,16,8239,07-19-2024 04:22:44,Diverse Power
Harris,16,16,8239,07-19-2024 04:37:42,Diverse Power
Harris,16,16,8239,07-19-2024 04:52:43,Diverse Power
Harris,16,16,8239,07-19-2024 05:07:43,Diverse Power
Harris,16,16,8239,07-19-2024 05:22:43,Diverse Power
Troup,1,1,17617,07-19-2024 11:37:43,Diverse Power
Troup,1,1,17617,07-19-2024 11:52:42,Diverse Power
Troup,1,1,17617,07-19-2024 12:07:44,Diverse Power
Troup,1,1,17617,07-19-2024 12:22:44,Diverse Power
Troup,1,1,17617,07-19-2024 12:37:44,Diverse Power
Randolph,1,1,1741,07-19-2024 17:22:44,Diverse Power
Harris,1,1,8240,07-19-2024 17:22:44,Diverse Power
Randolph,1,1,1741,07-19-2024 17:37:43,Diverse Power
Harris,1,1,8240,07-19-2024 17:37:43,Diverse Power
Randolph,1,1,1741,07-19-2024 17:52:44,Diverse Power
Calhoun,1,1,1378,07-19-2024 17:52:44,Diverse Power
Harris,1,1,8240,07-19-2024 17:52:44,Diverse Power
Randolph,1,1,1741,07-19-2024 18:07:43,Diverse Power
Calhoun,1,1,1378,07-19-2024 18:07:43,Diverse Power
Harris,1,1,8240,07-19-2024 18:07:43,Diverse Power
Harris,1,1,8240,07-19-2024 18:22:42,Diverse Power
Harris,1,1,8240,07-19-2024 18:37:42,Diverse Power
Randolph,12,12,1741,07-19-2024 18:52:46,Diverse Power
Harris,1,1,8240,07-19-2024 18:52:46,Diverse Power
Randolph,12,12,1741,07-19-2024 19:07:42,Diverse Power
Calhoun,1,1,1378,07-19-2024 19:07:42,Diverse Power
Harris,1,1,8240,07-19-2024 19:07:42,Diverse Power
Randolph,13,13,1741,07-19-2024 19:22:42,Diverse Power
Calhoun,1,1,1379,07-19-2024 19:22:42,Diverse Power
Harris,1,0,8240,07-19-2024 19:22:42,Diverse Power
Randolph,13,13,1741,07-19-2024 19:37:43,Diverse Power
Troup,1,1,17622,07-19-2024 19:37:43,Diverse Power
Calhoun,1,1,1379,07-19-2024 19:37:43,Diverse Power
Harris,2,1,8240,07-19-2024 19:37:43,Diverse Power
Randolph,1,1,1741,07-19-2024 19:52:43,Diverse Power
Troup,1,1,17622,07-19-2024 19:52:43,Diverse Power
Calhoun,1,1,1379,07-19-2024 19:52:43,Diverse Power
Harris,1,1,8240,07-19-2024 19:52:43,Diverse Power
Randolph,1,1,1741,07-19-2024 20:07:43,Diverse Power
Troup,1,1,17622,07-19-2024 20:07:43,Diverse Power
Calhoun,1,1,1379,07-19-2024 20:07:43,Diverse Power
Harris,1,1,8240,07-19-2024 20:07:43,Diverse Power
Randolph,1,1,1741,07-19-2024 20:22:47,Diverse Power
Troup,1,1,17622,07-19-2024 20:22:47,Diverse Power
Harris,1,1,8240,07-19-2024 20:22:47,Diverse Power
Randolph,7,7,1741,07-19-2024 20:37:43,Diverse Power
Troup,1,1,17622,07-19-2024 20:37:43,Diverse Power
Harris,1,1,8240,07-19-2024 20:37:43,Diverse Power
Randolph,7,0,1741,07-19-2024 20:52:43,Diverse Power
Troup,1,1,17622,07-19-2024 20:52:43,Diverse Power
Harris,1,0,8240,07-19-2024 20:52:43,Diverse Power
Randolph,7,0,1741,07-19-2024 21:07:42,Diverse Power
Troup,1,1,17622,07-19-2024 21:07:42,Diverse Power
Harris,1,0,8240,07-19-2024 21:07:42,Diverse Power
Randolph,2,2,1741,07-19-2024 21:22:42,Diverse Power
Troup,1,1,17622,07-19-2024 21:22:42,Diverse Power
Calhoun,1,1,1379,07-19-2024 21:22:42,Diverse Power
Randolph,2,2,1741,07-19-2024 21:37:45,Diverse Power
Troup,1,0,17622,07-19-2024 21:37:45,Diverse Power
Calhoun,1,1,1379,07-19-2024 21:37:45,Diverse Power
Randolph,2,2,1741,07-19-2024 21:52:43,Diverse Power
Calhoun,1,1,1379,07-19-2024 21:52:43,Diverse Power
Calhoun,1,1,1379,07-19-2024 22:07:43,Diverse Power
Calhoun,1,1,1379,07-19-2024 22:22:44,Diverse Power
Troup,2,2,17623,07-20-2024 08:37:40,Diverse Power
Troup,2,2,17623,07-20-2024 10:37:40,Diverse Power
Troup,2,2,17623,07-20-2024 10:52:40,Diverse Power
Troup,2,2,17623,07-20-2024 11:07:40,Diverse Power
Troup,2,2,17623,07-20-2024 11:22:40,Diverse Power
Troup,2,2,17623,07-20-2024 11:37:40,Diverse Power
Calhoun,4,4,1379,07-20-2024 14:07:45,Diverse Power
Calhoun,8,8,1379,07-20-2024 14:22:46,Diverse Power
Calhoun,8,8,1379,07-20-2024 14:37:44,Diverse Power
Harris,1,1,8240,07-20-2024 14:37:44,Diverse Power
Calhoun,8,8,1379,07-20-2024 14:52:43,Diverse Power
Harris,1,1,8240,07-20-2024 14:52:43,Diverse Power
Calhoun,8,8,1379,07-20-2024 15:07:43,Diverse Power
Harris,1,1,8240,07-20-2024 15:07:43,Diverse Power
Calhoun,8,8,1379,07-20-2024 15:22:44,Diverse Power
Harris,1,1,8240,07-20-2024 15:22:44,Diverse Power
Calhoun,8,8,1379,07-20-2024 15:37:48,Diverse Power
Harris,1,1,8240,07-20-2024 15:37:48,Diverse Power
Calhoun,8,8,1379,07-20-2024 15:52:44,Diverse Power
Calhoun,8,8,1379,07-20-2024 16:07:44,Diverse Power
Randolph,3,3,1741,07-20-2024 16:22:46,Diverse Power
Calhoun,8,8,1379,07-20-2024 16:22:46,Diverse Power
Randolph,3,3,1741,07-20-2024 16:37:46,Diverse Power
Calhoun,8,8,1379,07-20-2024 16:37:46,Diverse Power
Calhoun,8,8,1379,07-20-2024 16:52:47,Diverse Power
Calhoun,8,8,1379,07-20-2024 17:07:47,Diverse Power
Calhoun,8,8,1379,07-20-2024 17:22:47,Diverse Power
Troup,5,5,17623,07-20-2024 17:37:50,Diverse Power
Calhoun,8,8,1379,07-20-2024 17:37:50,Diverse Power
Chambers,1,1,677,07-20-2024 17:37:50,Diverse Power
Troup,5,5,17623,07-20-2024 17:52:45,Diverse Power
Calhoun,8,8,1379,07-20-2024 17:52:45,Diverse Power
Chambers,1,1,677,07-20-2024 17:52:45,Diverse Power
Troup,5,5,17623,07-20-2024 18:07:45,Diverse Power
Calhoun,8,8,1379,07-20-2024 18:07:45,Diverse Power
Chambers,1,1,677,07-20-2024 18:07:45,Diverse Power
Harris,3,3,8240,07-20-2024 18:07:45,Diverse Power
Troup,5,5,17623,07-20-2024 18:22:44,Diverse Power
Chambers,1,1,677,07-20-2024 18:22:44,Diverse Power
Harris,5,5,8240,07-20-2024 18:22:44,Diverse Power
Troup,5,5,17623,07-20-2024 18:37:44,Diverse Power
Chambers,1,1,677,07-20-2024 18:37:44,Diverse Power
Harris,5,5,8240,07-20-2024 18:37:44,Diverse Power
Troup,5,5,17623,07-20-2024 18:52:44,Diverse Power
Chambers,1,1,677,07-20-2024 18:52:44,Diverse Power
Harris,5,5,8240,07-20-2024 18:52:44,Diverse Power
Troup,5,5,17623,07-20-2024 19:07:44,Diverse Power
Chambers,1,1,677,07-20-2024 19:07:44,Diverse Power
Harris,5,5,8240,07-20-2024 19:07:44,Diverse Power
Troup,29,29,17623,07-20-2024 19:22:44,Diverse Power
Chambers,1,1,677,07-20-2024 19:22:44,Diverse Power
Harris,4,4,8240,07-20-2024 19:22:44,Diverse Power
Troup,13,13,17623,07-20-2024 19:37:42,Diverse Power
Chambers,1,1,677,07-20-2024 19:37:42,Diverse Power
Harris,4,4,8240,07-20-2024 19:37:42,Diverse Power
Troup,13,13,17623,07-20-2024 19:52:43,Diverse Power
Chambers,1,1,677,07-20-2024 19:52:43,Diverse Power
Harris,4,4,8240,07-20-2024 19:52:43,Diverse Power
Troup,13,13,17623,07-20-2024 20:07:43,Diverse Power
Chambers,1,1,677,07-20-2024 20:07:43,Diverse Power
Harris,4,4,8240,07-20-2024 20:07:43,Diverse Power
Troup,13,13,17623,07-20-2024 20:22:42,Diverse Power
Chambers,1,1,677,07-20-2024 20:22:42,Diverse Power
Harris,4,4,8240,07-20-2024 20:22:42,Diverse Power
Troup,8,8,17623,07-20-2024 20:37:42,Diverse Power
Harris,4,4,8240,07-20-2024 20:37:42,Diverse Power
Troup,8,8,17623,07-20-2024 20:52:45,Diverse Power
Harris,4,1,8240,07-20-2024 20:52:45,Diverse Power
Troup,8,8,17623,07-20-2024 21:07:45,Diverse Power
Harris,1,1,8240,07-20-2024 21:07:45,Diverse Power
Troup,24,24,17623,07-20-2024 21:22:43,Diverse Power
Harris,1,1,8240,07-20-2024 21:22:43,Diverse Power
Troup,24,24,17623,07-20-2024 21:37:46,Diverse Power
Harris,1,1,8240,07-20-2024 21:37:46,Diverse Power
Troup,24,24,17623,07-20-2024 21:52:46,Diverse Power
Harris,1,1,8240,07-20-2024 21:52:46,Diverse Power
Troup,24,24,17623,07-20-2024 22:07:45,Diverse Power
Harris,1,1,8240,07-20-2024 22:07:45,Diverse Power
Troup,24,24,17623,07-20-2024 22:22:45,Diverse Power
Harris,1,1,8240,07-20-2024 22:22:45,Diverse Power
Harris,1,1,8240,07-20-2024 22:37:43,Diverse Power
Harris,1,0,8240,07-20-2024 22:52:44,Diverse Power
Calhoun,1,1,1379,07-21-2024 01:22:41,Diverse Power
Calhoun,1,1,1379,07-21-2024 01:37:41,Diverse Power
Chambers,1,1,677,07-21-2024 01:37:41,Diverse Power
Troup,34,34,17623,07-21-2024 01:52:42,Diverse Power
Calhoun,1,1,1379,07-21-2024 01:52:42,Diverse Power
Chambers,50,50,677,07-21-2024 01:52:42,Diverse Power
Troup,34,34,17623,07-21-2024 02:07:43,Diverse Power
Calhoun,1,1,1379,07-21-2024 02:07:43,Diverse Power
Chambers,50,50,677,07-21-2024 02:07:43,Diverse Power
Troup,34,34,17623,07-21-2024 02:22:41,Diverse Power
Chambers,50,50,677,07-21-2024 02:22:41,Diverse Power
Troup,34,34,17623,07-21-2024 02:37:41,Diverse Power
Chambers,50,50,677,07-21-2024 02:37:41,Diverse Power
Harris,2,2,8240,07-21-2024 09:22:43,Diverse Power
Harris,2,2,8240,07-21-2024 09:37:45,Diverse Power
Harris,2,2,8240,07-21-2024 09:52:43,Diverse Power
Harris,2,2,8240,07-21-2024 10:07:42,Diverse Power
Harris,2,2,8240,07-21-2024 10:22:42,Diverse Power
Harris,2,2,8240,07-21-2024 10:37:43,Diverse Power
Troup,1,1,17623,07-21-2024 14:37:43,Diverse Power
Troup,1,1,17623,07-21-2024 14:52:47,Diverse Power
Troup,1,1,17623,07-21-2024 15:07:44,Diverse Power
Heard,1,1,462,07-21-2024 15:37:43,Diverse Power
Heard,1,1,462,07-21-2024 15:52:45,Diverse Power
Troup,8,8,17623,07-21-2024 20:52:42,Diverse Power
Harris,31,31,8240,07-21-2024 20:52:42,Diverse Power
Troup,105,105,17623,07-21-2024 21:07:44,Diverse Power
Harris,33,33,8240,07-21-2024 21:07:44,Diverse Power
Troup,113,113,17623,07-21-2024 21:22:42,Diverse Power
Meriwether,1,1,2411,07-21-2024 21:22:42,Diverse Power
Harris,33,33,8240,07-21-2024 21:22:42,Diverse Power
Troup,113,113,17623,07-21-2024 21:37:43,Diverse Power
Meriwether,1,1,2411,07-21-2024 21:37:43,Diverse Power
Harris,33,33,8240,07-21-2024 21:37:43,Diverse Power
Troup,117,117,17623,07-21-2024 21:52:43,Diverse Power
Meriwether,1,1,2411,07-21-2024 21:52:43,Diverse Power
Harris,33,33,8240,07-21-2024 21:52:43,Diverse Power
Troup,116,116,17623,07-21-2024 22:07:41,Diverse Power
Meriwether,9,9,2411,07-21-2024 22:07:41,Diverse Power
Harris,33,33,8240,07-21-2024 22:07:41,Diverse Power
Troup,7,7,17623,07-21-2024 22:22:44,Diverse Power
Meriwether,9,9,2411,07-21-2024 22:22:44,Diverse Power
Harris,31,31,8240,07-21-2024 22:22:44,Diverse Power
Troup,6,6,17623,07-21-2024 22:37:44,Diverse Power
Meriwether,9,9,2411,07-21-2024 22:37:44,Diverse Power
Troup,16,16,17623,07-21-2024 22:52:45,Diverse Power
Meriwether,9,9,2411,07-21-2024 22:52:45,Diverse Power
Troup,16,16,17623,07-21-2024 23:07:43,Diverse Power
Meriwether,9,9,2411,07-21-2024 23:07:43,Diverse Power
Troup,13,13,17623,07-21-2024 23:22:43,Diverse Power
Meriwether,8,8,2411,07-21-2024 23:22:43,Diverse Power
Troup,13,13,17623,07-21-2024 23:37:42,Diverse Power
Meriwether,8,8,2411,07-21-2024 23:37:42,Diverse Power
Troup,21,21,17623,07-21-2024 23:52:43,Diverse Power
Meriwether,8,8,2411,07-21-2024 23:52:43,Diverse Power
Troup,2,2,17623,07-22-2024 00:07:44,Diverse Power
Troup,2,2,17623,07-22-2024 00:22:44,Diverse Power
Troup,2,2,17623,07-22-2024 00:37:44,Diverse Power
Troup,2,2,17623,07-22-2024 00:52:44,Diverse Power
Troup,2,2,17623,07-22-2024 01:07:42,Diverse Power
Troup,2,2,17623,07-22-2024 01:22:44,Diverse Power
Troup,2,2,17623,07-22-2024 01:37:42,Diverse Power
Troup,5,5,17623,07-22-2024 01:52:42,Diverse Power
Meriwether,9,9,2411,07-22-2024 01:52:42,Diverse Power
Troup,5,5,17623,07-22-2024 02:07:43,Diverse Power
Meriwether,9,9,2411,07-22-2024 02:07:43,Diverse Power
Troup,5,5,17623,07-22-2024 02:22:44,Diverse Power
Meriwether,9,9,2411,07-22-2024 02:22:44,Diverse Power
Troup,3,3,17623,07-22-2024 02:37:45,Diverse Power
Meriwether,9,9,2411,07-22-2024 02:37:45,Diverse Power
Meriwether,9,9,2411,07-22-2024 02:52:44,Diverse Power
Meriwether,9,9,2411,07-22-2024 03:07:44,Diverse Power
Meriwether,9,9,2411,07-22-2024 03:22:45,Diverse Power
Meriwether,9,9,2411,07-22-2024 03:37:44,Diverse Power
Meriwether,3,3,2411,07-22-2024 03:52:42,Diverse Power
Meriwether,3,3,2411,07-22-2024 04:07:43,Diverse Power
Troup,4,4,17623,07-22-2024 04:22:45,Diverse Power
Meriwether,3,3,2411,07-22-2024 04:22:45,Diverse Power
Troup,22,22,17623,07-22-2024 04:37:43,Diverse Power
Meriwether,3,3,2411,07-22-2024 04:37:43,Diverse Power
Troup,22,22,17623,07-22-2024 04:52:42,Diverse Power
Meriwether,3,3,2411,07-22-2024 04:52:42,Diverse Power
Troup,22,22,17623,07-22-2024 05:07:42,Diverse Power
Meriwether,3,3,2411,07-22-2024 05:07:42,Diverse Power
Meriwether,3,0,2411,07-22-2024 05:22:43,Diverse Power
Troup,22,22,17623,07-22-2024 05:37:42,Diverse Power
Troup,22,22,17623,07-22-2024 05:52:44,Diverse Power
Troup,22,0,17623,07-22-2024 06:07:42,Diverse Power
Troup,11,11,17622,07-22-2024 13:07:42,Diverse Power
Troup,11,11,17623,07-22-2024 13:22:41,Diverse Power
Troup,11,11,17623,07-22-2024 13:37:43,Diverse Power
Troup,11,11,17623,07-22-2024 13:52:44,Diverse Power
Troup,11,11,17623,07-22-2024 14:07:42,Diverse Power
Meriwether,4,4,2411,07-22-2024 14:07:42,Diverse Power
Troup,1,1,17623,07-22-2024 14:22:45,Diverse Power
Meriwether,4,4,2411,07-22-2024 14:22:45,Diverse Power
Troup,1,1,17623,07-22-2024 14:37:44,Diverse Power
Meriwether,4,4,2411,07-22-2024 14:37:44,Diverse Power
Troup,1,1,17623,07-22-2024 14:52:43,Diverse Power
Meriwether,4,4,2411,07-22-2024 14:52:43,Diverse Power
Troup,1,1,17623,07-22-2024 15:07:47,Diverse Power
Meriwether,4,4,2411,07-22-2024 15:07:47,Diverse Power
Troup,1,1,17623,07-22-2024 15:22:46,Diverse Power
Meriwether,4,4,2411,07-22-2024 15:22:46,Diverse Power
Meriwether,4,4,2411,07-22-2024 15:37:44,Diverse Power
Meriwether,4,4,2411,07-22-2024 15:52:45,Diverse Power
Meriwether,4,4,2411,07-22-2024 16:07:46,Diverse Power
Meriwether,4,4,2411,07-22-2024 16:22:46,Diverse Power
Meriwether,4,4,2411,07-22-2024 16:37:45,Diverse Power
Meriwether,4,4,2411,07-22-2024 16:52:44,Diverse Power
Meriwether,4,4,2411,07-22-2024 17:07:45,Diverse Power
Meriwether,4,4,2411,07-22-2024 17:22:45,Diverse Power
Meriwether,4,4,2411,07-22-2024 17:37:43,Diverse Power
Meriwether,4,4,2411,07-22-2024 17:52:43,Diverse Power
Meriwether,4,4,2411,07-22-2024 18:07:45,Diverse Power
Meriwether,4,4,2411,07-22-2024 18:22:43,Diverse Power
Meriwether,4,4,2411,07-22-2024 18:37:44,Diverse Power
Meriwether,4,4,2411,07-22-2024 18:52:44,Diverse Power
Meriwether,4,4,2411,07-22-2024 19:07:45,Diverse Power
Troup,3,3,17625,07-22-2024 22:22:42,Diverse Power
Troup,3,3,17625,07-22-2024 22:37:42,Diverse Power
Troup,3,3,17625,07-22-2024 22:52:42,Diverse Power
Harris,4,4,8238,07-22-2024 22:52:42,Diverse Power
Troup,3,3,17625,07-22-2024 23:07:40,Diverse Power
Harris,4,4,8238,07-22-2024 23:07:40,Diverse Power
Troup,3,3,17625,07-22-2024 23:22:40,Diverse Power
Harris,4,4,8238,07-22-2024 23:22:40,Diverse Power
Harris,4,4,8238,07-22-2024 23:37:41,Diverse Power
Harris,4,4,8238,07-22-2024 23:52:42,Diverse Power
Harris,4,4,8238,07-23-2024 00:07:42,Diverse Power
Harris,4,4,8238,07-23-2024 00:22:41,Diverse Power
Troup,1,1,17625,07-23-2024 11:37:42,Diverse Power
Troup,1,1,17625,07-23-2024 11:52:42,Diverse Power
Troup,1,1,17625,07-23-2024 12:07:42,Diverse Power
Troup,1,0,17625,07-23-2024 12:22:42,Diverse Power
Calhoun,4,4,1379,07-23-2024 15:22:48,Diverse Power
Calhoun,4,4,1379,07-23-2024 15:37:48,Diverse Power
Calhoun,4,4,1379,07-23-2024 15:52:47,Diverse Power
Calhoun,4,4,1379,07-23-2024 16:07:46,Diverse Power
Calhoun,4,4,1378,07-23-2024 16:22:47,Diverse Power
Calhoun,4,4,1378,07-23-2024 16:37:57,Diverse Power
Calhoun,1,1,1378,07-23-2024 23:22:46,Diverse Power
Calhoun,2,2,1378,07-23-2024 23:37:47,Diverse Power
Calhoun,2,2,1378,07-23-2024 23:52:45,Diverse Power
Harris,1,1,8238,07-23-2024 23:52:45,Diverse Power
Calhoun,2,2,1378,07-24-2024 00:07:45,Diverse Power
Harris,1,1,8238,07-24-2024 00:07:45,Diverse Power
Troup,4,4,17626,07-24-2024 00:22:44,Diverse Power
Calhoun,2,2,1378,07-24-2024 00:22:44,Diverse Power
Harris,1,1,8238,07-24-2024 00:22:44,Diverse Power
Troup,4,4,17626,07-24-2024 00:37:46,Diverse Power
Calhoun,2,2,1378,07-24-2024 00:37:46,Diverse Power
Harris,1,1,8238,07-24-2024 00:37:46,Diverse Power
Troup,4,4,17626,07-24-2024 00:52:44,Diverse Power
Harris,1,1,8238,07-24-2024 00:52:44,Diverse Power
Troup,4,4,17626,07-24-2024 01:07:46,Diverse Power
Troup,4,4,17626,07-24-2024 01:22:45,Diverse Power
Troup,4,4,17626,07-24-2024 01:37:43,Diverse Power
Troup,1,1,17626,07-24-2024 01:52:47,Diverse Power
Troup,1,1,17626,07-24-2024 02:07:46,Diverse Power
Troup,3,3,17626,07-24-2024 02:22:46,Diverse Power
Harris,3,3,8238,07-24-2024 02:22:46,Diverse Power
Troup,3,3,17626,07-24-2024 02:37:45,Diverse Power
Harris,3,3,8238,07-24-2024 02:37:45,Diverse Power
Troup,3,3,17626,07-24-2024 02:52:44,Diverse Power
Harris,3,3,8238,07-24-2024 02:52:44,Diverse Power
Troup,3,3,17626,07-24-2024 03:07:44,Diverse Power
Harris,3,3,8238,07-24-2024 03:07:44,Diverse Power
Troup,3,3,17626,07-24-2024 03:22:44,Diverse Power
Harris,3,3,8238,07-24-2024 03:22:44,Diverse Power
Troup,3,3,17626,07-24-2024 03:37:43,Diverse Power
Harris,3,3,8238,07-24-2024 03:37:43,Diverse Power
Troup,2,2,17626,07-24-2024 03:52:42,Diverse Power
Harris,3,3,8238,07-24-2024 03:52:42,Diverse Power
Troup,2,2,17626,07-24-2024 04:07:44,Diverse Power
Harris,3,3,8238,07-24-2024 04:07:44,Diverse Power
Harris,1,1,8238,07-24-2024 12:07:59,Diverse Power
Harris,1,1,8238,07-24-2024 12:22:43,Diverse Power
Harris,1,1,8238,07-24-2024 12:37:43,Diverse Power
Harris,1,1,8238,07-24-2024 12:52:50,Diverse Power
Harris,1,0,8238,07-24-2024 13:07:47,Diverse Power
Meriwether,2,2,2412,07-24-2024 15:22:47,Diverse Power
Meriwether,13,13,2412,07-24-2024 15:37:42,Diverse Power
Meriwether,2,2,2412,07-24-2024 15:52:46,Diverse Power
Meriwether,2,2,2412,07-24-2024 16:07:40,Diverse Power
Muscogee,10,10,2688,07-24-2024 19:22:48,Diverse Power
Muscogee,10,10,2688,07-24-2024 19:37:47,Diverse Power
Muscogee,10,10,2688,07-24-2024 19:52:45,Diverse Power
Muscogee,10,10,2688,07-24-2024 20:07:46,Diverse Power
Meriwether,1,1,2412,07-24-2024 20:22:46,Diverse Power
Meriwether,1,1,2412,07-24-2024 20:37:43,Diverse Power
Troup,15,15,17624,07-24-2024 20:52:42,Diverse Power
Meriwether,2,2,2412,07-24-2024 20:52:42,Diverse Power
Troup,14,14,17624,07-24-2024 21:07:44,Diverse Power
Meriwether,20,20,2412,07-24-2024 21:07:44,Diverse Power
Troup,15,15,17624,07-24-2024 21:22:44,Diverse Power
Meriwether,20,20,2412,07-24-2024 21:22:44,Diverse Power
Troup,14,14,17624,07-24-2024 21:37:43,Diverse Power
Meriwether,20,20,2412,07-24-2024 21:37:43,Diverse Power
Meriwether,20,20,2412,07-24-2024 21:52:43,Diverse Power
Meriwether,20,20,2412,07-24-2024 22:07:42,Diverse Power
Meriwether,20,20,2412,07-24-2024 22:22:45,Diverse Power
Meriwether,20,20,2412,07-24-2024 22:37:44,Diverse Power
Troup,65,65,17624,07-25-2024 00:22:43,Diverse Power
Troup,64,64,17624,07-25-2024 00:37:43,Diverse Power
Troup,64,64,17624,07-25-2024 00:52:44,Diverse Power
Harris,1,1,8238,07-25-2024 00:52:44,Diverse Power
Troup,64,64,17624,07-25-2024 01:07:44,Diverse Power
Harris,1,1,8238,07-25-2024 01:07:44,Diverse Power
Troup,64,64,17624,07-25-2024 01:22:45,Diverse Power
Harris,1,1,8238,07-25-2024 01:22:45,Diverse Power
Troup,64,64,17624,07-25-2024 01:37:43,Diverse Power
Harris,1,1,8238,07-25-2024 01:37:43,Diverse Power
Troup,64,64,17624,07-25-2024 01:52:43,Diverse Power
Harris,1,1,8238,07-25-2024 01:52:43,Diverse Power
Troup,64,64,17624,07-25-2024 02:07:42,Diverse Power
Harris,1,1,8238,07-25-2024 02:07:42,Diverse Power
Troup,1,1,17624,07-25-2024 06:37:43,Diverse Power
Troup,1,1,17624,07-25-2024 06:52:43,Diverse Power
Troup,1,1,17624,07-25-2024 07:07:43,Diverse Power
Troup,1,1,17624,07-25-2024 07:22:42,Diverse Power
Troup,1,1,17624,07-25-2024 07:37:42,Diverse Power
Troup,1,1,17624,07-25-2024 07:52:44,Diverse Power
Troup,1,1,17624,07-25-2024 08:07:42,Diverse Power
Troup,1,1,17624,07-25-2024 08:22:42,Diverse Power
Troup,1,1,17624,07-25-2024 08:37:42,Diverse Power
Meriwether,28,28,2412,07-25-2024 08:37:42,Diverse Power
Troup,1,1,17624,07-25-2024 08:52:42,Diverse Power
Meriwether,28,28,2412,07-25-2024 08:52:42,Diverse Power
Troup,1,1,17624,07-25-2024 09:07:43,Diverse Power
Meriwether,28,28,2412,07-25-2024 09:07:43,Diverse Power
Meriwether,28,28,2412,07-25-2024 09:22:43,Diverse Power
Heard,2,2,462,07-25-2024 09:37:42,Diverse Power
Meriwether,28,28,2412,07-25-2024 09:37:42,Diverse Power
Heard,6,6,462,07-25-2024 09:52:43,Diverse Power
Meriwether,28,28,2412,07-25-2024 09:52:43,Diverse Power
Heard,6,6,462,07-25-2024 10:07:43,Diverse Power
Heard,6,6,462,07-25-2024 10:22:44,Diverse Power
Troup,59,59,17625,07-25-2024 13:22:44,Diverse Power
Meriwether,57,57,2412,07-25-2024 13:22:44,Diverse Power
Troup,54,54,17625,07-25-2024 13:37:44,Diverse Power
Meriwether,57,57,2412,07-25-2024 13:37:44,Diverse Power
Troup,54,54,17625,07-25-2024 13:52:45,Diverse Power
Meriwether,57,57,2412,07-25-2024 13:52:45,Diverse Power
Troup,54,54,17625,07-25-2024 14:07:44,Diverse Power
Meriwether,57,57,2412,07-25-2024 14:07:44,Diverse Power
Troup,54,54,17625,07-25-2024 14:22:47,Diverse Power
Meriwether,57,57,2412,07-25-2024 14:22:47,Diverse Power
Troup,59,59,17625,07-25-2024 14:37:49,Diverse Power
Meriwether,57,57,2412,07-25-2024 14:37:49,Diverse Power
Troup,54,0,17625,07-25-2024 14:52:45,Diverse Power
Meriwether,57,1,2412,07-25-2024 14:52:45,Diverse Power
Troup,54,0,17625,07-25-2024 15:07:47,Diverse Power
Meriwether,57,1,2412,07-25-2024 15:07:47,Diverse Power
Troup,55,1,17625,07-25-2024 15:22:46,Diverse Power
Meriwether,57,1,2412,07-25-2024 15:22:46,Diverse Power
Troup,55,1,17625,07-25-2024 15:37:46,Diverse Power
Meriwether,57,1,2412,07-25-2024 15:37:46,Diverse Power
Troup,55,1,17625,07-25-2024 15:52:45,Diverse Power
Meriwether,57,1,2412,07-25-2024 15:52:45,Diverse Power
Troup,55,1,17625,07-25-2024 16:07:47,Diverse Power
Meriwether,57,1,2412,07-25-2024 16:07:47,Diverse Power
Troup,55,1,17625,07-25-2024 16:22:46,Diverse Power
Meriwether,57,1,2412,07-25-2024 16:22:46,Diverse Power
Troup,55,1,17625,07-25-2024 16:37:43,Diverse Power
Meriwether,57,1,2412,07-25-2024 16:37:43,Diverse Power
Troup,55,1,17625,07-25-2024 16:52:57,Diverse Power
Meriwether,57,1,2412,07-25-2024 16:52:57,Diverse Power
Troup,55,1,17625,07-25-2024 17:07:44,Diverse Power
Meriwether,57,1,2412,07-25-2024 17:07:44,Diverse Power
Troup,55,0,17625,07-25-2024 17:22:44,Diverse Power
Meriwether,57,1,2412,07-25-2024 17:22:44,Diverse Power
Troup,55,0,17625,07-25-2024 17:37:45,Diverse Power
Meriwether,57,1,2412,07-25-2024 17:37:45,Diverse Power
Calhoun,2,2,1378,07-25-2024 18:22:43,Diverse Power
Troup,57,57,17625,07-25-2024 21:22:41,Diverse Power
Troup,90,90,17625,07-25-2024 21:37:40,Diverse Power
Troup,90,90,17625,07-25-2024 21:52:40,Diverse Power
Troup,90,90,17625,07-25-2024 22:07:42,Diverse Power
Troup,77,77,17625,07-25-2024 22:22:40,Diverse Power
Troup,77,77,17625,07-25-2024 22:37:40,Diverse Power
Troup,77,77,17625,07-25-2024 22:52:41,Diverse Power
Troup,77,77,17625,07-25-2024 23:07:41,Diverse Power
Troup,77,77,17625,07-25-2024 23:22:41,Diverse Power
Troup,77,77,17625,07-25-2024 23:37:42,Diverse Power
Troup,3,3,17625,07-26-2024 06:52:41,Diverse Power
Troup,3,3,17625,07-26-2024 07:07:40,Diverse Power
Troup,2,2,17625,07-26-2024 12:52:43,Diverse Power
Troup,5,5,17624,07-26-2024 13:22:45,Diverse Power
Troup,5,5,17623,07-26-2024 13:37:44,Diverse Power
Troup,5,5,17622,07-26-2024 13:52:48,Diverse Power
Troup,5,5,17622,07-26-2024 14:07:48,Diverse Power
Troup,2,2,17624,07-26-2024 23:22:41,Diverse Power
Troup,111,111,17624,07-26-2024 23:37:42,Diverse Power
Harris,2,2,8236,07-26-2024 23:37:42,Diverse Power
Troup,111,111,17624,07-26-2024 23:52:39,Diverse Power
Harris,2,2,8236,07-26-2024 23:52:39,Diverse Power
Troup,111,111,17624,07-27-2024 00:07:41,Diverse Power
Harris,2,2,8236,07-27-2024 00:07:41,Diverse Power
Troup,1,1,17624,07-27-2024 00:22:41,Diverse Power
Troup,3,3,17624,07-27-2024 09:52:42,Diverse Power
Troup,3,3,17624,07-27-2024 10:07:44,Diverse Power
Troup,1,1,17624,07-27-2024 14:37:41,Diverse Power
Troup,1,1,17624,07-27-2024 14:52:42,Diverse Power
Troup,1,1,17624,07-27-2024 15:07:43,Diverse Power
Troup,1,1,17624,07-27-2024 15:22:45,Diverse Power
Quitman,1,1,1296,07-27-2024 18:52:42,Diverse Power
Quitman,13,13,1296,07-27-2024 19:07:40,Diverse Power
Quitman,15,15,1296,07-27-2024 19:22:43,Diverse Power
Quitman,15,15,1296,07-27-2024 19:37:41,Diverse Power
Quitman,26,26,1296,07-27-2024 19:52:42,Diverse Power
Quitman,26,26,1296,07-27-2024 20:07:42,Diverse Power
Quitman,26,13,1296,07-27-2024 20:22:43,Diverse Power
Quitman,11,11,1296,07-27-2024 20:37:42,Diverse Power
Quitman,11,11,1296,07-27-2024 20:52:44,Diverse Power
Quitman,11,11,1296,07-27-2024 21:07:43,Diverse Power
Randolph,11,11,1744,07-27-2024 22:52:47,Diverse Power
Randolph,11,11,1744,07-27-2024 23:07:45,Diverse Power
Randolph,11,11,1744,07-27-2024 23:22:44,Diverse Power
Randolph,11,11,1744,07-27-2024 23:37:44,Diverse Power
Randolph,11,11,1744,07-27-2024 23:52:43,Diverse Power
Randolph,1,1,1744,07-28-2024 00:07:45,Diverse Power
Chambers,30,30,678,07-28-2024 00:07:45,Diverse Power
Chambers,30,30,678,07-28-2024 00:22:45,Diverse Power
Chambers,30,30,678,07-28-2024 00:37:45,Diverse Power
Chambers,30,30,678,07-28-2024 00:52:43,Diverse Power
Troup,1,1,17624,07-28-2024 22:52:45,Diverse Power
Troup,1,1,17624,07-28-2024 23:07:46,Diverse Power
Meriwether,36,36,2412,07-28-2024 23:22:45,Diverse Power
Meriwether,41,41,2412,07-28-2024 23:37:45,Diverse Power
Meriwether,46,46,2412,07-28-2024 23:52:45,Diverse Power
Meriwether,61,61,2412,07-29-2024 00:07:45,Diverse Power
Meriwether,71,71,2412,07-29-2024 00:22:44,Diverse Power
Meriwether,71,71,2412,07-29-2024 00:37:44,Diverse Power
Meriwether,35,35,2412,07-29-2024 00:52:43,Diverse Power
Meriwether,36,36,2412,07-29-2024 01:07:45,Diverse Power
Meriwether,85,85,2412,07-29-2024 01:22:44,Diverse Power
Meriwether,31,31,2412,07-29-2024 01:37:43,Diverse Power
Troup,2,2,17624,07-29-2024 01:52:42,Diverse Power
Meriwether,16,16,2412,07-29-2024 01:52:42,Diverse Power
Troup,3,3,17624,07-29-2024 02:07:43,Diverse Power
Meriwether,8,8,2412,07-29-2024 02:07:43,Diverse Power
Troup,3,3,17624,07-29-2024 02:22:43,Diverse Power
Meriwether,5,5,2412,07-29-2024 02:22:43,Diverse Power
Troup,3,3,17624,07-29-2024 02:37:45,Diverse Power
Meriwether,4,4,2412,07-29-2024 02:37:45,Diverse Power
Troup,3,3,17624,07-29-2024 02:52:43,Diverse Power
Meriwether,4,4,2412,07-29-2024 02:52:43,Diverse Power
Troup,3,3,17624,07-29-2024 03:07:44,Diverse Power
Meriwether,4,4,2412,07-29-2024 03:07:44,Diverse Power
Troup,3,3,17624,07-29-2024 03:22:41,Diverse Power
Meriwether,3,3,2412,07-29-2024 03:22:41,Diverse Power
Troup,3,3,17624,07-29-2024 03:37:42,Diverse Power
Meriwether,3,3,2412,07-29-2024 03:37:42,Diverse Power
Troup,3,3,17624,07-29-2024 03:52:43,Diverse Power
Meriwether,3,3,2412,07-29-2024 03:52:43,Diverse Power
Troup,1,1,17624,07-29-2024 04:07:44,Diverse Power
Meriwether,3,3,2412,07-29-2024 04:07:44,Diverse Power
Troup,1,1,17624,07-29-2024 04:22:46,Diverse Power
Meriwether,1,1,2412,07-29-2024 04:22:46,Diverse Power
Troup,1,1,17624,07-29-2024 04:37:44,Diverse Power
Meriwether,1,1,2412,07-29-2024 04:37:44,Diverse Power
Troup,1,1,17624,07-29-2024 04:52:44,Diverse Power
Meriwether,1,1,2412,07-29-2024 04:52:44,Diverse Power
Troup,1,1,17624,07-29-2024 05:07:44,Diverse Power
Meriwether,1,1,2412,07-29-2024 05:07:44,Diverse Power
Troup,1,1,17624,07-29-2024 05:22:45,Diverse Power
Meriwether,1,1,2412,07-29-2024 05:22:45,Diverse Power
Troup,1,1,17624,07-29-2024 05:37:43,Diverse Power
Meriwether,1,1,2412,07-29-2024 05:37:43,Diverse Power
Troup,1,1,17624,07-29-2024 05:52:44,Diverse Power
Meriwether,1,1,2412,07-29-2024 05:52:44,Diverse Power
Troup,1,1,17624,07-29-2024 06:07:40,Diverse Power
Meriwether,1,1,2412,07-29-2024 06:07:40,Diverse Power
Troup,1,1,17624,07-29-2024 06:22:41,Diverse Power
Meriwether,1,1,2412,07-29-2024 06:22:41,Diverse Power
Troup,1,1,17624,07-29-2024 06:37:41,Diverse Power
Troup,1,1,17624,07-29-2024 06:52:40,Diverse Power
Troup,1,1,17624,07-29-2024 07:07:41,Diverse Power
Troup,2,2,17624,07-29-2024 09:22:43,Diverse Power
Harris,15,15,8236,07-29-2024 09:22:43,Diverse Power
Troup,2,2,17624,07-29-2024 09:37:43,Diverse Power
Harris,15,15,8236,07-29-2024 09:37:43,Diverse Power
Troup,2,2,17624,07-29-2024 09:52:42,Diverse Power
Harris,15,15,8236,07-29-2024 09:52:42,Diverse Power
Troup,2,2,17624,07-29-2024 10:07:43,Diverse Power
Harris,15,15,8236,07-29-2024 10:07:43,Diverse Power
Troup,2,2,17624,07-29-2024 10:22:43,Diverse Power
Harris,15,15,8236,07-29-2024 10:22:43,Diverse Power
Troup,2,2,17624,07-29-2024 10:37:44,Diverse Power
Harris,15,15,8236,07-29-2024 10:37:44,Diverse Power
Troup,2,2,17623,07-29-2024 10:52:42,Diverse Power
Harris,6,6,8236,07-29-2024 10:52:42,Diverse Power
Troup,2,2,17623,07-29-2024 11:07:43,Diverse Power
Harris,6,6,8236,07-29-2024 11:07:43,Diverse Power
Troup,2,2,17623,07-29-2024 11:22:42,Diverse Power
Harris,6,6,8236,07-29-2024 11:22:42,Diverse Power
Troup,2,2,17623,07-29-2024 11:37:42,Diverse Power
Harris,6,6,8236,07-29-2024 11:37:42,Diverse Power
Randolph,2,2,1744,07-29-2024 11:52:43,Diverse Power
Troup,2,2,17623,07-29-2024 11:52:43,Diverse Power
Harris,6,6,8236,07-29-2024 11:52:43,Diverse Power
Randolph,2,2,1744,07-29-2024 12:07:42,Diverse Power
Troup,2,2,17623,07-29-2024 12:07:42,Diverse Power
Harris,6,6,8236,07-29-2024 12:07:42,Diverse Power
Randolph,2,2,1744,07-29-2024 12:22:42,Diverse Power
Troup,2,2,17623,07-29-2024 12:22:42,Diverse Power
Harris,6,6,8236,07-29-2024 12:22:42,Diverse Power
Randolph,2,2,1744,07-29-2024 12:37:42,Diverse Power
Troup,2,2,17623,07-29-2024 12:37:42,Diverse Power
Harris,6,6,8235,07-29-2024 12:37:42,Diverse Power
Troup,2,2,17623,07-29-2024 12:52:44,Diverse Power
Troup,2,2,17623,07-29-2024 13:07:44,Diverse Power
Troup,4,4,17624,07-29-2024 13:22:42,Diverse Power
Troup,2,2,17624,07-29-2024 13:37:43,Diverse Power
Troup,2,2,17624,07-29-2024 13:52:46,Diverse Power
Troup,2,2,17624,07-29-2024 14:07:44,Diverse Power
Troup,2,2,17624,07-29-2024 14:22:44,Diverse Power
Troup,2,2,17623,07-29-2024 14:37:43,Diverse Power
Troup,2,2,17623,07-29-2024 14:52:42,Diverse Power
Troup,2,2,17623,07-29-2024 15:07:42,Diverse Power
Troup,2,2,17622,07-29-2024 15:22:42,Diverse Power
Troup,2,2,17622,07-29-2024 15:37:41,Diverse Power
Troup,2,2,17622,07-29-2024 15:52:41,Diverse Power
Troup,2,2,17622,07-29-2024 16:07:44,Diverse Power
Troup,3,3,17622,07-29-2024 16:22:43,Diverse Power
Troup,3,1,17622,07-29-2024 16:37:43,Diverse Power
Troup,4,2,17622,07-29-2024 16:52:43,Diverse Power
Troup,4,2,17622,07-29-2024 17:07:43,Diverse Power
Troup,2,2,17622,07-29-2024 17:22:43,Diverse Power
Troup,2,2,17622,07-29-2024 17:37:42,Diverse Power
Meriwether,1,1,2411,07-29-2024 17:37:42,Diverse Power
Troup,1,1,17623,07-29-2024 17:52:40,Diverse Power
Meriwether,1,1,2411,07-29-2024 17:52:40,Diverse Power
Meriwether,1,1,2411,07-29-2024 18:07:42,Diverse Power
Meriwether,1,1,2411,07-29-2024 18:22:43,Diverse Power
Meriwether,1,1,2411,07-29-2024 18:37:41,Diverse Power
Quitman,1,1,1297,07-29-2024 18:52:44,Diverse Power
Meriwether,1,1,2411,07-29-2024 18:52:44,Diverse Power
Quitman,3,3,1297,07-29-2024 19:07:42,Diverse Power
Meriwether,1,1,2411,07-29-2024 19:07:42,Diverse Power
Quitman,3,3,1297,07-29-2024 19:22:44,Diverse Power
Meriwether,1,1,2411,07-29-2024 19:22:44,Diverse Power
Quitman,3,3,1297,07-29-2024 19:37:43,Diverse Power
Meriwether,1,1,2411,07-29-2024 19:37:43,Diverse Power
Quitman,3,0,1297,07-29-2024 19:52:42,Diverse Power
Calhoun,1,1,1378,07-29-2024 19:52:42,Diverse Power
Meriwether,1,1,2411,07-29-2024 19:52:42,Diverse Power
Calhoun,1,1,1378,07-29-2024 20:07:44,Diverse Power
Meriwether,1,1,2411,07-29-2024 20:07:44,Diverse Power
Calhoun,1,1,1378,07-29-2024 20:22:46,Diverse Power
Meriwether,1,1,2412,07-29-2024 20:22:46,Diverse Power
Calhoun,1,1,1378,07-29-2024 20:37:45,Diverse Power
Calhoun,1,1,1378,07-29-2024 20:52:45,Diverse Power
Calhoun,1,1,1378,07-29-2024 21:07:45,Diverse Power
Calhoun,1,1,1378,07-29-2024 21:22:43,Diverse Power
Calhoun,1,1,1378,07-29-2024 21:37:43,Diverse Power
Calhoun,1,1,1378,07-29-2024 21:52:45,Diverse Power
Calhoun,1,1,1378,07-29-2024 22:07:48,Diverse Power
Quitman,4,4,1297,07-29-2024 22:22:47,Diverse Power
Quitman,4,4,1297,07-29-2024 22:37:44,Diverse Power
Quitman,4,4,1297,07-29-2024 22:52:45,Diverse Power
Harris,9,9,8236,07-30-2024 01:22:45,Diverse Power
Harris,11,11,8236,07-30-2024 01:37:45,Diverse Power
Harris,12,12,8236,07-30-2024 01:52:46,Diverse Power
Troup,1,1,17619,07-30-2024 02:07:45,Diverse Power
Harris,15,15,8236,07-30-2024 02:07:45,Diverse Power
Troup,1,1,17619,07-30-2024 02:22:46,Diverse Power
Harris,15,15,8236,07-30-2024 02:22:46,Diverse Power
Harris,15,15,8236,07-30-2024 02:37:44,Diverse Power
Harris,12,12,8236,07-30-2024 02:52:45,Diverse Power
Harris,12,12,8236,07-30-2024 03:07:43,Diverse Power
Harris,12,12,8236,07-30-2024 03:22:42,Diverse Power
Harris,10,10,8236,07-30-2024 03:37:41,Diverse Power
Harris,10,10,8236,07-30-2024 03:52:42,Diverse Power
Harris,10,10,8236,07-30-2024 04:07:43,Diverse Power
Harris,10,10,8236,07-30-2024 04:22:42,Diverse Power
Troup,3,3,17619,07-30-2024 04:37:41,Diverse Power
Harris,10,10,8236,07-30-2024 04:37:41,Diverse Power
Troup,16,16,17619,07-30-2024 04:52:41,Diverse Power
Harris,9,9,8236,07-30-2024 04:52:41,Diverse Power
Troup,16,16,17619,07-30-2024 05:07:43,Diverse Power
Harris,9,9,8236,07-30-2024 05:07:43,Diverse Power
Troup,16,16,17619,07-30-2024 05:22:41,Diverse Power
Harris,9,9,8236,07-30-2024 05:22:41,Diverse Power
Troup,16,16,17619,07-30-2024 05:37:41,Diverse Power
Harris,9,0,8236,07-30-2024 05:37:41,Diverse Power
Troup,16,16,17619,07-30-2024 05:52:43,Diverse Power
Troup,16,0,17619,07-30-2024 06:07:41,Diverse Power
Chambers,1,1,678,07-30-2024 10:37:44,Diverse Power
Chambers,1,1,678,07-30-2024 10:52:44,Diverse Power
Chambers,1,1,678,07-30-2024 11:07:43,Diverse Power
Chambers,1,1,678,07-30-2024 11:22:41,Diverse Power
Chambers,1,1,678,07-30-2024 11:37:43,Diverse Power
Chambers,1,1,678,07-30-2024 11:52:42,Diverse Power
Chambers,1,1,678,07-30-2024 12:07:42,Diverse Power
Chambers,1,0,678,07-30-2024 12:22:45,Diverse Power
Chambers,1,0,678,07-30-2024 12:37:45,Diverse Power
Harris,1,1,8236,07-30-2024 14:37:46,Diverse Power
Harris,1,1,8236,07-30-2024 14:52:45,Diverse Power
Harris,1,1,8236,07-30-2024 15:07:47,Diverse Power
Troup,2,2,17617,07-30-2024 15:22:49,Diverse Power
Harris,1,1,8236,07-30-2024 15:22:49,Diverse Power
Troup,2,2,17617,07-30-2024 15:37:47,Diverse Power
Harris,1,1,8236,07-30-2024 15:37:47,Diverse Power
Harris,1,1,8236,07-30-2024 15:52:50,Diverse Power
Harris,1,0,8235,07-30-2024 16:07:46,Diverse Power
Harris,1,0,8235,07-30-2024 16:22:45,Diverse Power
Troup,5,5,17617,07-30-2024 16:37:44,Diverse Power
Harris,1,0,8235,07-30-2024 16:37:44,Diverse Power
Troup,5,5,17618,07-30-2024 16:52:43,Diverse Power
Harris,1,0,8235,07-30-2024 16:52:43,Diverse Power
Troup,5,5,17618,07-30-2024 17:07:45,Diverse Power
Troup,5,5,17618,07-30-2024 17:22:44,Diverse Power
Troup,5,5,17618,07-30-2024 17:37:46,Diverse Power
Troup,5,5,17617,07-30-2024 17:52:50,Diverse Power
Troup,5,5,17617,07-30-2024 18:07:46,Diverse Power
Troup,5,0,17617,07-30-2024 18:22:44,Diverse Power
Troup,5,0,17617,07-30-2024 18:37:45,Diverse Power
Meriwether,1,1,2411,07-30-2024 18:52:47,Diverse Power
Meriwether,1,1,2411,07-30-2024 19:07:44,Diverse Power
Meriwether,1,1,2411,07-30-2024 19:22:44,Diverse Power
Meriwether,1,0,2411,07-30-2024 19:37:44,Diverse Power
Meriwether,1,1,2412,07-30-2024 23:52:41,Diverse Power
Clay,1,1,977,07-31-2024 00:07:41,Diverse Power
Meriwether,1,1,2412,07-31-2024 00:07:41,Diverse Power
Clay,1,1,977,07-31-2024 00:22:40,Diverse Power
Meriwether,1,1,2412,07-31-2024 00:22:40,Diverse Power
Clay,1,1,977,07-31-2024 00:37:40,Diverse Power
Meriwether,1,1,2412,07-31-2024 00:37:40,Diverse Power
Clay,1,1,977,07-31-2024 00:52:41,Diverse Power
Clay,1,1,977,07-31-2024 01:07:42,Diverse Power
Clay,1,1,977,07-31-2024 01:22:43,Diverse Power
Harris,4,4,8235,07-31-2024 02:07:45,Diverse Power
Harris,4,4,8235,07-31-2024 02:22:45,Diverse Power
Troup,1,1,17616,07-31-2024 02:37:45,Diverse Power
Harris,4,4,8235,07-31-2024 02:37:45,Diverse Power
Troup,45,45,17616,07-31-2024 02:52:45,Diverse Power
Harris,4,4,8235,07-31-2024 02:52:45,Diverse Power
Troup,45,45,17616,07-31-2024 03:07:46,Diverse Power
Harris,4,4,8235,07-31-2024 03:07:46,Diverse Power
Troup,29,29,17616,07-31-2024 03:22:43,Diverse Power
Chambers,1,1,678,07-31-2024 03:22:43,Diverse Power
Troup,29,29,17616,07-31-2024 03:37:42,Diverse Power
Meriwether,4,4,2412,07-31-2024 03:37:42,Diverse Power
Chambers,1,1,678,07-31-2024 03:37:42,Diverse Power
Harris,165,165,8235,07-31-2024 03:37:42,Diverse Power
Troup,29,29,17616,07-31-2024 03:52:42,Diverse Power
Meriwether,4,4,2412,07-31-2024 03:52:42,Diverse Power
Chambers,1,1,678,07-31-2024 03:52:42,Diverse Power
Harris,321,321,8235,07-31-2024 03:52:42,Diverse Power
Meriwether,4,4,2412,07-31-2024 04:07:42,Diverse Power
Chambers,1,1,678,07-31-2024 04:07:42,Diverse Power
Harris,321,321,8235,07-31-2024 04:07:42,Diverse Power
Meriwether,4,4,2412,07-31-2024 04:22:42,Diverse Power
Chambers,1,1,678,07-31-2024 04:22:42,Diverse Power
Harris,324,324,8235,07-31-2024 04:22:42,Diverse Power
Meriwether,4,4,2412,07-31-2024 04:37:43,Diverse Power
Chambers,1,0,678,07-31-2024 04:37:43,Diverse Power
Harris,324,324,8235,07-31-2024 04:37:43,Diverse Power
Troup,4,4,17616,07-31-2024 04:52:43,Diverse Power
Meriwether,4,4,2412,07-31-2024 04:52:43,Diverse Power
Harris,324,324,8235,07-31-2024 04:52:43,Diverse Power
Troup,4,4,17616,07-31-2024 05:07:43,Diverse Power
Meriwether,4,4,2412,07-31-2024 05:07:43,Diverse Power
Harris,324,324,8235,07-31-2024 05:07:43,Diverse Power
Troup,4,4,17616,07-31-2024 05:22:43,Diverse Power
Harris,91,91,8235,07-31-2024 05:22:43,Diverse Power
Troup,4,4,17616,07-31-2024 05:37:42,Diverse Power
Harris,89,89,8235,07-31-2024 05:37:42,Diverse Power
Troup,3,3,17616,07-31-2024 05:52:41,Diverse Power
Harris,89,89,8235,07-31-2024 05:52:41,Diverse Power
Troup,3,3,17616,07-31-2024 06:07:41,Diverse Power
Harris,89,89,8235,07-31-2024 06:07:41,Diverse Power
Harris,67,67,8235,07-31-2024 06:22:41,Diverse Power
Harris,67,67,8235,07-31-2024 06:37:42,Diverse Power
Harris,67,67,8235,07-31-2024 06:52:42,Diverse Power
Harris,66,66,8235,07-31-2024 07:07:42,Diverse Power
Harris,65,62,8235,07-31-2024 07:22:43,Diverse Power
Harris,51,48,8235,07-31-2024 07:37:41,Diverse Power
Troup,3,3,17616,07-31-2024 07:52:44,Diverse Power
Harris,48,48,8235,07-31-2024 07:52:44,Diverse Power
Troup,2,2,17616,07-31-2024 08:07:42,Diverse Power
Harris,48,48,8235,07-31-2024 08:07:42,Diverse Power
Troup,2,2,17616,07-31-2024 08:22:41,Diverse Power
Harris,39,39,8235,07-31-2024 08:22:41,Diverse Power
Troup,2,2,17616,07-31-2024 08:37:40,Diverse Power
Harris,39,39,8235,07-31-2024 08:37:40,Diverse Power
Troup,5,5,17616,07-31-2024 08:52:40,Diverse Power
Harris,27,27,8235,07-31-2024 08:52:40,Diverse Power
Troup,5,5,17616,07-31-2024 09:07:41,Diverse Power
Harris,27,27,8235,07-31-2024 09:07:41,Diverse Power
Troup,5,5,17616,07-31-2024 09:22:40,Diverse Power
Harris,27,27,8235,07-31-2024 09:22:40,Diverse Power
Troup,3,3,17616,07-31-2024 09:37:40,Diverse Power
Harris,28,28,8235,07-31-2024 09:37:40,Diverse Power
Troup,3,3,17616,07-31-2024 09:52:40,Diverse Power
Harris,28,28,8235,07-31-2024 09:52:40,Diverse Power
Troup,3,3,17616,07-31-2024 10:07:41,Diverse Power
Harris,27,27,8235,07-31-2024 10:07:41,Diverse Power
Troup,3,3,17616,07-31-2024 10:22:42,Diverse Power
Harris,38,38,8235,07-31-2024 10:22:42,Diverse Power
Troup,3,3,17616,07-31-2024 10:37:42,Diverse Power
Harris,38,38,8235,07-31-2024 10:37:42,Diverse Power
Harris,42,42,8235,07-31-2024 10:52:42,Diverse Power
Harris,42,42,8235,07-31-2024 11:07:41,Diverse Power
Chambers,1,1,678,07-31-2024 11:22:40,Diverse Power
Harris,42,42,8235,07-31-2024 11:22:40,Diverse Power
Chambers,1,1,678,07-31-2024 11:37:43,Diverse Power
Harris,43,43,8235,07-31-2024 11:37:43,Diverse Power
Calhoun,2,2,1378,07-31-2024 11:52:42,Diverse Power
Chambers,1,1,678,07-31-2024 11:52:42,Diverse Power
Harris,42,42,8235,07-31-2024 11:52:42,Diverse Power
Chambers,1,1,678,07-31-2024 12:07:42,Diverse Power
Harris,42,42,8235,07-31-2024 12:07:42,Diverse Power
Chambers,1,1,678,07-31-2024 12:22:43,Diverse Power
Harris,42,42,8234,07-31-2024 12:22:43,Diverse Power
Harris,42,42,8234,07-31-2024 12:37:42,Diverse Power
Troup,1,1,17616,07-31-2024 12:52:42,Diverse Power
Meriwether,1,1,2412,07-31-2024 12:52:42,Diverse Power
Harris,13,13,8234,07-31-2024 12:52:42,Diverse Power
Troup,1,1,17616,07-31-2024 13:07:43,Diverse Power
Meriwether,1,1,2412,07-31-2024 13:07:43,Diverse Power
Harris,13,13,8234,07-31-2024 13:07:43,Diverse Power
Troup,1,1,17615,07-31-2024 13:22:41,Diverse Power
Meriwether,1,1,2412,07-31-2024 13:22:41,Diverse Power
Harris,15,9,8234,07-31-2024 13:22:41,Diverse Power
Troup,5,5,17614,07-31-2024 13:37:44,Diverse Power
Muscogee,10,10,2687,07-31-2024 13:37:44,Diverse Power
Calhoun,13,13,1378,07-31-2024 13:37:44,Diverse Power
Meriwether,1,1,2412,07-31-2024 13:37:44,Diverse Power
Harris,3,3,8234,07-31-2024 13:37:44,Diverse Power
Troup,1,1,17614,07-31-2024 13:52:43,Diverse Power
Muscogee,10,10,2687,07-31-2024 13:52:43,Diverse Power
Calhoun,13,13,1378,07-31-2024 13:52:43,Diverse Power
Meriwether,1,1,2412,07-31-2024 13:52:43,Diverse Power
Harris,3,3,8234,07-31-2024 13:52:43,Diverse Power
Muscogee,10,10,2687,07-31-2024 14:07:44,Diverse Power
Meriwether,1,1,2412,07-31-2024 14:07:44,Diverse Power
Harris,3,3,8234,07-31-2024 14:07:44,Diverse Power
Muscogee,10,10,2687,07-31-2024 14:22:46,Diverse Power
Meriwether,1,1,2412,07-31-2024 14:22:46,Diverse Power
Harris,4,4,8234,07-31-2024 14:22:46,Diverse Power
Muscogee,10,10,2687,07-31-2024 14:37:40,Diverse Power
Harris,4,4,8235,07-31-2024 14:37:40,Diverse Power
Troup,4,4,17613,07-31-2024 14:52:40,Diverse Power
Muscogee,10,10,2687,07-31-2024 14:52:40,Diverse Power
Harris,2,2,8235,07-31-2024 14:52:40,Diverse Power
Muscogee,10,10,2687,07-31-2024 15:07:42,Diverse Power
Harris,2,2,8236,07-31-2024 15:07:42,Diverse Power
Muscogee,10,10,2687,07-31-2024 15:22:43,Diverse Power
Harris,2,2,8236,07-31-2024 15:22:43,Diverse Power
Muscogee,10,10,2687,07-31-2024 15:37:47,Diverse Power
Harris,2,2,8236,07-31-2024 15:37:47,Diverse Power
Harris,2,2,8236,07-31-2024 15:52:47,Diverse Power
Clay,2,2,977,07-31-2024 16:07:48,Diverse Power
Harris,2,2,8236,07-31-2024 16:07:48,Diverse Power
Clay,2,2,977,07-31-2024 16:22:46,Diverse Power
Harris,2,2,8236,07-31-2024 16:22:46,Diverse Power
Clay,2,2,977,07-31-2024 16:37:46,Diverse Power
Harris,2,2,8236,07-31-2024 16:37:46,Diverse Power
Troup,1,1,17613,07-31-2024 16:52:44,Diverse Power
Clay,2,2,977,07-31-2024 16:52:44,Diverse Power
Troup,1,1,17613,07-31-2024 17:07:45,Diverse Power
Troup,1,1,17613,07-31-2024 17:22:43,Diverse Power
Troup,1,1,17613,07-31-2024 17:37:44,Diverse Power
Troup,1,1,17613,07-31-2024 17:52:43,Diverse Power
Troup,1,1,17613,07-31-2024 18:07:46,Diverse Power
Troup,1,1,17613,07-31-2024 18:22:44,Diverse Power
Troup,1,1,17613,07-31-2024 18:37:45,Diverse Power
Meriwether,18,18,2412,07-31-2024 19:37:45,Diverse Power
Meriwether,18,18,2412,07-31-2024 19:52:45,Diverse Power
Meriwether,18,18,2412,07-31-2024 20:07:44,Diverse Power
Meriwether,18,18,2412,07-31-2024 20:22:44,Diverse Power
Meriwether,18,18,2412,07-31-2024 20:37:44,Diverse Power
Meriwether,2,2,2412,07-31-2024 20:52:46,Diverse Power
Meriwether,1,1,2412,07-31-2024 21:07:43,Diverse Power
Meriwether,28,28,2412,07-31-2024 21:52:43,Diverse Power
Meriwether,28,28,2412,07-31-2024 22:07:44,Diverse Power
Meriwether,28,28,2412,07-31-2024 22:22:43,Diverse Power
Troup,1,1,17614,07-31-2024 22:37:43,Diverse Power
Troup,1,1,17614,07-31-2024 22:52:45,Diverse Power
Troup,1,1,17614,07-31-2024 23:07:44,Diverse Power
Troup,1,1,17614,07-31-2024 23:22:42,Diverse Power
Harris,2,2,8236,08-01-2024 01:07:44,Diverse Power
Calhoun,1,1,1378,08-01-2024 01:22:44,Diverse Power
Meriwether,4,4,2412,08-01-2024 01:22:44,Diverse Power
Harris,26,26,8236,08-01-2024 01:22:44,Diverse Power
Calhoun,1,1,1378,08-01-2024 01:37:46,Diverse Power
Meriwether,4,4,2412,08-01-2024 01:37:46,Diverse Power
Harris,26,26,8236,08-01-2024 01:37:46,Diverse Power
Calhoun,1,1,1378,08-01-2024 01:52:46,Diverse Power
Meriwether,4,4,2412,08-01-2024 01:52:46,Diverse Power
Harris,26,26,8236,08-01-2024 01:52:46,Diverse Power
Calhoun,1,1,1378,08-01-2024 02:07:43,Diverse Power
Harris,7,7,8236,08-01-2024 02:07:43,Diverse Power
Calhoun,1,1,1378,08-01-2024 02:22:43,Diverse Power
Harris,7,7,8236,08-01-2024 02:22:43,Diverse Power
Calhoun,1,1,1378,08-01-2024 02:37:43,Diverse Power
Harris,7,7,8236,08-01-2024 02:37:43,Diverse Power
Calhoun,1,1,1378,08-01-2024 02:52:44,Diverse Power
Calhoun,1,1,1378,08-01-2024 03:07:43,Diverse Power
Calhoun,1,1,1378,08-01-2024 03:22:45,Diverse Power
Calhoun,1,1,1378,08-01-2024 03:37:42,Diverse Power
Calhoun,1,1,1378,08-01-2024 03:52:44,Diverse Power
Calhoun,1,1,1378,08-01-2024 04:07:41,Diverse Power
Troup,14,14,17614,08-01-2024 04:22:42,Diverse Power
Calhoun,1,1,1378,08-01-2024 04:22:42,Diverse Power
Troup,14,14,17614,08-01-2024 04:37:41,Diverse Power
Calhoun,1,1,1378,08-01-2024 04:37:41,Diverse Power
Troup,14,14,17614,08-01-2024 04:52:41,Diverse Power
Calhoun,1,1,1378,08-01-2024 04:52:41,Diverse Power
Troup,14,14,17614,08-01-2024 05:07:40,Diverse Power
Troup,7,7,17614,08-01-2024 05:22:40,Diverse Power
Troup,7,7,17614,08-01-2024 05:37:40,Diverse Power
Troup,7,7,17614,08-01-2024 05:52:40,Diverse Power
Troup,1,1,17614,08-01-2024 11:22:42,Diverse Power
Troup,1,1,17614,08-01-2024 11:37:41,Diverse Power
Troup,1,0,17614,08-01-2024 11:52:40,Diverse Power
Troup,1,1,17608,08-01-2024 17:52:42,Diverse Power
Troup,1,1,17608,08-01-2024 18:07:47,Diverse Power
Troup,1,1,17608,08-01-2024 18:22:43,Diverse Power
Troup,1,1,17608,08-01-2024 18:37:43,Diverse Power
Troup,1,1,17608,08-01-2024 18:52:42,Diverse Power
Troup,1,1,17608,08-01-2024 19:07:41,Diverse Power
Troup,1,1,17608,08-01-2024 19:22:41,Diverse Power
Troup,1,1,17608,08-01-2024 19:37:42,Diverse Power
Troup,1,1,17608,08-01-2024 19:52:43,Diverse Power
Heard,1,1,462,08-01-2024 22:52:45,Diverse Power
Heard,1,1,462,08-01-2024 23:07:40,Diverse Power
Heard,1,1,462,08-01-2024 23:22:41,Diverse Power
Muscogee,69,69,2687,08-02-2024 02:37:42,Diverse Power
Muscogee,69,69,2687,08-02-2024 02:52:44,Diverse Power
Muscogee,69,69,2687,08-02-2024 03:07:40,Diverse Power
Muscogee,69,69,2687,08-02-2024 03:22:41,Diverse Power
Muscogee,69,69,2687,08-02-2024 03:37:42,Diverse Power
Muscogee,69,69,2687,08-02-2024 03:52:42,Diverse Power
Muscogee,69,69,2687,08-02-2024 04:07:50,Diverse Power
Muscogee,69,69,2687,08-02-2024 04:22:42,Diverse Power
Muscogee,69,69,2687,08-02-2024 04:37:45,Diverse Power
Muscogee,69,69,2687,08-02-2024 04:52:43,Diverse Power
Muscogee,69,69,2687,08-02-2024 05:07:40,Diverse Power
Muscogee,69,69,2687,08-02-2024 05:22:39,Diverse Power
Muscogee,69,69,2687,08-02-2024 05:37:39,Diverse Power
Muscogee,69,69,2687,08-02-2024 05:52:40,Diverse Power
Muscogee,69,69,2687,08-02-2024 06:07:40,Diverse Power
Muscogee,69,69,2687,08-02-2024 06:22:41,Diverse Power
Muscogee,69,69,2687,08-02-2024 06:37:39,Diverse Power
Muscogee,69,69,2687,08-02-2024 06:52:39,Diverse Power
Muscogee,69,69,2687,08-02-2024 07:07:42,Diverse Power
Muscogee,69,69,2687,08-02-2024 07:22:41,Diverse Power
Muscogee,69,69,2687,08-02-2024 07:37:40,Diverse Power
Muscogee,69,69,2687,08-02-2024 07:52:41,Diverse Power
Muscogee,69,69,2687,08-02-2024 08:07:42,Diverse Power
Quitman,1,1,1300,08-02-2024 08:22:41,Diverse Power
Muscogee,69,69,2687,08-02-2024 08:22:41,Diverse Power
Quitman,1,1,1300,08-02-2024 08:37:42,Diverse Power
Muscogee,69,69,2687,08-02-2024 08:37:42,Diverse Power
Quitman,1,1,1300,08-02-2024 08:52:42,Diverse Power
Muscogee,69,69,2687,08-02-2024 08:52:42,Diverse Power
Quitman,1,1,1300,08-02-2024 09:07:42,Diverse Power
Muscogee,69,69,2687,08-02-2024 09:07:42,Diverse Power
Quitman,1,1,1300,08-02-2024 09:22:41,Diverse Power
Muscogee,69,69,2687,08-02-2024 09:22:41,Diverse Power
Muscogee,69,69,2687,08-02-2024 09:37:40,Diverse Power
Muscogee,69,69,2687,08-02-2024 09:52:40,Diverse Power
Muscogee,69,69,2687,08-02-2024 10:07:40,Diverse Power
Muscogee,69,69,2687,08-02-2024 10:22:40,Diverse Power
Muscogee,73,4,2687,08-02-2024 10:37:41,Diverse Power
Muscogee,69,0,2687,08-02-2024 10:52:41,Diverse Power
Muscogee,69,0,2687,08-02-2024 11:07:40,Diverse Power
Quitman,1,1,1300,08-02-2024 13:52:41,Diverse Power
Troup,2,2,17608,08-02-2024 13:52:41,Diverse Power
Troup,3,3,17608,08-02-2024 14:07:41,Diverse Power
Troup,1,1,17608,08-02-2024 14:22:43,Diverse Power
Troup,1,1,17608,08-02-2024 14:37:42,Diverse Power
Troup,1,1,17608,08-02-2024 14:52:43,Diverse Power
Troup,1,1,17609,08-02-2024 15:07:44,Diverse Power
Troup,1,1,17609,08-02-2024 15:22:42,Diverse Power
Troup,6,6,17609,08-02-2024 15:37:42,Diverse Power
Harris,2,2,8237,08-02-2024 15:37:42,Diverse Power
Harris,2,2,8237,08-02-2024 15:52:43,Diverse Power
Harris,2,2,8237,08-02-2024 16:07:42,Diverse Power
Harris,13,13,8236,08-02-2024 20:07:45,Diverse Power
Harris,1,1,8237,08-02-2024 23:23:01,Diverse Power
Troup,13,13,17609,08-03-2024 03:07:42,Diverse Power
Troup,13,13,17609,08-03-2024 03:22:43,Diverse Power
Troup,13,13,17609,08-03-2024 03:37:47,Diverse Power
Harris,1,1,8237,08-03-2024 03:37:47,Diverse Power
Troup,13,13,17609,08-03-2024 03:52:40,Diverse Power
Harris,23,23,8237,08-03-2024 03:52:40,Diverse Power
Troup,13,13,17609,08-03-2024 04:07:41,Diverse Power
Harris,23,23,8237,08-03-2024 04:07:41,Diverse Power
Troup,13,13,17609,08-03-2024 04:22:41,Diverse Power
Harris,23,23,8237,08-03-2024 04:22:41,Diverse Power
Harris,23,23,8237,08-03-2024 04:37:41,Diverse Power
Harris,23,23,8237,08-03-2024 04:52:42,Diverse Power
Troup,1,1,17609,08-03-2024 06:52:43,Diverse Power
Troup,1,1,17609,08-03-2024 07:07:44,Diverse Power
Troup,1,1,17609,08-03-2024 07:22:44,Diverse Power
Troup,1,1,17609,08-03-2024 07:37:42,Diverse Power
Harris,1,1,8237,08-03-2024 13:37:43,Diverse Power
Harris,1,1,8237,08-04-2024 16:52:43,Diverse Power
Quitman,5,5,1300,08-05-2024 00:22:41,Diverse Power
Quitman,5,5,1300,08-05-2024 00:37:40,Diverse Power
Quitman,5,5,1300,08-05-2024 00:52:41,Diverse Power
Quitman,5,5,1300,08-05-2024 01:07:41,Diverse Power
Quitman,5,5,1300,08-05-2024 01:22:41,Diverse Power
Quitman,5,5,1300,08-05-2024 01:37:41,Diverse Power
Quitman,5,5,1300,08-05-2024 01:52:40,Diverse Power
Quitman,5,5,1300,08-05-2024 02:07:40,Diverse Power
Quitman,5,5,1300,08-05-2024 02:22:40,Diverse Power
Quitman,5,5,1300,08-05-2024 02:37:40,Diverse Power
Quitman,5,5,1300,08-05-2024 02:52:40,Diverse Power
Quitman,5,5,1300,08-05-2024 03:07:40,Diverse Power
Harris,2,2,8237,08-05-2024 03:07:40,Diverse Power
Harris,2,2,8237,08-05-2024 03:22:42,Diverse Power
Harris,2,2,8237,08-05-2024 03:37:41,Diverse Power
Harris,2,2,8237,08-05-2024 03:52:40,Diverse Power
Harris,2,2,8237,08-05-2024 04:07:40,Diverse Power
Harris,1,1,8237,08-05-2024 06:52:42,Diverse Power
Harris,1,1,8237,08-05-2024 07:07:40,Diverse Power
Harris,1,1,8237,08-05-2024 07:22:41,Diverse Power
Heard,1,1,462,08-05-2024 11:37:40,Diverse Power
Heard,1,1,462,08-05-2024 11:52:42,Diverse Power
Harris,4,4,8237,08-05-2024 11:52:42,Diverse Power
Heard,1,1,462,08-05-2024 12:07:40,Diverse Power
Harris,4,4,8237,08-05-2024 12:07:40,Diverse Power
Heard,1,1,462,08-05-2024 12:22:41,Diverse Power
Harris,4,4,8237,08-05-2024 12:22:41,Diverse Power
Heard,1,1,462,08-05-2024 12:37:40,Diverse Power
Harris,4,4,8237,08-05-2024 12:37:40,Diverse Power
Heard,1,1,462,08-05-2024 12:52:41,Diverse Power
Harris,4,4,8237,08-05-2024 12:52:41,Diverse Power
Heard,1,1,462,08-05-2024 13:07:41,Diverse Power
Harris,4,4,8237,08-05-2024 13:07:41,Diverse Power
Heard,7,7,462,08-05-2024 13:22:42,Diverse Power
Harris,4,4,8237,08-05-2024 13:22:42,Diverse Power
Heard,7,7,460,08-05-2024 13:37:42,Diverse Power
Harris,4,4,8237,08-05-2024 13:37:42,Diverse Power
Heard,7,7,457,08-05-2024 13:52:46,Diverse Power
Harris,4,4,8237,08-05-2024 13:52:46,Diverse Power
Heard,7,7,457,08-05-2024 14:07:45,Diverse Power
Harris,4,4,8237,08-05-2024 14:07:45,Diverse Power
Harris,4,4,8236,08-05-2024 14:22:42,Diverse Power
Harris,4,4,8235,08-05-2024 14:37:43,Diverse Power
Harris,4,4,8236,08-05-2024 14:52:43,Diverse Power
Harris,4,4,8236,08-05-2024 15:07:45,Diverse Power
Harris,4,4,8236,08-05-2024 15:22:44,Diverse Power
Harris,4,4,8236,08-05-2024 15:37:47,Diverse Power
Troup,4,4,17600,08-05-2024 18:07:45,Diverse Power
Randolph,1,1,1745,08-05-2024 18:22:48,Diverse Power
Randolph,16,16,1745,08-05-2024 18:37:44,Diverse Power
Randolph,16,16,1745,08-05-2024 18:52:42,Diverse Power
Randolph,16,16,1745,08-05-2024 19:07:45,Diverse Power
Calhoun,4,4,1378,08-05-2024 19:37:48,Diverse Power
Calhoun,4,4,1378,08-05-2024 19:52:50,Diverse Power
Calhoun,4,4,1378,08-05-2024 20:07:49,Diverse Power
Calhoun,4,4,1378,08-05-2024 20:22:44,Diverse Power
Calhoun,4,4,1378,08-05-2024 20:37:43,Diverse Power
Calhoun,4,4,1378,08-05-2024 20:52:58,Diverse Power
Calhoun,4,4,1378,08-05-2024 21:07:43,Diverse Power
Meriwether,4,4,2399,08-05-2024 22:37:45,Diverse Power
Harris,366,366,8238,08-05-2024 22:52:57,Diverse Power
Harris,269,269,8238,08-05-2024 23:07:46,Diverse Power
Harris,366,366,8238,08-05-2024 23:22:45,Diverse Power
Harris,366,366,8238,08-05-2024 23:37:46,Diverse Power
Harris,366,366,8238,08-05-2024 23:52:44,Diverse Power
Harris,6,6,8238,08-06-2024 00:07:45,Diverse Power
Calhoun,1,1,1378,08-06-2024 12:37:42,Diverse Power
Harris,2,2,8213,08-06-2024 15:07:49,Diverse Power
Harris,2,2,8215,08-06-2024 15:22:46,Diverse Power
Harris,2,2,8216,08-06-2024 15:37:44,Diverse Power
Harris,2,2,8216,08-06-2024 15:52:43,Diverse Power
Harris,1,1,8218,08-06-2024 16:22:45,Diverse Power
Harris,2,2,8218,08-06-2024 17:52:41,Diverse Power
Muscogee,1,1,2673,08-06-2024 20:07:46,Diverse Power
Harris,2,2,8226,08-06-2024 20:22:45,Diverse Power
Harris,2,2,8226,08-06-2024 20:37:47,Diverse Power
Harris,2,2,8227,08-06-2024 20:52:43,Diverse Power
Harris,2,2,8227,08-06-2024 21:07:45,Diverse Power
Troup,1,1,17611,08-07-2024 00:37:42,Diverse Power
Troup,1,1,17611,08-07-2024 00:52:42,Diverse Power
Troup,1,1,17611,08-07-2024 01:07:43,Diverse Power
Troup,1,1,17611,08-07-2024 01:22:42,Diverse Power
Troup,1,1,17611,08-07-2024 01:37:41,Diverse Power
Troup,1,1,17611,08-07-2024 01:52:41,Diverse Power
Troup,1,1,17611,08-07-2024 02:07:41,Diverse Power
Troup,1,1,17611,08-07-2024 02:22:41,Diverse Power
Troup,1,1,17611,08-07-2024 02:37:41,Diverse Power
Quitman,173,173,1300,08-07-2024 12:22:43,Diverse Power
Randolph,19,19,1745,08-07-2024 12:22:43,Diverse Power
Quitman,1,1,1300,08-07-2024 12:37:42,Diverse Power
Randolph,1,1,1745,08-07-2024 13:07:45,Diverse Power
Randolph,1,1,1745,08-07-2024 13:22:44,Diverse Power
Randolph,1,1,1745,08-07-2024 13:37:45,Diverse Power
Randolph,1,1,1745,08-07-2024 13:52:44,Diverse Power
Troup,482,482,17595,08-07-2024 13:52:44,Diverse Power
Meriwether,46,46,2407,08-07-2024 13:52:44,Diverse Power
Heard,2,2,461,08-07-2024 14:07:44,Diverse Power
Randolph,1,1,1745,08-07-2024 14:07:44,Diverse Power
Troup,2343,2343,17595,08-07-2024 14:07:44,Diverse Power
Coweta,2,2,15,08-07-2024 14:07:44,Diverse Power
Meriwether,59,59,2407,08-07-2024 14:07:44,Diverse Power
Heard,2,2,461,08-07-2024 14:22:43,Diverse Power
Randolph,1,1,1745,08-07-2024 14:22:43,Diverse Power
Troup,2343,2343,17595,08-07-2024 14:22:43,Diverse Power
Coweta,2,2,15,08-07-2024 14:22:43,Diverse Power
Meriwether,59,59,2407,08-07-2024 14:22:43,Diverse Power
Troup,1,1,17601,08-07-2024 16:37:42,Diverse Power
Troup,1,1,17601,08-07-2024 16:52:41,Diverse Power
Troup,1,1,17601,08-07-2024 17:07:42,Diverse Power
Harris,8,8,8214,08-07-2024 17:07:42,Diverse Power
Troup,1,1,17601,08-07-2024 17:22:46,Diverse Power
Harris,8,8,8214,08-07-2024 17:22:46,Diverse Power
Troup,1,1,17601,08-07-2024 17:37:45,Diverse Power
Harris,8,8,8215,08-07-2024 17:37:45,Diverse Power
Troup,1,1,17601,08-07-2024 17:52:43,Diverse Power
Harris,8,8,8216,08-07-2024 17:52:43,Diverse Power
Troup,1,1,17601,08-07-2024 18:07:45,Diverse Power
Harris,8,8,8216,08-07-2024 18:07:45,Diverse Power
Troup,1,1,17601,08-07-2024 18:22:44,Diverse Power
Troup,2,2,17601,08-07-2024 18:37:45,Diverse Power
Troup,1,1,17602,08-07-2024 18:52:46,Diverse Power
Troup,1,1,17602,08-07-2024 19:07:42,Diverse Power
Troup,1,1,17602,08-07-2024 19:22:41,Diverse Power
Harris,1,1,8217,08-07-2024 19:22:41,Diverse Power
Troup,1,1,17603,08-07-2024 19:37:43,Diverse Power
Troup,1,1,17603,08-07-2024 19:52:45,Diverse Power
Troup,1,1,17604,08-07-2024 22:22:54,Diverse Power
Troup,1,1,17604,08-07-2024 22:37:56,Diverse Power
Troup,1,1,17604,08-07-2024 22:52:42,Diverse Power
Troup,1,1,17604,08-07-2024 23:07:41,Diverse Power
Troup,1,1,17605,08-07-2024 23:22:40,Diverse Power
Troup,1,1,17605,08-07-2024 23:37:40,Diverse Power
Troup,1,1,17605,08-07-2024 23:52:40,Diverse Power
Troup,1,1,17602,08-08-2024 00:07:40,Diverse Power
Troup,1,1,17602,08-08-2024 00:22:40,Diverse Power
Troup,1,0,17602,08-08-2024 00:37:40,Diverse Power
Troup,1,0,17602,08-08-2024 00:52:40,Diverse Power
Harris,1,1,8221,08-08-2024 14:22:45,Diverse Power
Harris,2,2,8221,08-08-2024 14:37:43,Diverse Power
Harris,1,1,8221,08-08-2024 14:52:43,Diverse Power
Harris,1,1,8221,08-08-2024 15:07:44,Diverse Power
Harris,1,1,8221,08-08-2024 15:22:43,Diverse Power
Harris,1,1,8220,08-08-2024 15:37:42,Diverse Power
Harris,1,1,8220,08-08-2024 15:52:43,Diverse Power
Quitman,3,3,1300,08-08-2024 18:52:44,Diverse Power
Muscogee,1,1,2681,08-08-2024 20:22:42,Diverse Power
Muscogee,1,1,2681,08-08-2024 20:37:42,Diverse Power
Muscogee,1,1,2681,08-08-2024 20:52:42,Diverse Power
Muscogee,1,1,2681,08-08-2024 21:07:44,Diverse Power
Muscogee,1,1,2681,08-08-2024 21:22:42,Diverse Power
Muscogee,1,1,2681,08-08-2024 21:37:42,Diverse Power
Muscogee,1,1,2681,08-08-2024 21:52:41,Diverse Power
Muscogee,1,1,2681,08-08-2024 22:07:41,Diverse Power
Muscogee,1,1,2681,08-08-2024 22:22:42,Diverse Power
Muscogee,1,1,2680,08-08-2024 22:37:42,Diverse Power
Muscogee,1,1,2680,08-08-2024 22:52:41,Diverse Power
Troup,1,1,17589,08-09-2024 00:37:41,Diverse Power
Troup,1,1,17589,08-09-2024 00:52:41,Diverse Power
Troup,1,0,17590,08-09-2024 01:07:42,Diverse Power
Troup,2,2,17555,08-09-2024 19:07:46,Diverse Power
Troup,2,2,17568,08-09-2024 20:52:44,Diverse Power
Harris,4,4,8228,08-09-2024 21:07:43,Diverse Power
Harris,8,8,8228,08-09-2024 21:22:43,Diverse Power
Harris,4,4,8228,08-09-2024 21:37:42,Diverse Power
Harris,4,4,8229,08-09-2024 21:52:45,Diverse Power
Harris,4,4,8229,08-09-2024 22:07:43,Diverse Power
Harris,4,4,8230,08-09-2024 22:22:42,Diverse Power
Harris,4,4,8229,08-09-2024 22:37:41,Diverse Power
Harris,4,4,8229,08-09-2024 22:52:42,Diverse Power
Harris,4,4,8229,08-09-2024 23:07:44,Diverse Power
Harris,4,4,8229,08-09-2024 23:22:40,Diverse Power
Harris,4,0,8229,08-09-2024 23:37:42,Diverse Power
Troup,2,2,17582,08-10-2024 02:52:40,Diverse Power
Troup,5,5,17582,08-10-2024 03:37:41,Diverse Power
Troup,5,5,17582,08-10-2024 03:52:40,Diverse Power
Troup,5,5,17582,08-10-2024 04:07:41,Diverse Power
Harris,1,1,8230,08-10-2024 11:37:42,Diverse Power
Harris,2,2,8230,08-10-2024 11:52:41,Diverse Power
Harris,2,2,8230,08-10-2024 12:07:41,Diverse Power
Harris,2,2,8230,08-10-2024 12:22:43,Diverse Power
Calhoun,45,45,1378,08-10-2024 12:37:41,Diverse Power
Calhoun,102,102,1378,08-10-2024 12:52:42,Diverse Power
Calhoun,102,102,1378,08-10-2024 13:07:43,Diverse Power
Calhoun,102,102,1378,08-10-2024 13:22:42,Diverse Power
Calhoun,102,102,1378,08-10-2024 13:37:41,Diverse Power
Calhoun,102,102,1378,08-10-2024 13:52:43,Diverse Power
Calhoun,102,102,1378,08-10-2024 14:07:41,Diverse Power
Calhoun,102,102,1378,08-10-2024 14:22:42,Diverse Power
Calhoun,102,102,1378,08-10-2024 14:37:42,Diverse Power
Calhoun,102,102,1378,08-10-2024 14:52:41,Diverse Power
Calhoun,102,102,1378,08-10-2024 15:07:47,Diverse Power
Calhoun,102,102,1378,08-10-2024 15:22:42,Diverse Power
Calhoun,86,86,1378,08-10-2024 15:52:44,Diverse Power
Harris,4,4,8230,08-10-2024 17:37:56,Diverse Power
Harris,4,4,8230,08-10-2024 17:52:57,Diverse Power
Harris,4,4,8230,08-10-2024 18:07:58,Diverse Power
Harris,4,4,8230,08-10-2024 18:22:43,Diverse Power
Harris,4,4,8230,08-10-2024 18:37:41,Diverse Power
Harris,4,4,8230,08-10-2024 18:52:41,Diverse Power
Troup,5,5,17584,08-11-2024 02:37:41,Diverse Power
Troup,3,3,17584,08-11-2024 02:52:43,Diverse Power
Troup,3,3,17584,08-11-2024 03:07:42,Diverse Power
Troup,3,3,17584,08-11-2024 03:22:42,Diverse Power
Troup,3,0,17584,08-11-2024 03:37:43,Diverse Power
Troup,3,0,17584,08-11-2024 03:52:43,Diverse Power
Troup,3,0,17584,08-11-2024 04:07:43,Diverse Power
Troup,3,0,17584,08-11-2024 04:22:42,Diverse Power
Troup,3,0,17584,08-11-2024 04:37:42,Diverse Power
Troup,3,0,17584,08-11-2024 04:52:42,Diverse Power
Troup,3,0,17584,08-11-2024 05:07:43,Diverse Power
Troup,3,0,17584,08-11-2024 05:22:41,Diverse Power
Troup,3,0,17584,08-11-2024 05:37:45,Diverse Power
Troup,3,0,17584,08-11-2024 05:52:42,Diverse Power
Troup,3,0,17584,08-11-2024 06:07:44,Diverse Power
Troup,3,0,17584,08-11-2024 06:22:42,Diverse Power
Troup,3,0,17584,08-11-2024 06:37:42,Diverse Power
Troup,3,0,17584,08-11-2024 06:52:41,Diverse Power
Troup,3,0,17584,08-11-2024 07:07:43,Diverse Power
Troup,3,0,17584,08-11-2024 07:22:44,Diverse Power
Troup,3,0,17584,08-11-2024 07:37:42,Diverse Power
Troup,3,0,17584,08-11-2024 07:52:43,Diverse Power
Troup,3,0,17584,08-11-2024 08:07:44,Diverse Power
Troup,3,0,17584,08-11-2024 08:22:42,Diverse Power
Troup,3,0,17584,08-11-2024 08:37:42,Diverse Power
Troup,3,0,17584,08-11-2024 08:52:41,Diverse Power
Troup,3,0,17584,08-11-2024 09:07:41,Diverse Power
Troup,3,0,17584,08-11-2024 09:22:42,Diverse Power
Troup,3,0,17584,08-11-2024 09:37:41,Diverse Power
Troup,3,0,17584,08-11-2024 09:52:43,Diverse Power
Troup,2,2,17584,08-11-2024 13:37:42,Diverse Power
Troup,2,2,17584,08-11-2024 13:52:43,Diverse Power
Troup,2,2,17584,08-11-2024 14:07:42,Diverse Power
Troup,2,2,17584,08-11-2024 14:22:43,Diverse Power
Troup,2,2,17584,08-11-2024 14:37:42,Diverse Power
Troup,2,2,17584,08-11-2024 14:52:43,Diverse Power
Troup,2,2,17584,08-11-2024 15:07:43,Diverse Power
Troup,3,3,17584,08-12-2024 12:52:41,Diverse Power
Troup,3,3,17584,08-12-2024 13:07:45,Diverse Power
Troup,3,3,17584,08-12-2024 13:22:44,Diverse Power
Troup,3,3,17582,08-12-2024 13:37:49,Diverse Power
Troup,3,3,17582,08-12-2024 13:52:47,Diverse Power
Troup,3,3,17581,08-12-2024 14:07:47,Diverse Power
Troup,3,3,17581,08-12-2024 14:22:45,Diverse Power
Troup,3,3,17581,08-12-2024 14:37:45,Diverse Power
Troup,3,3,17582,08-12-2024 14:52:45,Diverse Power
Troup,3,3,17582,08-12-2024 15:07:46,Diverse Power
Troup,3,3,17582,08-12-2024 15:22:49,Diverse Power
Troup,3,3,17585,08-12-2024 15:37:45,Diverse Power
Troup,3,3,17585,08-12-2024 15:52:45,Diverse Power
Troup,2,2,17588,08-12-2024 16:37:45,Diverse Power
Calhoun,4,4,1374,08-12-2024 18:07:44,Diverse Power
Calhoun,4,4,1374,08-12-2024 18:22:44,Diverse Power
Calhoun,4,4,1374,08-12-2024 18:37:44,Diverse Power
Calhoun,4,4,1374,08-12-2024 18:52:46,Diverse Power
Troup,1,1,17591,08-12-2024 21:52:41,Diverse Power
Troup,2,2,17592,08-13-2024 01:37:45,Diverse Power
Troup,2,2,17592,08-13-2024 01:52:45,Diverse Power
Troup,2,2,17587,08-13-2024 14:37:42,Diverse Power
Troup,2,2,17587,08-13-2024 14:52:43,Diverse Power
Troup,2,2,17587,08-13-2024 15:07:44,Diverse Power
Troup,2,2,17588,08-13-2024 15:22:42,Diverse Power
Troup,2,2,17588,08-13-2024 15:37:44,Diverse Power
Troup,2,2,17588,08-13-2024 15:52:46,Diverse Power
Troup,2,2,17588,08-13-2024 16:07:44,Diverse Power
Meriwether,1,1,2408,08-13-2024 18:07:45,Diverse Power
Meriwether,1,1,2408,08-13-2024 18:22:44,Diverse Power
Meriwether,1,1,2408,08-13-2024 18:37:45,Diverse Power
Quitman,1,1,1297,08-13-2024 18:52:46,Diverse Power
Meriwether,1,1,2410,08-13-2024 18:52:46,Diverse Power
Troup,2,2,17590,08-13-2024 19:22:48,Diverse Power
Clay,1,1,973,08-14-2024 14:37:45,Diverse Power
Clay,1,1,973,08-14-2024 14:52:47,Diverse Power
Clay,1,1,973,08-14-2024 15:07:46,Diverse Power
Clay,1,1,974,08-14-2024 15:22:46,Diverse Power
Clay,1,0,974,08-14-2024 15:37:46,Diverse Power
Clay,1,0,974,08-14-2024 15:52:47,Diverse Power
Clay,1,0,974,08-14-2024 16:07:46,Diverse Power
Harris,1,1,8234,08-14-2024 18:22:42,Diverse Power
Harris,1,1,8234,08-14-2024 18:37:43,Diverse Power
Harris,1,1,8234,08-14-2024 18:52:44,Diverse Power
Harris,1,1,8234,08-14-2024 19:07:43,Diverse Power
Harris,1,0,8234,08-14-2024 19:22:44,Diverse Power
Troup,1,1,17600,08-15-2024 12:37:43,Diverse Power
Troup,1,1,17600,08-15-2024 12:52:41,Diverse Power
Troup,1,1,17600,08-15-2024 13:07:41,Diverse Power
Troup,1,1,17600,08-15-2024 13:22:41,Diverse Power
Troup,1,1,17600,08-15-2024 13:37:45,Diverse Power
Troup,1,1,17600,08-15-2024 13:52:45,Diverse Power
Troup,1,1,17599,08-15-2024 14:07:45,Diverse Power
Troup,1,1,17599,08-15-2024 14:22:46,Diverse Power
Troup,1,1,17599,08-15-2024 14:37:48,Diverse Power
Heard,2,2,462,08-15-2024 14:52:46,Diverse Power
Troup,1,1,17599,08-15-2024 14:52:46,Diverse Power
Heard,2,2,462,08-15-2024 15:07:46,Diverse Power
Troup,1,1,17599,08-15-2024 15:07:46,Diverse Power
Heard,2,2,462,08-15-2024 15:22:47,Diverse Power
Troup,1,1,17599,08-15-2024 15:22:47,Diverse Power
Heard,2,2,462,08-15-2024 15:37:46,Diverse Power
Troup,1,1,17599,08-15-2024 15:37:46,Diverse Power
Heard,2,2,462,08-15-2024 15:52:46,Diverse Power
Troup,1,1,17599,08-15-2024 15:52:46,Diverse Power
Heard,2,2,462,08-15-2024 16:07:46,Diverse Power
Troup,1,1,17600,08-15-2024 16:07:46,Diverse Power
Heard,2,2,462,08-15-2024 16:22:45,Diverse Power
Troup,1,1,17601,08-15-2024 16:22:45,Diverse Power
Harris,1,1,8234,08-16-2024 10:37:44,Diverse Power
Harris,1,1,8234,08-16-2024 10:52:40,Diverse Power
Harris,1,1,8234,08-16-2024 11:07:41,Diverse Power
Harris,1,1,8234,08-16-2024 11:22:41,Diverse Power
Harris,1,1,8234,08-16-2024 11:37:40,Diverse Power
Harris,1,1,8234,08-16-2024 11:52:40,Diverse Power
Harris,1,1,8234,08-16-2024 12:07:39,Diverse Power
Harris,1,1,8234,08-16-2024 12:22:42,Diverse Power
Harris,1,1,8234,08-16-2024 12:37:44,Diverse Power
Harris,1,1,8234,08-16-2024 12:52:40,Diverse Power
Quitman,11,11,1299,08-16-2024 13:22:40,Diverse Power
Quitman,11,11,1299,08-16-2024 13:37:40,Diverse Power
Quitman,11,11,1299,08-16-2024 13:52:41,Diverse Power
Quitman,11,11,1300,08-16-2024 14:07:42,Diverse Power
Quitman,11,11,1300,08-16-2024 14:22:42,Diverse Power
Quitman,11,11,1300,08-16-2024 14:37:42,Diverse Power
Quitman,11,11,1300,08-16-2024 14:52:43,Diverse Power
Quitman,11,11,1300,08-16-2024 15:07:42,Diverse Power
Troup,2,2,17605,08-16-2024 15:52:44,Diverse Power
Troup,25,25,17605,08-16-2024 16:07:43,Diverse Power
Troup,25,25,17605,08-16-2024 16:22:43,Diverse Power
Troup,2,2,17605,08-16-2024 16:37:42,Diverse Power
Troup,2,2,17605,08-16-2024 16:52:42,Diverse Power
Troup,2,2,17605,08-16-2024 17:07:42,Diverse Power
Muscogee,1,1,2685,08-16-2024 17:07:42,Diverse Power
Troup,2,2,17605,08-16-2024 17:22:42,Diverse Power
Muscogee,1,1,2685,08-16-2024 17:22:42,Diverse Power
Troup,2,2,17605,08-16-2024 17:37:41,Diverse Power
Muscogee,1,1,2685,08-16-2024 17:37:41,Diverse Power
Troup,2,2,17604,08-16-2024 17:52:44,Diverse Power
Muscogee,1,1,2685,08-16-2024 17:52:44,Diverse Power
Troup,2,2,17604,08-16-2024 18:07:41,Diverse Power
Muscogee,1,1,2685,08-16-2024 18:07:41,Diverse Power
Troup,2,2,17604,08-16-2024 18:22:41,Diverse Power
Troup,2,2,17604,08-16-2024 18:37:40,Diverse Power
Troup,2,2,17604,08-16-2024 18:52:44,Diverse Power
Troup,2,2,17604,08-16-2024 19:07:43,Diverse Power
Troup,2,2,17604,08-16-2024 19:22:42,Diverse Power
Troup,2,2,17604,08-16-2024 19:37:41,Diverse Power
Troup,2,2,17604,08-16-2024 19:52:41,Diverse Power
Meriwether,2,2,2414,08-17-2024 00:07:40,Diverse Power
Meriwether,2,2,2414,08-17-2024 00:22:44,Diverse Power
Meriwether,2,2,2414,08-17-2024 00:37:45,Diverse Power
Meriwether,2,2,2414,08-17-2024 00:52:45,Diverse Power
Meriwether,2,0,2414,08-17-2024 01:07:45,Diverse Power
Meriwether,2,0,2414,08-17-2024 01:22:46,Diverse Power
Harris,2,2,8235,08-17-2024 02:07:45,Diverse Power
Harris,2,2,8235,08-17-2024 02:22:44,Diverse Power
Harris,2,2,8235,08-17-2024 02:37:44,Diverse Power
Harris,2,2,8235,08-17-2024 02:52:44,Diverse Power
Harris,2,2,8235,08-17-2024 03:07:45,Diverse Power
Harris,2,2,8235,08-17-2024 03:22:45,Diverse Power
Harris,2,2,8235,08-17-2024 03:37:47,Diverse Power
Harris,2,2,8235,08-17-2024 03:52:43,Diverse Power
Harris,2,2,8235,08-17-2024 04:07:42,Diverse Power
Harris,2,2,8235,08-17-2024 04:22:43,Diverse Power
Harris,2,2,8235,08-17-2024 04:37:42,Diverse Power
Harris,2,2,8235,08-17-2024 04:52:42,Diverse Power
Harris,2,0,8235,08-17-2024 05:07:42,Diverse Power
Harris,2,0,8235,08-17-2024 05:22:42,Diverse Power
Muscogee,1,1,2686,08-17-2024 20:07:44,Diverse Power
Muscogee,7,7,2686,08-17-2024 20:22:46,Diverse Power
Muscogee,14,14,2686,08-17-2024 20:37:44,Diverse Power
Muscogee,14,14,2686,08-17-2024 20:52:47,Diverse Power
Muscogee,14,14,2686,08-17-2024 21:07:44,Diverse Power
Muscogee,14,14,2686,08-17-2024 21:22:46,Diverse Power
Muscogee,14,14,2686,08-17-2024 21:37:44,Diverse Power
Muscogee,7,7,2686,08-17-2024 21:52:47,Diverse Power
Muscogee,7,7,2686,08-17-2024 22:07:50,Diverse Power
Muscogee,7,7,2686,08-17-2024 22:22:48,Diverse Power
Muscogee,7,7,2686,08-17-2024 22:37:44,Diverse Power
Muscogee,7,7,2686,08-17-2024 22:52:43,Diverse Power
Randolph,5,5,1742,08-17-2024 23:07:48,Diverse Power
Muscogee,7,7,2686,08-17-2024 23:07:48,Diverse Power
Randolph,5,5,1742,08-17-2024 23:22:45,Diverse Power
Muscogee,7,7,2686,08-17-2024 23:22:45,Diverse Power
Randolph,5,5,1742,08-17-2024 23:37:43,Diverse Power
Muscogee,7,7,2686,08-17-2024 23:37:43,Diverse Power
Randolph,5,5,1742,08-17-2024 23:52:43,Diverse Power
Muscogee,7,7,2686,08-17-2024 23:52:43,Diverse Power
Randolph,1,1,1742,08-18-2024 00:07:43,Diverse Power
Troup,410,410,17605,08-18-2024 00:07:43,Diverse Power
Muscogee,7,7,2686,08-18-2024 00:07:43,Diverse Power
Heard,19,19,464,08-18-2024 00:22:43,Diverse Power
Randolph,1,1,1742,08-18-2024 00:22:43,Diverse Power
Troup,496,496,17605,08-18-2024 00:22:43,Diverse Power
Muscogee,7,7,2686,08-18-2024 00:22:43,Diverse Power
Heard,19,19,464,08-18-2024 00:37:43,Diverse Power
Troup,494,494,17605,08-18-2024 00:37:43,Diverse Power
Muscogee,7,7,2686,08-18-2024 00:37:43,Diverse Power
Heard,19,19,464,08-18-2024 00:52:41,Diverse Power
Troup,494,494,17605,08-18-2024 00:52:41,Diverse Power
Muscogee,7,7,2686,08-18-2024 00:52:41,Diverse Power
Heard,19,19,464,08-18-2024 01:07:43,Diverse Power
Troup,494,494,17605,08-18-2024 01:07:43,Diverse Power
Muscogee,7,7,2686,08-18-2024 01:07:43,Diverse Power
Heard,19,19,464,08-18-2024 01:22:43,Diverse Power
Troup,494,494,17605,08-18-2024 01:22:43,Diverse Power
Muscogee,7,7,2686,08-18-2024 01:22:43,Diverse Power
Heard,19,19,464,08-18-2024 01:37:44,Diverse Power
Troup,494,139,17605,08-18-2024 01:37:44,Diverse Power
Muscogee,7,7,2686,08-18-2024 01:37:44,Diverse Power
Heard,19,19,464,08-18-2024 01:52:45,Diverse Power
Troup,494,213,17605,08-18-2024 01:52:45,Diverse Power
Muscogee,7,7,2686,08-18-2024 01:52:45,Diverse Power
Heard,19,0,464,08-18-2024 02:07:57,Diverse Power
Troup,494,160,17605,08-18-2024 02:07:57,Diverse Power
Muscogee,7,7,2686,08-18-2024 02:07:57,Diverse Power
Troup,160,160,17605,08-18-2024 02:22:42,Diverse Power
Muscogee,7,7,2686,08-18-2024 02:22:42,Diverse Power
Troup,160,160,17605,08-18-2024 02:37:51,Diverse Power
Muscogee,7,7,2686,08-18-2024 02:37:51,Diverse Power
Troup,160,160,17605,08-18-2024 02:52:50,Diverse Power
Muscogee,7,7,2686,08-18-2024 02:52:50,Diverse Power
Troup,160,160,17605,08-18-2024 03:07:49,Diverse Power
Muscogee,7,7,2686,08-18-2024 03:07:49,Diverse Power
Troup,160,160,17605,08-18-2024 03:22:48,Diverse Power
Muscogee,7,7,2686,08-18-2024 03:22:48,Diverse Power
Troup,160,160,17605,08-18-2024 03:37:46,Diverse Power
Muscogee,7,7,2686,08-18-2024 03:37:46,Diverse Power
Troup,160,160,17605,08-18-2024 03:52:46,Diverse Power
Muscogee,7,7,2686,08-18-2024 03:52:46,Diverse Power
Troup,160,160,17605,08-18-2024 04:07:46,Diverse Power
Muscogee,7,0,2686,08-18-2024 04:07:46,Diverse Power
Troup,160,160,17605,08-18-2024 04:22:45,Diverse Power
Muscogee,7,0,2686,08-18-2024 04:22:45,Diverse Power
Troup,160,160,17605,08-18-2024 04:37:44,Diverse Power
Troup,2,0,17605,08-18-2024 04:52:45,Diverse Power
Troup,1,1,17605,08-18-2024 09:22:42,Diverse Power
Troup,1,1,17605,08-18-2024 09:37:42,Diverse Power
Troup,1,1,17605,08-18-2024 09:52:41,Diverse Power
Troup,2,2,17605,08-18-2024 10:07:41,Diverse Power
Troup,2,2,17605,08-18-2024 10:22:41,Diverse Power
Troup,2,2,17605,08-18-2024 10:37:42,Diverse Power
Troup,41,41,17605,08-18-2024 10:52:41,Diverse Power
Troup,1,1,17605,08-18-2024 11:07:42,Diverse Power
Troup,1,1,17605,08-18-2024 11:22:40,Diverse Power
Troup,1,1,17605,08-18-2024 11:37:41,Diverse Power
Troup,1,1,17605,08-18-2024 11:52:40,Diverse Power
Troup,6,6,17605,08-18-2024 12:07:41,Diverse Power
Troup,6,6,17605,08-18-2024 12:22:40,Diverse Power
Troup,6,6,17605,08-18-2024 12:37:39,Diverse Power
Troup,1,1,17605,08-18-2024 12:52:41,Diverse Power
Troup,1,1,17605,08-18-2024 13:07:45,Diverse Power
Troup,1,1,17605,08-18-2024 13:22:44,Diverse Power
Troup,1,1,17605,08-18-2024 13:37:44,Diverse Power
Troup,1,1,17605,08-18-2024 13:52:47,Diverse Power
Muscogee,1,1,2686,08-18-2024 13:52:47,Diverse Power
Troup,1,1,17605,08-18-2024 14:07:45,Diverse Power
Troup,1,1,17605,08-18-2024 14:22:42,Diverse Power
Troup,1,1,17605,08-18-2024 14:37:40,Diverse Power
Troup,1,1,17605,08-18-2024 14:52:41,Diverse Power
Troup,1,1,17605,08-18-2024 16:52:41,Diverse Power
Randolph,3,3,1742,08-18-2024 17:37:41,Diverse Power
Randolph,3,3,1742,08-18-2024 17:52:41,Diverse Power
Randolph,3,3,1742,08-18-2024 18:07:41,Diverse Power
Randolph,3,3,1742,08-18-2024 18:22:41,Diverse Power
Troup,113,113,17605,08-18-2024 18:22:41,Diverse Power
Troup,1,1,17605,08-18-2024 18:37:41,Diverse Power
Troup,1,1,17605,08-18-2024 18:52:43,Diverse Power
Troup,46,46,17605,08-18-2024 21:07:47,Diverse Power
Chambers,5,5,678,08-18-2024 21:07:47,Diverse Power
Troup,98,98,17605,08-18-2024 21:22:47,Diverse Power
Chambers,5,5,678,08-18-2024 21:22:47,Diverse Power
Troup,150,150,17605,08-18-2024 21:37:46,Diverse Power
Chambers,11,11,678,08-18-2024 21:37:46,Diverse Power
Harris,55,55,8235,08-18-2024 21:37:46,Diverse Power
Troup,171,171,17605,08-18-2024 21:52:51,Diverse Power
Chambers,13,13,678,08-18-2024 21:52:51,Diverse Power
Harris,89,89,8235,08-18-2024 21:52:51,Diverse Power
Troup,182,182,17605,08-18-2024 22:07:48,Diverse Power
Muscogee,2459,2459,2686,08-18-2024 22:07:48,Diverse Power
Chambers,16,16,678,08-18-2024 22:07:48,Diverse Power
Harris,1135,1135,8235,08-18-2024 22:07:48,Diverse Power
Troup,182,182,17605,08-18-2024 22:22:49,Diverse Power
Muscogee,2459,2459,2686,08-18-2024 22:22:49,Diverse Power
Calhoun,17,17,1378,08-18-2024 22:22:49,Diverse Power
Chambers,16,16,678,08-18-2024 22:22:49,Diverse Power
Harris,1138,1138,8235,08-18-2024 22:22:49,Diverse Power
Troup,182,182,17605,08-18-2024 22:37:45,Diverse Power
Muscogee,2459,2459,2686,08-18-2024 22:37:45,Diverse Power
Calhoun,51,51,1378,08-18-2024 22:37:45,Diverse Power
Chambers,16,16,678,08-18-2024 22:37:45,Diverse Power
Harris,1187,1138,8235,08-18-2024 22:37:45,Diverse Power
Troup,182,182,17605,08-18-2024 22:52:49,Diverse Power
Muscogee,2459,2459,2686,08-18-2024 22:52:49,Diverse Power
Calhoun,51,51,1378,08-18-2024 22:52:49,Diverse Power
Chambers,16,16,678,08-18-2024 22:52:49,Diverse Power
Harris,1132,1132,8235,08-18-2024 22:52:49,Diverse Power
Troup,182,182,17605,08-18-2024 23:07:47,Diverse Power
Muscogee,2459,2459,2686,08-18-2024 23:07:47,Diverse Power
Calhoun,51,51,1378,08-18-2024 23:07:47,Diverse Power
Chambers,16,16,678,08-18-2024 23:07:47,Diverse Power
Harris,1115,1115,8235,08-18-2024 23:07:47,Diverse Power
Troup,183,183,17605,08-18-2024 23:22:46,Diverse Power
Muscogee,2459,2459,2686,08-18-2024 23:22:46,Diverse Power
Calhoun,51,51,1378,08-18-2024 23:22:46,Diverse Power
Chambers,16,16,678,08-18-2024 23:22:46,Diverse Power
Harris,1115,1115,8235,08-18-2024 23:22:46,Diverse Power
Quitman,280,280,1300,08-18-2024 23:37:46,Diverse Power
Troup,183,183,17605,08-18-2024 23:37:46,Diverse Power
Muscogee,2459,2459,2686,08-18-2024 23:37:46,Diverse Power
Calhoun,51,51,1378,08-18-2024 23:37:46,Diverse Power
Chambers,19,19,678,08-18-2024 23:37:46,Diverse Power
Harris,1115,946,8235,08-18-2024 23:37:46,Diverse Power
Quitman,280,280,1300,08-18-2024 23:52:47,Diverse Power
Randolph,1,1,1742,08-18-2024 23:52:47,Diverse Power
Troup,183,183,17605,08-18-2024 23:52:47,Diverse Power
Muscogee,2459,2459,2686,08-18-2024 23:52:47,Diverse Power
Calhoun,51,51,1378,08-18-2024 23:52:47,Diverse Power
Chambers,19,19,678,08-18-2024 23:52:47,Diverse Power
Harris,1246,1073,8235,08-18-2024 23:52:47,Diverse Power
Quitman,280,280,1300,08-19-2024 00:07:50,Diverse Power
Randolph,1,1,1742,08-19-2024 00:07:50,Diverse Power
Troup,183,183,17605,08-19-2024 00:07:50,Diverse Power
Muscogee,2459,2459,2686,08-19-2024 00:07:50,Diverse Power
Calhoun,51,51,1378,08-19-2024 00:07:50,Diverse Power
Chambers,19,19,678,08-19-2024 00:07:50,Diverse Power
Harris,1097,924,8235,08-19-2024 00:07:50,Diverse Power
Quitman,280,280,1300,08-19-2024 00:22:46,Diverse Power
Randolph,9,9,1742,08-19-2024 00:22:46,Diverse Power
Troup,183,183,17605,08-19-2024 00:22:46,Diverse Power
Muscogee,2459,2459,2686,08-19-2024 00:22:46,Diverse Power
Calhoun,51,0,1378,08-19-2024 00:22:46,Diverse Power
Chambers,19,19,678,08-19-2024 00:22:46,Diverse Power
Harris,1097,924,8235,08-19-2024 00:22:46,Diverse Power
Quitman,280,280,1300,08-19-2024 00:37:48,Diverse Power
Randolph,9,9,1742,08-19-2024 00:37:48,Diverse Power
Troup,183,174,17605,08-19-2024 00:37:48,Diverse Power
Muscogee,2459,2459,2686,08-19-2024 00:37:48,Diverse Power
Calhoun,52,1,1378,08-19-2024 00:37:48,Diverse Power
Chambers,16,5,678,08-19-2024 00:37:48,Diverse Power
Harris,1097,924,8235,08-19-2024 00:37:48,Diverse Power
Quitman,280,280,1300,08-19-2024 00:52:47,Diverse Power
Randolph,9,9,1742,08-19-2024 00:52:47,Diverse Power
Troup,174,174,17605,08-19-2024 00:52:47,Diverse Power
Muscogee,2459,2459,2686,08-19-2024 00:52:47,Diverse Power
Calhoun,1,1,1378,08-19-2024 00:52:47,Diverse Power
Chambers,5,5,678,08-19-2024 00:52:47,Diverse Power
Harris,899,899,8235,08-19-2024 00:52:47,Diverse Power
Quitman,280,280,1300,08-19-2024 01:07:50,Diverse Power
Randolph,7,7,1742,08-19-2024 01:07:50,Diverse Power
Troup,174,174,17605,08-19-2024 01:07:50,Diverse Power
Muscogee,2459,2459,2686,08-19-2024 01:07:50,Diverse Power
Calhoun,1,1,1378,08-19-2024 01:07:50,Diverse Power
Chambers,2,2,678,08-19-2024 01:07:50,Diverse Power
Harris,897,897,8235,08-19-2024 01:07:50,Diverse Power
Randolph,10,10,1742,08-19-2024 01:22:53,Diverse Power
Troup,174,174,17605,08-19-2024 01:22:53,Diverse Power
Muscogee,2459,2459,2686,08-19-2024 01:22:53,Diverse Power
Calhoun,1,1,1378,08-19-2024 01:22:53,Diverse Power
Chambers,2,2,678,08-19-2024 01:22:53,Diverse Power
Harris,891,891,8235,08-19-2024 01:22:53,Diverse Power
Randolph,4,4,1742,08-19-2024 01:37:47,Diverse Power
Troup,170,170,17605,08-19-2024 01:37:47,Diverse Power
Muscogee,2459,2459,2686,08-19-2024 01:37:47,Diverse Power
Calhoun,1,1,1378,08-19-2024 01:37:47,Diverse Power
Chambers,2,2,678,08-19-2024 01:37:47,Diverse Power
Harris,891,891,8235,08-19-2024 01:37:47,Diverse Power
Randolph,4,4,1742,08-19-2024 01:52:48,Diverse Power
Troup,170,170,17605,08-19-2024 01:52:48,Diverse Power
Muscogee,2459,2459,2686,08-19-2024 01:52:48,Diverse Power
Calhoun,1,1,1378,08-19-2024 01:52:48,Diverse Power
Chambers,2,2,678,08-19-2024 01:52:48,Diverse Power
Harris,891,891,8235,08-19-2024 01:52:48,Diverse Power
Randolph,5,2,1742,08-19-2024 02:07:49,Diverse Power
Troup,170,170,17605,08-19-2024 02:07:49,Diverse Power
Muscogee,2459,2459,2686,08-19-2024 02:07:49,Diverse Power
Calhoun,1,1,1378,08-19-2024 02:07:49,Diverse Power
Chambers,2,0,678,08-19-2024 02:07:49,Diverse Power
Harris,891,705,8235,08-19-2024 02:07:49,Diverse Power
Randolph,4,1,1742,08-19-2024 02:22:48,Diverse Power
Troup,170,170,17605,08-19-2024 02:22:48,Diverse Power
Muscogee,2459,2459,2686,08-19-2024 02:22:48,Diverse Power
Calhoun,1,1,1378,08-19-2024 02:22:48,Diverse Power
Chambers,290,288,678,08-19-2024 02:22:48,Diverse Power
Harris,891,705,8235,08-19-2024 02:22:48,Diverse Power
Randolph,4,1,1742,08-19-2024 02:37:50,Diverse Power
Troup,169,169,17605,08-19-2024 02:37:50,Diverse Power
Muscogee,2459,2459,2686,08-19-2024 02:37:50,Diverse Power
Calhoun,1,1,1378,08-19-2024 02:37:50,Diverse Power
Chambers,288,288,678,08-19-2024 02:37:50,Diverse Power
Harris,707,707,8235,08-19-2024 02:37:50,Diverse Power
Randolph,1,0,1742,08-19-2024 02:52:49,Diverse Power
Troup,167,167,17605,08-19-2024 02:52:49,Diverse Power
Muscogee,2459,2459,2686,08-19-2024 02:52:49,Diverse Power
Calhoun,1,1,1378,08-19-2024 02:52:49,Diverse Power
Chambers,288,288,678,08-19-2024 02:52:49,Diverse Power
Harris,707,707,8235,08-19-2024 02:52:49,Diverse Power
Troup,167,167,17605,08-19-2024 03:07:49,Diverse Power
Muscogee,2459,2459,2686,08-19-2024 03:07:49,Diverse Power
Harris,707,707,8235,08-19-2024 03:07:49,Diverse Power
Troup,166,166,17605,08-19-2024 03:22:50,Diverse Power
Muscogee,2459,2459,2686,08-19-2024 03:22:50,Diverse Power
Harris,707,707,8235,08-19-2024 03:22:50,Diverse Power
Troup,166,142,17605,08-19-2024 03:37:48,Diverse Power
Muscogee,2459,2459,2686,08-19-2024 03:37:48,Diverse Power
Harris,707,707,8235,08-19-2024 03:37:48,Diverse Power
Troup,131,131,17605,08-19-2024 03:52:46,Diverse Power
Muscogee,2459,2459,2686,08-19-2024 03:52:46,Diverse Power
Harris,707,707,8235,08-19-2024 03:52:46,Diverse Power
Troup,124,124,17605,08-19-2024 04:07:49,Diverse Power
Muscogee,2459,2459,2686,08-19-2024 04:07:49,Diverse Power
Harris,707,707,8235,08-19-2024 04:07:49,Diverse Power
Troup,124,124,17605,08-19-2024 04:22:46,Diverse Power
Muscogee,2459,2459,2686,08-19-2024 04:22:46,Diverse Power
Harris,705,705,8235,08-19-2024 04:22:46,Diverse Power
Troup,35,35,17605,08-19-2024 04:37:45,Diverse Power
Muscogee,2459,2459,2686,08-19-2024 04:37:45,Diverse Power
Harris,705,699,8235,08-19-2024 04:37:45,Diverse Power
Troup,35,33,17605,08-19-2024 04:52:45,Diverse Power
Muscogee,2459,2459,2686,08-19-2024 04:52:45,Diverse Power
Harris,699,699,8235,08-19-2024 04:52:45,Diverse Power
Troup,25,25,17605,08-19-2024 05:07:45,Diverse Power
Muscogee,2459,260,2686,08-19-2024 05:07:45,Diverse Power
Harris,699,6,8235,08-19-2024 05:07:45,Diverse Power
Troup,25,25,17605,08-19-2024 05:22:44,Diverse Power
Muscogee,2459,2236,2686,08-19-2024 05:22:44,Diverse Power
Harris,700,447,8235,08-19-2024 05:22:44,Diverse Power
Troup,25,25,17605,08-19-2024 05:37:45,Diverse Power
Muscogee,2459,2236,2686,08-19-2024 05:37:45,Diverse Power
Harris,699,440,8235,08-19-2024 05:37:45,Diverse Power
Troup,25,25,17605,08-19-2024 05:52:47,Diverse Power
Muscogee,2459,1489,2686,08-19-2024 05:52:47,Diverse Power
Harris,699,120,8235,08-19-2024 05:52:47,Diverse Power
Muscogee,1742,1742,2686,08-19-2024 06:07:46,Diverse Power
Harris,101,101,8235,08-19-2024 06:07:46,Diverse Power
Muscogee,1743,1743,2686,08-19-2024 06:22:45,Diverse Power
Harris,102,102,8235,08-19-2024 06:22:45,Diverse Power
Muscogee,710,710,2686,08-19-2024 06:37:44,Diverse Power
Harris,28,28,8235,08-19-2024 06:37:44,Diverse Power
Muscogee,710,710,2686,08-19-2024 06:52:43,Diverse Power
Harris,22,22,8235,08-19-2024 06:52:43,Diverse Power
Troup,1,1,17605,08-19-2024 07:07:45,Diverse Power
Muscogee,710,710,2686,08-19-2024 07:07:45,Diverse Power
Harris,21,21,8235,08-19-2024 07:07:45,Diverse Power
Troup,1,1,17605,08-19-2024 07:22:45,Diverse Power
Muscogee,708,706,2686,08-19-2024 07:22:45,Diverse Power
Harris,21,20,8235,08-19-2024 07:22:45,Diverse Power
Troup,9,9,17605,08-19-2024 07:37:47,Diverse Power
Muscogee,709,709,2686,08-19-2024 07:37:47,Diverse Power
Harris,20,20,8235,08-19-2024 07:37:47,Diverse Power
Troup,9,9,17605,08-19-2024 07:52:45,Diverse Power
Muscogee,705,705,2686,08-19-2024 07:52:45,Diverse Power
Harris,20,17,8235,08-19-2024 07:52:45,Diverse Power
Troup,9,9,17605,08-19-2024 08:07:50,Diverse Power
Muscogee,2236,704,2686,08-19-2024 08:07:50,Diverse Power
Harris,439,17,8235,08-19-2024 08:07:50,Diverse Power
Troup,9,9,17605,08-19-2024 08:22:56,Diverse Power
Muscogee,2236,699,2686,08-19-2024 08:22:56,Diverse Power
Harris,439,17,8235,08-19-2024 08:22:56,Diverse Power
Muscogee,699,699,2686,08-19-2024 08:37:44,Diverse Power
Harris,17,17,8235,08-19-2024 08:37:44,Diverse Power
Muscogee,674,671,2686,08-19-2024 08:52:44,Diverse Power
Harris,17,17,8235,08-19-2024 08:52:44,Diverse Power
Muscogee,696,696,2686,08-19-2024 09:07:46,Diverse Power
Harris,17,17,8235,08-19-2024 09:07:46,Diverse Power
Muscogee,698,697,2686,08-19-2024 09:22:46,Diverse Power
Harris,17,17,8235,08-19-2024 09:22:46,Diverse Power
Muscogee,670,670,2686,08-19-2024 09:37:44,Diverse Power
Harris,17,17,8235,08-19-2024 09:37:44,Diverse Power
Muscogee,667,667,2686,08-19-2024 09:52:44,Diverse Power
Harris,17,17,8235,08-19-2024 09:52:44,Diverse Power
Muscogee,665,665,2686,08-19-2024 10:07:45,Diverse Power
Harris,9,9,8235,08-19-2024 10:07:45,Diverse Power
Troup,1,1,17605,08-19-2024 10:22:44,Diverse Power
Muscogee,665,528,2686,08-19-2024 10:22:44,Diverse Power
Harris,9,9,8235,08-19-2024 10:22:44,Diverse Power
Muscogee,529,529,2686,08-19-2024 10:37:44,Diverse Power
Harris,9,9,8235,08-19-2024 10:37:44,Diverse Power
Muscogee,523,523,2686,08-19-2024 10:52:43,Diverse Power
Harris,9,9,8235,08-19-2024 10:52:43,Diverse Power
Muscogee,524,62,2686,08-19-2024 11:07:44,Diverse Power
Harris,9,9,8235,08-19-2024 11:07:44,Diverse Power
Muscogee,524,62,2686,08-19-2024 11:22:44,Diverse Power
Harris,9,9,8235,08-19-2024 11:22:44,Diverse Power
Muscogee,466,6,2686,08-19-2024 11:37:45,Diverse Power
Harris,9,9,8235,08-19-2024 11:37:45,Diverse Power
Troup,5,5,17605,08-19-2024 11:52:45,Diverse Power
Muscogee,466,6,2686,08-19-2024 11:52:45,Diverse Power
Harris,9,9,8235,08-19-2024 11:52:45,Diverse Power
Randolph,11,11,1742,08-19-2024 12:07:44,Diverse Power
Troup,5,5,17605,08-19-2024 12:07:44,Diverse Power
Muscogee,466,6,2686,08-19-2024 12:07:44,Diverse Power
Harris,9,9,8235,08-19-2024 12:07:44,Diverse Power
Randolph,11,11,1742,08-19-2024 12:22:43,Diverse Power
Troup,5,5,17605,08-19-2024 12:22:43,Diverse Power
Muscogee,466,6,2686,08-19-2024 12:22:43,Diverse Power
Harris,9,9,8235,08-19-2024 12:22:43,Diverse Power
Randolph,11,11,1742,08-19-2024 12:37:45,Diverse Power
Troup,16,16,17605,08-19-2024 12:37:45,Diverse Power
Muscogee,466,6,2686,08-19-2024 12:37:45,Diverse Power
Harris,9,9,8235,08-19-2024 12:37:45,Diverse Power
Randolph,1,1,1742,08-19-2024 12:52:45,Diverse Power
Troup,16,16,17605,08-19-2024 12:52:45,Diverse Power
Muscogee,466,6,2686,08-19-2024 12:52:45,Diverse Power
Harris,9,9,8235,08-19-2024 12:52:45,Diverse Power
Randolph,1,1,1742,08-19-2024 13:07:43,Diverse Power
Troup,18,18,17605,08-19-2024 13:07:43,Diverse Power
Muscogee,466,6,2686,08-19-2024 13:07:43,Diverse Power
Harris,8,8,8235,08-19-2024 13:07:43,Diverse Power
Randolph,1,1,1742,08-19-2024 13:22:47,Diverse Power
Troup,25,25,17605,08-19-2024 13:22:47,Diverse Power
Muscogee,466,6,2686,08-19-2024 13:22:47,Diverse Power
Harris,8,8,8235,08-19-2024 13:22:47,Diverse Power
Randolph,1,1,1742,08-19-2024 13:37:44,Diverse Power
Troup,25,25,17605,08-19-2024 13:37:44,Diverse Power
Muscogee,473,13,2686,08-19-2024 13:37:44,Diverse Power
Harris,8,8,8235,08-19-2024 13:37:44,Diverse Power
Randolph,1,1,1742,08-19-2024 13:52:45,Diverse Power
Troup,25,25,17604,08-19-2024 13:52:45,Diverse Power
Muscogee,469,7,2686,08-19-2024 13:52:45,Diverse Power
Harris,8,8,8235,08-19-2024 13:52:45,Diverse Power
Randolph,1,1,1742,08-19-2024 14:07:46,Diverse Power
Troup,25,25,17602,08-19-2024 14:07:46,Diverse Power
Harris,8,8,8235,08-19-2024 14:07:46,Diverse Power
Randolph,1,1,1742,08-19-2024 14:22:47,Diverse Power
Troup,25,25,17602,08-19-2024 14:22:47,Diverse Power
Harris,8,8,8235,08-19-2024 14:22:47,Diverse Power
Quitman,2,2,1300,08-19-2024 14:37:46,Diverse Power
Randolph,1,1,1742,08-19-2024 14:37:46,Diverse Power
Troup,16,16,17602,08-19-2024 14:37:46,Diverse Power
Harris,8,8,8235,08-19-2024 14:37:46,Diverse Power
Randolph,1,1,1742,08-19-2024 14:52:45,Diverse Power
Troup,16,16,17602,08-19-2024 14:52:45,Diverse Power
Troup,5,5,17602,08-19-2024 15:07:51,Diverse Power
Troup,5,5,17602,08-19-2024 15:22:44,Diverse Power
Troup,6,6,17601,08-19-2024 15:37:44,Diverse Power
Muscogee,2,2,2686,08-19-2024 15:37:44,Diverse Power
Troup,6,2,17601,08-19-2024 15:52:45,Diverse Power
Troup,1,1,17600,08-19-2024 16:07:46,Diverse Power
Troup,1,1,17600,08-19-2024 16:22:45,Diverse Power
Muscogee,1,1,2686,08-19-2024 16:22:45,Diverse Power
Troup,1,1,17600,08-19-2024 16:37:46,Diverse Power
Muscogee,1,1,2686,08-19-2024 16:37:46,Diverse Power
Troup,1,1,17602,08-19-2024 16:52:44,Diverse Power
Muscogee,1,1,2686,08-19-2024 16:52:44,Diverse Power
Muscogee,1,1,2686,08-19-2024 17:07:43,Diverse Power
Muscogee,1,1,2686,08-19-2024 17:22:44,Diverse Power
Muscogee,1,1,2686,08-19-2024 17:37:46,Diverse Power
Muscogee,1,1,2686,08-19-2024 17:52:46,Diverse Power
Troup,4,4,17602,08-19-2024 18:07:48,Diverse Power
Troup,4,4,17602,08-19-2024 18:22:43,Diverse Power
Harris,2,2,8234,08-19-2024 20:07:43,Diverse Power
Harris,3,3,8234,08-19-2024 20:22:42,Diverse Power
Harris,2,2,8234,08-19-2024 20:37:45,Diverse Power
Harris,2,2,8234,08-19-2024 20:52:43,Diverse Power
Harris,2,2,8234,08-19-2024 21:07:44,Diverse Power
Harris,3,3,8234,08-19-2024 21:22:46,Diverse Power
Harris,13,13,8234,08-19-2024 21:37:46,Diverse Power
Harris,14,14,8234,08-19-2024 21:52:46,Diverse Power
Harris,29,29,8234,08-19-2024 22:07:44,Diverse Power
Harris,29,29,8234,08-19-2024 22:22:44,Diverse Power
Meriwether,1,1,2413,08-19-2024 22:37:43,Diverse Power
Harris,29,29,8234,08-19-2024 22:37:43,Diverse Power
Harris,19,19,8234,08-19-2024 22:52:45,Diverse Power
Harris,19,19,8234,08-19-2024 23:07:47,Diverse Power
Harris,19,19,8234,08-19-2024 23:22:44,Diverse Power
Harris,19,19,8234,08-19-2024 23:37:45,Diverse Power
Harris,19,19,8234,08-19-2024 23:52:44,Diverse Power
Harris,19,19,8234,08-20-2024 00:07:43,Diverse Power
Troup,76,76,17602,08-20-2024 13:22:43,Diverse Power
Muscogee,2,2,2686,08-20-2024 13:37:43,Diverse Power
Harris,3,3,8234,08-20-2024 14:37:46,Diverse Power
Harris,3,3,8234,08-20-2024 14:52:44,Diverse Power
Harris,3,3,8235,08-20-2024 15:07:44,Diverse Power
Harris,3,3,8235,08-20-2024 15:22:43,Diverse Power
Harris,3,3,8234,08-20-2024 15:37:44,Diverse Power
Harris,3,3,8234,08-20-2024 15:52:43,Diverse Power
Harris,3,3,8235,08-20-2024 16:07:45,Diverse Power
Harris,3,3,8235,08-20-2024 16:22:44,Diverse Power
Harris,3,3,8235,08-20-2024 16:37:44,Diverse Power
Harris,3,3,8235,08-20-2024 16:52:47,Diverse Power
Harris,3,3,8235,08-20-2024 17:07:44,Diverse Power
Calhoun,51,51,1378,08-21-2024 07:07:41,Diverse Power
Calhoun,51,51,1378,08-21-2024 07:22:43,Diverse Power
Calhoun,51,51,1378,08-21-2024 07:37:41,Diverse Power
Calhoun,51,51,1378,08-21-2024 07:52:41,Diverse Power
Calhoun,51,51,1378,08-21-2024 08:07:41,Diverse Power
Calhoun,51,51,1378,08-21-2024 08:22:42,Diverse Power
Calhoun,51,51,1378,08-21-2024 08:37:41,Diverse Power
Calhoun,51,51,1378,08-21-2024 08:52:41,Diverse Power
Harris,2,2,8288,08-21-2024 13:37:47,Diverse Power
Muscogee,3,3,2708,08-21-2024 13:52:45,Diverse Power
Harris,2,2,8288,08-21-2024 13:52:45,Diverse Power
Muscogee,3,3,2708,08-21-2024 14:07:47,Diverse Power
Harris,2,2,8288,08-21-2024 14:07:47,Diverse Power
Muscogee,3,3,2708,08-21-2024 14:22:44,Diverse Power
Harris,2,2,8288,08-21-2024 14:22:44,Diverse Power
Muscogee,4,4,2708,08-21-2024 14:37:42,Diverse Power
Harris,2,2,8288,08-21-2024 14:37:42,Diverse Power
Muscogee,4,4,2708,08-21-2024 14:52:43,Diverse Power
Harris,2,2,8288,08-21-2024 14:52:43,Diverse Power
Muscogee,4,4,2708,08-21-2024 15:07:43,Diverse Power
Harris,2,2,8288,08-21-2024 15:07:43,Diverse Power
Muscogee,4,4,2708,08-21-2024 15:22:43,Diverse Power
Harris,2,2,8288,08-21-2024 15:22:43,Diverse Power
Muscogee,4,4,2708,08-21-2024 15:37:43,Diverse Power
Harris,2,2,8288,08-21-2024 15:37:43,Diverse Power
Muscogee,4,4,2708,08-21-2024 15:52:44,Diverse Power
Harris,2,2,8288,08-21-2024 15:52:44,Diverse Power
Muscogee,4,4,2708,08-21-2024 16:07:47,Diverse Power
Harris,2,2,8288,08-21-2024 16:07:47,Diverse Power
Muscogee,1,1,2708,08-21-2024 16:22:45,Diverse Power
Harris,2,2,8288,08-21-2024 16:22:45,Diverse Power
Harris,2,2,8288,08-21-2024 16:37:45,Diverse Power
Harris,2,2,8288,08-21-2024 16:52:44,Diverse Power
Harris,2,2,8288,08-21-2024 17:07:47,Diverse Power
Harris,2,2,8288,08-21-2024 17:22:47,Diverse Power
Harris,2,2,8288,08-21-2024 17:37:45,Diverse Power
Harris,2,2,8288,08-21-2024 17:52:44,Diverse Power
Harris,2,2,8288,08-21-2024 18:07:42,Diverse Power
Harris,2,2,8288,08-21-2024 18:22:42,Diverse Power
Troup,5,5,17747,08-21-2024 18:37:44,Diverse Power
Harris,2,2,8288,08-21-2024 18:37:44,Diverse Power
Troup,5,5,17747,08-21-2024 18:52:44,Diverse Power
Harris,2,2,8288,08-21-2024 18:52:44,Diverse Power
Troup,5,5,17747,08-21-2024 19:07:44,Diverse Power
Harris,2,2,8288,08-21-2024 19:07:44,Diverse Power
Troup,5,5,17747,08-21-2024 19:22:46,Diverse Power
Harris,2,2,8288,08-21-2024 19:22:46,Diverse Power
Harris,2,2,8288,08-21-2024 22:37:42,Diverse Power
Harris,8,8,8288,08-21-2024 22:52:41,Diverse Power
Harris,6,6,8288,08-21-2024 23:07:42,Diverse Power
Harris,6,6,8288,08-21-2024 23:22:43,Diverse Power
Harris,6,6,8288,08-21-2024 23:37:41,Diverse Power
Harris,6,6,8288,08-21-2024 23:52:41,Diverse Power
Harris,6,6,8288,08-22-2024 00:07:44,Diverse Power
Harris,6,6,8288,08-22-2024 00:22:44,Diverse Power
Harris,6,6,8288,08-22-2024 00:37:42,Diverse Power
Harris,6,6,8288,08-22-2024 00:52:42,Diverse Power
Harris,1,1,8289,08-22-2024 13:07:42,Diverse Power
Harris,1,1,8289,08-22-2024 13:22:41,Diverse Power
Harris,1,1,8289,08-22-2024 13:37:45,Diverse Power
Harris,1,1,8289,08-22-2024 13:52:46,Diverse Power
Harris,1,1,8289,08-22-2024 14:07:46,Diverse Power
Harris,1,1,8289,08-22-2024 14:22:45,Diverse Power
Harris,1,1,8289,08-22-2024 14:37:40,Diverse Power
Harris,1,1,8289,08-22-2024 15:52:48,Diverse Power
Harris,1,1,8288,08-22-2024 16:07:49,Diverse Power
Harris,1,1,8288,08-22-2024 16:22:48,Diverse Power
Harris,1,1,8288,08-22-2024 16:37:49,Diverse Power
Harris,3,3,8289,08-23-2024 16:07:46,Diverse Power
Harris,3,3,8289,08-23-2024 16:22:46,Diverse Power
Calhoun,5,5,1382,08-23-2024 17:37:51,Diverse Power
Calhoun,5,5,1382,08-23-2024 17:52:50,Diverse Power
Calhoun,5,5,1382,08-23-2024 18:07:49,Diverse Power
Calhoun,5,5,1382,08-23-2024 18:22:47,Diverse Power
Harris,1,1,8289,08-24-2024 16:07:46,Diverse Power
Harris,1,1,8289,08-24-2024 16:22:47,Diverse Power
Harris,1,1,8289,08-24-2024 16:52:45,Diverse Power
Harris,1,1,8289,08-24-2024 17:07:46,Diverse Power
Harris,1,1,8289,08-24-2024 17:22:45,Diverse Power
Harris,1,1,8289,08-24-2024 17:37:46,Diverse Power
Harris,1,1,8289,08-24-2024 17:52:47,Diverse Power
Harris,2,2,8289,08-24-2024 22:37:48,Diverse Power
Randolph,1,1,1752,08-25-2024 12:22:50,Diverse Power
Randolph,1,1,1752,08-25-2024 12:52:46,Diverse Power
Harris,4,4,8288,08-26-2024 13:37:44,Diverse Power
Harris,4,4,8288,08-26-2024 13:52:44,Diverse Power
Harris,4,4,8288,08-26-2024 14:22:44,Diverse Power
Harris,11,11,8286,08-27-2024 14:07:45,Diverse Power
Harris,11,11,8286,08-27-2024 14:22:52,Diverse Power
Harris,11,11,8286,08-27-2024 14:37:46,Diverse Power
Troup,1,1,17747,08-27-2024 17:37:42,Diverse Power
Meriwether,4,4,2423,08-27-2024 19:37:45,Diverse Power
Meriwether,4,4,2423,08-27-2024 19:52:44,Diverse Power
Meriwether,4,4,2423,08-27-2024 20:07:44,Diverse Power
Meriwether,4,4,2423,08-27-2024 20:22:45,Diverse Power
Troup,1740,1740,17746,08-27-2024 21:37:44,Diverse Power
Troup,1740,1740,17746,08-27-2024 21:52:42,Diverse Power
Troup,1741,1741,17746,08-27-2024 22:07:44,Diverse Power
Troup,1741,1741,17746,08-27-2024 22:22:43,Diverse Power
Troup,1739,74,17746,08-27-2024 22:37:42,Diverse Power
Troup,74,74,17746,08-27-2024 22:52:45,Diverse Power
Troup,74,74,17746,08-27-2024 23:07:46,Diverse Power
Randolph,18,18,1752,08-27-2024 23:22:47,Diverse Power
Troup,74,74,17746,08-27-2024 23:22:47,Diverse Power
Randolph,18,18,1752,08-27-2024 23:37:45,Diverse Power
Troup,74,74,17746,08-27-2024 23:37:45,Diverse Power
Randolph,18,18,1752,08-27-2024 23:52:43,Diverse Power
Troup,74,74,17746,08-27-2024 23:52:43,Diverse Power
Troup,74,74,17746,08-28-2024 00:07:43,Diverse Power
Troup,74,74,17746,08-28-2024 00:22:44,Diverse Power
Troup,35,35,17745,08-28-2024 16:22:59,Diverse Power
Troup,35,35,17745,08-28-2024 16:37:58,Diverse Power
Troup,35,35,17745,08-28-2024 16:52:58,Diverse Power
Troup,35,35,17745,08-28-2024 17:07:59,Diverse Power
Troup,35,35,17744,08-28-2024 17:22:59,Diverse Power
Troup,1,1,17744,08-28-2024 18:07:58,Diverse Power
Troup,1,1,17744,08-28-2024 18:22:59,Diverse Power
Harris,38,38,8286,08-28-2024 22:07:47,Diverse Power
Harris,37,37,8286,08-28-2024 22:22:46,Diverse Power
Harris,37,37,8286,08-28-2024 22:37:47,Diverse Power
Harris,37,37,8286,08-28-2024 22:52:45,Diverse Power
Harris,37,37,8286,08-28-2024 23:07:44,Diverse Power
Harris,1,1,8286,08-28-2024 23:22:45,Diverse Power
Troup,5,5,17746,08-29-2024 12:07:44,Diverse Power
Troup,5,5,17746,08-29-2024 12:22:43,Diverse Power
Troup,5,5,17746,08-29-2024 12:37:44,Diverse Power
Troup,5,5,17746,08-29-2024 12:52:45,Diverse Power
Troup,5,5,17746,08-29-2024 13:07:44,Diverse Power
Troup,5,5,17746,08-29-2024 13:22:47,Diverse Power
Troup,9,9,17746,08-29-2024 13:37:44,Diverse Power
Troup,5,5,17747,08-29-2024 13:52:44,Diverse Power
Troup,5,5,17747,08-29-2024 14:07:46,Diverse Power
Troup,5,5,17747,08-29-2024 14:22:44,Diverse Power
Troup,5,5,17747,08-29-2024 14:37:43,Diverse Power
Troup,5,5,17747,08-29-2024 14:52:44,Diverse Power
Troup,7,7,17747,08-29-2024 15:07:45,Diverse Power
Troup,2,2,17746,08-29-2024 15:22:45,Diverse Power
Troup,2,2,17746,08-29-2024 15:37:45,Diverse Power
Troup,2,2,17746,08-29-2024 15:52:45,Diverse Power
Troup,2,2,17746,08-29-2024 16:07:41,Diverse Power
Troup,2,2,17746,08-29-2024 16:22:40,Diverse Power
Troup,2,2,17746,08-29-2024 16:37:44,Diverse Power
Troup,2,2,17746,08-29-2024 16:52:42,Diverse Power
Troup,2,2,17746,08-29-2024 17:07:43,Diverse Power
Troup,2,2,17746,08-29-2024 18:37:45,Diverse Power
Troup,2,2,17747,08-29-2024 18:52:44,Diverse Power
Troup,13,13,17747,08-29-2024 19:07:46,Diverse Power
Troup,12,12,17747,08-29-2024 19:22:44,Diverse Power
Troup,12,12,17747,08-29-2024 19:37:42,Diverse Power
Troup,1,1,17748,08-29-2024 19:52:44,Diverse Power
Troup,1,1,17747,08-29-2024 20:07:43,Diverse Power
Troup,1,1,17746,08-29-2024 23:07:46,Diverse Power
Meriwether,1,1,2423,08-29-2024 23:07:46,Diverse Power
Troup,4,4,17746,08-29-2024 23:22:46,Diverse Power
Meriwether,2,2,2423,08-29-2024 23:22:46,Diverse Power
Troup,13,13,17746,08-29-2024 23:37:45,Diverse Power
Meriwether,2,2,2423,08-29-2024 23:37:45,Diverse Power
Troup,16,16,17746,08-29-2024 23:52:45,Diverse Power
Meriwether,2,2,2423,08-29-2024 23:52:45,Diverse Power
Troup,18,14,17746,08-30-2024 00:07:47,Diverse Power
Meriwether,2,2,2423,08-30-2024 00:07:47,Diverse Power
Troup,18,18,17746,08-30-2024 00:22:47,Diverse Power
Meriwether,2,2,2423,08-30-2024 00:22:47,Diverse Power
Troup,18,18,17746,08-30-2024 00:37:48,Diverse Power
Meriwether,2,2,2423,08-30-2024 00:37:48,Diverse Power
Troup,18,18,17746,08-30-2024 00:52:47,Diverse Power
Meriwether,2,2,2423,08-30-2024 00:52:47,Diverse Power
Troup,15,15,17746,08-30-2024 01:07:48,Diverse Power
Meriwether,2,2,2423,08-30-2024 01:07:48,Diverse Power
Troup,15,15,17746,08-30-2024 01:22:42,Diverse Power
Meriwether,2,2,2423,08-30-2024 01:22:42,Diverse Power
Troup,15,15,17746,08-30-2024 01:37:43,Diverse Power
Meriwether,2,2,2423,08-30-2024 01:37:43,Diverse Power
Troup,15,15,17746,08-30-2024 01:52:42,Diverse Power
Meriwether,2,2,2423,08-30-2024 01:52:42,Diverse Power
Troup,15,15,17746,08-30-2024 02:07:42,Diverse Power
Meriwether,2,2,2423,08-30-2024 02:07:42,Diverse Power
Troup,15,15,17746,08-30-2024 02:22:42,Diverse Power
Meriwether,2,2,2423,08-30-2024 02:22:42,Diverse Power
Troup,15,15,17747,08-30-2024 02:37:42,Diverse Power
Meriwether,2,2,2423,08-30-2024 02:37:42,Diverse Power
Troup,7,7,17747,08-30-2024 02:52:41,Diverse Power
Meriwether,2,2,2423,08-30-2024 02:52:41,Diverse Power
Troup,7,7,17747,08-30-2024 03:07:41,Diverse Power
Meriwether,2,2,2423,08-30-2024 03:07:41,Diverse Power
Troup,7,7,17747,08-30-2024 03:22:41,Diverse Power
Meriwether,2,2,2423,08-30-2024 03:22:41,Diverse Power
Troup,7,7,17747,08-30-2024 03:37:42,Diverse Power
Troup,7,7,17747,08-30-2024 03:52:41,Diverse Power
Troup,7,7,17747,08-30-2024 04:07:42,Diverse Power
Troup,1,1,17747,08-30-2024 04:22:41,Diverse Power
Troup,1,1,17747,08-30-2024 04:37:41,Diverse Power
Troup,1,1,17747,08-30-2024 04:52:41,Diverse Power
Troup,1,1,17747,08-30-2024 05:07:41,Diverse Power
Troup,3,3,17747,08-30-2024 05:37:46,Diverse Power
Troup,2,2,17747,08-30-2024 05:52:44,Diverse Power
Troup,2,2,17747,08-30-2024 06:07:46,Diverse Power
Troup,2,2,17747,08-30-2024 06:22:43,Diverse Power
Troup,2,2,17747,08-30-2024 06:37:43,Diverse Power
Troup,2,2,17747,08-30-2024 06:52:43,Diverse Power
Troup,2,0,17747,08-30-2024 07:07:43,Diverse Power
Troup,7,7,17747,08-30-2024 13:07:47,Diverse Power
Troup,7,7,17747,08-30-2024 13:22:46,Diverse Power
Troup,7,7,17747,08-30-2024 13:37:44,Diverse Power
Troup,9,9,17747,08-30-2024 13:52:45,Diverse Power
Troup,9,9,17747,08-30-2024 14:07:43,Diverse Power
Troup,7,7,17747,08-30-2024 14:22:43,Diverse Power
Troup,7,7,17747,08-30-2024 14:37:44,Diverse Power
Troup,7,7,17747,08-30-2024 14:52:44,Diverse Power
Troup,3,3,17747,08-30-2024 15:37:42,Diverse Power
Troup,3,3,17747,08-30-2024 15:52:41,Diverse Power
Troup,3,3,17747,08-30-2024 16:07:43,Diverse Power
Troup,3,3,17747,08-30-2024 16:22:40,Diverse Power
Troup,2,0,17747,08-30-2024 16:37:41,Diverse Power
Troup,2,0,17747,08-30-2024 16:52:42,Diverse Power
Troup,2,2,17747,08-30-2024 17:22:42,Diverse Power
Meriwether,1,1,2423,08-30-2024 20:22:43,Diverse Power
Troup,1,1,17749,08-30-2024 20:37:43,Diverse Power
Meriwether,1,1,2423,08-30-2024 20:37:43,Diverse Power
Troup,1,1,17749,08-30-2024 20:52:44,Diverse Power
Meriwether,1,1,2423,08-30-2024 20:52:44,Diverse Power
Troup,31,31,17749,08-30-2024 21:07:45,Diverse Power
Meriwether,1,1,2423,08-30-2024 21:07:45,Diverse Power
Troup,32,32,17749,08-30-2024 21:22:44,Diverse Power
Meriwether,1,1,2423,08-30-2024 21:22:44,Diverse Power
Troup,48,48,17749,08-30-2024 21:37:45,Diverse Power
Meriwether,1,1,2423,08-30-2024 21:37:45,Diverse Power
Harris,2,2,8286,08-30-2024 21:37:45,Diverse Power
Troup,48,48,17749,08-30-2024 21:52:45,Diverse Power
Meriwether,1,1,2423,08-30-2024 21:52:45,Diverse Power
Harris,2,2,8286,08-30-2024 21:52:45,Diverse Power
Troup,49,49,17749,08-30-2024 22:07:46,Diverse Power
Meriwether,1,1,2423,08-30-2024 22:07:46,Diverse Power
Harris,2,2,8286,08-30-2024 22:07:46,Diverse Power
Troup,34,34,17749,08-30-2024 22:22:45,Diverse Power
Meriwether,1,1,2423,08-30-2024 22:22:45,Diverse Power
Harris,1,1,8286,08-30-2024 22:22:45,Diverse Power
Troup,34,7,17749,08-30-2024 22:37:44,Diverse Power
Muscogee,4,4,2708,08-30-2024 22:37:44,Diverse Power
Meriwether,1,1,2423,08-30-2024 22:37:44,Diverse Power
Harris,1,1,8286,08-30-2024 22:37:44,Diverse Power
Troup,34,7,17749,08-30-2024 22:52:44,Diverse Power
Meriwether,1,1,2423,08-30-2024 22:52:44,Diverse Power
Harris,1,1,8286,08-30-2024 22:52:44,Diverse Power
Troup,7,7,17749,08-30-2024 23:07:43,Diverse Power
Meriwether,1,1,2423,08-30-2024 23:07:43,Diverse Power
Harris,1,1,8286,08-30-2024 23:07:43,Diverse Power
Troup,7,7,17749,08-30-2024 23:22:43,Diverse Power
Meriwether,1,1,2423,08-30-2024 23:22:43,Diverse Power
Harris,1,1,8286,08-30-2024 23:22:43,Diverse Power
Troup,7,7,17749,08-30-2024 23:37:44,Diverse Power
Meriwether,1,1,2423,08-30-2024 23:37:44,Diverse Power
Harris,1,1,8286,08-30-2024 23:37:44,Diverse Power
Troup,7,7,17749,08-30-2024 23:52:43,Diverse Power
Meriwether,1,1,2423,08-30-2024 23:52:43,Diverse Power
Harris,1,1,8286,08-30-2024 23:52:43,Diverse Power
Troup,6,4,17749,08-31-2024 00:07:42,Diverse Power
Meriwether,1,1,2423,08-31-2024 00:07:42,Diverse Power
Harris,1,1,8286,08-31-2024 00:07:42,Diverse Power
Troup,6,4,17749,08-31-2024 00:22:43,Diverse Power
Meriwether,1,1,2423,08-31-2024 00:22:43,Diverse Power
Harris,1,1,8286,08-31-2024 00:22:43,Diverse Power
Troup,6,4,17749,08-31-2024 00:37:44,Diverse Power
Meriwether,1,1,2423,08-31-2024 00:37:44,Diverse Power
Harris,1,1,8286,08-31-2024 00:37:44,Diverse Power
Troup,4,4,17749,08-31-2024 00:52:42,Diverse Power
Meriwether,1,1,2423,08-31-2024 00:52:42,Diverse Power
Harris,1,1,8286,08-31-2024 00:52:42,Diverse Power
Troup,4,4,17749,08-31-2024 01:07:45,Diverse Power
Meriwether,1,1,2423,08-31-2024 01:07:45,Diverse Power
Harris,1,1,8286,08-31-2024 01:07:45,Diverse Power
Troup,5,5,17749,08-31-2024 01:22:43,Diverse Power
Meriwether,1,1,2423,08-31-2024 01:22:43,Diverse Power
Harris,1,1,8286,08-31-2024 01:22:43,Diverse Power
Troup,5,5,17749,08-31-2024 01:37:42,Diverse Power
Meriwether,1,1,2423,08-31-2024 01:37:42,Diverse Power
Harris,1,1,8286,08-31-2024 01:37:42,Diverse Power
Troup,5,2,17749,08-31-2024 01:52:42,Diverse Power
Meriwether,1,1,2423,08-31-2024 01:52:42,Diverse Power
Harris,1,1,8286,08-31-2024 01:52:42,Diverse Power
Troup,2,2,17749,08-31-2024 02:07:43,Diverse Power
Meriwether,1,1,2423,08-31-2024 02:07:43,Diverse Power
Harris,1,1,8286,08-31-2024 02:07:43,Diverse Power
Troup,2,2,17749,08-31-2024 02:22:42,Diverse Power
Meriwether,1,1,2423,08-31-2024 02:22:42,Diverse Power
Harris,1,1,8286,08-31-2024 02:22:42,Diverse Power
Troup,2,2,17749,08-31-2024 02:37:43,Diverse Power
Meriwether,1,0,2423,08-31-2024 02:37:43,Diverse Power
Harris,1,1,8286,08-31-2024 02:37:43,Diverse Power
Troup,2,2,17749,08-31-2024 02:52:42,Diverse Power
Troup,2,2,17749,08-31-2024 03:07:41,Diverse Power
Troup,2,2,17749,08-31-2024 03:22:43,Diverse Power
Troup,2,2,17749,08-31-2024 03:37:41,Diverse Power
Heard,1,1,471,08-31-2024 11:52:40,Diverse Power
Troup,4,4,17749,09-01-2024 12:07:43,Diverse Power
Troup,4,4,17749,09-01-2024 12:22:58,Diverse Power
Troup,4,4,17749,09-01-2024 12:37:58,Diverse Power
Troup,4,4,17749,09-01-2024 12:52:59,Diverse Power
Harris,1,1,8286,09-01-2024 22:07:45,Diverse Power
Harris,1,1,8286,09-01-2024 22:22:48,Diverse Power
Meriwether,1,1,2423,09-01-2024 22:37:46,Diverse Power
Harris,1,1,8286,09-01-2024 22:37:46,Diverse Power
Meriwether,1,1,2423,09-01-2024 22:52:46,Diverse Power
Harris,1,1,8286,09-01-2024 22:52:46,Diverse Power
Meriwether,1,1,2423,09-01-2024 23:07:48,Diverse Power
Meriwether,1,1,2423,09-01-2024 23:22:45,Diverse Power
Troup,10,10,17749,09-02-2024 00:22:45,Diverse Power
Troup,10,10,17749,09-02-2024 00:37:45,Diverse Power
Troup,10,10,17749,09-02-2024 00:52:45,Diverse Power
Troup,10,10,17749,09-02-2024 01:07:44,Diverse Power
Troup,10,10,17749,09-02-2024 01:22:45,Diverse Power
Calhoun,3,3,1380,09-02-2024 09:07:40,Diverse Power
Calhoun,3,3,1380,09-02-2024 09:22:40,Diverse Power
Calhoun,3,3,1380,09-02-2024 09:37:41,Diverse Power
Calhoun,3,3,1380,09-02-2024 09:52:40,Diverse Power
Randolph,2,2,1752,09-02-2024 21:22:42,Diverse Power
Randolph,19,19,1752,09-02-2024 21:37:42,Diverse Power
Randolph,19,19,1752,09-02-2024 21:52:43,Diverse Power
Randolph,19,19,1752,09-02-2024 22:07:41,Diverse Power
Randolph,19,19,1752,09-02-2024 22:22:42,Diverse Power
Randolph,19,19,1752,09-02-2024 22:37:40,Diverse Power
Randolph,19,19,1752,09-02-2024 22:52:40,Diverse Power
Randolph,19,19,1752,09-02-2024 23:07:40,Diverse Power
Randolph,19,19,1752,09-02-2024 23:22:41,Diverse Power
Randolph,19,19,1752,09-02-2024 23:37:41,Diverse Power
Randolph,19,19,1752,09-02-2024 23:52:42,Diverse Power
Troup,4,4,17749,09-03-2024 11:22:42,Diverse Power
Troup,4,4,17749,09-03-2024 11:37:39,Diverse Power
Troup,4,4,17749,09-03-2024 11:52:40,Diverse Power
Troup,4,4,17749,09-03-2024 12:07:40,Diverse Power
Muscogee,5,5,2708,09-03-2024 13:52:45,Diverse Power
Harris,1,1,8286,09-03-2024 16:37:44,Diverse Power
Harris,1,1,8286,09-03-2024 16:52:41,Diverse Power
Harris,1,1,8286,09-03-2024 17:07:45,Diverse Power
Troup,1894,1894,17729,09-03-2024 17:37:43,Diverse Power
Meriwether,186,186,2412,09-03-2024 17:37:43,Diverse Power
Troup,1894,1894,17729,09-03-2024 17:52:44,Diverse Power
Meriwether,186,186,2412,09-03-2024 17:52:44,Diverse Power
Troup,2,2,17731,09-03-2024 18:07:43,Diverse Power
Troup,2,2,17731,09-03-2024 18:22:45,Diverse Power
Troup,2,2,17737,09-03-2024 21:07:44,Diverse Power
Troup,3,3,17740,09-03-2024 22:52:44,Diverse Power
Harris,4,4,8257,09-04-2024 14:07:45,Diverse Power
Harris,2,2,8250,09-04-2024 14:22:43,Diverse Power
Harris,2,2,8243,09-04-2024 14:37:44,Diverse Power
Harris,2,2,8243,09-04-2024 14:52:43,Diverse Power
Harris,2,2,8263,09-04-2024 20:52:42,Diverse Power
Harris,2,2,8264,09-04-2024 21:07:41,Diverse Power
Harris,2,2,8264,09-04-2024 21:22:45,Diverse Power
Harris,155,155,8264,09-04-2024 21:37:41,Diverse Power
Harris,155,155,8265,09-04-2024 21:52:42,Diverse Power
Harris,155,155,8266,09-04-2024 22:07:45,Diverse Power
Harris,155,155,8266,09-04-2024 22:22:42,Diverse Power
Harris,155,155,8266,09-04-2024 22:37:43,Diverse Power
Harris,155,155,8266,09-04-2024 22:52:42,Diverse Power
Harris,155,155,8266,09-04-2024 23:07:42,Diverse Power
Harris,155,155,8266,09-04-2024 23:22:42,Diverse Power
Randolph,6,6,1753,09-04-2024 23:37:45,Diverse Power
Harris,155,155,8267,09-04-2024 23:37:45,Diverse Power
Randolph,6,6,1753,09-04-2024 23:52:44,Diverse Power
Harris,155,155,8267,09-04-2024 23:52:44,Diverse Power
Randolph,6,6,1753,09-05-2024 00:07:43,Diverse Power
Harris,2,2,8267,09-05-2024 00:07:43,Diverse Power
Randolph,6,6,1753,09-05-2024 00:22:42,Diverse Power
Harris,2,2,8268,09-05-2024 00:22:42,Diverse Power
Troup,18,18,17744,09-05-2024 11:37:41,Diverse Power
Troup,18,18,17744,09-05-2024 11:52:40,Diverse Power
Troup,22,22,17744,09-05-2024 12:07:39,Diverse Power
Troup,26,26,17744,09-05-2024 12:22:40,Diverse Power
Troup,26,0,17744,09-05-2024 12:37:40,Diverse Power
Troup,6,6,17744,09-05-2024 12:52:40,Diverse Power
Troup,6,6,17739,09-05-2024 13:07:43,Diverse Power
Heard,2,2,470,09-05-2024 14:22:47,Diverse Power
Heard,2,2,470,09-05-2024 14:37:44,Diverse Power
Heard,2,2,470,09-05-2024 14:52:45,Diverse Power
Heard,2,2,470,09-05-2024 15:07:47,Diverse Power
Heard,2,2,470,09-05-2024 15:22:45,Diverse Power
Heard,2,2,470,09-05-2024 15:37:42,Diverse Power
Heard,2,2,470,09-05-2024 15:52:44,Diverse Power
Heard,2,2,470,09-05-2024 16:07:42,Diverse Power
Heard,2,2,470,09-05-2024 16:22:45,Diverse Power
Heard,2,2,470,09-05-2024 16:37:45,Diverse Power
Heard,2,2,470,09-05-2024 16:52:44,Diverse Power
Heard,2,2,470,09-05-2024 17:07:43,Diverse Power
Heard,2,2,470,09-05-2024 17:22:42,Diverse Power
Meriwether,5,5,2422,09-06-2024 03:37:40,Diverse Power
Meriwether,5,5,2422,09-06-2024 03:52:42,Diverse Power
Meriwether,5,5,2422,09-06-2024 04:07:40,Diverse Power
Meriwether,5,5,2422,09-06-2024 04:22:41,Diverse Power
Meriwether,5,5,2422,09-06-2024 04:37:41,Diverse Power
Meriwether,5,5,2422,09-06-2024 04:52:41,Diverse Power
Meriwether,5,5,2422,09-06-2024 05:07:42,Diverse Power
Meriwether,5,5,2422,09-06-2024 05:22:42,Diverse Power
Meriwether,5,5,2422,09-06-2024 05:37:40,Diverse Power
Meriwether,5,5,2422,09-06-2024 05:52:40,Diverse Power
Meriwether,5,5,2422,09-06-2024 06:07:40,Diverse Power
Meriwether,5,0,2422,09-06-2024 06:22:40,Diverse Power
Harris,1,1,8269,09-06-2024 14:22:42,Diverse Power
Troup,2,2,17685,09-06-2024 17:22:44,Diverse Power
Troup,4,4,17721,09-07-2024 00:22:42,Diverse Power
Troup,4,4,17722,09-07-2024 01:37:43,Diverse Power
Troup,4,4,17722,09-07-2024 01:52:43,Diverse Power
Troup,4,4,17722,09-07-2024 02:07:45,Diverse Power
Harris,1,1,8275,09-07-2024 09:07:42,Diverse Power
Harris,1,1,8275,09-07-2024 09:22:42,Diverse Power
Harris,1,1,8275,09-07-2024 09:37:45,Diverse Power
Harris,1,1,8275,09-07-2024 09:52:42,Diverse Power
Harris,1,1,8275,09-07-2024 10:07:43,Diverse Power
Harris,1,1,8275,09-07-2024 10:22:42,Diverse Power
Harris,1,1,8275,09-07-2024 10:37:43,Diverse Power
Harris,1,1,8275,09-07-2024 10:52:42,Diverse Power
Troup,1,1,17724,09-07-2024 11:07:42,Diverse Power
Harris,1,1,8275,09-07-2024 11:07:42,Diverse Power
Troup,1,1,17724,09-07-2024 11:22:43,Diverse Power
Harris,1,1,8275,09-07-2024 11:22:43,Diverse Power
Troup,1,1,17724,09-07-2024 11:37:43,Diverse Power
Troup,1,1,17724,09-07-2024 11:52:42,Diverse Power
Troup,1,1,17724,09-07-2024 12:07:45,Diverse Power
Clay,1,1,983,09-07-2024 12:07:45,Diverse Power
Troup,1,1,17724,09-07-2024 12:22:45,Diverse Power
Clay,1,1,983,09-07-2024 12:22:45,Diverse Power
Troup,1,1,17724,09-07-2024 12:37:44,Diverse Power
Troup,1,1,17724,09-07-2024 12:52:44,Diverse Power
Troup,1,1,17727,09-08-2024 01:07:43,Diverse Power
Troup,1,1,17727,09-08-2024 01:22:42,Diverse Power
Troup,1,1,17727,09-08-2024 01:37:41,Diverse Power
Troup,1,1,17727,09-08-2024 01:52:42,Diverse Power
Troup,1,1,17727,09-08-2024 02:07:41,Diverse Power
Troup,1,1,17727,09-08-2024 02:22:43,Diverse Power
Troup,1,1,17727,09-08-2024 02:37:41,Diverse Power
Troup,1,0,17727,09-08-2024 02:52:42,Diverse Power
Troup,143,143,17727,09-08-2024 16:37:42,Diverse Power
Troup,116,116,17727,09-08-2024 16:52:42,Diverse Power
Troup,468,468,17727,09-08-2024 17:07:42,Diverse Power
Troup,468,468,17727,09-08-2024 17:22:44,Diverse Power
Troup,468,468,17727,09-08-2024 17:37:41,Diverse Power
Troup,468,468,17727,09-08-2024 17:52:45,Diverse Power
Troup,468,468,17727,09-08-2024 18:07:41,Diverse Power
Troup,468,468,17727,09-08-2024 18:22:41,Diverse Power
Troup,468,468,17727,09-08-2024 18:37:42,Diverse Power
Troup,468,468,17727,09-08-2024 18:52:44,Diverse Power
Troup,68,68,17727,09-08-2024 19:07:42,Diverse Power
Troup,68,68,17727,09-08-2024 19:22:42,Diverse Power
Harris,40,40,8276,09-08-2024 21:37:47,Diverse Power
Harris,40,40,8276,09-08-2024 21:52:45,Diverse Power
Harris,40,40,8276,09-08-2024 22:07:41,Diverse Power
Harris,40,40,8276,09-08-2024 22:22:42,Diverse Power
Harris,40,40,8276,09-08-2024 22:37:42,Diverse Power
Troup,2,2,17727,09-08-2024 23:37:46,Diverse Power
Troup,2,2,17727,09-08-2024 23:52:42,Diverse Power
Troup,2,2,17730,09-09-2024 12:07:41,Diverse Power
Troup,2,2,17730,09-09-2024 12:22:40,Diverse Power
Troup,4,4,17730,09-09-2024 12:37:42,Diverse Power
Troup,5,5,17730,09-09-2024 12:52:44,Diverse Power
Troup,4,4,17715,09-09-2024 13:07:45,Diverse Power
Troup,3,3,17702,09-09-2024 13:22:47,Diverse Power
Troup,3,3,17684,09-09-2024 13:37:45,Diverse Power
Troup,3,3,17670,09-09-2024 13:52:48,Diverse Power
Troup,3,3,17651,09-09-2024 14:07:47,Diverse Power
Troup,3,3,17641,09-09-2024 14:22:47,Diverse Power
Troup,3,3,17636,09-09-2024 14:37:48,Diverse Power
Troup,2,2,17694,09-09-2024 22:22:43,Diverse Power
Troup,2,2,17704,09-10-2024 09:22:41,Diverse Power
Troup,25,25,17704,09-10-2024 09:37:40,Diverse Power
Troup,25,25,17704,09-10-2024 09:52:40,Diverse Power
Troup,25,25,17704,09-10-2024 10:07:41,Diverse Power
Troup,25,25,17704,09-10-2024 10:22:42,Diverse Power
Troup,25,25,17704,09-10-2024 10:37:42,Diverse Power
Troup,25,25,17704,09-10-2024 10:52:40,Diverse Power
Troup,25,25,17704,09-10-2024 11:07:41,Diverse Power
Troup,25,25,17704,09-10-2024 11:22:40,Diverse Power
Troup,10,10,17704,09-10-2024 11:37:55,Diverse Power
Troup,10,10,17704,09-10-2024 11:52:40,Diverse Power
Meriwether,12,12,2423,09-10-2024 15:52:46,Diverse Power
Harris,1,1,8279,09-10-2024 17:37:45,Diverse Power
Harris,1,1,8279,09-10-2024 17:52:47,Diverse Power
Calhoun,5,5,1373,09-10-2024 18:07:46,Diverse Power
Harris,1,0,8279,09-10-2024 18:07:46,Diverse Power
Calhoun,5,5,1373,09-10-2024 18:22:45,Diverse Power
Calhoun,5,5,1373,09-10-2024 18:37:46,Diverse Power
Calhoun,5,5,1373,09-10-2024 18:52:45,Diverse Power
Calhoun,5,5,1373,09-10-2024 19:07:46,Diverse Power
Calhoun,5,5,1373,09-10-2024 19:22:44,Diverse Power
Calhoun,5,5,1374,09-10-2024 19:37:44,Diverse Power
Harris,2,2,8279,09-11-2024 12:52:44,Diverse Power
Harris,2,2,8278,09-11-2024 13:07:43,Diverse Power
Randolph,1,1,1751,09-11-2024 20:37:45,Diverse Power
Troup,2,2,17716,09-11-2024 23:22:46,Diverse Power
Troup,4,4,17716,09-11-2024 23:37:45,Diverse Power
Troup,4,4,17716,09-11-2024 23:52:44,Diverse Power
Troup,4,4,17717,09-12-2024 00:07:43,Diverse Power
Troup,2,2,17717,09-12-2024 00:22:43,Diverse Power
Troup,2,2,17717,09-12-2024 00:37:46,Diverse Power
Troup,2,2,17717,09-12-2024 00:52:47,Diverse Power
Troup,29,29,17718,09-12-2024 04:07:45,Diverse Power
Troup,29,29,17718,09-12-2024 04:22:46,Diverse Power
Troup,29,29,17718,09-12-2024 04:37:45,Diverse Power
Troup,29,29,17718,09-12-2024 04:52:47,Diverse Power
Troup,29,4,17718,09-12-2024 05:07:44,Diverse Power
Troup,29,4,17718,09-12-2024 05:22:47,Diverse Power
Harris,2,2,8281,09-12-2024 08:37:44,Diverse Power
Harris,2,2,8281,09-12-2024 08:52:50,Diverse Power
Harris,2,2,8281,09-12-2024 09:07:47,Diverse Power
Harris,2,2,8281,09-12-2024 09:22:49,Diverse Power
Harris,2,2,8281,09-12-2024 09:37:49,Diverse Power
Harris,3,3,8281,09-12-2024 09:52:50,Diverse Power
Harris,3,3,8281,09-12-2024 10:07:45,Diverse Power
Harris,3,3,8281,09-12-2024 10:22:46,Diverse Power
Harris,3,3,8281,09-12-2024 10:37:44,Diverse Power
Harris,3,3,8281,09-12-2024 10:52:45,Diverse Power
Harris,1,1,8281,09-12-2024 11:07:46,Diverse Power
Randolph,1,1,1751,09-12-2024 12:07:44,Diverse Power
Randolph,1,1,1751,09-12-2024 12:22:44,Diverse Power
Harris,1,1,8281,09-12-2024 12:22:44,Diverse Power
Randolph,1,1,1751,09-12-2024 12:37:43,Diverse Power
Randolph,1,1,1751,09-12-2024 12:52:43,Diverse Power
Randolph,1,1,1751,09-12-2024 13:07:49,Diverse Power
Randolph,1,1,1751,09-12-2024 13:22:47,Diverse Power
Randolph,1,1,1751,09-12-2024 13:37:48,Diverse Power
Randolph,1,1,1751,09-12-2024 13:52:51,Diverse Power
Randolph,1,1,1751,09-12-2024 14:07:50,Diverse Power
Randolph,1,1,1751,09-12-2024 14:22:50,Diverse Power
Randolph,1,1,1751,09-12-2024 14:37:47,Diverse Power
Harris,47,47,8280,09-12-2024 14:37:47,Diverse Power
Randolph,1,1,1751,09-12-2024 14:52:47,Diverse Power
Muscogee,62,62,2705,09-12-2024 14:52:47,Diverse Power
Harris,6,6,8280,09-12-2024 14:52:47,Diverse Power
Randolph,1,1,1751,09-12-2024 15:07:45,Diverse Power
Muscogee,62,62,2705,09-12-2024 15:07:45,Diverse Power
Harris,6,6,8280,09-12-2024 15:07:45,Diverse Power
Quitman,3,3,1304,09-12-2024 15:22:50,Diverse Power
Muscogee,62,62,2705,09-12-2024 15:22:50,Diverse Power
Harris,6,6,8280,09-12-2024 15:22:50,Diverse Power
Muscogee,62,62,2705,09-12-2024 15:37:44,Diverse Power
Harris,7,7,8280,09-12-2024 15:37:44,Diverse Power
Muscogee,62,62,2705,09-12-2024 15:52:48,Diverse Power
Harris,7,7,8281,09-12-2024 15:52:48,Diverse Power
Muscogee,62,62,2705,09-12-2024 16:07:48,Diverse Power
Harris,7,7,8281,09-12-2024 16:07:48,Diverse Power
Muscogee,62,62,2705,09-12-2024 16:22:52,Diverse Power
Harris,7,7,8281,09-12-2024 16:22:52,Diverse Power
Quitman,2,2,1304,09-12-2024 16:37:49,Diverse Power
Troup,7,7,17717,09-12-2024 16:37:49,Diverse Power
Harris,108,108,8281,09-12-2024 16:37:49,Diverse Power
Quitman,2,2,1305,09-12-2024 16:52:48,Diverse Power
Troup,7,7,17717,09-12-2024 16:52:48,Diverse Power
Muscogee,1,1,2705,09-12-2024 16:52:48,Diverse Power
Harris,108,108,8281,09-12-2024 16:52:48,Diverse Power
Quitman,2,2,1305,09-12-2024 17:07:46,Diverse Power
Troup,13,13,17717,09-12-2024 17:07:46,Diverse Power
Muscogee,1,1,2705,09-12-2024 17:07:46,Diverse Power
Meriwether,106,106,2425,09-12-2024 17:07:46,Diverse Power
Troup,13,13,17717,09-12-2024 17:22:45,Diverse Power
Muscogee,1,1,2705,09-12-2024 17:22:45,Diverse Power
Meriwether,106,106,2425,09-12-2024 17:22:45,Diverse Power
Troup,8,8,17717,09-12-2024 17:37:46,Diverse Power
Muscogee,1,1,2705,09-12-2024 17:37:46,Diverse Power
Meriwether,106,106,2425,09-12-2024 17:37:46,Diverse Power
Troup,8,8,17717,09-12-2024 17:52:49,Diverse Power
Meriwether,106,106,2425,09-12-2024 17:52:49,Diverse Power
Troup,8,8,17717,09-12-2024 18:07:50,Diverse Power
Meriwether,106,106,2425,09-12-2024 18:07:50,Diverse Power
Troup,8,8,17717,09-12-2024 18:22:49,Diverse Power
Meriwether,106,106,2425,09-12-2024 18:22:49,Diverse Power
Troup,22,22,17717,09-12-2024 18:37:50,Diverse Power
Meriwether,106,106,2425,09-12-2024 18:37:50,Diverse Power
Harris,1,1,8281,09-12-2024 18:37:50,Diverse Power
Troup,22,22,17717,09-12-2024 18:52:49,Diverse Power
Meriwether,106,106,2425,09-12-2024 18:52:49,Diverse Power
Troup,14,14,17717,09-12-2024 19:07:47,Diverse Power
Troup,14,14,17717,09-12-2024 19:22:49,Diverse Power
Harris,7,7,8282,09-12-2024 19:22:49,Diverse Power
Troup,2,2,17717,09-12-2024 19:37:48,Diverse Power
Harris,7,7,8282,09-12-2024 19:37:48,Diverse Power
Troup,6,6,17718,09-12-2024 19:52:51,Diverse Power
Harris,7,7,8282,09-12-2024 19:52:51,Diverse Power
Troup,8,8,17718,09-12-2024 20:07:50,Diverse Power
Harris,7,7,8282,09-12-2024 20:07:50,Diverse Power
Troup,36,36,17718,09-12-2024 20:22:53,Diverse Power
Chambers,39,39,683,09-12-2024 20:22:53,Diverse Power
Harris,7,7,8282,09-12-2024 20:22:53,Diverse Power
Troup,36,36,17718,09-12-2024 20:37:51,Diverse Power
Chambers,39,39,683,09-12-2024 20:37:51,Diverse Power
Harris,7,7,8282,09-12-2024 20:37:51,Diverse Power
Troup,36,36,17718,09-12-2024 20:52:50,Diverse Power
Chambers,39,39,683,09-12-2024 20:52:50,Diverse Power
Harris,7,7,8282,09-12-2024 20:52:50,Diverse Power
Troup,36,36,17719,09-12-2024 21:07:51,Diverse Power
Chambers,39,39,683,09-12-2024 21:07:51,Diverse Power
Troup,36,36,17720,09-12-2024 21:22:53,Diverse Power
Chambers,39,39,683,09-12-2024 21:22:53,Diverse Power
Troup,2,2,17720,09-12-2024 21:37:47,Diverse Power
Troup,2,2,17720,09-12-2024 21:52:49,Diverse Power
Troup,24,24,17721,09-12-2024 22:37:46,Diverse Power
Troup,24,24,17723,09-12-2024 23:07:43,Diverse Power
Troup,24,24,17723,09-12-2024 23:22:44,Diverse Power
Troup,1,1,17723,09-13-2024 00:37:46,Diverse Power
Troup,1,1,17723,09-13-2024 00:52:49,Diverse Power
Troup,1,1,17723,09-13-2024 01:07:48,Diverse Power
Troup,1,1,17723,09-13-2024 01:22:49,Diverse Power
Troup,1,1,17723,09-13-2024 01:37:45,Diverse Power
Calhoun,2,2,1376,09-13-2024 02:22:46,Diverse Power
Harris,2,2,8282,09-13-2024 19:37:46,Diverse Power
Harris,2,2,8282,09-13-2024 19:52:46,Diverse Power
Harris,2,2,8282,09-13-2024 20:07:45,Diverse Power
Harris,2,2,8282,09-13-2024 20:22:46,Diverse Power
Harris,1457,1457,8281,09-13-2024 23:07:49,Diverse Power
Harris,1457,1457,8281,09-13-2024 23:22:50,Diverse Power
Harris,1457,1457,8281,09-13-2024 23:37:48,Diverse Power
Harris,1457,1457,8281,09-13-2024 23:52:48,Diverse Power
Harris,1457,1457,8281,09-14-2024 00:07:49,Diverse Power
Harris,1457,1457,8281,09-14-2024 00:22:50,Diverse Power
Harris,1457,0,8281,09-14-2024 00:37:46,Diverse Power
Harris,2,2,8281,09-14-2024 02:07:46,Diverse Power
Harris,7,7,8281,09-14-2024 02:22:47,Diverse Power
Harris,7,7,8281,09-14-2024 02:37:46,Diverse Power
Harris,7,7,8281,09-14-2024 02:52:45,Diverse Power
Harris,7,7,8281,09-14-2024 03:07:45,Diverse Power
Harris,7,7,8281,09-14-2024 03:22:48,Diverse Power
Harris,7,7,8281,09-14-2024 03:37:46,Diverse Power
Harris,7,7,8281,09-14-2024 03:52:47,Diverse Power
Harris,7,0,8281,09-14-2024 04:07:46,Diverse Power
Harris,2,2,8281,09-14-2024 14:37:46,Diverse Power
Muscogee,3,3,2706,09-14-2024 19:07:45,Diverse Power
Troup,1,1,17733,09-15-2024 01:37:45,Diverse Power
Harris,2,2,8281,09-15-2024 14:22:48,Diverse Power
Harris,2,2,8281,09-15-2024 14:37:44,Diverse Power
Harris,2,2,8281,09-15-2024 14:52:44,Diverse Power
Harris,2,2,8281,09-15-2024 15:07:46,Diverse Power
Harris,2,2,8281,09-15-2024 15:22:45,Diverse Power
Harris,3,3,8281,09-15-2024 21:37:44,Diverse Power
Harris,3,3,8281,09-15-2024 21:52:47,Diverse Power
Harris,1,1,8281,09-15-2024 22:07:42,Diverse Power
Harris,1,1,8281,09-15-2024 22:22:42,Diverse Power
Harris,1,1,8281,09-15-2024 22:37:40,Diverse Power
Harris,1,1,8281,09-15-2024 22:52:39,Diverse Power
Harris,1,1,8281,09-15-2024 23:07:41,Diverse Power
Harris,1,1,8281,09-15-2024 23:22:41,Diverse Power
Harris,1,1,8281,09-16-2024 13:52:42,Diverse Power
Troup,3,3,17732,09-16-2024 15:22:49,Diverse Power
Troup,7,7,17732,09-16-2024 15:37:53,Diverse Power
Troup,4,4,17733,09-16-2024 15:52:50,Diverse Power
Troup,4,4,17733,09-16-2024 16:07:48,Diverse Power
Troup,4,4,17733,09-16-2024 16:22:53,Diverse Power
Troup,4,4,17733,09-16-2024 16:37:47,Diverse Power
Troup,4,4,17733,09-16-2024 16:52:48,Diverse Power
Troup,4,4,17733,09-16-2024 17:07:46,Diverse Power
Troup,4,4,17733,09-16-2024 17:22:48,Diverse Power
Harris,2,2,8282,09-16-2024 18:37:45,Diverse Power
Harris,2,2,8282,09-16-2024 18:52:46,Diverse Power
Harris,2,2,8282,09-16-2024 19:07:44,Diverse Power
Harris,1,1,8282,09-16-2024 19:22:45,Diverse Power
Harris,1,1,8282,09-16-2024 19:37:42,Diverse Power
Harris,1,1,8282,09-16-2024 19:52:45,Diverse Power
Harris,1,1,8282,09-16-2024 20:07:47,Diverse Power
Harris,1,1,8282,09-16-2024 20:22:46,Diverse Power
Harris,1,1,8282,09-16-2024 20:37:44,Diverse Power
Harris,1,1,8282,09-16-2024 20:52:44,Diverse Power
Harris,1,1,8282,09-16-2024 21:07:45,Diverse Power
Troup,2,2,17734,09-16-2024 23:07:41,Diverse Power
Troup,7,7,17734,09-16-2024 23:22:40,Diverse Power
Troup,7,7,17734,09-16-2024 23:37:40,Diverse Power
Harris,2,2,8282,09-17-2024 12:37:42,Diverse Power
Harris,2,2,8282,09-17-2024 12:52:42,Diverse Power
Harris,2,2,8282,09-17-2024 13:07:44,Diverse Power
Muscogee,3,3,2706,09-17-2024 13:22:43,Diverse Power
Harris,2,2,8282,09-17-2024 13:22:43,Diverse Power
Muscogee,3,3,2706,09-17-2024 13:37:44,Diverse Power
Harris,2,2,8282,09-17-2024 13:37:44,Diverse Power
Muscogee,3,3,2706,09-17-2024 13:52:45,Diverse Power
Harris,2,2,8282,09-17-2024 13:52:45,Diverse Power
Meriwether,2,2,2426,09-17-2024 14:07:44,Diverse Power
Harris,2,2,8282,09-17-2024 14:07:44,Diverse Power
Meriwether,2,2,2426,09-17-2024 14:22:43,Diverse Power
Harris,2,2,8282,09-17-2024 14:22:43,Diverse Power
Meriwether,2,2,2426,09-17-2024 14:37:44,Diverse Power
Meriwether,2,2,2426,09-17-2024 14:52:44,Diverse Power
Meriwether,2,2,2426,09-17-2024 15:07:47,Diverse Power
Meriwether,2,2,2426,09-17-2024 15:22:46,Diverse Power
Troup,3,3,17734,09-17-2024 16:37:51,Diverse Power
Troup,3,3,17734,09-17-2024 16:52:49,Diverse Power
Troup,3,3,17735,09-17-2024 17:07:47,Diverse Power
Troup,3,3,17735,09-17-2024 17:22:46,Diverse Power
Troup,3,3,17734,09-17-2024 17:37:47,Diverse Power
Troup,3,3,17734,09-17-2024 17:52:46,Diverse Power
Troup,3,3,17735,09-17-2024 18:07:43,Diverse Power
Troup,3,3,17735,09-17-2024 18:22:46,Diverse Power
Heard,1,1,471,09-18-2024 02:37:44,Diverse Power
Heard,10,10,471,09-18-2024 04:52:40,Diverse Power
Heard,10,10,471,09-18-2024 05:07:40,Diverse Power
Heard,10,10,471,09-18-2024 05:22:42,Diverse Power
Heard,10,10,471,09-18-2024 05:37:40,Diverse Power
Heard,10,10,471,09-18-2024 05:52:40,Diverse Power
Heard,10,10,471,09-18-2024 06:07:40,Diverse Power
Heard,10,10,471,09-18-2024 06:22:40,Diverse Power
Heard,10,0,471,09-18-2024 06:37:40,Diverse Power
Harris,15,15,8282,09-18-2024 12:37:46,Diverse Power
Harris,15,15,8282,09-18-2024 12:52:44,Diverse Power
Harris,15,15,8282,09-18-2024 13:07:43,Diverse Power
Harris,15,15,8282,09-18-2024 13:22:43,Diverse Power
Harris,15,15,8282,09-18-2024 13:37:44,Diverse Power
Harris,2,2,8282,09-18-2024 15:37:44,Diverse Power
Harris,2,2,8281,09-18-2024 15:52:44,Diverse Power
Harris,2,2,8281,09-18-2024 16:07:45,Diverse Power
Harris,2,2,8282,09-18-2024 16:22:47,Diverse Power
Harris,2,2,8282,09-18-2024 16:37:42,Diverse Power
Harris,2,2,8282,09-18-2024 16:52:41,Diverse Power
Calhoun,1,1,1379,09-19-2024 12:22:42,Diverse Power
Calhoun,1,1,1379,09-19-2024 12:37:42,Diverse Power
Calhoun,1,1,1379,09-19-2024 12:52:44,Diverse Power
Calhoun,1,1,1379,09-19-2024 13:07:48,Diverse Power
Calhoun,1,1,1379,09-19-2024 13:22:47,Diverse Power
Troup,1,1,17736,09-19-2024 18:07:40,Diverse Power
Harris,2,2,8284,09-19-2024 22:07:42,Diverse Power
Troup,32,32,17736,09-20-2024 12:52:42,Diverse Power
Troup,32,32,17736,09-20-2024 13:07:45,Diverse Power
Troup,32,32,17736,09-20-2024 13:22:45,Diverse Power
Troup,32,32,17736,09-20-2024 13:37:46,Diverse Power
Troup,32,32,17736,09-20-2024 13:52:49,Diverse Power
Troup,32,32,17736,09-20-2024 14:07:47,Diverse Power
Troup,32,32,17736,09-20-2024 14:22:45,Diverse Power
Troup,32,0,17736,09-20-2024 14:37:48,Diverse Power
Troup,32,0,17736,09-20-2024 14:52:46,Diverse Power
Troup,32,0,17736,09-20-2024 15:07:49,Diverse Power
Troup,1,1,17737,09-20-2024 20:07:44,Diverse Power
Troup,1,1,17737,09-20-2024 20:22:43,Diverse Power
Troup,1,1,17738,09-22-2024 15:22:43,Diverse Power
Troup,1,1,17738,09-22-2024 15:37:42,Diverse Power
Clay,1,1,977,09-22-2024 15:37:42,Diverse Power
Troup,1,1,17738,09-22-2024 15:52:43,Diverse Power
Troup,95,95,17738,09-22-2024 20:52:41,Diverse Power
Troup,95,95,17738,09-22-2024 21:07:40,Diverse Power
Troup,95,95,17738,09-22-2024 21:22:43,Diverse Power
Troup,95,95,17738,09-22-2024 21:37:44,Diverse Power
Troup,1,1,17738,09-23-2024 01:07:42,Diverse Power
Troup,1,1,17738,09-23-2024 01:22:44,Diverse Power
Troup,1,1,17738,09-23-2024 01:37:44,Diverse Power
Troup,1,1,17738,09-23-2024 01:52:44,Diverse Power
Troup,1,1,17738,09-23-2024 02:07:42,Diverse Power
Troup,1,1,17738,09-23-2024 02:22:43,Diverse Power
Troup,1,1,17738,09-23-2024 02:37:40,Diverse Power
Troup,1,1,17738,09-23-2024 02:52:40,Diverse Power
Troup,1,1,17738,09-23-2024 03:07:42,Diverse Power
Troup,1,1,17738,09-23-2024 11:37:44,Diverse Power
Troup,1,1,17738,09-23-2024 11:52:43,Diverse Power
Troup,1,1,17738,09-23-2024 12:07:42,Diverse Power
Troup,1,1,17738,09-23-2024 12:22:42,Diverse Power
Troup,1,1,17739,09-23-2024 12:37:42,Diverse Power
Troup,1,1,17739,09-23-2024 12:52:40,Diverse Power
Troup,1,1,17739,09-23-2024 13:07:40,Diverse Power
Troup,1,1,17739,09-23-2024 13:22:43,Diverse Power
Troup,1,1,17739,09-23-2024 13:37:41,Diverse Power
Troup,1,1,17739,09-23-2024 13:52:43,Diverse Power
Troup,1,1,17738,09-23-2024 14:07:44,Diverse Power
Troup,1,1,17738,09-23-2024 14:22:46,Diverse Power
Troup,1,1,17738,09-23-2024 14:37:46,Diverse Power
Meriwether,1,1,2427,09-23-2024 14:37:46,Diverse Power
Meriwether,18,18,2427,09-23-2024 14:52:45,Diverse Power
Meriwether,18,18,2427,09-23-2024 15:07:48,Diverse Power
Meriwether,18,18,2427,09-23-2024 15:22:47,Diverse Power
Meriwether,18,18,2427,09-23-2024 15:37:49,Diverse Power
Meriwether,18,18,2427,09-23-2024 15:52:44,Diverse Power
Troup,2,2,17738,09-23-2024 18:22:46,Diverse Power
Troup,2,2,17738,09-23-2024 18:37:46,Diverse Power
Troup,2,2,17738,09-23-2024 18:52:46,Diverse Power
Troup,2,2,17737,09-23-2024 19:07:46,Diverse Power
Troup,2,2,17737,09-23-2024 19:22:47,Diverse Power
Troup,2,2,17737,09-23-2024 19:37:45,Diverse Power
Troup,2,2,17737,09-23-2024 19:52:46,Diverse Power
Troup,1,1,17738,09-24-2024 06:07:45,Diverse Power
Troup,1,0,17738,09-24-2024 06:22:42,Diverse Power
Troup,1,1,17739,09-24-2024 12:37:46,Diverse Power
Troup,1,1,17739,09-24-2024 12:52:43,Diverse Power
Troup,1,1,17739,09-24-2024 13:07:44,Diverse Power
Troup,1,1,17739,09-24-2024 13:22:45,Diverse Power
Harris,1,1,8283,09-24-2024 13:22:45,Diverse Power
Troup,1,1,17739,09-24-2024 13:37:46,Diverse Power
Troup,1,1,17739,09-24-2024 13:52:47,Diverse Power
Troup,1,0,17739,09-24-2024 14:07:46,Diverse Power
Troup,1,0,17739,09-24-2024 14:22:46,Diverse Power
Troup,4,4,17739,09-24-2024 15:22:45,Diverse Power
Harris,4,4,8283,09-24-2024 15:22:45,Diverse Power
Troup,4,4,17739,09-24-2024 15:37:48,Diverse Power
Troup,4,4,17739,09-24-2024 15:52:46,Diverse Power
Troup,4,4,17739,09-24-2024 16:07:45,Diverse Power
Troup,4,4,17739,09-24-2024 16:22:47,Diverse Power
Troup,4,4,17739,09-24-2024 16:37:46,Diverse Power
Troup,4,4,17739,09-24-2024 16:52:44,Diverse Power
Troup,4,4,17739,09-24-2024 17:07:42,Diverse Power
Troup,4,4,17739,09-24-2024 17:22:43,Diverse Power
Troup,2,2,17739,09-24-2024 18:07:44,Diverse Power
Harris,2,2,8285,09-24-2024 18:07:44,Diverse Power
Troup,2,2,17739,09-24-2024 18:22:45,Diverse Power
Troup,2,2,17739,09-24-2024 18:37:44,Diverse Power
Troup,2,2,17739,09-24-2024 18:52:46,Diverse Power
Troup,1,1,17739,09-25-2024 13:07:45,Diverse Power
Troup,1,1,17740,09-25-2024 13:22:46,Diverse Power
Troup,1,1,17741,09-25-2024 13:37:46,Diverse Power
Troup,1,1,17741,09-25-2024 13:52:45,Diverse Power
Troup,1,1,17741,09-25-2024 14:07:44,Diverse Power
Troup,1,1,17741,09-25-2024 14:22:46,Diverse Power
Calhoun,1,1,1378,09-25-2024 14:37:45,Diverse Power
Muscogee,5,5,2705,09-25-2024 14:52:47,Diverse Power
Calhoun,1,1,1378,09-25-2024 14:52:47,Diverse Power
Calhoun,1,1,1378,09-25-2024 15:07:48,Diverse Power
Calhoun,1,1,1378,09-25-2024 15:22:46,Diverse Power
Calhoun,1,1,1378,09-25-2024 15:37:46,Diverse Power
Calhoun,1,1,1378,09-25-2024 15:52:50,Diverse Power
Calhoun,1,1,1378,09-25-2024 16:07:47,Diverse Power
Calhoun,1,1,1378,09-25-2024 16:22:46,Diverse Power
Calhoun,1,1,1378,09-25-2024 16:37:44,Diverse Power
Harris,3,3,8285,09-25-2024 16:37:44,Diverse Power
Calhoun,1,1,1378,09-25-2024 16:52:45,Diverse Power
Harris,186,186,8285,09-25-2024 16:52:45,Diverse Power
Calhoun,1,1,1378,09-25-2024 17:07:43,Diverse Power
Harris,186,186,8285,09-25-2024 17:07:43,Diverse Power
Calhoun,1,1,1378,09-25-2024 17:22:46,Diverse Power
Harris,186,186,8285,09-25-2024 17:22:46,Diverse Power
Calhoun,1,1,1378,09-25-2024 17:37:44,Diverse Power
Harris,187,187,8285,09-25-2024 17:37:44,Diverse Power
Calhoun,1,1,1378,09-25-2024 17:52:45,Diverse Power
Harris,187,187,8285,09-25-2024 17:52:45,Diverse Power
Calhoun,1,1,1378,09-25-2024 18:07:44,Diverse Power
Meriwether,4,4,2428,09-25-2024 18:07:44,Diverse Power
Harris,293,293,8285,09-25-2024 18:07:44,Diverse Power
Calhoun,1,1,1378,09-25-2024 18:22:44,Diverse Power
Meriwether,4,4,2428,09-25-2024 18:22:44,Diverse Power
Harris,295,295,8285,09-25-2024 18:22:44,Diverse Power
Meriwether,4,4,2428,09-25-2024 18:37:44,Diverse Power
Harris,295,295,8285,09-25-2024 18:37:44,Diverse Power
Harris,2,2,8285,09-25-2024 18:52:43,Diverse Power
Muscogee,4,4,2705,09-25-2024 19:07:42,Diverse Power
Harris,3,3,8285,09-25-2024 19:07:42,Diverse Power
Muscogee,4,4,2705,09-25-2024 19:22:46,Diverse Power
Harris,1,1,8285,09-25-2024 19:22:46,Diverse Power
Muscogee,4,4,2705,09-25-2024 19:37:45,Diverse Power
Harris,2,2,8285,09-25-2024 19:37:45,Diverse Power
Muscogee,4,4,2705,09-25-2024 19:52:45,Diverse Power
Harris,2,2,8285,09-25-2024 19:52:45,Diverse Power
Muscogee,4,4,2705,09-25-2024 20:07:46,Diverse Power
Harris,2,2,8285,09-25-2024 20:07:46,Diverse Power
Harris,2,2,8285,09-25-2024 20:22:47,Diverse Power
Harris,2,2,8285,09-25-2024 20:37:45,Diverse Power
Harris,1,1,8285,09-25-2024 20:52:45,Diverse Power
Troup,3,3,17741,09-25-2024 21:37:45,Diverse Power
Troup,3,3,17741,09-25-2024 21:52:46,Diverse Power
Troup,3,3,17741,09-25-2024 22:07:45,Diverse Power
Troup,3,3,17741,09-25-2024 22:22:44,Diverse Power
Troup,3,3,17741,09-25-2024 22:37:44,Diverse Power
Troup,1,1,17741,09-25-2024 22:52:44,Diverse Power
Troup,1,1,17741,09-25-2024 23:07:44,Diverse Power
Quitman,4,4,1307,09-25-2024 23:22:42,Diverse Power
Troup,1,1,17741,09-25-2024 23:22:42,Diverse Power
Troup,1,1,17741,09-25-2024 23:37:45,Diverse Power
Troup,1,1,17741,09-25-2024 23:52:43,Diverse Power
Troup,2,2,17741,09-26-2024 00:07:41,Diverse Power
Troup,2,2,17741,09-26-2024 00:22:42,Diverse Power
Troup,1,1,17741,09-26-2024 00:37:42,Diverse Power
Troup,2,2,17741,09-26-2024 00:52:41,Diverse Power
Troup,5,5,17741,09-26-2024 01:07:41,Diverse Power
Troup,3,3,17741,09-26-2024 01:22:39,Diverse Power
Troup,3,3,17741,09-26-2024 01:37:43,Diverse Power
Heard,2,2,473,09-26-2024 03:22:40,Diverse Power
Harris,1,1,8286,09-26-2024 13:07:43,Diverse Power
Troup,1,1,17741,09-26-2024 14:37:58,Diverse Power
Troup,1,1,17741,09-26-2024 14:52:58,Diverse Power
Troup,91,91,17741,09-26-2024 15:07:49,Diverse Power
Troup,91,91,17741,09-26-2024 15:22:57,Diverse Power
Troup,91,91,17742,09-26-2024 15:37:56,Diverse Power
Quitman,1,1,1307,09-26-2024 15:52:46,Diverse Power
Troup,91,91,17742,09-26-2024 15:52:46,Diverse Power
Quitman,13,13,1307,09-26-2024 16:07:55,Diverse Power
Troup,91,91,17742,09-26-2024 16:07:55,Diverse Power
Quitman,13,13,1307,09-26-2024 16:22:57,Diverse Power
Troup,91,91,17742,09-26-2024 16:22:57,Diverse Power
Quitman,13,13,1307,09-26-2024 16:37:58,Diverse Power
Troup,91,91,17742,09-26-2024 16:37:58,Diverse Power
Harris,6,6,8286,09-26-2024 16:37:58,Diverse Power
Quitman,13,13,1307,09-26-2024 16:52:58,Diverse Power
Troup,2,2,17742,09-26-2024 16:52:58,Diverse Power
Harris,6,6,8286,09-26-2024 16:52:58,Diverse Power
Quitman,13,13,1307,09-26-2024 17:07:44,Diverse Power
Troup,1,1,17742,09-26-2024 17:07:44,Diverse Power
Harris,7,7,8286,09-26-2024 17:07:44,Diverse Power
Quitman,13,13,1307,09-26-2024 17:22:41,Diverse Power
Troup,1,1,17742,09-26-2024 17:22:41,Diverse Power
Harris,17,17,8286,09-26-2024 17:22:41,Diverse Power
Quitman,13,13,1307,09-26-2024 17:37:54,Diverse Power
Troup,1,1,17742,09-26-2024 17:37:54,Diverse Power
Harris,17,17,8286,09-26-2024 17:37:54,Diverse Power
Quitman,13,13,1307,09-26-2024 17:52:58,Diverse Power
Troup,1,1,17742,09-26-2024 17:52:58,Diverse Power
Harris,17,17,8286,09-26-2024 17:52:58,Diverse Power
Quitman,13,13,1307,09-26-2024 18:07:48,Diverse Power
Troup,1,1,17742,09-26-2024 18:07:48,Diverse Power
Harris,7,7,8286,09-26-2024 18:07:48,Diverse Power
Troup,1,1,17742,09-26-2024 18:22:56,Diverse Power
Harris,7,7,8286,09-26-2024 18:22:56,Diverse Power
Troup,3,3,17742,09-26-2024 18:38:11,Diverse Power
Harris,1,1,8286,09-26-2024 18:38:11,Diverse Power
Troup,3,3,17742,09-26-2024 18:53:42,Diverse Power
Harris,1,1,8286,09-26-2024 18:53:42,Diverse Power
Troup,3,3,17742,09-26-2024 18:59:52,Diverse Power
Harris,1,1,8286,09-26-2024 18:59:52,Diverse Power
Troup,3,3,17742,09-26-2024 19:08:05,Diverse Power
Harris,1,1,8286,09-26-2024 19:08:05,Diverse Power
Troup,3,3,17742,09-26-2024 19:22:57,Diverse Power
Meriwether,71,71,2428,09-26-2024 19:22:57,Diverse Power
Troup,3,3,17742,09-26-2024 19:37:55,Diverse Power
Meriwether,71,71,2428,09-26-2024 19:37:55,Diverse Power
Troup,3,3,17742,09-26-2024 19:52:39,Diverse Power
Meriwether,71,71,2428,09-26-2024 19:52:39,Diverse Power
Troup,1,1,17742,09-26-2024 20:07:41,Diverse Power
Meriwether,71,71,2428,09-26-2024 20:07:41,Diverse Power
Troup,1,1,17742,09-26-2024 20:22:43,Diverse Power
Meriwether,71,71,2428,09-26-2024 20:22:43,Diverse Power
Troup,1,0,17742,09-26-2024 20:37:44,Diverse Power
Troup,13,13,17742,09-26-2024 20:52:42,Diverse Power
Troup,13,13,17742,09-26-2024 21:07:43,Diverse Power
Troup,13,13,17742,09-26-2024 21:22:42,Diverse Power
Harris,1320,1320,8286,09-26-2024 23:07:46,Diverse Power
Harris,1320,1320,8286,09-26-2024 23:22:46,Diverse Power
Troup,7,7,17742,09-26-2024 23:37:45,Diverse Power
Muscogee,2,2,2705,09-26-2024 23:37:45,Diverse Power
Harris,1321,1321,8286,09-26-2024 23:37:45,Diverse Power
Harris,1320,1320,8286,09-26-2024 23:52:44,Diverse Power
Harris,1320,1320,8286,09-27-2024 00:07:48,Diverse Power
Harris,1320,1320,8286,09-27-2024 00:22:49,Diverse Power
Harris,1320,1320,8286,09-27-2024 00:37:47,Diverse Power
Harris,1320,1320,8286,09-27-2024 00:52:43,Diverse Power
Troup,1737,1737,17742,09-27-2024 01:37:44,Diverse Power
Troup,1737,1737,17742,09-27-2024 01:52:44,Diverse Power
Troup,1737,1737,17742,09-27-2024 02:07:46,Diverse Power
Harris,2,2,8286,09-27-2024 02:07:46,Diverse Power
Troup,1737,1737,17742,09-27-2024 02:22:46,Diverse Power
Harris,2,2,8286,09-27-2024 02:22:46,Diverse Power
Troup,69,69,17742,09-27-2024 02:37:45,Diverse Power
Harris,2,2,8286,09-27-2024 02:37:45,Diverse Power
Troup,66,66,17742,09-27-2024 02:52:43,Diverse Power
Harris,2,2,8286,09-27-2024 02:52:43,Diverse Power
Troup,66,66,17742,09-27-2024 03:07:42,Diverse Power
Harris,2,2,8286,09-27-2024 03:07:42,Diverse Power
Troup,66,66,17742,09-27-2024 03:22:43,Diverse Power
Harris,2,2,8286,09-27-2024 03:22:43,Diverse Power
Troup,66,66,17742,09-27-2024 03:37:45,Diverse Power
Harris,2,2,8286,09-27-2024 03:37:45,Diverse Power
Troup,66,66,17742,09-27-2024 03:52:42,Diverse Power
Harris,2,2,8286,09-27-2024 03:52:42,Diverse Power
Troup,66,66,17742,09-27-2024 04:07:42,Diverse Power
Meriwether,3,3,2428,09-27-2024 04:07:42,Diverse Power
Harris,2,2,8286,09-27-2024 04:07:42,Diverse Power
Troup,66,66,17742,09-27-2024 04:22:42,Diverse Power
Meriwether,3,3,2428,09-27-2024 04:22:42,Diverse Power
Harris,2,2,8286,09-27-2024 04:22:42,Diverse Power
Meriwether,3,3,2428,09-27-2024 04:37:43,Diverse Power
Harris,2,2,8286,09-27-2024 04:37:43,Diverse Power
Meriwether,3,3,2428,09-27-2024 04:52:42,Diverse Power
Harris,2,2,8286,09-27-2024 04:52:42,Diverse Power
Meriwether,3,3,2428,09-27-2024 05:07:42,Diverse Power
Harris,2,2,8286,09-27-2024 05:07:42,Diverse Power
Meriwether,3,3,2428,09-27-2024 05:22:42,Diverse Power
Harris,2,2,8286,09-27-2024 05:22:42,Diverse Power
Meriwether,3,3,2428,09-27-2024 05:37:45,Diverse Power
Harris,3,3,8286,09-27-2024 05:37:45,Diverse Power
Meriwether,3,3,2428,09-27-2024 05:52:44,Diverse Power
Harris,15,15,8286,09-27-2024 05:52:44,Diverse Power
Meriwether,3,3,2428,09-27-2024 06:07:47,Diverse Power
Harris,15,15,8286,09-27-2024 06:07:47,Diverse Power
Muscogee,23,23,2705,09-27-2024 06:22:47,Diverse Power
Meriwether,3,3,2428,09-27-2024 06:22:47,Diverse Power
Harris,32,32,8286,09-27-2024 06:22:47,Diverse Power
Muscogee,1602,1602,2705,09-27-2024 06:37:43,Diverse Power
Meriwether,3,3,2428,09-27-2024 06:37:43,Diverse Power
Harris,1251,1251,8286,09-27-2024 06:37:43,Diverse Power
Randolph,44,44,1752,09-27-2024 06:52:45,Diverse Power
Muscogee,1675,1675,2705,09-27-2024 06:52:45,Diverse Power
Calhoun,138,138,1378,09-27-2024 06:52:45,Diverse Power
Meriwether,3,3,2428,09-27-2024 06:52:45,Diverse Power
Harris,1251,1251,8286,09-27-2024 06:52:45,Diverse Power
Randolph,44,44,1752,09-27-2024 07:07:46,Diverse Power
Muscogee,1957,1957,2705,09-27-2024 07:07:46,Diverse Power
Calhoun,142,142,1378,09-27-2024 07:07:46,Diverse Power
Meriwether,3,3,2428,09-27-2024 07:07:46,Diverse Power
Harris,1292,1292,8286,09-27-2024 07:07:46,Diverse Power
Randolph,44,44,1752,09-27-2024 07:22:46,Diverse Power
Muscogee,1959,1959,2705,09-27-2024 07:22:46,Diverse Power
Calhoun,142,142,1378,09-27-2024 07:22:46,Diverse Power
Meriwether,3,3,2428,09-27-2024 07:22:46,Diverse Power
Harris,1292,1292,8286,09-27-2024 07:22:46,Diverse Power
Randolph,44,44,1752,09-27-2024 07:37:48,Diverse Power
Muscogee,2004,2004,2705,09-27-2024 07:37:48,Diverse Power
Calhoun,142,142,1378,09-27-2024 07:37:48,Diverse Power
Meriwether,3,3,2428,09-27-2024 07:37:48,Diverse Power
Harris,1296,1296,8286,09-27-2024 07:37:48,Diverse Power
Randolph,44,44,1752,09-27-2024 07:52:47,Diverse Power
Muscogee,2004,2004,2705,09-27-2024 07:52:47,Diverse Power
Calhoun,138,138,1378,09-27-2024 07:52:47,Diverse Power
Meriwether,3,3,2428,09-27-2024 07:52:47,Diverse Power
Harris,1299,1299,8286,09-27-2024 07:52:47,Diverse Power
Randolph,44,44,1752,09-27-2024 08:07:47,Diverse Power
Muscogee,2008,2008,2705,09-27-2024 08:07:47,Diverse Power
Calhoun,138,138,1378,09-27-2024 08:07:47,Diverse Power
Meriwether,3,3,2428,09-27-2024 08:07:47,Diverse Power
Harris,1302,1302,8286,09-27-2024 08:07:47,Diverse Power
Randolph,44,44,1752,09-27-2024 08:22:48,Diverse Power
Muscogee,2008,2008,2705,09-27-2024 08:22:48,Diverse Power
Calhoun,138,138,1378,09-27-2024 08:22:48,Diverse Power
Meriwether,3,3,2428,09-27-2024 08:22:48,Diverse Power
Harris,1328,1328,8286,09-27-2024 08:22:48,Diverse Power
Randolph,44,44,1752,09-27-2024 08:37:47,Diverse Power
Muscogee,2042,2042,2705,09-27-2024 08:37:47,Diverse Power
Calhoun,138,138,1378,09-27-2024 08:37:47,Diverse Power
Meriwether,3,3,2428,09-27-2024 08:37:47,Diverse Power
Harris,1339,1339,8286,09-27-2024 08:37:47,Diverse Power
Randolph,44,44,1752,09-27-2024 08:52:48,Diverse Power
Muscogee,2043,2043,2705,09-27-2024 08:52:48,Diverse Power
Calhoun,138,138,1378,09-27-2024 08:52:48,Diverse Power
Meriwether,3,3,2428,09-27-2024 08:52:48,Diverse Power
Harris,1342,1342,8286,09-27-2024 08:52:48,Diverse Power
Randolph,44,44,1752,09-27-2024 09:07:47,Diverse Power
Muscogee,2049,2049,2705,09-27-2024 09:07:47,Diverse Power
Calhoun,138,138,1378,09-27-2024 09:07:47,Diverse Power
Meriwether,3,3,2428,09-27-2024 09:07:47,Diverse Power
Harris,1385,1385,8286,09-27-2024 09:07:47,Diverse Power
Randolph,44,44,1752,09-27-2024 09:22:41,Diverse Power
Muscogee,2049,2049,2705,09-27-2024 09:22:41,Diverse Power
Calhoun,138,138,1378,09-27-2024 09:22:41,Diverse Power
Meriwether,3,3,2428,09-27-2024 09:22:41,Diverse Power
Chambers,2,2,683,09-27-2024 09:22:41,Diverse Power
Harris,1386,1386,8286,09-27-2024 09:22:41,Diverse Power
Randolph,44,44,1752,09-27-2024 09:37:44,Diverse Power
Muscogee,2080,2080,2705,09-27-2024 09:37:44,Diverse Power
Calhoun,138,138,1378,09-27-2024 09:37:44,Diverse Power
Meriwether,4,4,2428,09-27-2024 09:37:44,Diverse Power
Chambers,32,32,683,09-27-2024 09:37:44,Diverse Power
Harris,1420,1420,8286,09-27-2024 09:37:44,Diverse Power
Quitman,1,1,1308,09-27-2024 09:52:44,Diverse Power
Randolph,44,44,1752,09-27-2024 09:52:44,Diverse Power
Muscogee,2479,2479,2705,09-27-2024 09:52:44,Diverse Power
Calhoun,138,138,1378,09-27-2024 09:52:44,Diverse Power
Meriwether,24,24,2428,09-27-2024 09:52:44,Diverse Power
Chambers,32,32,683,09-27-2024 09:52:44,Diverse Power
Harris,1622,1622,8286,09-27-2024 09:52:44,Diverse Power
Quitman,1,1,1308,09-27-2024 10:07:43,Diverse Power
Randolph,44,44,1752,09-27-2024 10:07:43,Diverse Power
Muscogee,2479,2479,2705,09-27-2024 10:07:43,Diverse Power
Calhoun,138,138,1378,09-27-2024 10:07:43,Diverse Power
Meriwether,34,34,2428,09-27-2024 10:07:43,Diverse Power
Chambers,32,32,683,09-27-2024 10:07:43,Diverse Power
Harris,2069,2069,8286,09-27-2024 10:07:43,Diverse Power
Quitman,1,1,1308,09-27-2024 10:22:44,Diverse Power
Randolph,44,44,1752,09-27-2024 10:22:44,Diverse Power
Muscogee,2479,2479,2705,09-27-2024 10:22:44,Diverse Power
Calhoun,138,138,1378,09-27-2024 10:22:44,Diverse Power
Meriwether,34,34,2428,09-27-2024 10:22:44,Diverse Power
Chambers,32,32,683,09-27-2024 10:22:44,Diverse Power
Harris,2069,2069,8286,09-27-2024 10:22:44,Diverse Power
Randolph,44,44,1752,09-27-2024 10:37:44,Diverse Power
Muscogee,2479,2479,2705,09-27-2024 10:37:44,Diverse Power
Calhoun,138,138,1378,09-27-2024 10:37:44,Diverse Power
Meriwether,34,34,2428,09-27-2024 10:37:44,Diverse Power
Chambers,32,32,683,09-27-2024 10:37:44,Diverse Power
Harris,2068,2068,8286,09-27-2024 10:37:44,Diverse Power
Randolph,44,44,1752,09-27-2024 10:52:45,Diverse Power
Troup,6,6,17742,09-27-2024 10:52:45,Diverse Power
Muscogee,2479,2479,2705,09-27-2024 10:52:45,Diverse Power
Calhoun,138,138,1378,09-27-2024 10:52:45,Diverse Power
Meriwether,34,34,2428,09-27-2024 10:52:45,Diverse Power
Chambers,32,32,683,09-27-2024 10:52:45,Diverse Power
Harris,2068,2068,8286,09-27-2024 10:52:45,Diverse Power
Randolph,44,44,1752,09-27-2024 11:07:43,Diverse Power
Troup,6,6,17742,09-27-2024 11:07:43,Diverse Power
Muscogee,2479,2479,2705,09-27-2024 11:07:43,Diverse Power
Calhoun,138,138,1378,09-27-2024 11:07:43,Diverse Power
Meriwether,34,34,2428,09-27-2024 11:07:43,Diverse Power
Chambers,32,32,683,09-27-2024 11:07:43,Diverse Power
Harris,2068,2068,8286,09-27-2024 11:07:43,Diverse Power
Randolph,44,44,1752,09-27-2024 11:22:42,Diverse Power
Troup,6,6,17742,09-27-2024 11:22:42,Diverse Power
Muscogee,2479,2479,2705,09-27-2024 11:22:42,Diverse Power
Calhoun,138,138,1378,09-27-2024 11:22:42,Diverse Power
Meriwether,35,35,2428,09-27-2024 11:22:42,Diverse Power
Chambers,32,32,683,09-27-2024 11:22:42,Diverse Power
Harris,2068,2068,8286,09-27-2024 11:22:42,Diverse Power
Randolph,44,44,1752,09-27-2024 11:37:43,Diverse Power
Troup,6,6,17742,09-27-2024 11:37:43,Diverse Power
Muscogee,2479,2479,2705,09-27-2024 11:37:43,Diverse Power
Calhoun,138,138,1378,09-27-2024 11:37:43,Diverse Power
Meriwether,35,35,2428,09-27-2024 11:37:43,Diverse Power
Chambers,32,32,683,09-27-2024 11:37:43,Diverse Power
Harris,2068,2068,8286,09-27-2024 11:37:43,Diverse Power
Randolph,44,44,1752,09-27-2024 11:52:43,Diverse Power
Troup,6,6,17742,09-27-2024 11:52:43,Diverse Power
Muscogee,2479,2479,2705,09-27-2024 11:52:43,Diverse Power
Calhoun,138,138,1378,09-27-2024 11:52:43,Diverse Power
Meriwether,35,35,2428,09-27-2024 11:52:43,Diverse Power
Chambers,32,32,683,09-27-2024 11:52:43,Diverse Power
Harris,2068,2068,8286,09-27-2024 11:52:43,Diverse Power
Randolph,44,44,1752,09-27-2024 12:07:46,Diverse Power
Troup,77,77,17742,09-27-2024 12:07:46,Diverse Power
Muscogee,2479,2479,2705,09-27-2024 12:07:46,Diverse Power
Calhoun,138,138,1378,09-27-2024 12:07:46,Diverse Power
Meriwether,35,35,2428,09-27-2024 12:07:46,Diverse Power
Chambers,32,32,683,09-27-2024 12:07:46,Diverse Power
Harris,2068,2068,8285,09-27-2024 12:07:46,Diverse Power
Heard,11,11,473,09-27-2024 12:22:46,Diverse Power
Randolph,44,44,1752,09-27-2024 12:22:46,Diverse Power
Troup,83,83,17742,09-27-2024 12:22:46,Diverse Power
Muscogee,2479,2479,2705,09-27-2024 12:22:46,Diverse Power
Calhoun,138,138,1378,09-27-2024 12:22:46,Diverse Power
Meriwether,35,35,2428,09-27-2024 12:22:46,Diverse Power
Chambers,32,0,683,09-27-2024 12:22:46,Diverse Power
Harris,2068,2068,8284,09-27-2024 12:22:46,Diverse Power
Heard,61,61,473,09-27-2024 12:37:44,Diverse Power
Randolph,44,0,1752,09-27-2024 12:37:44,Diverse Power
Troup,83,83,17742,09-27-2024 12:37:44,Diverse Power
Muscogee,2479,2479,2705,09-27-2024 12:37:44,Diverse Power
Calhoun,138,0,1378,09-27-2024 12:37:44,Diverse Power
Meriwether,35,35,2428,09-27-2024 12:37:44,Diverse Power
Harris,2064,2064,8284,09-27-2024 12:37:44,Diverse Power
Heard,61,61,473,09-27-2024 12:52:44,Diverse Power
Randolph,44,0,1752,09-27-2024 12:52:44,Diverse Power
Troup,77,77,17742,09-27-2024 12:52:44,Diverse Power
Muscogee,2479,2479,2705,09-27-2024 12:52:44,Diverse Power
Calhoun,138,0,1378,09-27-2024 12:52:44,Diverse Power
Meriwether,35,35,2428,09-27-2024 12:52:44,Diverse Power
Harris,2064,1896,8284,09-27-2024 12:52:44,Diverse Power
Heard,61,61,473,09-27-2024 13:07:43,Diverse Power
Troup,8,8,17742,09-27-2024 13:07:43,Diverse Power
Muscogee,2479,2479,2705,09-27-2024 13:07:43,Diverse Power
Meriwether,36,36,2428,09-27-2024 13:07:43,Diverse Power
Harris,2062,1894,8284,09-27-2024 13:07:43,Diverse Power
Heard,61,61,473,09-27-2024 13:22:43,Diverse Power
Troup,8,8,17742,09-27-2024 13:22:43,Diverse Power
Muscogee,2479,2479,2705,09-27-2024 13:22:43,Diverse Power
Meriwether,36,36,2428,09-27-2024 13:22:43,Diverse Power
Harris,2062,1894,8284,09-27-2024 13:22:43,Diverse Power
Heard,61,61,473,09-27-2024 13:37:46,Diverse Power
Troup,2,2,17742,09-27-2024 13:37:46,Diverse Power
Muscogee,6,6,2705,09-27-2024 13:37:46,Diverse Power
Meriwether,5,5,2428,09-27-2024 13:37:46,Diverse Power
Harris,1229,1229,8284,09-27-2024 13:37:46,Diverse Power
Heard,61,61,473,09-27-2024 13:52:44,Diverse Power
Meriwether,6,6,2428,09-27-2024 13:52:44,Diverse Power
Harris,1228,1228,8284,09-27-2024 13:52:44,Diverse Power
Heard,61,61,473,09-27-2024 14:07:44,Diverse Power
Meriwether,7,7,2428,09-27-2024 14:07:44,Diverse Power
Harris,1228,1214,8284,09-27-2024 14:07:44,Diverse Power
Heard,61,61,473,09-27-2024 14:22:43,Diverse Power
Muscogee,19,19,2705,09-27-2024 14:22:43,Diverse Power
Meriwether,9,9,2428,09-27-2024 14:22:43,Diverse Power
Harris,1228,1214,8284,09-27-2024 14:22:43,Diverse Power
Heard,61,61,473,09-27-2024 14:37:44,Diverse Power
Troup,13,13,17742,09-27-2024 14:37:44,Diverse Power
Meriwether,2,0,2428,09-27-2024 14:37:44,Diverse Power
Harris,1229,1215,8285,09-27-2024 14:37:44,Diverse Power
Heard,61,61,473,09-27-2024 14:52:43,Diverse Power
Troup,1,1,17742,09-27-2024 14:52:43,Diverse Power
Meriwether,2,0,2428,09-27-2024 14:52:43,Diverse Power
Harris,1229,1215,8285,09-27-2024 14:52:43,Diverse Power
Heard,61,0,473,09-27-2024 15:07:43,Diverse Power
Randolph,32,32,1752,09-27-2024 15:07:43,Diverse Power
Harris,1217,1217,8286,09-27-2024 15:07:43,Diverse Power
Heard,61,0,473,09-27-2024 15:22:45,Diverse Power
Randolph,32,32,1752,09-27-2024 15:22:45,Diverse Power
Harris,1217,663,8286,09-27-2024 15:22:45,Diverse Power
Heard,61,0,473,09-27-2024 15:37:46,Diverse Power
Meriwether,2,2,2428,09-27-2024 15:37:46,Diverse Power
Harris,1216,667,8286,09-27-2024 15:37:46,Diverse Power
Heard,61,0,473,09-27-2024 15:52:46,Diverse Power
Meriwether,2,2,2428,09-27-2024 15:52:46,Diverse Power
Harris,1216,662,8286,09-27-2024 15:52:46,Diverse Power
Troup,3,3,17742,09-27-2024 16:07:48,Diverse Power
Calhoun,4,4,1378,09-27-2024 16:07:48,Diverse Power
Meriwether,2,2,2428,09-27-2024 16:07:48,Diverse Power
Harris,1216,662,8286,09-27-2024 16:07:48,Diverse Power
Troup,3,3,17742,09-27-2024 16:22:50,Diverse Power
Calhoun,4,4,1378,09-27-2024 16:22:50,Diverse Power
Meriwether,2,2,2428,09-27-2024 16:22:50,Diverse Power
Harris,1241,687,8286,09-27-2024 16:22:50,Diverse Power
Troup,3,3,17742,09-27-2024 16:37:47,Diverse Power
Muscogee,23,23,2705,09-27-2024 16:37:47,Diverse Power
Calhoun,4,4,1378,09-27-2024 16:37:47,Diverse Power
Meriwether,2,0,2428,09-27-2024 16:37:47,Diverse Power
Harris,1573,602,8286,09-27-2024 16:37:47,Diverse Power
Troup,73,73,17742,09-27-2024 16:52:44,Diverse Power
Muscogee,23,23,2705,09-27-2024 16:52:44,Diverse Power
Calhoun,4,4,1378,09-27-2024 16:52:44,Diverse Power
Meriwether,2,0,2428,09-27-2024 16:52:44,Diverse Power
Harris,1578,439,8286,09-27-2024 16:52:44,Diverse Power
Troup,73,73,17742,09-27-2024 17:07:48,Diverse Power
Muscogee,25,25,2705,09-27-2024 17:07:48,Diverse Power
Calhoun,4,0,1378,09-27-2024 17:07:48,Diverse Power
Harris,1134,400,8285,09-27-2024 17:07:48,Diverse Power
Troup,73,73,17742,09-27-2024 17:22:44,Diverse Power
Muscogee,27,27,2705,09-27-2024 17:22:44,Diverse Power
Calhoun,4,0,1378,09-27-2024 17:22:44,Diverse Power
Harris,1137,403,8284,09-27-2024 17:22:44,Diverse Power
Troup,5,5,17742,09-27-2024 17:37:44,Diverse Power
Muscogee,23,0,2705,09-27-2024 17:37:44,Diverse Power
Harris,959,37,8284,09-27-2024 17:37:44,Diverse Power
Troup,2,2,17743,09-27-2024 17:52:42,Diverse Power
Muscogee,23,0,2705,09-27-2024 17:52:42,Diverse Power
Meriwether,42,42,2428,09-27-2024 17:52:42,Diverse Power
Harris,945,37,8284,09-27-2024 17:52:42,Diverse Power
Troup,2,2,17743,09-27-2024 18:07:44,Diverse Power
Muscogee,23,0,2705,09-27-2024 18:07:44,Diverse Power
Meriwether,42,42,2428,09-27-2024 18:07:44,Diverse Power
Harris,945,37,8285,09-27-2024 18:07:44,Diverse Power
Troup,2,2,17743,09-27-2024 18:22:42,Diverse Power
Muscogee,23,0,2705,09-27-2024 18:22:42,Diverse Power
Meriwether,42,42,2428,09-27-2024 18:22:42,Diverse Power
Harris,945,37,8285,09-27-2024 18:22:42,Diverse Power
Troup,2,2,17743,09-27-2024 18:37:42,Diverse Power
Muscogee,23,0,2705,09-27-2024 18:37:42,Diverse Power
Meriwether,42,42,2428,09-27-2024 18:37:42,Diverse Power
Harris,945,37,8285,09-27-2024 18:37:42,Diverse Power
Troup,2,1,17743,09-27-2024 18:52:42,Diverse Power
Muscogee,23,0,2705,09-27-2024 18:52:42,Diverse Power
Meriwether,42,42,2428,09-27-2024 18:52:42,Diverse Power
Harris,989,260,8285,09-27-2024 18:52:42,Diverse Power
Troup,1,0,17744,09-27-2024 19:07:40,Diverse Power
Muscogee,23,0,2705,09-27-2024 19:07:40,Diverse Power
Meriwether,1,1,2428,09-27-2024 19:07:40,Diverse Power
Harris,946,2,8285,09-27-2024 19:07:40,Diverse Power
Troup,1,0,17744,09-27-2024 19:22:41,Diverse Power
Muscogee,23,0,2705,09-27-2024 19:22:41,Diverse Power
Meriwether,1,1,2428,09-27-2024 19:22:41,Diverse Power
Harris,947,3,8285,09-27-2024 19:22:41,Diverse Power
Meriwether,1,1,2428,09-27-2024 19:37:42,Diverse Power
Harris,2,2,8285,09-27-2024 19:37:42,Diverse Power
Meriwether,1,1,2428,09-27-2024 19:52:43,Diverse Power
Harris,2,2,8285,09-27-2024 19:52:43,Diverse Power
Meriwether,1,1,2428,09-27-2024 20:07:43,Diverse Power
Harris,4,4,8285,09-27-2024 20:07:43,Diverse Power
Meriwether,1,1,2428,09-27-2024 20:22:42,Diverse Power
Harris,2,2,8285,09-27-2024 20:22:42,Diverse Power
Meriwether,1,1,2428,09-27-2024 20:37:45,Diverse Power
Harris,2,2,8285,09-27-2024 20:37:45,Diverse Power
Meriwether,1,1,2428,09-27-2024 20:52:43,Diverse Power
Harris,2,2,8285,09-27-2024 20:52:43,Diverse Power
Meriwether,1,1,2428,09-27-2024 21:07:47,Diverse Power
Harris,2,2,8285,09-27-2024 21:07:47,Diverse Power
Meriwether,1,1,2428,09-27-2024 21:22:48,Diverse Power
Harris,2,2,8285,09-27-2024 21:22:48,Diverse Power
Meriwether,1,1,2428,09-27-2024 21:37:45,Diverse Power
Harris,2,2,8285,09-27-2024 21:37:45,Diverse Power
Meriwether,1,1,2428,09-27-2024 21:52:47,Diverse Power
Harris,2,2,8285,09-27-2024 21:52:47,Diverse Power
Meriwether,1,1,2428,09-27-2024 22:07:46,Diverse Power
Harris,2,2,8285,09-27-2024 22:07:46,Diverse Power
Meriwether,1,1,2428,09-27-2024 22:22:45,Diverse Power
Harris,2,2,8285,09-27-2024 22:22:45,Diverse Power
Meriwether,1,1,2428,09-27-2024 22:37:46,Diverse Power
Meriwether,1,1,2428,09-27-2024 22:52:44,Diverse Power
Meriwether,2,2,2428,09-29-2024 14:37:45,Diverse Power
Meriwether,2,2,2428,09-29-2024 14:52:43,Diverse Power
Meriwether,2,2,2428,09-29-2024 15:07:43,Diverse Power
Meriwether,2,2,2428,09-29-2024 15:22:43,Diverse Power
Meriwether,2,2,2428,09-29-2024 15:37:43,Diverse Power
Meriwether,2,2,2428,09-29-2024 15:52:45,Diverse Power
Meriwether,2,2,2428,09-29-2024 16:07:43,Diverse Power
Meriwether,2,2,2428,09-29-2024 16:22:45,Diverse Power
Meriwether,2,2,2428,09-29-2024 16:37:43,Diverse Power
Meriwether,2,2,2428,09-29-2024 16:52:43,Diverse Power
Troup,1,1,17745,09-29-2024 19:07:42,Diverse Power
Troup,1,1,17745,09-29-2024 19:22:42,Diverse Power
Troup,1,1,17745,09-29-2024 19:37:41,Diverse Power
Troup,1,1,17745,09-29-2024 19:52:44,Diverse Power
Muscogee,16,16,2705,09-29-2024 22:22:44,Diverse Power
Harris,2,2,8286,09-30-2024 12:37:44,Diverse Power
Harris,2,2,8286,09-30-2024 12:52:43,Diverse Power
Troup,2,2,17740,09-30-2024 14:52:43,Diverse Power
Harris,2,2,8286,09-30-2024 14:52:43,Diverse Power
Troup,2,2,17741,09-30-2024 15:07:45,Diverse Power
Troup,2,2,17741,09-30-2024 15:22:46,Diverse Power
Troup,2,2,17740,09-30-2024 15:37:46,Diverse Power
Troup,2,2,17740,09-30-2024 15:52:47,Diverse Power
Muscogee,2,2,2705,09-30-2024 15:52:47,Diverse Power
Troup,2,2,17740,09-30-2024 16:07:46,Diverse Power
Muscogee,1,1,2705,09-30-2024 16:07:46,Diverse Power
Troup,2,2,17740,09-30-2024 16:22:46,Diverse Power
Muscogee,1,1,2705,09-30-2024 16:22:46,Diverse Power
Troup,2,2,17740,09-30-2024 16:37:45,Diverse Power
Troup,2,2,17740,09-30-2024 16:52:45,Diverse Power
Troup,2,2,17740,09-30-2024 17:07:45,Diverse Power
Troup,2,2,17740,09-30-2024 17:22:43,Diverse Power
Troup,2,2,17740,09-30-2024 17:37:44,Diverse Power
Troup,2,2,17740,09-30-2024 17:52:44,Diverse Power
Troup,2,2,17740,09-30-2024 18:07:45,Diverse Power
Troup,2,2,17740,09-30-2024 18:22:45,Diverse Power
Troup,2,2,17740,09-30-2024 18:37:44,Diverse Power
Troup,2,2,17740,09-30-2024 18:52:46,Diverse Power
Troup,2,2,17740,09-30-2024 19:07:45,Diverse Power
Troup,2,2,17740,09-30-2024 19:22:46,Diverse Power
Troup,2,2,17740,09-30-2024 19:37:45,Diverse Power
Troup,2,2,17740,09-30-2024 19:52:45,Diverse Power
Troup,10,10,17741,10-01-2024 14:07:48,Diverse Power
Troup,10,10,17742,10-01-2024 14:22:46,Diverse Power
Troup,20,20,17743,10-01-2024 14:52:45,Diverse Power
Troup,20,20,17743,10-01-2024 15:07:45,Diverse Power
Troup,21,21,17743,10-01-2024 15:22:44,Diverse Power
Troup,1,1,17743,10-01-2024 15:37:44,Diverse Power
Troup,1,1,17743,10-01-2024 15:52:45,Diverse Power
Troup,1,1,17743,10-01-2024 16:07:43,Diverse Power
Troup,710,710,17743,10-02-2024 01:07:42,Diverse Power
Troup,713,713,17743,10-02-2024 01:22:44,Diverse Power
Troup,719,719,17743,10-02-2024 01:37:41,Diverse Power
Troup,719,719,17743,10-02-2024 01:52:41,Diverse Power
Troup,719,719,17743,10-02-2024 02:07:42,Diverse Power
Troup,719,719,17743,10-02-2024 02:22:41,Diverse Power
Troup,719,719,17743,10-02-2024 02:37:43,Diverse Power
Troup,719,719,17743,10-02-2024 02:52:42,Diverse Power
Troup,719,719,17743,10-02-2024 03:07:41,Diverse Power
Troup,719,719,17743,10-02-2024 03:22:40,Diverse Power
Troup,719,719,17743,10-02-2024 03:37:40,Diverse Power
Troup,719,719,17743,10-02-2024 03:52:40,Diverse Power
Troup,719,719,17743,10-02-2024 04:07:41,Diverse Power
Troup,719,719,17743,10-02-2024 04:22:40,Diverse Power
Harris,1,1,8285,10-02-2024 15:22:54,Diverse Power
Troup,1,1,17717,10-02-2024 17:07:49,Diverse Power
Randolph,3,3,1753,10-03-2024 12:22:41,Diverse Power
Randolph,9,9,1753,10-03-2024 12:37:41,Diverse Power
Randolph,9,9,1753,10-03-2024 12:52:41,Diverse Power
Randolph,9,9,1753,10-03-2024 13:07:42,Diverse Power
Randolph,9,9,1753,10-03-2024 13:22:41,Diverse Power
Randolph,9,0,1753,10-03-2024 13:37:44,Diverse Power
Harris,1,1,8267,10-03-2024 13:37:44,Diverse Power
Troup,1,1,17739,10-03-2024 14:37:43,Diverse Power
Troup,1,1,17738,10-03-2024 14:52:44,Diverse Power
Troup,1,1,17738,10-03-2024 15:07:45,Diverse Power
Troup,1,0,17738,10-03-2024 15:22:42,Diverse Power
Troup,1,0,17737,10-03-2024 15:37:46,Diverse Power
Troup,1,1,17737,10-03-2024 17:07:43,Diverse Power
Meriwether,1,1,2421,10-04-2024 12:52:42,Diverse Power
Meriwether,1,1,2421,10-04-2024 13:07:42,Diverse Power
Harris,5,5,8270,10-04-2024 13:07:42,Diverse Power
Meriwether,1,1,2419,10-04-2024 13:22:45,Diverse Power
Harris,5,5,8262,10-04-2024 13:22:45,Diverse Power
Meriwether,1,1,2419,10-04-2024 13:37:44,Diverse Power
Meriwether,1,1,2419,10-04-2024 13:52:41,Diverse Power
Meriwether,1,1,2417,10-04-2024 14:07:41,Diverse Power
Meriwether,1,1,2417,10-04-2024 14:22:42,Diverse Power
Muscogee,10,10,2699,10-06-2024 12:22:44,Diverse Power
Muscogee,10,10,2699,10-06-2024 12:37:45,Diverse Power
Muscogee,10,10,2699,10-06-2024 12:52:44,Diverse Power
Randolph,11,11,1753,10-06-2024 15:37:41,Diverse Power
Randolph,11,11,1753,10-06-2024 15:52:40,Diverse Power
Randolph,11,11,1753,10-06-2024 16:07:41,Diverse Power
Randolph,11,11,1753,10-06-2024 16:22:42,Diverse Power
Randolph,11,11,1753,10-06-2024 16:37:42,Diverse Power
Randolph,11,11,1753,10-06-2024 16:52:44,Diverse Power
Meriwether,1,1,2424,10-06-2024 16:52:44,Diverse Power
Randolph,11,0,1753,10-06-2024 17:07:42,Diverse Power
Meriwether,1,1,2424,10-06-2024 17:07:42,Diverse Power
Meriwether,1,1,2424,10-06-2024 17:22:42,Diverse Power
Troup,2,2,17738,10-06-2024 17:37:41,Diverse Power
Troup,2,2,17738,10-06-2024 17:52:41,Diverse Power
Troup,2,2,17738,10-06-2024 18:07:41,Diverse Power
Troup,2,2,17738,10-06-2024 18:22:40,Diverse Power
Meriwether,1,1,2424,10-06-2024 19:07:42,Diverse Power
Meriwether,1,1,2424,10-06-2024 19:22:43,Diverse Power
Meriwether,1,1,2424,10-06-2024 19:37:42,Diverse Power
Meriwether,2,2,2424,10-07-2024 19:52:42,Diverse Power
Meriwether,2,2,2424,10-07-2024 20:07:42,Diverse Power
Meriwether,2,2,2424,10-07-2024 20:22:44,Diverse Power
Meriwether,2,2,2424,10-07-2024 20:37:42,Diverse Power
Meriwether,2,2,2424,10-07-2024 20:52:42,Diverse Power
Meriwether,2,2,2426,10-07-2024 21:07:41,Diverse Power
Troup,1,1,17714,10-08-2024 01:22:42,Diverse Power
Harris,1,1,8280,10-08-2024 14:37:42,Diverse Power
Harris,1,1,8280,10-08-2024 14:52:46,Diverse Power
Harris,1,1,8280,10-08-2024 15:22:45,Diverse Power
Harris,1,1,8280,10-08-2024 15:37:45,Diverse Power
Harris,1,1,8280,10-08-2024 15:52:45,Diverse Power
Troup,2,2,17655,10-08-2024 17:22:43,Diverse Power
Troup,2,2,17656,10-08-2024 17:37:42,Diverse Power
Troup,2,2,17657,10-08-2024 17:52:44,Diverse Power
Troup,2,2,17658,10-08-2024 18:07:44,Diverse Power
Quitman,3,3,1308,10-08-2024 18:22:45,Diverse Power
Troup,2,2,17661,10-08-2024 18:22:45,Diverse Power
Harris,1,1,8281,10-08-2024 21:37:45,Diverse Power
Harris,1,1,8281,10-08-2024 21:52:47,Diverse Power
Quitman,6,6,1289,10-09-2024 15:07:47,Diverse Power
Quitman,6,6,1286,10-09-2024 15:22:46,Diverse Power
Quitman,6,6,1289,10-09-2024 15:37:46,Diverse Power
Quitman,6,6,1290,10-09-2024 15:52:44,Diverse Power
Quitman,6,6,1290,10-09-2024 16:07:45,Diverse Power
Troup,7,7,17695,10-09-2024 16:07:45,Diverse Power
Quitman,6,6,1290,10-09-2024 16:22:46,Diverse Power
Troup,7,7,17695,10-09-2024 16:22:46,Diverse Power
Calhoun,4,4,1371,10-09-2024 16:22:46,Diverse Power
Quitman,6,6,1292,10-09-2024 16:37:44,Diverse Power
Troup,7,7,17695,10-09-2024 16:37:44,Diverse Power
Calhoun,4,4,1371,10-09-2024 16:37:44,Diverse Power
Quitman,6,6,1292,10-09-2024 16:52:43,Diverse Power
Troup,7,7,17696,10-09-2024 16:52:43,Diverse Power
Calhoun,4,4,1371,10-09-2024 16:52:43,Diverse Power
Quitman,6,6,1292,10-09-2024 17:07:43,Diverse Power
Troup,7,7,17696,10-09-2024 17:07:43,Diverse Power
Quitman,6,6,1292,10-09-2024 17:22:43,Diverse Power
Troup,7,7,17698,10-09-2024 17:22:43,Diverse Power
Quitman,6,6,1294,10-09-2024 17:37:45,Diverse Power
Troup,7,7,17699,10-09-2024 17:37:45,Diverse Power
Quitman,6,6,1294,10-09-2024 17:52:42,Diverse Power
Troup,7,7,17699,10-09-2024 17:52:42,Diverse Power
Quitman,6,6,1294,10-09-2024 18:07:45,Diverse Power
Troup,7,7,17701,10-09-2024 18:07:45,Diverse Power
Quitman,6,6,1294,10-09-2024 18:22:44,Diverse Power
Troup,7,7,17701,10-09-2024 18:22:44,Diverse Power
Quitman,6,6,1295,10-09-2024 18:37:44,Diverse Power
Troup,7,7,17701,10-09-2024 18:37:44,Diverse Power
Quitman,6,6,1295,10-09-2024 18:52:44,Diverse Power
Troup,7,7,17701,10-09-2024 18:52:44,Diverse Power
Quitman,6,6,1295,10-09-2024 19:07:44,Diverse Power
Quitman,6,6,1295,10-09-2024 19:22:45,Diverse Power
Quitman,6,6,1295,10-09-2024 19:37:44,Diverse Power
Quitman,6,6,1295,10-09-2024 19:52:44,Diverse Power
Quitman,6,6,1296,10-09-2024 20:07:43,Diverse Power
Quitman,6,6,1296,10-09-2024 20:22:43,Diverse Power
Quitman,6,6,1296,10-09-2024 20:37:43,Diverse Power
Quitman,6,6,1296,10-09-2024 20:52:45,Diverse Power
Quitman,6,6,1296,10-09-2024 21:07:44,Diverse Power
Quitman,6,6,1296,10-09-2024 21:22:43,Diverse Power
Quitman,6,6,1296,10-09-2024 21:37:42,Diverse Power
Quitman,6,6,1296,10-09-2024 21:52:42,Diverse Power
Quitman,6,6,1296,10-09-2024 22:07:42,Diverse Power
Troup,35,35,17706,10-09-2024 22:07:42,Diverse Power
Quitman,6,6,1296,10-09-2024 22:22:41,Diverse Power
Troup,35,35,17706,10-09-2024 22:22:41,Diverse Power
Randolph,1,1,1744,10-09-2024 23:22:44,Diverse Power
Muscogee,1,1,2702,10-10-2024 12:37:43,Diverse Power
Muscogee,1,1,2702,10-10-2024 12:52:42,Diverse Power
Muscogee,1,1,2702,10-10-2024 13:07:42,Diverse Power
Muscogee,1,1,2702,10-10-2024 13:22:43,Diverse Power
Meriwether,1,1,2426,10-10-2024 13:37:43,Diverse Power
Meriwether,1,1,2426,10-10-2024 13:52:47,Diverse Power
Meriwether,1,1,2425,10-10-2024 14:07:46,Diverse Power
Harris,40,40,8274,10-11-2024 15:07:43,Diverse Power
Harris,40,40,8274,10-11-2024 15:22:43,Diverse Power
Harris,40,40,8276,10-11-2024 15:37:42,Diverse Power
Harris,40,40,8277,10-11-2024 15:52:40,Diverse Power
Harris,40,40,8277,10-11-2024 16:07:41,Diverse Power
Harris,40,40,8278,10-11-2024 16:22:42,Diverse Power
Harris,40,40,8278,10-11-2024 16:37:41,Diverse Power
Troup,2,2,17722,10-13-2024 04:52:45,Diverse Power
Troup,2,2,17722,10-13-2024 05:07:44,Diverse Power
Meriwether,3,3,2426,10-15-2024 04:22:40,Diverse Power
Meriwether,3,3,2426,10-15-2024 04:37:42,Diverse Power
Meriwether,3,3,2426,10-15-2024 04:52:41,Diverse Power
Meriwether,3,3,2426,10-15-2024 05:07:41,Diverse Power
Meriwether,3,3,2426,10-15-2024 05:22:40,Diverse Power
Troup,3,3,17728,10-15-2024 07:07:40,Diverse Power
Troup,3,3,17728,10-15-2024 07:22:42,Diverse Power
Troup,3,3,17728,10-15-2024 07:37:42,Diverse Power
Troup,3,3,17728,10-15-2024 07:52:43,Diverse Power
Troup,3,3,17728,10-15-2024 08:07:41,Diverse Power
Troup,3,3,17728,10-15-2024 08:22:41,Diverse Power
Troup,3,3,17728,10-15-2024 08:37:41,Diverse Power
Clay,5,5,973,10-15-2024 14:37:43,Diverse Power
Clay,5,5,973,10-15-2024 14:52:47,Diverse Power
Clay,5,5,973,10-15-2024 15:07:45,Diverse Power
Randolph,2,2,1742,10-15-2024 17:22:45,Diverse Power
Randolph,2,2,1742,10-15-2024 17:37:46,Diverse Power
Randolph,2,2,1742,10-15-2024 17:52:47,Diverse Power
Troup,38,38,17733,10-15-2024 21:22:44,Diverse Power
Troup,38,38,17733,10-15-2024 21:37:43,Diverse Power
Troup,38,38,17733,10-15-2024 21:52:42,Diverse Power
Troup,38,38,17733,10-15-2024 22:07:43,Diverse Power
Troup,38,38,17734,10-15-2024 22:22:43,Diverse Power
Troup,38,38,17734,10-15-2024 22:37:41,Diverse Power
Troup,38,38,17734,10-15-2024 22:52:43,Diverse Power
Troup,38,38,17734,10-15-2024 23:07:44,Diverse Power
Troup,38,38,17734,10-15-2024 23:22:43,Diverse Power
Troup,38,38,17734,10-15-2024 23:37:40,Diverse Power
Muscogee,4,4,2704,10-16-2024 18:07:45,Diverse Power
Troup,1,1,17735,10-16-2024 20:37:44,Diverse Power
Troup,1,1,17735,10-16-2024 20:52:41,Diverse Power
Troup,1,1,17735,10-16-2024 21:07:40,Diverse Power
Troup,1,1,17735,10-16-2024 21:22:40,Diverse Power
Troup,1,1,17735,10-16-2024 21:37:41,Diverse Power
Troup,51,51,17734,10-17-2024 01:07:40,Diverse Power
Troup,676,676,17734,10-17-2024 01:22:41,Diverse Power
Troup,1193,1193,17734,10-17-2024 01:37:41,Diverse Power
Troup,1928,1928,17734,10-17-2024 01:52:40,Diverse Power
Troup,1736,1736,17734,10-17-2024 02:07:42,Diverse Power
Troup,1736,1736,17734,10-17-2024 02:22:42,Diverse Power
Troup,1736,1736,17734,10-17-2024 02:37:56,Diverse Power
Troup,3,3,17734,10-17-2024 12:52:46,Diverse Power
Troup,3,3,17734,10-17-2024 13:07:44,Diverse Power
Troup,1,1,17729,10-18-2024 15:22:45,Diverse Power
Troup,1,1,17730,10-18-2024 15:37:45,Diverse Power
Troup,1,1,17731,10-18-2024 15:52:44,Diverse Power
Troup,1,1,17732,10-18-2024 16:07:44,Diverse Power
Troup,1,1,17732,10-18-2024 16:22:43,Diverse Power
Troup,1,1,17732,10-18-2024 16:37:44,Diverse Power
Troup,1,1,17732,10-18-2024 16:52:42,Diverse Power
Troup,1,1,17732,10-18-2024 17:07:42,Diverse Power
Quitman,6,6,1305,10-19-2024 07:52:40,Diverse Power
Quitman,6,6,1305,10-19-2024 08:07:40,Diverse Power
Quitman,6,6,1305,10-19-2024 08:22:40,Diverse Power
Quitman,6,6,1305,10-19-2024 08:37:41,Diverse Power
Quitman,6,6,1305,10-19-2024 08:52:40,Diverse Power
Quitman,6,6,1305,10-19-2024 09:07:41,Diverse Power
Quitman,6,6,1305,10-19-2024 09:22:40,Diverse Power
Quitman,6,6,1305,10-19-2024 09:37:40,Diverse Power
Quitman,6,6,1305,10-19-2024 09:52:40,Diverse Power
Quitman,6,6,1305,10-19-2024 10:07:41,Diverse Power
Quitman,6,6,1305,10-19-2024 10:22:45,Diverse Power
Quitman,6,6,1305,10-19-2024 10:37:41,Diverse Power
Quitman,6,6,1305,10-19-2024 10:52:41,Diverse Power
Quitman,6,6,1305,10-19-2024 11:07:41,Diverse Power
Quitman,6,6,1305,10-19-2024 11:22:42,Diverse Power
Meriwether,1,1,2427,10-19-2024 22:37:40,Diverse Power
Meriwether,1,1,2427,10-19-2024 22:52:40,Diverse Power
Meriwether,1,1,2427,10-19-2024 23:07:41,Diverse Power
Calhoun,1,1,1375,10-19-2024 23:28:40,Diverse Power
Calhoun,1,1,1375,10-19-2024 23:37:42,Diverse Power
Calhoun,1,1,1375,10-19-2024 23:52:43,Diverse Power
Calhoun,1,1,1375,10-20-2024 00:07:43,Diverse Power
Calhoun,1,1,1375,10-20-2024 00:22:41,Diverse Power
Calhoun,1,1,1375,10-20-2024 00:37:43,Diverse Power
Calhoun,1,1,1375,10-20-2024 00:52:41,Diverse Power
Calhoun,1,1,1375,10-20-2024 01:07:42,Diverse Power
Calhoun,1,1,1375,10-20-2024 01:22:42,Diverse Power
Calhoun,1,1,1375,10-20-2024 01:37:42,Diverse Power
Calhoun,1,1,1375,10-20-2024 01:52:42,Diverse Power
Calhoun,1,1,1375,10-20-2024 02:07:42,Diverse Power
Calhoun,1,1,1375,10-20-2024 02:22:41,Diverse Power
Calhoun,1,1,1375,10-20-2024 02:37:42,Diverse Power
Calhoun,1,1,1375,10-20-2024 02:52:43,Diverse Power
Calhoun,1,1,1375,10-20-2024 03:07:43,Diverse Power
Troup,3,3,17735,10-20-2024 20:22:42,Diverse Power
Troup,3,3,17735,10-20-2024 20:37:42,Diverse Power
Troup,3,3,17735,10-20-2024 20:52:40,Diverse Power
Troup,3,3,17735,10-20-2024 21:07:40,Diverse Power
Troup,1,1,17734,10-21-2024 12:22:40,Diverse Power
Troup,1,1,17733,10-21-2024 12:37:42,Diverse Power
Troup,5,5,17733,10-21-2024 12:52:43,Diverse Power
Troup,5,5,17733,10-21-2024 13:07:43,Diverse Power
Troup,5,5,17733,10-21-2024 13:22:46,Diverse Power
Troup,5,5,17734,10-21-2024 13:37:47,Diverse Power
Troup,5,5,17734,10-21-2024 13:52:45,Diverse Power
Troup,5,5,17734,10-21-2024 14:07:49,Diverse Power
Troup,5,5,17734,10-21-2024 14:22:48,Diverse Power
Troup,5,5,17734,10-21-2024 14:37:45,Diverse Power
Troup,5,5,17734,10-21-2024 14:52:43,Diverse Power
Troup,5,5,17734,10-21-2024 15:07:44,Diverse Power
Troup,1,1,17734,10-21-2024 15:22:45,Diverse Power
Troup,1,1,17734,10-21-2024 15:37:46,Diverse Power
Troup,1,1,17734,10-21-2024 15:52:43,Diverse Power
Troup,1,1,17734,10-21-2024 16:07:45,Diverse Power
Troup,1,1,17734,10-21-2024 16:22:42,Diverse Power
Troup,1,1,17734,10-21-2024 16:37:45,Diverse Power
Troup,1,1,17734,10-21-2024 16:52:42,Diverse Power
Troup,1,1,17734,10-21-2024 17:07:44,Diverse Power
Troup,1,1,17733,10-21-2024 17:22:58,Diverse Power
Troup,1,1,17734,10-21-2024 17:37:43,Diverse Power
Troup,1,1,17734,10-21-2024 17:52:43,Diverse Power
Troup,1,1,17734,10-21-2024 18:07:43,Diverse Power
Troup,1,1,17734,10-21-2024 18:22:45,Diverse Power
Meriwether,1,1,2427,10-21-2024 21:22:43,Diverse Power
Meriwether,1,1,2427,10-21-2024 21:37:42,Diverse Power
Meriwether,1,1,2427,10-21-2024 21:52:41,Diverse Power
Meriwether,1,1,2427,10-21-2024 22:07:40,Diverse Power
Troup,3,3,17735,10-22-2024 12:07:41,Diverse Power
Troup,3,3,17735,10-22-2024 12:22:40,Diverse Power
Harris,1,1,8278,10-22-2024 12:22:40,Diverse Power
Troup,3,3,17735,10-22-2024 12:37:40,Diverse Power
Harris,1,1,8278,10-22-2024 12:37:40,Diverse Power
Troup,3,3,17735,10-22-2024 12:52:41,Diverse Power
Harris,1,1,8278,10-22-2024 12:52:41,Diverse Power
Troup,3,3,17735,10-22-2024 13:07:41,Diverse Power
Harris,1,0,8278,10-22-2024 13:07:41,Diverse Power
Troup,3,3,17735,10-22-2024 13:22:40,Diverse Power
Harris,3,3,8278,10-22-2024 13:22:40,Diverse Power
Troup,3,3,17735,10-22-2024 13:37:46,Diverse Power
Harris,3,3,8278,10-22-2024 13:37:46,Diverse Power
Troup,3,3,17735,10-22-2024 13:52:43,Diverse Power
Harris,3,3,8278,10-22-2024 13:52:43,Diverse Power
Troup,3,3,17735,10-22-2024 14:07:44,Diverse Power
Harris,3,3,8278,10-22-2024 14:07:44,Diverse Power
Troup,3,3,17735,10-22-2024 14:22:44,Diverse Power
Harris,3,3,8278,10-22-2024 14:22:44,Diverse Power
Troup,3,3,17735,10-22-2024 14:37:45,Diverse Power
Harris,3,3,8278,10-22-2024 14:37:45,Diverse Power
Troup,3,3,17735,10-22-2024 14:52:43,Diverse Power
Harris,3,3,8278,10-22-2024 14:52:43,Diverse Power
Troup,3,3,17736,10-22-2024 15:07:42,Diverse Power
Harris,3,3,8278,10-22-2024 15:07:42,Diverse Power
Troup,3,3,17736,10-22-2024 15:22:45,Diverse Power
Harris,3,3,8278,10-22-2024 15:22:45,Diverse Power
Troup,3,3,17736,10-22-2024 15:37:41,Diverse Power
Harris,3,3,8278,10-22-2024 15:37:41,Diverse Power
Troup,1,1,17734,10-23-2024 12:22:40,Diverse Power
Troup,1,1,17734,10-23-2024 12:37:41,Diverse Power
Troup,1,1,17733,10-23-2024 12:52:41,Diverse Power
Troup,1,1,17733,10-23-2024 13:07:46,Diverse Power
Randolph,13,13,1745,10-23-2024 16:22:49,Diverse Power
Randolph,18,18,1745,10-23-2024 16:37:49,Diverse Power
Randolph,18,18,1745,10-23-2024 16:52:47,Diverse Power
Randolph,18,18,1745,10-23-2024 17:07:47,Diverse Power
Troup,1,1,17732,10-23-2024 17:52:46,Diverse Power
Troup,1,1,17732,10-23-2024 18:07:44,Diverse Power
Troup,1,1,17732,10-23-2024 18:22:50,Diverse Power
Troup,1,1,17732,10-23-2024 18:37:46,Diverse Power
Troup,1,1,17734,10-24-2024 10:22:40,Diverse Power
Troup,1,1,17734,10-24-2024 10:37:43,Diverse Power
Troup,1,1,17734,10-24-2024 10:52:40,Diverse Power
Troup,5,5,17734,10-24-2024 11:07:40,Diverse Power
Troup,3,3,17734,10-24-2024 12:22:40,Diverse Power
Troup,3,3,17734,10-24-2024 12:37:40,Diverse Power
Troup,3,3,17733,10-24-2024 13:07:42,Diverse Power
Troup,3,3,17732,10-24-2024 13:22:44,Diverse Power
Troup,3,3,17732,10-24-2024 13:37:44,Diverse Power
Troup,7,7,17732,10-24-2024 13:52:44,Diverse Power
Troup,7,7,17732,10-24-2024 14:07:45,Diverse Power
Troup,7,7,17731,10-24-2024 14:22:44,Diverse Power
Troup,7,7,17731,10-24-2024 14:37:48,Diverse Power
Troup,7,7,17731,10-24-2024 14:52:44,Diverse Power
Troup,3,3,17731,10-24-2024 15:07:43,Diverse Power
Troup,3,3,17731,10-24-2024 15:22:43,Diverse Power
Troup,3,3,17731,10-24-2024 15:37:46,Diverse Power
Troup,1,1,17731,10-24-2024 17:52:42,Diverse Power
Troup,1,1,17732,10-24-2024 18:07:42,Diverse Power
Troup,1,1,17732,10-24-2024 18:22:44,Diverse Power
Troup,1,1,17732,10-24-2024 18:37:42,Diverse Power
Clay,5,5,974,10-24-2024 21:22:42,Diverse Power
Clay,5,5,974,10-24-2024 21:37:44,Diverse Power
Clay,5,5,974,10-24-2024 21:52:45,Diverse Power
Clay,5,5,974,10-24-2024 22:07:47,Diverse Power
Clay,5,5,974,10-24-2024 22:22:44,Diverse Power
Clay,5,5,974,10-24-2024 22:37:47,Diverse Power
Clay,5,5,974,10-24-2024 22:52:46,Diverse Power
Clay,5,5,974,10-24-2024 23:07:44,Diverse Power
Clay,5,5,974,10-24-2024 23:22:44,Diverse Power
Randolph,2,2,1745,10-25-2024 14:52:40,Diverse Power
Troup,1,1,17730,10-27-2024 14:37:41,Diverse Power
Troup,3,3,17730,10-28-2024 12:22:41,Diverse Power
Troup,3,3,17730,10-28-2024 12:37:40,Diverse Power
Meriwether,3,3,2425,10-28-2024 13:07:41,Diverse Power
Troup,1,1,17731,10-28-2024 13:22:40,Diverse Power
Troup,1,1,17731,10-28-2024 13:37:41,Diverse Power
Harris,2,2,8280,10-28-2024 14:07:42,Diverse Power
Harris,2,2,8280,10-28-2024 14:22:43,Diverse Power
Harris,2,2,8280,10-28-2024 14:37:44,Diverse Power
Quitman,2,2,1306,10-28-2024 18:22:45,Diverse Power
Troup,1,1,17733,10-30-2024 12:22:41,Diverse Power
Muscogee,3,3,2702,10-30-2024 12:22:41,Diverse Power
Troup,1,1,17733,10-30-2024 12:37:42,Diverse Power
Muscogee,3,3,2702,10-30-2024 12:37:42,Diverse Power
Troup,1,1,17733,10-30-2024 12:52:43,Diverse Power
Muscogee,3,3,2702,10-30-2024 12:52:43,Diverse Power
Troup,1,1,17733,10-30-2024 13:07:42,Diverse Power
Muscogee,3,3,2702,10-30-2024 13:07:42,Diverse Power
Muscogee,3,3,2702,10-30-2024 13:22:43,Diverse Power
Muscogee,3,3,2702,10-30-2024 13:37:46,Diverse Power
Muscogee,3,3,2702,10-30-2024 13:52:45,Diverse Power
Muscogee,3,3,2702,10-30-2024 14:07:45,Diverse Power
Muscogee,3,3,2702,10-30-2024 14:22:47,Diverse Power
Muscogee,3,3,2702,10-30-2024 14:37:46,Diverse Power
Muscogee,3,3,2702,10-30-2024 14:52:49,Diverse Power
Muscogee,3,3,2702,10-30-2024 15:07:50,Diverse Power
Muscogee,3,3,2702,10-30-2024 15:22:48,Diverse Power
Troup,2,2,17733,10-30-2024 15:37:47,Diverse Power
Muscogee,3,3,2702,10-30-2024 15:37:47,Diverse Power
Troup,2,2,17733,10-30-2024 15:52:47,Diverse Power
Meriwether,3,3,2422,10-31-2024 12:22:42,Diverse Power
Meriwether,3,3,2422,10-31-2024 12:37:41,Diverse Power
Harris,3,3,8280,10-31-2024 12:37:41,Diverse Power
Meriwether,3,3,2422,10-31-2024 12:52:41,Diverse Power
Harris,3,3,8280,10-31-2024 12:52:41,Diverse Power
Meriwether,3,3,2422,10-31-2024 13:07:42,Diverse Power
Harris,3,3,8280,10-31-2024 13:07:42,Diverse Power
Troup,2,2,17729,10-31-2024 19:37:43,Diverse Power
Troup,1,1,17700,11-01-2024 16:37:45,Diverse Power
Troup,1,1,17701,11-01-2024 16:52:44,Diverse Power
Troup,1,1,17702,11-01-2024 17:07:48,Diverse Power
Harris,1,1,8280,11-02-2024 22:37:42,Diverse Power
Harris,1,1,8280,11-02-2024 22:52:41,Diverse Power
Harris,1,1,8280,11-02-2024 23:07:42,Diverse Power
Troup,2,2,17728,11-05-2024 13:22:42,Diverse Power
Troup,2,2,17728,11-05-2024 13:37:44,Diverse Power
Troup,2,2,17728,11-05-2024 13:52:43,Diverse Power
Troup,2,2,17725,11-05-2024 14:07:44,Diverse Power
Troup,2,2,17714,11-05-2024 14:22:43,Diverse Power
Troup,2,2,17712,11-05-2024 14:37:45,Diverse Power
Troup,2,2,17705,11-05-2024 14:52:44,Diverse Power
Troup,2,2,17705,11-05-2024 15:07:42,Diverse Power
Calhoun,3,3,1376,11-05-2024 15:07:42,Diverse Power
Troup,2,2,17704,11-05-2024 15:22:44,Diverse Power
Calhoun,3,3,1376,11-05-2024 15:22:44,Diverse Power
Troup,2,2,17702,11-05-2024 15:37:43,Diverse Power
Calhoun,3,3,1376,11-05-2024 15:37:43,Diverse Power
Calhoun,3,3,1376,11-05-2024 15:52:42,Diverse Power
Calhoun,3,3,1376,11-05-2024 16:07:43,Diverse Power
Calhoun,3,3,1376,11-05-2024 16:22:44,Diverse Power
Calhoun,3,3,1376,11-05-2024 16:37:46,Diverse Power
Calhoun,3,3,1376,11-05-2024 16:52:46,Diverse Power
Calhoun,3,3,1376,11-05-2024 17:07:44,Diverse Power
Calhoun,3,3,1376,11-05-2024 17:22:44,Diverse Power
Calhoun,3,3,1376,11-05-2024 17:37:46,Diverse Power
Calhoun,3,3,1376,11-05-2024 17:52:46,Diverse Power
Calhoun,3,3,1376,11-05-2024 18:07:44,Diverse Power
Calhoun,3,3,1376,11-05-2024 18:22:43,Diverse Power
Calhoun,3,3,1376,11-05-2024 18:37:42,Diverse Power
Calhoun,3,3,1376,11-05-2024 18:52:43,Diverse Power
Calhoun,3,3,1376,11-05-2024 19:07:45,Diverse Power
Calhoun,3,3,1376,11-05-2024 19:22:43,Diverse Power
Calhoun,3,3,1376,11-05-2024 19:37:45,Diverse Power
Calhoun,3,3,1376,11-05-2024 19:52:42,Diverse Power
Calhoun,3,3,1376,11-05-2024 20:07:42,Diverse Power
Calhoun,3,3,1376,11-05-2024 20:22:43,Diverse Power
Calhoun,3,3,1376,11-05-2024 20:37:45,Diverse Power
Calhoun,3,3,1376,11-05-2024 20:52:45,Diverse Power
Calhoun,3,3,1376,11-05-2024 21:07:46,Diverse Power
Calhoun,3,3,1376,11-05-2024 21:22:48,Diverse Power
Calhoun,3,3,1376,11-05-2024 21:37:44,Diverse Power
Randolph,35,35,1744,11-06-2024 06:52:44,Diverse Power
Calhoun,169,169,1376,11-06-2024 06:52:44,Diverse Power
Randolph,35,35,1744,11-06-2024 07:07:45,Diverse Power
Calhoun,169,169,1376,11-06-2024 07:07:45,Diverse Power
Randolph,35,35,1744,11-06-2024 07:22:44,Diverse Power
Calhoun,169,169,1376,11-06-2024 07:22:44,Diverse Power
Randolph,35,35,1744,11-06-2024 07:37:43,Diverse Power
Calhoun,169,169,1376,11-06-2024 07:37:43,Diverse Power
Randolph,35,35,1744,11-06-2024 07:52:42,Diverse Power
Calhoun,169,169,1376,11-06-2024 07:52:42,Diverse Power
Randolph,35,35,1744,11-06-2024 08:07:42,Diverse Power
Calhoun,169,169,1376,11-06-2024 08:07:42,Diverse Power
Randolph,35,35,1744,11-06-2024 08:22:42,Diverse Power
Calhoun,169,169,1376,11-06-2024 08:22:42,Diverse Power
Randolph,35,35,1744,11-06-2024 08:37:43,Diverse Power
Calhoun,169,169,1376,11-06-2024 08:37:43,Diverse Power
Randolph,35,35,1744,11-06-2024 08:52:42,Diverse Power
Calhoun,169,169,1376,11-06-2024 08:52:42,Diverse Power
Randolph,35,35,1744,11-06-2024 09:07:43,Diverse Power
Calhoun,169,169,1376,11-06-2024 09:07:43,Diverse Power
Randolph,35,35,1744,11-06-2024 09:22:42,Diverse Power
Calhoun,169,169,1376,11-06-2024 09:22:42,Diverse Power
Randolph,35,35,1744,11-06-2024 09:37:44,Diverse Power
Calhoun,169,169,1376,11-06-2024 09:37:44,Diverse Power
Randolph,35,35,1744,11-06-2024 09:52:42,Diverse Power
Calhoun,169,169,1376,11-06-2024 09:52:42,Diverse Power
Randolph,35,0,1744,11-06-2024 10:07:44,Diverse Power
Calhoun,169,0,1376,11-06-2024 10:07:44,Diverse Power
Meriwether,1,1,2416,11-06-2024 18:37:43,Diverse Power
Troup,6,6,17638,11-06-2024 18:52:45,Diverse Power
Meriwether,4,4,2416,11-06-2024 18:52:45,Diverse Power
Troup,6,6,17638,11-06-2024 19:07:44,Diverse Power
Meriwether,4,4,2416,11-06-2024 19:07:44,Diverse Power
Troup,6,6,17639,11-06-2024 19:22:43,Diverse Power
Meriwether,4,4,2416,11-06-2024 19:22:43,Diverse Power
Troup,6,6,17640,11-06-2024 19:37:43,Diverse Power
Meriwether,4,4,2416,11-06-2024 19:37:43,Diverse Power
Troup,6,6,17642,11-06-2024 19:52:43,Diverse Power
Meriwether,4,4,2416,11-06-2024 19:52:43,Diverse Power
Troup,6,6,17643,11-06-2024 20:07:44,Diverse Power
Meriwether,4,4,2416,11-06-2024 20:07:44,Diverse Power
Troup,6,0,17649,11-06-2024 20:22:44,Diverse Power
Meriwether,4,0,2416,11-06-2024 20:22:44,Diverse Power
Harris,1,1,8269,11-06-2024 21:52:43,Diverse Power
Harris,1,1,8269,11-06-2024 22:07:44,Diverse Power
Harris,1,1,8269,11-06-2024 22:22:42,Diverse Power
Harris,1,1,8269,11-06-2024 22:37:43,Diverse Power
Troup,3,3,17677,11-06-2024 23:52:42,Diverse Power
Troup,5,5,17590,11-07-2024 17:37:44,Diverse Power
Calhoun,1,1,1376,11-07-2024 17:37:44,Diverse Power
Troup,5,5,17596,11-07-2024 17:52:43,Diverse Power
Calhoun,1,1,1376,11-07-2024 17:52:43,Diverse Power
Troup,5,5,17599,11-07-2024 18:07:44,Diverse Power
Calhoun,1,1,1376,11-07-2024 18:07:44,Diverse Power
Troup,5,5,17605,11-07-2024 18:22:44,Diverse Power
Troup,5,5,17605,11-07-2024 18:37:42,Diverse Power
Troup,5,5,17608,11-07-2024 18:52:44,Diverse Power
Meriwether,1,1,2417,11-07-2024 20:52:46,Diverse Power
Troup,2,2,17657,11-07-2024 22:52:43,Diverse Power
Meriwether,1,1,2417,11-07-2024 22:52:43,Diverse Power
Troup,1,1,17664,11-08-2024 01:52:42,Diverse Power
Troup,1,1,17665,11-08-2024 02:52:42,Diverse Power
Troup,3,3,17693,11-09-2024 10:07:42,Diverse Power
Troup,1,1,17693,11-09-2024 17:37:44,Diverse Power
Troup,1,1,17693,11-09-2024 17:52:43,Diverse Power
Troup,1,1,17693,11-09-2024 18:07:43,Diverse Power
Troup,1,1,17693,11-09-2024 18:22:44,Diverse Power
Randolph,3,3,1745,11-09-2024 18:37:42,Diverse Power
Randolph,3,3,1745,11-09-2024 18:52:43,Diverse Power
Randolph,3,3,1745,11-09-2024 19:07:42,Diverse Power
Randolph,3,3,1745,11-09-2024 19:22:44,Diverse Power
Randolph,1,1,1745,11-09-2024 19:37:42,Diverse Power
Randolph,1,1,1745,11-09-2024 19:52:41,Diverse Power
Randolph,1,1,1745,11-09-2024 20:07:42,Diverse Power
Randolph,1,1,1745,11-09-2024 20:22:43,Diverse Power
Troup,5,5,17693,11-11-2024 13:52:44,Diverse Power
Troup,5,5,17694,11-11-2024 14:07:44,Diverse Power
Troup,5,5,17695,11-11-2024 14:22:46,Diverse Power
Troup,5,5,17690,11-11-2024 14:37:46,Diverse Power
Chambers,3,3,681,11-11-2024 14:37:46,Diverse Power
Troup,4,4,17686,11-11-2024 14:52:44,Diverse Power
Chambers,3,3,681,11-11-2024 14:52:44,Diverse Power
Troup,4,4,17677,11-11-2024 15:07:44,Diverse Power
Chambers,3,3,681,11-11-2024 15:07:44,Diverse Power
Troup,4,4,17676,11-11-2024 15:22:45,Diverse Power
Troup,4,4,17678,11-11-2024 15:37:45,Diverse Power
Troup,4,4,17678,11-11-2024 15:52:43,Diverse Power
Troup,4,4,17684,11-11-2024 16:07:46,Diverse Power
Troup,4,4,17684,11-11-2024 16:22:45,Diverse Power
Troup,4,4,17686,11-11-2024 16:37:44,Diverse Power
Harris,2,2,8271,11-11-2024 20:52:43,Diverse Power
Troup,4,4,17696,11-12-2024 02:22:40,Diverse Power
Troup,7,7,17696,11-12-2024 12:07:44,Diverse Power
Troup,7,7,17696,11-12-2024 12:22:44,Diverse Power
Troup,9,9,17696,11-12-2024 12:37:41,Diverse Power
Troup,9,9,17696,11-12-2024 12:52:43,Diverse Power
Troup,9,9,17696,11-12-2024 13:07:41,Diverse Power
Troup,9,9,17696,11-12-2024 13:22:43,Diverse Power
Troup,9,9,17696,11-12-2024 13:37:42,Diverse Power
Troup,9,9,17696,11-12-2024 13:52:42,Diverse Power
Troup,9,9,17696,11-12-2024 14:07:44,Diverse Power
Troup,12,12,17696,11-12-2024 14:22:44,Diverse Power
Troup,12,12,17696,11-12-2024 14:37:44,Diverse Power
Troup,12,12,17696,11-12-2024 14:52:44,Diverse Power
Troup,12,12,17696,11-12-2024 15:07:45,Diverse Power
Troup,12,12,17696,11-12-2024 15:22:47,Diverse Power
Troup,9,9,17696,11-12-2024 15:37:46,Diverse Power
Troup,9,9,17696,11-12-2024 15:52:45,Diverse Power
Troup,7,7,17698,11-12-2024 16:07:45,Diverse Power
Troup,7,7,17698,11-12-2024 16:22:46,Diverse Power
Troup,7,7,17698,11-12-2024 16:37:46,Diverse Power
Troup,7,7,17698,11-12-2024 16:52:44,Diverse Power
Muscogee,3,3,2704,11-12-2024 17:37:42,Diverse Power
Muscogee,3,3,2704,11-12-2024 17:52:44,Diverse Power
Muscogee,3,3,2704,11-12-2024 18:07:43,Diverse Power
Muscogee,3,3,2704,11-12-2024 18:22:43,Diverse Power
Muscogee,3,3,2704,11-12-2024 18:37:44,Diverse Power
Harris,2,2,8275,11-12-2024 19:37:44,Diverse Power
Harris,2,2,8275,11-12-2024 19:52:45,Diverse Power
Harris,2,2,8275,11-12-2024 20:07:44,Diverse Power
Troup,7,7,17696,11-13-2024 14:37:46,Diverse Power
Troup,7,7,17697,11-13-2024 14:52:45,Diverse Power
Troup,7,7,17695,11-13-2024 15:07:47,Diverse Power
Troup,7,7,17690,11-13-2024 15:22:44,Diverse Power
Troup,7,7,17691,11-13-2024 15:37:44,Diverse Power
Troup,7,7,17692,11-13-2024 15:52:44,Diverse Power
Troup,7,7,17692,11-13-2024 16:07:46,Diverse Power
Troup,7,7,17692,11-13-2024 16:22:45,Diverse Power
Troup,7,7,17694,11-13-2024 16:37:47,Diverse Power
Troup,7,7,17694,11-13-2024 16:52:45,Diverse Power
Troup,2,2,17698,11-13-2024 18:37:46,Diverse Power
Troup,2,2,17698,11-13-2024 18:52:48,Diverse Power
Troup,2,2,17698,11-13-2024 19:07:45,Diverse Power
Troup,2,2,17698,11-13-2024 19:22:44,Diverse Power
Troup,2,2,17698,11-13-2024 19:37:44,Diverse Power
Troup,2,2,17698,11-13-2024 19:52:42,Diverse Power
Troup,2,2,17699,11-13-2024 20:07:42,Diverse Power
Heard,1,1,474,11-13-2024 21:07:43,Diverse Power
Heard,1,1,474,11-13-2024 21:22:43,Diverse Power
Heard,1,1,474,11-13-2024 21:37:42,Diverse Power
Troup,2,2,17699,11-13-2024 21:37:42,Diverse Power
Heard,1,1,474,11-13-2024 21:52:41,Diverse Power
Troup,2,2,17699,11-13-2024 21:52:41,Diverse Power
Troup,2,2,17699,11-13-2024 22:07:42,Diverse Power
Troup,2,2,17699,11-13-2024 22:22:42,Diverse Power
Troup,2,2,17699,11-13-2024 22:37:43,Diverse Power
Troup,2,2,17699,11-13-2024 22:52:40,Diverse Power
Troup,2,2,17699,11-13-2024 23:07:40,Diverse Power
Troup,2,2,17699,11-13-2024 23:22:41,Diverse Power
Meriwether,18,18,2416,11-14-2024 09:37:49,Diverse Power
Meriwether,18,18,2416,11-14-2024 09:52:48,Diverse Power
Meriwether,18,18,2416,11-14-2024 10:07:48,Diverse Power
Meriwether,18,18,2416,11-14-2024 10:22:48,Diverse Power
Meriwether,18,18,2416,11-14-2024 10:37:46,Diverse Power
Meriwether,18,18,2416,11-14-2024 10:52:48,Diverse Power
Quitman,2,2,1306,11-14-2024 17:22:45,Diverse Power
Quitman,10,10,1306,11-14-2024 17:37:44,Diverse Power
Quitman,10,10,1306,11-14-2024 17:52:43,Diverse Power
Quitman,10,10,1306,11-14-2024 18:07:42,Diverse Power
Quitman,10,10,1306,11-14-2024 18:22:43,Diverse Power
Quitman,10,10,1306,11-14-2024 18:37:44,Diverse Power
Quitman,10,10,1306,11-14-2024 18:52:41,Diverse Power
Troup,5,5,17708,11-15-2024 15:52:40,Diverse Power
Troup,5,5,17708,11-15-2024 16:07:42,Diverse Power
Troup,1,1,17708,11-15-2024 18:22:41,Diverse Power
Meriwether,1,1,2418,11-16-2024 18:07:41,Diverse Power
Harris,1,1,8277,11-16-2024 19:37:43,Diverse Power
Harris,1,1,8277,11-16-2024 19:52:42,Diverse Power
Harris,1,1,8277,11-16-2024 20:07:43,Diverse Power
Calhoun,1,1,1368,11-16-2024 21:07:45,Diverse Power
Calhoun,1,1,1368,11-16-2024 21:22:45,Diverse Power
Calhoun,3,3,1368,11-16-2024 21:37:46,Diverse Power
Calhoun,3,3,1368,11-16-2024 21:52:43,Diverse Power
Calhoun,3,3,1368,11-16-2024 22:07:43,Diverse Power
Calhoun,3,3,1368,11-16-2024 22:22:43,Diverse Power
Calhoun,3,3,1368,11-16-2024 22:37:44,Diverse Power
Calhoun,3,3,1368,11-16-2024 22:52:43,Diverse Power
Calhoun,3,3,1368,11-16-2024 23:07:44,Diverse Power
Calhoun,3,3,1368,11-16-2024 23:22:43,Diverse Power
Calhoun,3,3,1368,11-16-2024 23:37:42,Diverse Power
Meriwether,1,1,2418,11-17-2024 13:07:45,Diverse Power
Meriwether,1,1,2418,11-17-2024 13:22:44,Diverse Power
Meriwether,1,1,2418,11-17-2024 13:37:44,Diverse Power
Meriwether,1,1,2418,11-17-2024 13:52:43,Diverse Power
Meriwether,1,1,2418,11-17-2024 14:07:44,Diverse Power
Meriwether,1,1,2418,11-17-2024 14:22:42,Diverse Power
Meriwether,1,1,2418,11-17-2024 14:37:44,Diverse Power
Meriwether,1,1,2418,11-17-2024 14:52:43,Diverse Power
Meriwether,1,1,2418,11-17-2024 15:07:43,Diverse Power
Meriwether,1,1,2418,11-17-2024 15:22:45,Diverse Power
Meriwether,1,1,2418,11-17-2024 15:37:45,Diverse Power
Meriwether,1,1,2418,11-17-2024 15:52:45,Diverse Power
Meriwether,1,1,2418,11-17-2024 16:07:46,Diverse Power
Meriwether,1,1,2418,11-17-2024 16:22:43,Diverse Power
Meriwether,1,1,2418,11-17-2024 16:37:46,Diverse Power
Meriwether,1,1,2418,11-17-2024 16:52:42,Diverse Power
Meriwether,1,1,2418,11-17-2024 17:07:43,Diverse Power
Meriwether,1,1,2418,11-17-2024 17:22:42,Diverse Power
Meriwether,1,1,2418,11-17-2024 17:37:42,Diverse Power
Meriwether,1,1,2418,11-17-2024 17:52:43,Diverse Power
Meriwether,1,1,2418,11-17-2024 18:07:42,Diverse Power
Meriwether,1,1,2418,11-17-2024 18:22:44,Diverse Power
Meriwether,1,1,2418,11-17-2024 18:37:44,Diverse Power
Meriwether,1,1,2418,11-17-2024 18:52:44,Diverse Power
Meriwether,1,1,2418,11-17-2024 19:07:44,Diverse Power
Meriwether,1,1,2418,11-17-2024 19:22:43,Diverse Power
Meriwether,1,1,2418,11-17-2024 19:37:44,Diverse Power
Meriwether,1,1,2418,11-17-2024 19:52:45,Diverse Power
Meriwether,1,1,2418,11-17-2024 20:07:44,Diverse Power
Meriwether,1,1,2418,11-17-2024 20:22:43,Diverse Power
Meriwether,1,1,2418,11-17-2024 20:37:44,Diverse Power
Meriwether,1,1,2418,11-17-2024 20:52:43,Diverse Power
Meriwether,1,1,2418,11-17-2024 21:07:43,Diverse Power
Meriwether,1,1,2418,11-17-2024 21:22:41,Diverse Power
Meriwether,1,1,2418,11-17-2024 21:37:41,Diverse Power
Meriwether,1,1,2418,11-17-2024 21:52:41,Diverse Power
Meriwether,1,1,2418,11-17-2024 22:07:41,Diverse Power
Meriwether,1,1,2418,11-17-2024 22:22:42,Diverse Power
Meriwether,1,1,2418,11-17-2024 22:37:44,Diverse Power
Meriwether,1,1,2418,11-17-2024 22:52:45,Diverse Power
Meriwether,1,1,2418,11-17-2024 23:07:43,Diverse Power
Meriwether,1,1,2418,11-17-2024 23:22:43,Diverse Power
Meriwether,1,1,2418,11-17-2024 23:37:42,Diverse Power
Meriwether,1,1,2418,11-17-2024 23:52:42,Diverse Power
Meriwether,1,1,2418,11-18-2024 00:07:42,Diverse Power
Meriwether,1,1,2418,11-18-2024 00:22:42,Diverse Power
Harris,2,2,8277,11-18-2024 13:22:42,Diverse Power
Harris,2,2,8279,11-18-2024 13:37:43,Diverse Power
Harris,2,2,8279,11-18-2024 13:52:43,Diverse Power
Harris,2,2,8279,11-18-2024 14:07:43,Diverse Power
Harris,2,2,8279,11-18-2024 14:22:43,Diverse Power
Harris,2,2,8279,11-18-2024 14:37:42,Diverse Power
Harris,2,2,8279,11-18-2024 14:52:44,Diverse Power
Harris,2,2,8279,11-18-2024 15:07:46,Diverse Power
Harris,2,2,8279,11-18-2024 15:22:45,Diverse Power
Harris,2,2,8279,11-18-2024 15:37:48,Diverse Power
Harris,2,2,8279,11-18-2024 15:52:48,Diverse Power
Harris,2,2,8279,11-18-2024 16:07:49,Diverse Power
Randolph,1,1,1748,11-19-2024 00:22:40,Diverse Power
Troup,1,1,17713,11-19-2024 13:07:40,Diverse Power
Troup,1,1,17714,11-19-2024 15:22:42,Diverse Power
Troup,1,1,17714,11-19-2024 15:37:43,Diverse Power
Troup,1,1,17714,11-19-2024 15:52:43,Diverse Power
Meriwether,13,13,2418,11-19-2024 16:52:47,Diverse Power
Meriwether,13,13,2418,11-19-2024 17:07:45,Diverse Power
Meriwether,13,13,2418,11-19-2024 17:22:46,Diverse Power
Meriwether,13,13,2418,11-19-2024 17:37:46,Diverse Power
Meriwether,13,13,2418,11-19-2024 17:52:47,Diverse Power
Meriwether,13,13,2418,11-19-2024 18:07:49,Diverse Power
Meriwether,13,13,2418,11-19-2024 18:22:44,Diverse Power
Troup,3,3,17714,11-19-2024 19:07:43,Diverse Power
Troup,3,3,17713,11-19-2024 19:22:45,Diverse Power
Troup,3,3,17713,11-19-2024 19:37:45,Diverse Power
Harris,1,1,8280,11-19-2024 20:07:46,Diverse Power
Harris,1,1,8280,11-19-2024 20:22:45,Diverse Power
Harris,1,1,8280,11-19-2024 20:37:45,Diverse Power
Harris,1,1,8280,11-19-2024 20:52:45,Diverse Power
Harris,1,1,8280,11-19-2024 21:07:44,Diverse Power
Harris,1,1,8280,11-19-2024 21:22:43,Diverse Power
Randolph,7,7,1748,11-19-2024 22:52:47,Diverse Power
Randolph,7,7,1748,11-19-2024 23:07:46,Diverse Power
Randolph,7,7,1748,11-19-2024 23:22:45,Diverse Power
Randolph,7,7,1748,11-19-2024 23:37:46,Diverse Power
Randolph,7,7,1748,11-19-2024 23:52:43,Diverse Power
Harris,1,1,8280,11-20-2024 00:37:44,Diverse Power
Harris,1,1,8280,11-20-2024 00:52:43,Diverse Power
Harris,1,1,8280,11-20-2024 01:07:46,Diverse Power
Harris,1,1,8280,11-20-2024 01:22:43,Diverse Power
Harris,1,1,8280,11-20-2024 01:37:44,Diverse Power
Harris,1,1,8280,11-20-2024 01:52:42,Diverse Power
Troup,2,2,17714,11-20-2024 03:07:45,Diverse Power
Troup,106,106,17714,11-20-2024 04:07:42,Diverse Power
Meriwether,91,91,2417,11-20-2024 04:07:42,Diverse Power
Troup,106,106,17714,11-20-2024 04:22:41,Diverse Power
Meriwether,91,91,2417,11-20-2024 04:22:41,Diverse Power
Troup,106,106,17714,11-20-2024 04:37:41,Diverse Power
Meriwether,91,91,2417,11-20-2024 04:37:41,Diverse Power
Troup,106,0,17714,11-20-2024 04:52:42,Diverse Power
Meriwether,91,0,2417,11-20-2024 04:52:42,Diverse Power
Harris,1,1,8280,11-20-2024 13:22:49,Diverse Power
Harris,2,2,8280,11-20-2024 13:37:46,Diverse Power
Harris,2,2,8280,11-20-2024 13:52:48,Diverse Power
Harris,1,1,8280,11-20-2024 18:37:47,Diverse Power
Harris,1,1,8280,11-20-2024 18:52:53,Diverse Power
Harris,1,1,8280,11-20-2024 19:07:51,Diverse Power
Harris,1,1,8279,11-20-2024 19:37:52,Diverse Power
Harris,1,1,8279,11-20-2024 19:52:52,Diverse Power
Harris,1,1,8279,11-20-2024 20:07:51,Diverse Power
Harris,1,1,8279,11-20-2024 20:22:52,Diverse Power
Troup,103,103,17715,11-20-2024 23:07:47,Diverse Power
Troup,103,103,17715,11-20-2024 23:22:46,Diverse Power
Troup,103,103,17715,11-20-2024 23:37:44,Diverse Power
Troup,103,103,17715,11-20-2024 23:52:44,Diverse Power
Troup,2,2,17715,11-21-2024 00:07:43,Diverse Power
Troup,1,1,17715,11-21-2024 00:22:43,Diverse Power
Troup,1,1,17715,11-21-2024 00:37:41,Diverse Power
Troup,2,2,17715,11-21-2024 15:37:49,Diverse Power
Troup,2,2,17715,11-21-2024 15:52:47,Diverse Power
Troup,89,89,17715,11-21-2024 16:37:48,Diverse Power
Troup,7,7,17715,11-21-2024 16:52:49,Diverse Power
Troup,10,10,17715,11-21-2024 17:07:48,Diverse Power
Meriwether,1,1,2418,11-21-2024 17:52:52,Diverse Power
Meriwether,15,15,2418,11-21-2024 18:07:50,Diverse Power
Meriwether,15,15,2418,11-21-2024 18:22:53,Diverse Power
Meriwether,15,15,2418,11-21-2024 18:37:53,Diverse Power
Troup,32,32,17715,11-21-2024 18:52:53,Diverse Power
Meriwether,15,15,2418,11-21-2024 18:52:53,Diverse Power
Troup,57,57,17715,11-21-2024 19:07:53,Diverse Power
Meriwether,16,16,2418,11-21-2024 19:07:53,Diverse Power
Chambers,1,1,682,11-21-2024 19:07:53,Diverse Power
Troup,57,57,17716,11-21-2024 19:22:55,Diverse Power
Meriwether,16,16,2418,11-21-2024 19:22:55,Diverse Power
Chambers,1,1,682,11-21-2024 19:22:55,Diverse Power
Randolph,1,1,1748,11-21-2024 19:37:56,Diverse Power
Troup,57,57,17717,11-21-2024 19:37:56,Diverse Power
Meriwether,1,1,2418,11-21-2024 19:37:56,Diverse Power
Chambers,1,1,682,11-21-2024 19:37:56,Diverse Power
Randolph,1,1,1748,11-21-2024 19:52:50,Diverse Power
Troup,57,57,17717,11-21-2024 19:52:50,Diverse Power
Meriwether,1,1,2418,11-21-2024 19:52:50,Diverse Power
Chambers,1,1,682,11-21-2024 19:52:50,Diverse Power
Randolph,1,1,1748,11-21-2024 20:07:51,Diverse Power
Troup,64,64,17717,11-21-2024 20:07:51,Diverse Power
Meriwether,1,1,2418,11-21-2024 20:07:51,Diverse Power
Chambers,1,1,682,11-21-2024 20:07:51,Diverse Power
Randolph,1,1,1748,11-21-2024 20:22:52,Diverse Power
Troup,64,64,17718,11-21-2024 20:22:52,Diverse Power
Meriwether,1,1,2418,11-21-2024 20:22:52,Diverse Power
Chambers,1,1,682,11-21-2024 20:22:52,Diverse Power
Troup,66,66,17719,11-21-2024 20:37:51,Diverse Power
Meriwether,4,4,2418,11-21-2024 20:37:51,Diverse Power
Chambers,1,1,682,11-21-2024 20:37:51,Diverse Power
Troup,66,66,17719,11-21-2024 20:52:50,Diverse Power
Meriwether,4,4,2418,11-21-2024 20:52:50,Diverse Power
Chambers,1,1,682,11-21-2024 20:52:50,Diverse Power
Troup,66,66,17719,11-21-2024 21:07:50,Diverse Power
Meriwether,4,4,2418,11-21-2024 21:07:50,Diverse Power
Chambers,1,1,682,11-21-2024 21:07:50,Diverse Power
Troup,47,47,17719,11-21-2024 21:22:51,Diverse Power
Meriwether,3,3,2419,11-21-2024 21:22:51,Diverse Power
Chambers,1,1,682,11-21-2024 21:22:51,Diverse Power
Troup,50,50,17719,11-21-2024 21:37:49,Diverse Power
Meriwether,3,3,2419,11-21-2024 21:37:49,Diverse Power
Chambers,1,1,682,11-21-2024 21:37:49,Diverse Power
Troup,50,50,17719,11-21-2024 21:52:48,Diverse Power
Meriwether,3,3,2419,11-21-2024 21:52:48,Diverse Power
Chambers,1,1,682,11-21-2024 21:52:48,Diverse Power
Troup,47,40,17719,11-21-2024 22:07:47,Diverse Power
Chambers,1,1,682,11-21-2024 22:07:47,Diverse Power
Troup,47,40,17719,11-21-2024 22:22:50,Diverse Power
Chambers,1,1,682,11-21-2024 22:22:50,Diverse Power
Troup,47,47,17719,11-21-2024 22:37:44,Diverse Power
Chambers,1,1,682,11-21-2024 22:37:44,Diverse Power
Troup,10,10,17719,11-21-2024 22:52:45,Diverse Power
Chambers,1,1,682,11-21-2024 22:52:45,Diverse Power
Troup,8,8,17719,11-21-2024 23:07:46,Diverse Power
Troup,7,7,17719,11-21-2024 23:22:45,Diverse Power
Troup,7,7,17715,11-21-2024 23:37:45,Diverse Power
Troup,7,7,17715,11-21-2024 23:52:44,Diverse Power
Troup,7,7,17715,11-22-2024 00:07:45,Diverse Power
Troup,7,7,17715,11-22-2024 00:22:45,Diverse Power
Troup,7,7,17715,11-22-2024 00:37:46,Diverse Power
Troup,7,7,17715,11-22-2024 00:52:44,Diverse Power
Troup,7,7,17715,11-22-2024 01:07:44,Diverse Power
Troup,7,7,17715,11-22-2024 01:22:43,Diverse Power
Troup,7,7,17715,11-22-2024 01:37:43,Diverse Power
Troup,7,7,17715,11-22-2024 01:52:43,Diverse Power
Troup,5,5,17714,11-22-2024 17:22:43,Diverse Power
Troup,5,5,17714,11-22-2024 17:37:43,Diverse Power
Troup,5,5,17714,11-22-2024 17:52:43,Diverse Power
Quitman,1,1,1308,11-22-2024 22:07:46,Diverse Power
Randolph,21,21,1749,11-22-2024 22:07:46,Diverse Power
Stewart,15,15,15,11-22-2024 22:07:46,Diverse Power
Quitman,1,1,1308,11-22-2024 22:22:45,Diverse Power
Randolph,21,21,1749,11-22-2024 22:22:45,Diverse Power
Stewart,15,15,15,11-22-2024 22:22:45,Diverse Power
Quitman,1,1,1308,11-22-2024 22:37:42,Diverse Power
Randolph,21,21,1749,11-22-2024 22:37:42,Diverse Power
Stewart,15,15,15,11-22-2024 22:37:42,Diverse Power
Troup,40,40,17715,11-23-2024 14:37:41,Diverse Power
Troup,40,40,17715,11-23-2024 14:52:40,Diverse Power
Troup,40,40,17715,11-23-2024 15:07:41,Diverse Power
Troup,40,40,17715,11-23-2024 15:22:42,Diverse Power
Troup,40,40,17715,11-23-2024 15:37:44,Diverse Power
Troup,40,40,17715,11-23-2024 15:52:42,Diverse Power
Troup,40,40,17715,11-23-2024 16:07:43,Diverse Power
Clay,1,1,974,11-24-2024 19:07:45,Diverse Power
Clay,1,1,974,11-24-2024 19:22:43,Diverse Power
Clay,1,1,974,11-24-2024 19:37:45,Diverse Power
Clay,1,1,974,11-24-2024 19:52:45,Diverse Power
Clay,1,1,974,11-24-2024 20:07:42,Diverse Power
Clay,1,1,974,11-24-2024 20:22:42,Diverse Power
Clay,1,1,974,11-24-2024 20:37:42,Diverse Power
Clay,1,1,974,11-24-2024 20:52:42,Diverse Power
Harris,1,1,8279,11-25-2024 13:07:42,Diverse Power
Harris,1,1,8279,11-25-2024 13:22:42,Diverse Power
Harris,1,1,8279,11-25-2024 13:37:42,Diverse Power
Harris,1,1,8279,11-25-2024 13:52:42,Diverse Power
Harris,1,1,8279,11-25-2024 14:07:44,Diverse Power
Harris,1,1,8279,11-25-2024 14:22:44,Diverse Power
Harris,1,1,8279,11-25-2024 14:37:45,Diverse Power
Harris,1,1,8279,11-25-2024 14:52:45,Diverse Power
Harris,1,1,8279,11-25-2024 15:07:45,Diverse Power
Harris,1,1,8279,11-25-2024 15:22:45,Diverse Power
Harris,3,3,8279,11-25-2024 15:37:44,Diverse Power
Harris,3,3,8279,11-25-2024 15:52:45,Diverse Power
Troup,2,2,17714,11-25-2024 16:07:45,Diverse Power
Harris,3,3,8279,11-25-2024 16:07:45,Diverse Power
Heard,2,2,474,11-25-2024 16:22:47,Diverse Power
Troup,2,2,17714,11-25-2024 16:22:47,Diverse Power
Harris,3,3,8279,11-25-2024 16:22:47,Diverse Power
Troup,2,2,17714,11-25-2024 16:37:45,Diverse Power
Harris,3,3,8279,11-25-2024 16:37:45,Diverse Power
Troup,2,2,17714,11-25-2024 16:52:45,Diverse Power
Harris,3,3,8279,11-25-2024 16:52:45,Diverse Power
Harris,3,3,8279,11-25-2024 17:07:43,Diverse Power
Harris,3,3,8279,11-25-2024 17:22:44,Diverse Power
Harris,3,3,8279,11-25-2024 17:37:44,Diverse Power
Harris,3,3,8279,11-25-2024 17:52:44,Diverse Power
Harris,1,1,8279,11-25-2024 22:37:44,Diverse Power
Harris,1,1,8279,11-25-2024 22:52:45,Diverse Power
Harris,3,3,8279,11-25-2024 23:07:43,Diverse Power
Harris,3,3,8279,11-25-2024 23:22:41,Diverse Power
Harris,3,3,8279,11-25-2024 23:37:41,Diverse Power
Harris,3,3,8279,11-25-2024 23:52:41,Diverse Power
Harris,3,3,8279,11-26-2024 00:07:42,Diverse Power
Harris,3,3,8279,11-26-2024 00:22:41,Diverse Power
Harris,3,3,8279,11-26-2024 00:37:41,Diverse Power
Harris,3,3,8279,11-26-2024 00:52:43,Diverse Power
Harris,1,1,8279,11-26-2024 12:07:45,Diverse Power
Quitman,1,1,1307,11-28-2024 03:37:40,Diverse Power
Troup,4,4,17723,11-28-2024 10:52:44,Diverse Power
Troup,4,4,17723,11-28-2024 11:07:41,Diverse Power
Troup,4,0,17723,11-28-2024 11:22:41,Diverse Power
Troup,1,1,17723,11-28-2024 11:52:41,Diverse Power
Troup,1,1,17723,11-28-2024 12:07:41,Diverse Power
Troup,1,1,17723,11-28-2024 12:22:41,Diverse Power
Troup,1,1,17723,11-28-2024 12:37:41,Diverse Power
Troup,2,2,17723,11-28-2024 12:52:40,Diverse Power
Troup,1,1,17723,11-28-2024 13:07:42,Diverse Power
Troup,1,1,17723,11-28-2024 13:22:42,Diverse Power
Troup,1,1,17723,11-28-2024 13:37:42,Diverse Power
Troup,1,1,17723,11-28-2024 13:52:40,Diverse Power
Harris,2,2,8280,11-28-2024 13:52:40,Diverse Power
Troup,1,1,17723,11-28-2024 14:07:42,Diverse Power
Harris,2,2,8280,11-28-2024 14:07:42,Diverse Power
Troup,1,1,17723,11-28-2024 14:22:40,Diverse Power
Harris,2,2,8280,11-28-2024 14:22:40,Diverse Power
Troup,2,2,17723,11-28-2024 14:37:41,Diverse Power
Harris,2,2,8280,11-28-2024 14:37:41,Diverse Power
Troup,2,2,17723,11-28-2024 14:52:40,Diverse Power
Harris,2,2,8280,11-28-2024 14:52:40,Diverse Power
Troup,2,2,17723,11-28-2024 15:07:41,Diverse Power
Harris,2,2,8280,11-28-2024 15:07:41,Diverse Power
Troup,2,2,17723,11-28-2024 15:22:40,Diverse Power
Harris,2,2,8280,11-28-2024 15:22:40,Diverse Power
Troup,2,2,17723,11-28-2024 15:37:42,Diverse Power
Harris,2,2,8280,11-28-2024 15:37:42,Diverse Power
Troup,2,2,17723,11-28-2024 15:52:43,Diverse Power
Troup,2,2,17723,11-28-2024 16:07:40,Diverse Power
Troup,1,1,17723,11-28-2024 16:22:42,Diverse Power
Troup,1,1,17723,11-28-2024 16:37:40,Diverse Power
Harris,35,35,8280,11-28-2024 17:52:40,Diverse Power
Harris,35,35,8280,11-28-2024 18:07:41,Diverse Power
Harris,35,35,8280,11-28-2024 18:22:41,Diverse Power
Harris,35,35,8280,11-28-2024 18:37:42,Diverse Power
Harris,2,2,8280,11-29-2024 13:07:43,Diverse Power
Harris,2,2,8280,11-29-2024 13:22:42,Diverse Power
Harris,2,2,8280,11-29-2024 13:37:42,Diverse Power
Harris,2,2,8280,11-29-2024 13:52:43,Diverse Power
Harris,2,2,8280,11-29-2024 14:07:44,Diverse Power
Quitman,11,11,1307,11-29-2024 20:52:44,Diverse Power
Quitman,11,11,1307,11-29-2024 21:07:43,Diverse Power
Quitman,11,11,1307,11-29-2024 21:22:44,Diverse Power
Quitman,11,11,1307,11-29-2024 21:37:43,Diverse Power
Quitman,11,11,1307,11-29-2024 21:52:43,Diverse Power
Quitman,11,11,1307,11-29-2024 22:07:42,Diverse Power
Harris,2,2,8280,12-01-2024 06:22:44,Diverse Power
Harris,2,2,8280,12-01-2024 06:37:42,Diverse Power
Harris,2,2,8280,12-01-2024 06:52:42,Diverse Power
Harris,2,2,8280,12-01-2024 07:07:43,Diverse Power
Harris,2,2,8280,12-01-2024 07:22:44,Diverse Power
Harris,2,2,8280,12-01-2024 07:37:43,Diverse Power
Harris,2,2,8280,12-01-2024 07:52:43,Diverse Power
Harris,2,2,8280,12-01-2024 08:07:42,Diverse Power
Harris,2,2,8280,12-01-2024 08:22:42,Diverse Power
Harris,2,2,8280,12-01-2024 08:37:43,Diverse Power
Harris,2,2,8280,12-01-2024 08:52:42,Diverse Power
Harris,2,2,8280,12-01-2024 09:07:42,Diverse Power
Harris,2,2,8280,12-01-2024 09:22:41,Diverse Power
Harris,2,2,8280,12-01-2024 09:37:43,Diverse Power
Harris,2,2,8280,12-01-2024 09:52:41,Diverse Power
Harris,2,2,8280,12-01-2024 10:07:43,Diverse Power
Harris,2,2,8280,12-01-2024 10:22:42,Diverse Power
Harris,2,2,8280,12-01-2024 10:37:43,Diverse Power
Troup,4,4,17723,12-01-2024 10:52:43,Diverse Power
Harris,2,2,8280,12-01-2024 10:52:43,Diverse Power
Troup,4,4,17723,12-01-2024 11:07:43,Diverse Power
Harris,2,2,8280,12-01-2024 11:07:43,Diverse Power
Troup,4,4,17723,12-01-2024 11:22:44,Diverse Power
Harris,2,2,8280,12-01-2024 11:22:44,Diverse Power
Troup,4,4,17723,12-01-2024 11:37:42,Diverse Power
Harris,2,2,8280,12-01-2024 11:37:42,Diverse Power
Troup,4,4,17723,12-01-2024 11:52:42,Diverse Power
Harris,2,2,8280,12-01-2024 11:52:42,Diverse Power
Troup,4,4,17723,12-01-2024 12:07:42,Diverse Power
Harris,2,2,8280,12-01-2024 12:07:42,Diverse Power
Harris,2,2,8280,12-01-2024 12:22:42,Diverse Power
Harris,2,2,8280,12-01-2024 12:37:42,Diverse Power
Harris,2,2,8280,12-01-2024 12:52:42,Diverse Power
Calhoun,11,11,1364,12-01-2024 13:07:44,Diverse Power
Harris,2,2,8280,12-01-2024 13:07:44,Diverse Power
Calhoun,11,11,1364,12-01-2024 13:22:43,Diverse Power
Harris,2,2,8280,12-01-2024 13:22:43,Diverse Power
Calhoun,11,11,1364,12-01-2024 13:37:42,Diverse Power
Harris,2,2,8280,12-01-2024 13:37:42,Diverse Power
Calhoun,11,11,1364,12-01-2024 13:52:42,Diverse Power
Harris,2,2,8280,12-01-2024 13:52:42,Diverse Power
Calhoun,11,11,1364,12-01-2024 14:07:44,Diverse Power
Harris,2,2,8280,12-01-2024 14:07:44,Diverse Power
Calhoun,11,11,1364,12-01-2024 14:22:45,Diverse Power
Harris,2,2,8280,12-01-2024 14:22:45,Diverse Power
Calhoun,11,11,1364,12-01-2024 14:37:44,Diverse Power
Harris,2,2,8280,12-01-2024 14:37:44,Diverse Power
Calhoun,11,11,1364,12-01-2024 14:52:44,Diverse Power
Harris,2,2,8280,12-01-2024 14:52:44,Diverse Power
Calhoun,11,11,1364,12-01-2024 15:07:44,Diverse Power
Harris,2,2,8280,12-01-2024 15:07:44,Diverse Power
Harris,2,2,8280,12-01-2024 15:22:42,Diverse Power
Harris,2,2,8280,12-01-2024 15:37:42,Diverse Power
Harris,2,2,8280,12-01-2024 15:52:44,Diverse Power
Harris,2,2,8280,12-01-2024 16:07:42,Diverse Power
Harris,2,2,8280,12-01-2024 16:22:41,Diverse Power
Harris,2,2,8280,12-01-2024 16:37:43,Diverse Power
Harris,2,2,8280,12-01-2024 16:52:43,Diverse Power
Harris,2,2,8280,12-01-2024 17:07:41,Diverse Power
Harris,2,2,8280,12-01-2024 17:22:42,Diverse Power
Harris,2,2,8280,12-01-2024 17:37:42,Diverse Power
Harris,2,2,8280,12-01-2024 17:52:42,Diverse Power
Harris,2,2,8280,12-01-2024 18:07:43,Diverse Power
Harris,2,2,8280,12-01-2024 18:22:44,Diverse Power
Harris,4,4,8280,12-01-2024 18:37:46,Diverse Power
Harris,4,4,8280,12-01-2024 18:52:45,Diverse Power
Harris,4,4,8280,12-01-2024 19:07:45,Diverse Power
Harris,2,2,8280,12-01-2024 19:22:43,Diverse Power
Harris,2,2,8280,12-01-2024 19:37:42,Diverse Power
Troup,4,4,17722,12-02-2024 01:52:42,Diverse Power
Harris,5,5,8278,12-02-2024 15:07:46,Diverse Power
Harris,5,5,8278,12-02-2024 15:22:44,Diverse Power
Harris,5,5,8278,12-02-2024 15:37:44,Diverse Power
Harris,5,5,8278,12-02-2024 15:52:45,Diverse Power
Harris,5,5,8278,12-02-2024 16:07:47,Diverse Power
Troup,2,2,17717,12-02-2024 22:22:43,Diverse Power
Troup,2,2,17717,12-02-2024 22:37:43,Diverse Power
Troup,2,2,17717,12-02-2024 22:52:43,Diverse Power
Troup,2,2,17717,12-02-2024 23:07:43,Diverse Power
Troup,4,4,17717,12-02-2024 23:22:47,Diverse Power
Troup,2,2,17717,12-02-2024 23:37:44,Diverse Power
Troup,2,2,17717,12-02-2024 23:52:45,Diverse Power
Troup,2,2,17717,12-03-2024 00:07:44,Diverse Power
Troup,1,1,17718,12-03-2024 00:22:42,Diverse Power
Troup,1,1,17718,12-03-2024 00:37:42,Diverse Power
Troup,1,0,17718,12-03-2024 00:52:41,Diverse Power
Meriwether,1,1,2423,12-03-2024 09:22:40,Diverse Power
Meriwether,1,1,2423,12-03-2024 09:37:39,Diverse Power
Meriwether,1,1,2423,12-03-2024 09:52:40,Diverse Power
Meriwether,1,1,2423,12-03-2024 10:07:39,Diverse Power
Meriwether,1,1,2423,12-03-2024 10:22:40,Diverse Power
Meriwether,1,1,2423,12-03-2024 10:37:40,Diverse Power
Meriwether,1,1,2423,12-03-2024 10:52:40,Diverse Power
Meriwether,1,1,2423,12-03-2024 11:07:40,Diverse Power
Meriwether,1,1,2423,12-03-2024 11:22:40,Diverse Power
Harris,2,2,8277,12-03-2024 11:22:40,Diverse Power
Meriwether,1,1,2423,12-03-2024 11:37:40,Diverse Power
Harris,2,2,8277,12-03-2024 11:37:40,Diverse Power
Meriwether,1,1,2423,12-03-2024 11:52:41,Diverse Power
Harris,2,2,8277,12-03-2024 11:52:41,Diverse Power
Meriwether,1,1,2423,12-03-2024 12:07:40,Diverse Power
Harris,2,2,8277,12-03-2024 12:07:40,Diverse Power
Harris,2,2,8277,12-03-2024 12:22:42,Diverse Power
Troup,2,2,17718,12-03-2024 13:52:40,Diverse Power
Troup,2,2,17718,12-03-2024 14:07:42,Diverse Power
Troup,2,2,17718,12-03-2024 14:22:43,Diverse Power
Troup,2,2,17718,12-03-2024 14:37:42,Diverse Power
Troup,2,2,17718,12-03-2024 14:52:43,Diverse Power
Troup,2,2,17718,12-03-2024 15:07:43,Diverse Power
Troup,2,2,17718,12-03-2024 15:22:43,Diverse Power
Troup,2,2,17718,12-03-2024 15:37:43,Diverse Power
Troup,2,2,17716,12-03-2024 15:52:44,Diverse Power
Troup,2,2,17715,12-03-2024 16:07:46,Diverse Power
Troup,2,2,17715,12-03-2024 16:22:46,Diverse Power
Troup,2,2,17715,12-03-2024 16:37:46,Diverse Power
Troup,2,2,17714,12-03-2024 16:52:45,Diverse Power
Troup,2,2,17714,12-03-2024 17:07:43,Diverse Power
Troup,2,2,17714,12-03-2024 17:22:44,Diverse Power
Heard,125,125,475,12-04-2024 15:07:48,Diverse Power
Troup,57,57,17715,12-04-2024 15:07:48,Diverse Power
Heard,127,127,475,12-04-2024 15:22:46,Diverse Power
Troup,97,97,17710,12-04-2024 15:22:46,Diverse Power
Heard,127,127,475,12-04-2024 15:37:46,Diverse Power
Troup,94,94,17707,12-04-2024 15:37:46,Diverse Power
Heard,127,127,475,12-04-2024 15:52:41,Diverse Power
Troup,94,94,17699,12-04-2024 15:52:41,Diverse Power
Heard,127,127,475,12-04-2024 16:07:43,Diverse Power
Troup,94,94,17689,12-04-2024 16:07:43,Diverse Power
Heard,127,127,475,12-04-2024 16:22:45,Diverse Power
Troup,94,94,17682,12-04-2024 16:22:45,Diverse Power
Heard,127,127,475,12-04-2024 16:37:47,Diverse Power
Troup,94,94,17681,12-04-2024 16:37:47,Diverse Power
Troup,1,1,17695,12-04-2024 20:22:46,Diverse Power
Troup,1,1,17696,12-04-2024 20:37:44,Diverse Power
Troup,1,1,17701,12-04-2024 20:52:46,Diverse Power
Troup,1,1,17703,12-04-2024 21:07:46,Diverse Power
Troup,1,1,17704,12-04-2024 21:22:46,Diverse Power
Troup,1,1,17705,12-04-2024 21:37:45,Diverse Power
Meriwether,2,2,2417,12-04-2024 23:37:44,Diverse Power
Meriwether,4,4,2417,12-04-2024 23:52:43,Diverse Power
Meriwether,1,1,2418,12-05-2024 00:07:42,Diverse Power
Meriwether,1,1,2418,12-05-2024 00:22:43,Diverse Power
Meriwether,1,1,2418,12-05-2024 00:37:42,Diverse Power
Meriwether,1,1,2418,12-05-2024 00:52:41,Diverse Power
Meriwether,1,1,2418,12-05-2024 01:07:41,Diverse Power
Troup,1,1,17711,12-06-2024 17:37:41,Diverse Power
Troup,1,1,17711,12-06-2024 17:52:44,Diverse Power
Troup,1,1,17711,12-06-2024 18:07:41,Diverse Power
Troup,1,1,17711,12-06-2024 18:22:43,Diverse Power
Troup,1,1,17711,12-06-2024 18:37:42,Diverse Power
Troup,1,1,17711,12-06-2024 18:52:41,Diverse Power
Harris,3,3,8278,12-07-2024 14:52:42,Diverse Power
Harris,3,3,8278,12-07-2024 15:07:42,Diverse Power
Harris,3,3,8278,12-07-2024 15:22:42,Diverse Power
Harris,3,3,8278,12-07-2024 15:37:41,Diverse Power
Harris,3,1,8278,12-07-2024 15:52:41,Diverse Power
Harris,2,0,8278,12-07-2024 16:07:44,Diverse Power
Troup,2,2,17713,12-09-2024 05:37:40,Diverse Power
Meriwether,5,5,2418,12-09-2024 16:52:43,Diverse Power
Troup,3,3,17712,12-09-2024 18:22:43,Diverse Power
Troup,3,3,17712,12-09-2024 18:37:44,Diverse Power
Troup,3,3,17711,12-09-2024 18:52:42,Diverse Power
Troup,3,3,17712,12-09-2024 19:07:44,Diverse Power
Troup,3,3,17712,12-09-2024 19:22:46,Diverse Power
Troup,3,3,17712,12-09-2024 19:37:42,Diverse Power
Troup,3,3,17711,12-09-2024 19:52:45,Diverse Power
Troup,3,3,17711,12-09-2024 20:07:44,Diverse Power
Troup,3,3,17711,12-09-2024 20:22:45,Diverse Power
Troup,3,3,17710,12-09-2024 20:37:45,Diverse Power
Troup,3,3,17710,12-09-2024 20:52:46,Diverse Power
Troup,3,3,17710,12-09-2024 21:07:44,Diverse Power
Troup,3,3,17710,12-09-2024 21:22:45,Diverse Power
Meriwether,24,24,2419,12-09-2024 21:22:45,Diverse Power
Meriwether,24,24,2419,12-09-2024 21:37:47,Diverse Power
Meriwether,24,24,2419,12-09-2024 21:52:46,Diverse Power
Meriwether,24,24,2419,12-09-2024 22:07:45,Diverse Power
Meriwether,24,24,2418,12-09-2024 22:22:44,Diverse Power
Meriwether,24,24,2418,12-09-2024 22:37:49,Diverse Power
Harris,1,1,8274,12-10-2024 00:22:44,Diverse Power
Harris,1,1,8274,12-10-2024 00:37:42,Diverse Power
Harris,2,2,8274,12-10-2024 00:52:43,Diverse Power
Harris,2,2,8274,12-10-2024 01:07:41,Diverse Power
Harris,2,2,8274,12-10-2024 01:22:43,Diverse Power
Harris,2,2,8274,12-10-2024 01:37:39,Diverse Power
Harris,2,2,8274,12-10-2024 01:52:40,Diverse Power
Harris,1,1,8274,12-10-2024 02:07:41,Diverse Power
Harris,1,1,8274,12-10-2024 03:37:40,Diverse Power
Harris,1,1,8274,12-10-2024 03:52:39,Diverse Power
Harris,1,1,8274,12-10-2024 04:07:40,Diverse Power
Harris,1,1,8274,12-10-2024 04:22:39,Diverse Power
Harris,1,1,8274,12-10-2024 04:37:41,Diverse Power
Harris,1,1,8274,12-10-2024 04:52:41,Diverse Power
Harris,1,1,8274,12-10-2024 05:07:40,Diverse Power
Troup,3,3,17711,12-10-2024 05:22:40,Diverse Power
Harris,1,1,8274,12-10-2024 05:22:40,Diverse Power
Troup,3,3,17711,12-10-2024 05:37:42,Diverse Power
Harris,1,1,8274,12-10-2024 05:37:42,Diverse Power
Troup,3,3,17711,12-10-2024 05:52:41,Diverse Power
Troup,3,3,17711,12-10-2024 06:07:40,Diverse Power
Meriwether,1,1,2418,12-10-2024 11:52:40,Diverse Power
Meriwether,1,1,2418,12-10-2024 12:07:42,Diverse Power
Meriwether,1,1,2418,12-10-2024 12:22:41,Diverse Power
Meriwether,1,1,2418,12-10-2024 12:37:40,Diverse Power
Meriwether,1,1,2418,12-10-2024 12:52:40,Diverse Power
Meriwether,1,1,2418,12-10-2024 13:07:40,Diverse Power
Meriwether,1,1,2417,12-10-2024 13:22:42,Diverse Power
Meriwether,1,1,2416,12-10-2024 13:38:12,Diverse Power
Heard,2,2,473,12-10-2024 14:07:44,Diverse Power
Troup,156,156,17695,12-10-2024 14:07:44,Diverse Power
Troup,1,1,17698,12-10-2024 14:52:43,Diverse Power
Randolph,1,1,1752,12-10-2024 16:52:45,Diverse Power
Randolph,1,1,1752,12-10-2024 17:07:44,Diverse Power
Troup,2,2,17700,12-10-2024 17:37:46,Diverse Power
Quitman,12,12,1308,12-10-2024 18:07:44,Diverse Power
Quitman,12,12,1308,12-10-2024 18:22:44,Diverse Power
Quitman,12,12,1308,12-10-2024 18:37:45,Diverse Power
Harris,2,2,8262,12-10-2024 18:37:45,Diverse Power
Harris,2,2,8263,12-10-2024 18:52:44,Diverse Power
Harris,2,2,8263,12-10-2024 19:07:46,Diverse Power
Harris,147,147,8263,12-10-2024 20:37:44,Diverse Power
Harris,2,2,8264,12-10-2024 20:52:43,Diverse Power
Harris,2,2,8265,12-10-2024 21:07:44,Diverse Power
Harris,2,2,8265,12-10-2024 21:22:46,Diverse Power
Harris,2,2,8265,12-10-2024 21:37:44,Diverse Power
Meriwether,2,2,2417,12-10-2024 23:22:44,Diverse Power
Meriwether,2,2,2417,12-10-2024 23:37:44,Diverse Power
Meriwether,2,2,2417,12-10-2024 23:52:43,Diverse Power
Troup,27,27,17710,12-11-2024 04:07:46,Diverse Power
Troup,27,27,17710,12-11-2024 04:22:44,Diverse Power
Troup,27,27,17710,12-11-2024 04:37:44,Diverse Power
Troup,27,27,17710,12-11-2024 04:52:44,Diverse Power
Troup,27,27,17710,12-11-2024 05:07:44,Diverse Power
Troup,28,28,17710,12-11-2024 05:22:45,Diverse Power
Muscogee,26,26,2706,12-11-2024 05:22:45,Diverse Power
Harris,4,4,8270,12-11-2024 05:22:45,Diverse Power
Troup,28,28,17710,12-11-2024 05:37:42,Diverse Power
Muscogee,26,26,2706,12-11-2024 05:37:42,Diverse Power
Harris,4,4,8270,12-11-2024 05:37:42,Diverse Power
Troup,28,28,17710,12-11-2024 05:52:44,Diverse Power
Muscogee,26,26,2706,12-11-2024 05:52:44,Diverse Power
Harris,4,4,8270,12-11-2024 05:52:44,Diverse Power
Muscogee,26,26,2706,12-11-2024 06:07:43,Diverse Power
Harris,4,4,8270,12-11-2024 06:07:43,Diverse Power
Muscogee,26,26,2706,12-11-2024 06:22:41,Diverse Power
Harris,4,4,8270,12-11-2024 06:22:41,Diverse Power
Muscogee,26,26,2706,12-11-2024 06:37:42,Diverse Power
Harris,4,4,8270,12-11-2024 06:37:42,Diverse Power
Muscogee,26,26,2706,12-11-2024 06:52:41,Diverse Power
Harris,4,4,8270,12-11-2024 06:52:41,Diverse Power
Muscogee,26,26,2706,12-11-2024 07:07:42,Diverse Power
Harris,4,4,8270,12-11-2024 07:07:42,Diverse Power
Muscogee,26,26,2706,12-11-2024 07:22:41,Diverse Power
Harris,4,4,8270,12-11-2024 07:22:41,Diverse Power
Muscogee,13,13,2706,12-11-2024 07:37:41,Diverse Power
Muscogee,13,13,2706,12-11-2024 07:52:42,Diverse Power
Muscogee,13,13,2706,12-11-2024 08:07:42,Diverse Power
Muscogee,13,13,2706,12-11-2024 08:22:42,Diverse Power
Muscogee,13,13,2706,12-11-2024 08:37:43,Diverse Power
Muscogee,13,13,2706,12-11-2024 08:52:42,Diverse Power
Muscogee,13,13,2706,12-11-2024 09:07:42,Diverse Power
Troup,1,1,17710,12-11-2024 09:22:42,Diverse Power
Muscogee,13,13,2706,12-11-2024 09:22:42,Diverse Power
Troup,7,7,17710,12-11-2024 09:37:42,Diverse Power
Muscogee,13,13,2706,12-11-2024 09:37:42,Diverse Power
Troup,7,7,17710,12-11-2024 09:52:43,Diverse Power
Muscogee,13,13,2706,12-11-2024 09:52:43,Diverse Power
Troup,7,7,17710,12-11-2024 10:07:44,Diverse Power
Muscogee,13,13,2706,12-11-2024 10:07:44,Diverse Power
Meriwether,1,1,2418,12-11-2024 10:07:44,Diverse Power
Troup,7,7,17710,12-11-2024 10:22:45,Diverse Power
Muscogee,13,13,2706,12-11-2024 10:22:45,Diverse Power
Meriwether,13,13,2418,12-11-2024 10:22:45,Diverse Power
Muscogee,13,13,2706,12-11-2024 10:37:46,Diverse Power
Meriwether,13,13,2418,12-11-2024 10:37:46,Diverse Power
Muscogee,13,13,2706,12-11-2024 10:52:47,Diverse Power
Meriwether,13,13,2418,12-11-2024 10:52:47,Diverse Power
Muscogee,13,13,2706,12-11-2024 11:07:52,Diverse Power
Meriwether,13,13,2418,12-11-2024 11:07:52,Diverse Power
Muscogee,13,13,2706,12-11-2024 11:22:48,Diverse Power
Meriwether,13,13,2418,12-11-2024 11:22:48,Diverse Power
Muscogee,13,13,2706,12-11-2024 11:37:50,Diverse Power
Meriwether,13,13,2418,12-11-2024 11:37:50,Diverse Power
Muscogee,13,13,2706,12-11-2024 11:52:50,Diverse Power
Meriwether,13,13,2418,12-11-2024 11:52:50,Diverse Power
Muscogee,13,13,2706,12-11-2024 12:07:49,Diverse Power
Meriwether,13,13,2418,12-11-2024 12:07:49,Diverse Power
Muscogee,13,13,2706,12-11-2024 12:22:51,Diverse Power
Meriwether,13,13,2418,12-11-2024 12:22:51,Diverse Power
Muscogee,13,13,2706,12-11-2024 12:37:50,Diverse Power
Meriwether,13,13,2418,12-11-2024 12:37:50,Diverse Power
Muscogee,13,13,2706,12-11-2024 12:52:49,Diverse Power
Meriwether,13,13,2418,12-11-2024 12:52:49,Diverse Power
Harris,1,1,8271,12-11-2024 12:52:49,Diverse Power
Muscogee,13,13,2706,12-11-2024 13:07:50,Diverse Power
Meriwether,13,13,2418,12-11-2024 13:07:50,Diverse Power
Harris,3,3,8271,12-11-2024 13:07:50,Diverse Power
Muscogee,13,13,2706,12-11-2024 13:22:50,Diverse Power
Meriwether,17,17,2418,12-11-2024 13:22:50,Diverse Power
Harris,161,161,8271,12-11-2024 13:22:50,Diverse Power
Troup,3,3,17708,12-11-2024 13:37:49,Diverse Power
Muscogee,13,13,2706,12-11-2024 13:37:49,Diverse Power
Meriwether,18,18,2418,12-11-2024 13:37:49,Diverse Power
Harris,1479,1479,8271,12-11-2024 13:37:49,Diverse Power
Troup,3,3,17708,12-11-2024 13:52:49,Diverse Power
Muscogee,13,13,2706,12-11-2024 13:52:49,Diverse Power
Meriwether,18,18,2418,12-11-2024 13:52:49,Diverse Power
Harris,1478,1478,8271,12-11-2024 13:52:49,Diverse Power
Troup,3,3,17708,12-11-2024 14:07:48,Diverse Power
Muscogee,13,13,2706,12-11-2024 14:07:48,Diverse Power
Meriwether,9,9,2418,12-11-2024 14:07:48,Diverse Power
Harris,1478,1478,8271,12-11-2024 14:07:48,Diverse Power
Troup,1,1,17708,12-11-2024 14:22:48,Diverse Power
Meriwether,10,10,2418,12-11-2024 14:22:48,Diverse Power
Harris,1479,1479,8271,12-11-2024 14:22:48,Diverse Power
Troup,1,1,17708,12-11-2024 14:37:51,Diverse Power
Meriwether,10,10,2418,12-11-2024 14:37:51,Diverse Power
Harris,1479,1479,8271,12-11-2024 14:37:51,Diverse Power
Troup,1,1,17708,12-11-2024 14:52:48,Diverse Power
Meriwether,10,10,2418,12-11-2024 14:52:48,Diverse Power
Harris,1481,1481,8271,12-11-2024 14:52:48,Diverse Power
Troup,1,1,17708,12-11-2024 15:07:49,Diverse Power
Meriwether,10,10,2418,12-11-2024 15:07:49,Diverse Power
Harris,1483,1483,8271,12-11-2024 15:07:49,Diverse Power
Troup,1,1,17708,12-11-2024 15:22:48,Diverse Power
Meriwether,7,7,2418,12-11-2024 15:22:48,Diverse Power
Harris,1181,1181,8271,12-11-2024 15:22:48,Diverse Power
Troup,1,1,17708,12-11-2024 15:37:48,Diverse Power
Meriwether,7,7,2418,12-11-2024 15:37:48,Diverse Power
Harris,1127,1127,8271,12-11-2024 15:37:48,Diverse Power
Quitman,13,13,1308,12-11-2024 15:52:50,Diverse Power
Troup,38,38,17708,12-11-2024 15:52:50,Diverse Power
Meriwether,20,20,2418,12-11-2024 15:52:50,Diverse Power
Harris,80,80,8271,12-11-2024 15:52:50,Diverse Power
Quitman,13,13,1308,12-11-2024 16:07:48,Diverse Power
Troup,37,37,17708,12-11-2024 16:07:48,Diverse Power
Meriwether,20,20,2418,12-11-2024 16:07:48,Diverse Power
Harris,78,78,8271,12-11-2024 16:07:48,Diverse Power
Quitman,13,13,1308,12-11-2024 16:22:46,Diverse Power
Troup,37,37,17708,12-11-2024 16:22:46,Diverse Power
Meriwether,18,18,2418,12-11-2024 16:22:46,Diverse Power
Harris,44,44,8271,12-11-2024 16:22:46,Diverse Power
Quitman,13,13,1308,12-11-2024 16:37:46,Diverse Power
Troup,37,37,17708,12-11-2024 16:37:46,Diverse Power
Meriwether,18,18,2418,12-11-2024 16:37:46,Diverse Power
Harris,41,41,8271,12-11-2024 16:37:46,Diverse Power
Troup,37,37,17708,12-11-2024 16:52:47,Diverse Power
Meriwether,18,18,2418,12-11-2024 16:52:47,Diverse Power
Harris,40,40,8271,12-11-2024 16:52:47,Diverse Power
Troup,37,37,17708,12-11-2024 17:07:47,Diverse Power
Meriwether,18,18,2418,12-11-2024 17:07:47,Diverse Power
Harris,40,40,8271,12-11-2024 17:07:47,Diverse Power
Harris,44,44,8271,12-11-2024 17:22:46,Diverse Power
Harris,41,41,8271,12-11-2024 17:37:46,Diverse Power
Harris,44,44,8271,12-11-2024 17:52:44,Diverse Power
Harris,45,45,8271,12-11-2024 18:07:44,Diverse Power
Troup,4,4,17708,12-11-2024 18:22:50,Diverse Power
Harris,13,13,8271,12-11-2024 18:22:50,Diverse Power
Troup,4,4,17708,12-11-2024 18:37:48,Diverse Power
Harris,13,13,8271,12-11-2024 18:37:48,Diverse Power
Troup,4,4,17708,12-11-2024 18:52:49,Diverse Power
Harris,12,12,8271,12-11-2024 18:52:49,Diverse Power
Troup,4,4,17708,12-11-2024 19:07:49,Diverse Power
Harris,12,12,8271,12-11-2024 19:07:49,Diverse Power
Troup,4,4,17708,12-11-2024 19:22:48,Diverse Power
Harris,12,12,8271,12-11-2024 19:22:48,Diverse Power
Troup,4,4,17708,12-11-2024 19:37:46,Diverse Power
Harris,12,12,8271,12-11-2024 19:37:46,Diverse Power
Troup,6,6,17708,12-11-2024 19:52:48,Diverse Power
Harris,12,12,8271,12-11-2024 19:52:48,Diverse Power
Troup,6,6,17710,12-11-2024 20:07:47,Diverse Power
Harris,12,12,8271,12-11-2024 20:07:47,Diverse Power
Troup,2,2,17710,12-11-2024 20:22:44,Diverse Power
Harris,5,5,8271,12-11-2024 20:22:44,Diverse Power
Harris,5,5,8271,12-11-2024 20:37:44,Diverse Power
Harris,4,4,8271,12-11-2024 20:52:43,Diverse Power
Harris,4,4,8271,12-11-2024 21:07:47,Diverse Power
Clay,55,55,975,12-12-2024 14:37:40,Diverse Power
Clay,55,55,975,12-12-2024 14:52:41,Diverse Power
Clay,55,55,975,12-12-2024 15:07:44,Diverse Power
Clay,55,55,975,12-12-2024 15:22:43,Diverse Power
Troup,4,4,17710,12-12-2024 15:37:45,Diverse Power
Harris,1,1,8272,12-12-2024 19:52:42,Diverse Power
Harris,1,1,8272,12-12-2024 20:07:44,Diverse Power
Harris,1,1,8272,12-12-2024 20:22:41,Diverse Power
Harris,1,1,8272,12-12-2024 20:37:42,Diverse Power
Harris,1,1,8272,12-12-2024 20:52:42,Diverse Power
Harris,1,1,8272,12-12-2024 21:07:43,Diverse Power
Harris,1,1,8272,12-12-2024 21:22:42,Diverse Power
Harris,1,1,8272,12-12-2024 21:37:44,Diverse Power
Muscogee,3,3,2706,12-13-2024 12:22:39,Diverse Power
Troup,23,23,17716,12-13-2024 13:22:40,Diverse Power
Harris,1,1,8273,12-13-2024 13:22:40,Diverse Power
Troup,23,23,17716,12-13-2024 13:37:41,Diverse Power
Harris,1,1,8273,12-13-2024 13:37:41,Diverse Power
Harris,1,1,8273,12-13-2024 13:52:40,Diverse Power
Harris,1,1,8273,12-13-2024 14:07:41,Diverse Power
Harris,1,1,8273,12-13-2024 14:22:43,Diverse Power
Harris,1,1,8273,12-13-2024 14:37:43,Diverse Power
Harris,1,0,8273,12-13-2024 14:52:45,Diverse Power
Harris,1,0,8273,12-13-2024 15:07:47,Diverse Power
Muscogee,1,1,2706,12-14-2024 13:52:40,Diverse Power
Muscogee,1,1,2706,12-14-2024 14:07:41,Diverse Power
Muscogee,1,1,2706,12-14-2024 14:22:40,Diverse Power
Muscogee,1,1,2706,12-14-2024 14:37:40,Diverse Power
Muscogee,1,1,2706,12-14-2024 14:52:39,Diverse Power
Muscogee,1,1,2706,12-14-2024 15:07:40,Diverse Power
Muscogee,1,1,2706,12-14-2024 15:22:40,Diverse Power
Muscogee,1,1,2706,12-14-2024 15:37:40,Diverse Power
Muscogee,1,1,2706,12-14-2024 15:52:42,Diverse Power
Randolph,2,2,1752,12-14-2024 16:07:42,Diverse Power
Muscogee,1,1,2706,12-14-2024 16:07:42,Diverse Power
Randolph,2,2,1752,12-14-2024 16:22:43,Diverse Power
Muscogee,1,1,2706,12-14-2024 16:22:43,Diverse Power
Randolph,2,2,1752,12-14-2024 16:37:43,Diverse Power
Muscogee,1,1,2706,12-14-2024 16:37:43,Diverse Power
Randolph,2,2,1752,12-14-2024 16:52:41,Diverse Power
Muscogee,1,1,2706,12-14-2024 16:52:41,Diverse Power
Randolph,2,2,1752,12-14-2024 17:07:41,Diverse Power
Muscogee,1,1,2706,12-14-2024 17:07:41,Diverse Power
Randolph,2,2,1752,12-14-2024 17:22:40,Diverse Power
Muscogee,1,1,2706,12-14-2024 17:22:40,Diverse Power
Muscogee,1,1,2706,12-14-2024 17:37:41,Diverse Power
Muscogee,1,1,2706,12-14-2024 17:52:43,Diverse Power
Muscogee,1,1,2706,12-14-2024 18:07:42,Diverse Power
Harris,2,2,8273,12-15-2024 17:22:40,Diverse Power
Harris,2,2,8273,12-15-2024 17:37:40,Diverse Power
Harris,2,2,8273,12-15-2024 17:52:42,Diverse Power
Harris,2,2,8273,12-15-2024 18:07:42,Diverse Power
Harris,2,2,8273,12-15-2024 18:52:41,Diverse Power
Troup,3,3,17705,12-15-2024 22:07:41,Diverse Power
Troup,7,7,17705,12-15-2024 22:22:41,Diverse Power
Quitman,1,1,1307,12-15-2024 22:37:40,Diverse Power
Troup,7,7,17705,12-15-2024 22:37:40,Diverse Power
Quitman,1,1,1307,12-15-2024 22:52:41,Diverse Power
Troup,7,0,17705,12-15-2024 22:52:41,Diverse Power
Quitman,1,1,1307,12-15-2024 23:07:42,Diverse Power
Quitman,1,1,1307,12-15-2024 23:22:40,Diverse Power
Quitman,1,1,1307,12-15-2024 23:37:40,Diverse Power
Quitman,1,1,1307,12-15-2024 23:52:41,Diverse Power
Quitman,1,1,1307,12-16-2024 00:07:42,Diverse Power
Quitman,1,1,1307,12-16-2024 00:22:40,Diverse Power
Quitman,1,1,1307,12-16-2024 00:37:43,Diverse Power
Quitman,1,1,1307,12-16-2024 00:52:42,Diverse Power
Quitman,1,1,1307,12-16-2024 01:07:41,Diverse Power
Quitman,1,1,1307,12-16-2024 01:22:43,Diverse Power
Quitman,1,1,1307,12-16-2024 01:37:40,Diverse Power
Quitman,1,1,1307,12-16-2024 01:52:39,Diverse Power
Quitman,1,1,1307,12-16-2024 02:07:41,Diverse Power
Quitman,1,1,1307,12-16-2024 02:22:40,Diverse Power
Quitman,1,1,1307,12-16-2024 02:37:40,Diverse Power
Quitman,1,1,1307,12-16-2024 02:52:40,Diverse Power
Troup,84,84,17701,12-16-2024 13:52:41,Diverse Power
Harris,1,1,8274,12-16-2024 15:52:44,Diverse Power
Harris,10,10,8274,12-16-2024 16:07:46,Diverse Power
Harris,10,10,8274,12-16-2024 16:22:43,Diverse Power
Harris,10,10,8274,12-16-2024 16:37:44,Diverse Power
Harris,10,10,8274,12-16-2024 16:52:45,Diverse Power
Harris,10,10,8274,12-16-2024 17:07:47,Diverse Power
Harris,10,10,8274,12-16-2024 17:22:45,Diverse Power
Harris,10,10,8274,12-16-2024 17:37:46,Diverse Power
Harris,10,10,8274,12-16-2024 17:52:43,Diverse Power
Harris,10,10,8274,12-16-2024 18:07:42,Diverse Power
Harris,10,10,8274,12-16-2024 18:22:43,Diverse Power
Harris,10,10,8274,12-16-2024 18:37:43,Diverse Power
Harris,10,10,8274,12-16-2024 18:52:45,Diverse Power
Harris,10,10,8274,12-16-2024 19:07:50,Diverse Power
Harris,10,10,8274,12-16-2024 19:22:49,Diverse Power
Harris,10,10,8274,12-16-2024 19:37:50,Diverse Power
Harris,10,10,8274,12-16-2024 19:52:42,Diverse Power
Harris,10,10,8274,12-16-2024 20:07:44,Diverse Power
Harris,10,10,8274,12-16-2024 20:22:45,Diverse Power
Harris,10,10,8274,12-16-2024 20:37:44,Diverse Power
Harris,10,10,8274,12-16-2024 20:52:45,Diverse Power
Harris,10,10,8274,12-16-2024 21:07:43,Diverse Power
Harris,10,10,8275,12-16-2024 21:22:45,Diverse Power
Harris,2,2,8275,12-17-2024 12:52:42,Diverse Power
Harris,2,2,8274,12-17-2024 13:07:39,Diverse Power
Harris,2,2,8274,12-17-2024 13:22:42,Diverse Power
Harris,2,2,8274,12-17-2024 13:37:42,Diverse Power
Harris,2,2,8274,12-17-2024 13:52:42,Diverse Power
Harris,2,2,8274,12-17-2024 14:07:43,Diverse Power
Harris,3,3,8269,12-17-2024 14:22:45,Diverse Power
Harris,3,3,8269,12-17-2024 14:37:48,Diverse Power
Harris,3,3,8270,12-17-2024 14:52:44,Diverse Power
Harris,1,0,8270,12-17-2024 15:07:47,Diverse Power
Harris,3,3,8271,12-17-2024 15:22:44,Diverse Power
Harris,3,3,8271,12-17-2024 15:37:47,Diverse Power
Troup,24,24,17686,12-17-2024 17:22:46,Diverse Power
Troup,24,24,17687,12-17-2024 17:37:48,Diverse Power
Troup,24,24,17687,12-17-2024 17:52:50,Diverse Power
Troup,24,24,17687,12-17-2024 18:07:44,Diverse Power
Harris,2,2,8274,12-18-2024 12:52:42,Diverse Power
Harris,2,2,8274,12-18-2024 13:07:43,Diverse Power
Harris,3,3,8274,12-18-2024 13:22:42,Diverse Power
Harris,2,2,8274,12-18-2024 13:37:41,Diverse Power
Harris,2,2,8274,12-18-2024 13:52:41,Diverse Power
Harris,2,2,8274,12-18-2024 14:07:42,Diverse Power
Harris,2,2,8274,12-18-2024 14:22:42,Diverse Power
Harris,2,2,8274,12-18-2024 14:37:44,Diverse Power
Harris,2,2,8274,12-18-2024 14:52:47,Diverse Power
Harris,2,2,8274,12-18-2024 15:07:49,Diverse Power
Harris,2,2,8274,12-18-2024 15:22:44,Diverse Power
Harris,2,2,8274,12-18-2024 15:37:53,Diverse Power
Harris,2,2,8274,12-18-2024 15:52:42,Diverse Power
Harris,2,2,8274,12-18-2024 16:07:43,Diverse Power
Harris,2,2,8274,12-18-2024 16:22:42,Diverse Power
Harris,2,2,8274,12-18-2024 16:37:42,Diverse Power
Harris,2,2,8274,12-18-2024 16:52:52,Diverse Power
Harris,2,2,8274,12-18-2024 17:07:41,Diverse Power
Harris,2,2,8274,12-18-2024 17:22:41,Diverse Power
Harris,2,2,8274,12-18-2024 17:37:42,Diverse Power
Harris,2,2,8274,12-18-2024 17:52:42,Diverse Power
Harris,2,2,8274,12-18-2024 18:07:43,Diverse Power
Harris,2,2,8274,12-18-2024 18:22:44,Diverse Power
Harris,2,2,8274,12-18-2024 18:37:45,Diverse Power
Harris,2,2,8274,12-18-2024 18:52:53,Diverse Power
Harris,2,2,8274,12-18-2024 19:07:51,Diverse Power
Harris,2,2,8274,12-18-2024 19:22:50,Diverse Power
Harris,2,2,8274,12-18-2024 19:37:54,Diverse Power
Harris,2,2,8274,12-18-2024 19:52:54,Diverse Power
Harris,2,2,8274,12-18-2024 20:07:54,Diverse Power
Harris,2,2,8273,12-18-2024 20:22:54,Diverse Power
Harris,2,2,8273,12-18-2024 20:37:56,Diverse Power
Quitman,3,3,1303,12-19-2024 14:22:42,Diverse Power
Troup,4,4,17701,12-20-2024 03:37:40,Diverse Power
Troup,4,4,17701,12-20-2024 03:52:40,Diverse Power
Harris,1,1,8275,12-20-2024 05:52:44,Diverse Power
Harris,1,1,8275,12-20-2024 06:07:40,Diverse Power
Harris,1,1,8275,12-20-2024 06:22:40,Diverse Power
Harris,1,1,8275,12-20-2024 06:37:40,Diverse Power
Harris,1,1,8275,12-20-2024 06:52:40,Diverse Power
Harris,1,1,8275,12-20-2024 07:07:41,Diverse Power
Harris,1,1,8275,12-20-2024 07:22:44,Diverse Power
Troup,6,6,17701,12-20-2024 12:52:42,Diverse Power
Troup,4,4,17703,12-20-2024 13:52:43,Diverse Power
Harris,2,2,8275,12-20-2024 19:22:43,Diverse Power
Harris,1,1,8275,12-20-2024 20:22:43,Diverse Power
Harris,136,136,8275,12-20-2024 20:37:43,Diverse Power
Harris,161,161,8275,12-20-2024 20:52:44,Diverse Power
Harris,161,161,8275,12-20-2024 21:07:44,Diverse Power
Harris,161,161,8275,12-20-2024 21:22:44,Diverse Power
Troup,3,3,17706,12-20-2024 21:37:47,Diverse Power
Harris,167,6,8275,12-20-2024 21:37:47,Diverse Power
Troup,3,3,17706,12-20-2024 21:52:46,Diverse Power
Harris,161,0,8275,12-20-2024 21:52:46,Diverse Power
Muscogee,1,1,2707,12-21-2024 02:22:42,Diverse Power
Muscogee,1,1,2707,12-21-2024 02:37:42,Diverse Power
Muscogee,1,1,2707,12-21-2024 02:52:43,Diverse Power
Muscogee,1,1,2707,12-21-2024 03:07:42,Diverse Power
Muscogee,1,1,2707,12-21-2024 03:22:40,Diverse Power
Troup,33,33,17706,12-21-2024 08:52:42,Diverse Power
Chambers,41,41,674,12-21-2024 08:52:42,Diverse Power
Troup,33,33,17706,12-21-2024 09:07:41,Diverse Power
Chambers,48,48,674,12-21-2024 09:07:41,Diverse Power
Troup,33,33,17706,12-21-2024 09:22:41,Diverse Power
Chambers,48,48,674,12-21-2024 09:22:41,Diverse Power
Troup,33,33,17706,12-21-2024 09:37:41,Diverse Power
Chambers,48,48,674,12-21-2024 09:37:41,Diverse Power
Troup,33,33,17706,12-21-2024 09:52:41,Diverse Power
Chambers,48,48,674,12-21-2024 09:52:41,Diverse Power
Troup,33,33,17706,12-21-2024 10:07:41,Diverse Power
Chambers,48,48,674,12-21-2024 10:07:41,Diverse Power
Troup,33,33,17706,12-21-2024 10:22:41,Diverse Power
Chambers,48,48,674,12-21-2024 10:22:41,Diverse Power
Troup,33,33,17706,12-21-2024 10:37:41,Diverse Power
Chambers,48,48,674,12-21-2024 10:37:41,Diverse Power
Troup,33,33,17706,12-21-2024 10:52:42,Diverse Power
Chambers,48,48,674,12-21-2024 10:52:42,Diverse Power
Troup,33,33,17706,12-21-2024 11:07:43,Diverse Power
Chambers,48,48,674,12-21-2024 11:07:43,Diverse Power
Troup,33,33,17706,12-21-2024 11:22:44,Diverse Power
Chambers,48,48,674,12-21-2024 11:22:44,Diverse Power
Troup,33,33,17706,12-21-2024 11:37:43,Diverse Power
Chambers,48,48,674,12-21-2024 11:37:43,Diverse Power
Troup,33,33,17706,12-21-2024 11:52:43,Diverse Power
Chambers,48,39,674,12-21-2024 11:52:43,Diverse Power
Troup,33,33,17706,12-21-2024 12:07:42,Diverse Power
Chambers,48,48,674,12-21-2024 12:07:42,Diverse Power
Troup,33,33,17706,12-21-2024 12:22:39,Diverse Power
Chambers,48,48,674,12-21-2024 12:22:39,Diverse Power
Troup,33,33,17706,12-21-2024 12:37:40,Diverse Power
Chambers,48,48,674,12-21-2024 12:37:40,Diverse Power
Harris,11,11,8275,12-22-2024 12:22:42,Diverse Power
Harris,11,11,8275,12-22-2024 12:37:42,Diverse Power
Harris,11,11,8275,12-22-2024 12:52:42,Diverse Power
Harris,11,11,8275,12-22-2024 13:07:43,Diverse Power
Harris,11,11,8275,12-22-2024 13:22:43,Diverse Power
Harris,11,11,8275,12-22-2024 13:37:44,Diverse Power
Harris,11,11,8275,12-22-2024 13:52:44,Diverse Power
Harris,11,11,8275,12-22-2024 14:07:44,Diverse Power
Harris,11,11,8275,12-22-2024 14:22:45,Diverse Power
Harris,11,0,8275,12-22-2024 14:37:44,Diverse Power
Harris,6,6,8275,12-23-2024 13:07:43,Diverse Power
Harris,6,6,8275,12-23-2024 13:22:43,Diverse Power
Harris,6,6,8275,12-23-2024 13:37:46,Diverse Power
Harris,6,6,8275,12-23-2024 13:52:44,Diverse Power
Harris,6,6,8275,12-23-2024 14:07:42,Diverse Power
Harris,6,6,8275,12-23-2024 14:22:44,Diverse Power
Harris,6,6,8275,12-23-2024 14:37:43,Diverse Power
Harris,6,6,8275,12-23-2024 14:52:44,Diverse Power
Harris,6,6,8275,12-23-2024 15:07:45,Diverse Power
Clay,87,87,972,12-24-2024 05:37:39,Diverse Power
Clay,87,87,972,12-24-2024 05:52:41,Diverse Power
Clay,87,87,972,12-24-2024 06:07:40,Diverse Power
Clay,87,87,972,12-24-2024 06:22:41,Diverse Power
Clay,87,87,972,12-24-2024 06:37:40,Diverse Power
Clay,87,87,972,12-24-2024 06:52:40,Diverse Power
Clay,87,87,972,12-24-2024 07:07:39,Diverse Power
Clay,87,87,972,12-24-2024 07:22:40,Diverse Power
Clay,87,87,972,12-24-2024 07:37:42,Diverse Power
Clay,87,87,972,12-24-2024 07:52:43,Diverse Power
Clay,87,87,972,12-24-2024 08:07:42,Diverse Power
Clay,1,1,972,12-24-2024 08:22:44,Diverse Power
Clay,1,1,972,12-24-2024 08:37:43,Diverse Power
Clay,1,1,972,12-24-2024 08:52:49,Diverse Power
Clay,1,1,972,12-24-2024 09:07:42,Diverse Power
Clay,1,1,972,12-24-2024 09:22:44,Diverse Power
Clay,1,1,972,12-24-2024 09:37:44,Diverse Power
Clay,1,1,972,12-24-2024 09:52:43,Diverse Power
Clay,1,1,972,12-24-2024 10:07:42,Diverse Power
Clay,1,1,972,12-24-2024 10:22:42,Diverse Power
Clay,1,1,972,12-24-2024 10:37:42,Diverse Power
Clay,1,1,972,12-24-2024 10:52:41,Diverse Power
Clay,1,1,972,12-24-2024 11:07:42,Diverse Power
Clay,1,1,972,12-24-2024 11:22:42,Diverse Power
Clay,1,1,972,12-24-2024 11:37:42,Diverse Power
Clay,1,1,972,12-24-2024 11:52:42,Diverse Power
Clay,1,1,972,12-24-2024 12:07:42,Diverse Power
Clay,1,1,972,12-24-2024 12:22:42,Diverse Power
Clay,1,1,972,12-24-2024 12:37:42,Diverse Power
Clay,1,1,972,12-24-2024 12:52:44,Diverse Power
Clay,1,1,972,12-24-2024 13:07:43,Diverse Power
Clay,1,1,972,12-24-2024 13:22:43,Diverse Power
Clay,1,1,972,12-24-2024 13:37:43,Diverse Power
Clay,1,1,972,12-24-2024 13:52:42,Diverse Power
Clay,1,1,972,12-24-2024 14:07:41,Diverse Power
Clay,1,1,972,12-24-2024 14:22:41,Diverse Power
Clay,1,1,972,12-24-2024 14:37:44,Diverse Power
Clay,1,1,972,12-24-2024 14:52:42,Diverse Power
Harris,1,1,8275,12-24-2024 14:52:42,Diverse Power
Clay,1,1,972,12-24-2024 15:07:42,Diverse Power
Harris,1,1,8275,12-24-2024 15:07:42,Diverse Power
Clay,1,1,972,12-24-2024 15:22:42,Diverse Power
Harris,1,1,8275,12-24-2024 15:22:42,Diverse Power
Clay,1,1,972,12-24-2024 15:37:43,Diverse Power
Harris,1,1,8275,12-24-2024 15:37:43,Diverse Power
Clay,1,1,972,12-24-2024 15:52:45,Diverse Power
Harris,1,1,8275,12-24-2024 15:52:45,Diverse Power
Clay,1,1,972,12-24-2024 16:07:42,Diverse Power
Harris,1,1,8275,12-24-2024 16:07:42,Diverse Power
Clay,1,1,972,12-24-2024 16:22:42,Diverse Power
Clay,1,1,972,12-24-2024 16:37:44,Diverse Power
Clay,1,1,972,12-24-2024 16:52:44,Diverse Power
Clay,1,1,972,12-24-2024 17:07:43,Diverse Power
Clay,1,1,972,12-24-2024 17:22:44,Diverse Power
Clay,1,1,972,12-24-2024 17:37:44,Diverse Power
Clay,1,1,972,12-24-2024 17:52:44,Diverse Power
Clay,1,1,972,12-24-2024 18:07:45,Diverse Power
Clay,1,1,972,12-24-2024 18:22:45,Diverse Power
Harris,2,2,8275,12-24-2024 18:22:45,Diverse Power
Clay,1,1,972,12-24-2024 18:37:44,Diverse Power
Clay,1,1,972,12-24-2024 18:52:43,Diverse Power
Clay,1,1,972,12-24-2024 19:07:45,Diverse Power
Clay,1,1,972,12-24-2024 19:22:44,Diverse Power
Clay,1,1,972,12-24-2024 19:37:42,Diverse Power
Clay,1,1,972,12-24-2024 19:52:43,Diverse Power
Clay,1,1,972,12-24-2024 20:07:43,Diverse Power
Clay,1,1,972,12-24-2024 20:22:43,Diverse Power
Clay,1,1,972,12-24-2024 20:37:45,Diverse Power
Clay,1,1,972,12-24-2024 20:52:45,Diverse Power
Clay,1,1,972,12-24-2024 21:07:44,Diverse Power
Clay,1,1,972,12-24-2024 21:22:49,Diverse Power
Clay,1,1,972,12-24-2024 21:37:43,Diverse Power
Clay,1,1,972,12-24-2024 21:52:43,Diverse Power
Clay,1,1,972,12-24-2024 22:07:42,Diverse Power
Clay,1,1,972,12-24-2024 22:22:42,Diverse Power
Clay,1,1,972,12-24-2024 22:37:43,Diverse Power
Clay,1,1,972,12-24-2024 22:52:44,Diverse Power
Clay,1,1,972,12-24-2024 23:07:42,Diverse Power
Clay,1,1,972,12-24-2024 23:22:46,Diverse Power
Clay,1,1,972,12-24-2024 23:37:44,Diverse Power
Clay,1,1,972,12-24-2024 23:52:45,Diverse Power
Clay,1,1,972,12-25-2024 00:07:43,Diverse Power
Clay,1,1,972,12-25-2024 00:22:45,Diverse Power
Clay,1,1,972,12-25-2024 00:37:41,Diverse Power
Clay,1,1,972,12-25-2024 00:52:42,Diverse Power
Clay,1,1,972,12-25-2024 01:07:41,Diverse Power
Clay,1,1,972,12-25-2024 01:22:40,Diverse Power
Clay,1,1,972,12-25-2024 01:37:41,Diverse Power
Clay,1,1,972,12-25-2024 01:52:41,Diverse Power
Clay,1,1,972,12-25-2024 02:07:41,Diverse Power
Clay,1,1,972,12-25-2024 02:22:40,Diverse Power
Clay,1,1,972,12-25-2024 02:37:41,Diverse Power
Clay,1,1,972,12-25-2024 02:52:40,Diverse Power
Clay,1,1,972,12-25-2024 03:07:41,Diverse Power
Clay,1,1,972,12-25-2024 03:22:41,Diverse Power
Clay,1,1,972,12-25-2024 03:37:40,Diverse Power
Clay,1,1,972,12-25-2024 03:52:40,Diverse Power
Clay,1,1,972,12-25-2024 04:07:41,Diverse Power
Clay,1,1,972,12-25-2024 04:22:42,Diverse Power
Clay,1,1,972,12-25-2024 04:37:41,Diverse Power
Clay,1,1,972,12-25-2024 04:52:40,Diverse Power
Clay,1,1,972,12-25-2024 05:07:41,Diverse Power
Clay,1,1,972,12-25-2024 05:22:41,Diverse Power
Clay,1,1,972,12-25-2024 05:37:40,Diverse Power
Clay,1,1,972,12-25-2024 05:52:42,Diverse Power
Clay,1,1,972,12-25-2024 06:07:42,Diverse Power
Clay,1,1,972,12-25-2024 06:22:40,Diverse Power
Clay,1,1,972,12-25-2024 06:37:41,Diverse Power
Clay,1,1,972,12-25-2024 06:52:41,Diverse Power
Clay,1,1,972,12-25-2024 07:07:40,Diverse Power
Clay,1,1,972,12-25-2024 07:22:40,Diverse Power
Clay,1,1,972,12-25-2024 07:37:42,Diverse Power
Clay,1,1,972,12-25-2024 07:52:42,Diverse Power
Clay,1,1,972,12-25-2024 08:07:42,Diverse Power
Clay,1,1,972,12-25-2024 08:22:43,Diverse Power
Clay,1,1,972,12-25-2024 08:37:43,Diverse Power
Clay,1,1,972,12-25-2024 08:52:44,Diverse Power
Clay,1,1,972,12-25-2024 09:07:43,Diverse Power
Clay,1,1,972,12-25-2024 09:22:45,Diverse Power
Clay,1,1,972,12-25-2024 09:37:46,Diverse Power
Clay,1,1,972,12-25-2024 09:52:45,Diverse Power
Clay,1,1,972,12-25-2024 10:07:48,Diverse Power
Clay,1,1,972,12-25-2024 10:22:46,Diverse Power
Clay,1,1,972,12-25-2024 10:37:47,Diverse Power
Clay,1,1,972,12-25-2024 10:52:45,Diverse Power
Clay,1,1,972,12-25-2024 11:07:43,Diverse Power
Clay,1,1,972,12-25-2024 11:22:42,Diverse Power
Clay,1,1,972,12-25-2024 11:37:44,Diverse Power
Clay,1,1,972,12-25-2024 11:52:44,Diverse Power
Clay,1,1,972,12-25-2024 12:07:44,Diverse Power
Clay,1,1,972,12-25-2024 12:22:44,Diverse Power
Clay,1,1,972,12-25-2024 12:37:42,Diverse Power
Clay,1,1,972,12-25-2024 12:52:45,Diverse Power
Clay,1,1,972,12-25-2024 13:07:45,Diverse Power
Clay,1,1,972,12-25-2024 13:22:44,Diverse Power
Clay,1,1,972,12-25-2024 13:37:45,Diverse Power
Clay,1,1,972,12-25-2024 13:52:45,Diverse Power
Clay,1,1,972,12-25-2024 14:07:44,Diverse Power
Clay,1,1,972,12-25-2024 14:22:42,Diverse Power
Clay,1,1,972,12-25-2024 14:37:42,Diverse Power
Clay,1,1,972,12-25-2024 14:52:45,Diverse Power
Clay,1,1,972,12-25-2024 15:07:43,Diverse Power
Clay,1,1,972,12-25-2024 15:22:42,Diverse Power
Clay,1,1,972,12-25-2024 15:37:41,Diverse Power
Clay,1,1,972,12-25-2024 15:52:42,Diverse Power
Clay,1,1,972,12-25-2024 16:07:42,Diverse Power
Clay,1,1,972,12-25-2024 16:22:44,Diverse Power
Clay,1,1,972,12-25-2024 16:37:46,Diverse Power
Clay,1,1,972,12-25-2024 16:52:45,Diverse Power
Clay,1,1,972,12-25-2024 17:07:48,Diverse Power
Clay,1,1,972,12-25-2024 17:22:50,Diverse Power
Clay,1,1,972,12-25-2024 17:37:49,Diverse Power
Clay,1,1,972,12-25-2024 17:52:47,Diverse Power
Clay,1,1,972,12-25-2024 18:07:44,Diverse Power
Clay,1,1,972,12-25-2024 18:22:43,Diverse Power
Clay,1,1,972,12-25-2024 18:37:42,Diverse Power
Clay,1,1,972,12-25-2024 18:52:43,Diverse Power
Clay,1,1,972,12-25-2024 19:07:43,Diverse Power
Harris,2,2,8275,12-26-2024 19:07:45,Diverse Power
Harris,1,1,8275,12-26-2024 19:22:44,Diverse Power
Harris,1,1,8275,12-26-2024 19:37:44,Diverse Power
Harris,1,1,8275,12-26-2024 19:52:43,Diverse Power
Troup,1,1,17710,12-28-2024 00:22:40,Diverse Power
Troup,4,4,17710,12-28-2024 00:37:44,Diverse Power
Troup,3,3,17710,12-28-2024 00:52:44,Diverse Power
Meriwether,1,1,2423,12-28-2024 00:52:44,Diverse Power
Troup,3,3,17710,12-28-2024 01:07:44,Diverse Power
Meriwether,1,1,2423,12-28-2024 01:07:44,Diverse Power
Troup,3,3,17710,12-28-2024 01:22:42,Diverse Power
Meriwether,1,1,2423,12-28-2024 01:22:42,Diverse Power
Troup,3,3,17710,12-28-2024 01:37:42,Diverse Power
Meriwether,1,1,2423,12-28-2024 01:37:42,Diverse Power
Troup,3,3,17710,12-28-2024 01:52:41,Diverse Power
Meriwether,1,1,2423,12-28-2024 01:52:41,Diverse Power
Troup,3,3,17710,12-28-2024 02:07:43,Diverse Power
Meriwether,1,1,2423,12-28-2024 02:07:43,Diverse Power
Troup,3,3,17710,12-28-2024 02:22:45,Diverse Power
Troup,3,3,17710,12-28-2024 02:37:44,Diverse Power
Troup,3,3,17710,12-28-2024 02:52:45,Diverse Power
Troup,3,3,17710,12-28-2024 03:07:41,Diverse Power
Harris,19,19,8276,12-28-2024 06:22:48,Diverse Power
Harris,19,19,8276,12-28-2024 06:37:50,Diverse Power
Harris,19,19,8276,12-28-2024 06:52:45,Diverse Power
Harris,19,19,8276,12-28-2024 07:07:43,Diverse Power
Harris,19,19,8276,12-28-2024 07:22:42,Diverse Power
Harris,19,19,8276,12-28-2024 07:37:43,Diverse Power
Harris,19,19,8276,12-28-2024 07:52:43,Diverse Power
Harris,19,19,8276,12-28-2024 08:07:42,Diverse Power
Harris,19,19,8276,12-28-2024 08:22:44,Diverse Power
Harris,19,19,8276,12-28-2024 08:37:44,Diverse Power
Harris,19,19,8276,12-28-2024 08:52:43,Diverse Power
Troup,4,4,17710,12-28-2024 13:37:41,Diverse Power
Troup,4,4,17710,12-28-2024 13:52:42,Diverse Power
Troup,4,4,17710,12-28-2024 14:07:44,Diverse Power
Troup,26,26,17710,12-28-2024 14:22:42,Diverse Power
Troup,26,26,17710,12-28-2024 14:37:43,Diverse Power
Troup,18,18,17710,12-28-2024 14:52:45,Diverse Power
Troup,18,18,17710,12-28-2024 15:07:45,Diverse Power
Troup,18,18,17710,12-28-2024 15:22:48,Diverse Power
Troup,17,17,17710,12-28-2024 17:37:42,Diverse Power
Troup,17,17,17710,12-28-2024 17:52:41,Diverse Power
Troup,17,17,17710,12-28-2024 18:07:42,Diverse Power
Troup,17,17,17710,12-28-2024 18:22:42,Diverse Power
Troup,17,17,17710,12-28-2024 18:37:43,Diverse Power
Troup,17,17,17710,12-28-2024 18:52:41,Diverse Power
Troup,17,17,17710,12-28-2024 19:07:42,Diverse Power
Troup,17,17,17710,12-28-2024 19:22:42,Diverse Power
Troup,17,17,17710,12-28-2024 19:37:42,Diverse Power
Troup,17,17,17710,12-28-2024 19:52:43,Diverse Power
Troup,17,17,17710,12-28-2024 20:07:44,Diverse Power
Troup,12,12,17710,12-28-2024 23:37:45,Diverse Power
Troup,15,15,17710,12-28-2024 23:52:43,Diverse Power
Troup,15,15,17710,12-29-2024 00:07:45,Diverse Power
Troup,15,15,17710,12-29-2024 00:22:46,Diverse Power
Troup,15,15,17710,12-29-2024 00:37:42,Diverse Power
Troup,15,15,17710,12-29-2024 00:52:44,Diverse Power
Troup,1,1,17710,12-29-2024 04:52:57,Diverse Power
Troup,1,1,17710,12-29-2024 05:08:02,Diverse Power
Troup,1,1,17710,12-29-2024 05:22:58,Diverse Power
Troup,1,1,17710,12-29-2024 05:37:52,Diverse Power
Troup,1,1,17710,12-29-2024 05:52:55,Diverse Power
Troup,29,29,17710,12-29-2024 08:52:50,Diverse Power
Chambers,283,283,674,12-29-2024 08:52:50,Diverse Power
Harris,146,146,8276,12-29-2024 08:52:50,Diverse Power
Troup,218,218,17710,12-29-2024 09:07:58,Diverse Power
Meriwether,348,348,2423,12-29-2024 09:07:58,Diverse Power
Chambers,336,336,674,12-29-2024 09:07:58,Diverse Power
Harris,226,226,8276,12-29-2024 09:07:58,Diverse Power
Troup,315,315,17710,12-29-2024 09:22:55,Diverse Power
Meriwether,1865,1865,2423,12-29-2024 09:22:55,Diverse Power
Chambers,336,336,674,12-29-2024 09:22:55,Diverse Power
Harris,227,227,8276,12-29-2024 09:22:55,Diverse Power
Troup,315,315,17710,12-29-2024 09:37:54,Diverse Power
Meriwether,1865,1865,2423,12-29-2024 09:37:54,Diverse Power
Chambers,336,336,674,12-29-2024 09:37:54,Diverse Power
Harris,227,227,8276,12-29-2024 09:37:54,Diverse Power
Troup,324,324,17710,12-29-2024 09:52:49,Diverse Power
Meriwether,971,971,2423,12-29-2024 09:52:49,Diverse Power
Chambers,336,336,674,12-29-2024 09:52:49,Diverse Power
Harris,229,229,8276,12-29-2024 09:52:49,Diverse Power
Troup,226,226,17710,12-29-2024 10:07:49,Diverse Power
Meriwether,972,972,2423,12-29-2024 10:07:49,Diverse Power
Chambers,336,336,674,12-29-2024 10:07:49,Diverse Power
Harris,229,229,8276,12-29-2024 10:07:49,Diverse Power
Troup,226,226,17710,12-29-2024 10:22:55,Diverse Power
Meriwether,971,971,2423,12-29-2024 10:22:55,Diverse Power
Chambers,336,336,674,12-29-2024 10:22:55,Diverse Power
Harris,230,230,8276,12-29-2024 10:22:55,Diverse Power
Troup,227,227,17710,12-29-2024 10:37:56,Diverse Power
Meriwether,971,971,2423,12-29-2024 10:37:56,Diverse Power
Chambers,336,336,674,12-29-2024 10:37:56,Diverse Power
Harris,229,229,8276,12-29-2024 10:37:56,Diverse Power
Troup,231,231,17710,12-29-2024 10:52:52,Diverse Power
Meriwether,971,971,2423,12-29-2024 10:52:52,Diverse Power
Chambers,336,336,674,12-29-2024 10:52:52,Diverse Power
Harris,229,229,8276,12-29-2024 10:52:52,Diverse Power
Troup,206,206,17710,12-29-2024 11:07:49,Diverse Power
Meriwether,971,971,2423,12-29-2024 11:07:49,Diverse Power
Chambers,336,336,674,12-29-2024 11:07:49,Diverse Power
Harris,229,229,8276,12-29-2024 11:07:49,Diverse Power
Troup,206,206,17710,12-29-2024 11:22:48,Diverse Power
Meriwether,971,971,2423,12-29-2024 11:22:48,Diverse Power
Chambers,336,336,674,12-29-2024 11:22:48,Diverse Power
Harris,229,229,8276,12-29-2024 11:22:48,Diverse Power
Troup,206,206,17710,12-29-2024 11:37:49,Diverse Power
Meriwether,971,971,2423,12-29-2024 11:37:49,Diverse Power
Chambers,336,336,674,12-29-2024 11:37:49,Diverse Power
Harris,239,239,8276,12-29-2024 11:37:49,Diverse Power
Troup,206,206,17710,12-29-2024 11:52:44,Diverse Power
Muscogee,1,1,2707,12-29-2024 11:52:44,Diverse Power
Meriwether,623,623,2423,12-29-2024 11:52:44,Diverse Power
Chambers,336,336,674,12-29-2024 11:52:44,Diverse Power
Harris,160,160,8276,12-29-2024 11:52:44,Diverse Power
Troup,206,206,17710,12-29-2024 12:07:47,Diverse Power
Meriwether,623,623,2423,12-29-2024 12:07:47,Diverse Power
Chambers,336,336,674,12-29-2024 12:07:47,Diverse Power
Harris,167,167,8276,12-29-2024 12:07:47,Diverse Power
Troup,180,180,17710,12-29-2024 12:22:46,Diverse Power
Meriwether,625,625,2423,12-29-2024 12:22:46,Diverse Power
Chambers,1,1,674,12-29-2024 12:22:46,Diverse Power
Harris,183,183,8276,12-29-2024 12:22:46,Diverse Power
Troup,168,168,17710,12-29-2024 12:37:45,Diverse Power
Meriwether,413,413,2423,12-29-2024 12:37:45,Diverse Power
Chambers,2,2,674,12-29-2024 12:37:45,Diverse Power
Harris,183,183,8276,12-29-2024 12:37:45,Diverse Power
Troup,169,169,17710,12-29-2024 12:52:46,Diverse Power
Meriwether,418,418,2423,12-29-2024 12:52:46,Diverse Power
Chambers,2,2,674,12-29-2024 12:52:46,Diverse Power
Harris,180,180,8276,12-29-2024 12:52:46,Diverse Power
Troup,169,169,17710,12-29-2024 13:07:47,Diverse Power
Meriwether,419,419,2423,12-29-2024 13:07:47,Diverse Power
Chambers,2,2,674,12-29-2024 13:07:47,Diverse Power
Harris,180,180,8276,12-29-2024 13:07:47,Diverse Power
Troup,170,170,17710,12-29-2024 13:22:47,Diverse Power
Meriwether,466,466,2423,12-29-2024 13:22:47,Diverse Power
Chambers,2,2,674,12-29-2024 13:22:47,Diverse Power
Harris,181,181,8276,12-29-2024 13:22:47,Diverse Power
Troup,172,172,17710,12-29-2024 13:37:48,Diverse Power
Meriwether,467,467,2423,12-29-2024 13:37:48,Diverse Power
Chambers,2,2,674,12-29-2024 13:37:48,Diverse Power
Harris,165,165,8276,12-29-2024 13:37:48,Diverse Power
Troup,168,168,17710,12-29-2024 13:52:50,Diverse Power
Muscogee,4,4,2707,12-29-2024 13:52:50,Diverse Power
Meriwether,466,466,2423,12-29-2024 13:52:50,Diverse Power
Chambers,2,2,674,12-29-2024 13:52:50,Diverse Power
Harris,85,85,8276,12-29-2024 13:52:50,Diverse Power
Troup,168,168,17710,12-29-2024 14:07:48,Diverse Power
Muscogee,3,3,2707,12-29-2024 14:07:48,Diverse Power
Meriwether,466,466,2423,12-29-2024 14:07:48,Diverse Power
Chambers,2,2,674,12-29-2024 14:07:48,Diverse Power
Harris,24,24,8276,12-29-2024 14:07:48,Diverse Power
Troup,91,90,17710,12-29-2024 14:22:52,Diverse Power
Muscogee,3,3,2707,12-29-2024 14:22:52,Diverse Power
Meriwether,466,466,2423,12-29-2024 14:22:52,Diverse Power
Chambers,2,2,674,12-29-2024 14:22:52,Diverse Power
Harris,24,24,8276,12-29-2024 14:22:52,Diverse Power
Troup,90,90,17710,12-29-2024 14:37:54,Diverse Power
Muscogee,3,3,2707,12-29-2024 14:37:54,Diverse Power
Meriwether,466,466,2423,12-29-2024 14:37:54,Diverse Power
Chambers,2,2,674,12-29-2024 14:37:54,Diverse Power
Harris,24,24,8276,12-29-2024 14:37:54,Diverse Power
Troup,93,93,17710,12-29-2024 14:53:02,Diverse Power
Muscogee,3,3,2707,12-29-2024 14:53:02,Diverse Power
Meriwether,466,466,2423,12-29-2024 14:53:02,Diverse Power
Chambers,2,2,674,12-29-2024 14:53:02,Diverse Power
Harris,24,24,8276,12-29-2024 14:53:02,Diverse Power
Troup,90,90,17710,12-29-2024 15:07:58,Diverse Power
Muscogee,3,3,2707,12-29-2024 15:07:58,Diverse Power
Meriwether,466,466,2423,12-29-2024 15:07:58,Diverse Power
Chambers,2,2,674,12-29-2024 15:07:58,Diverse Power
Harris,24,24,8276,12-29-2024 15:07:58,Diverse Power
Troup,88,88,17710,12-29-2024 15:22:54,Diverse Power
Muscogee,3,3,2707,12-29-2024 15:22:54,Diverse Power
Meriwether,466,466,2423,12-29-2024 15:22:54,Diverse Power
Chambers,2,2,674,12-29-2024 15:22:54,Diverse Power
Harris,10,10,8276,12-29-2024 15:22:54,Diverse Power
Troup,88,88,17710,12-29-2024 15:37:52,Diverse Power
Muscogee,3,3,2707,12-29-2024 15:37:52,Diverse Power
Meriwether,466,466,2423,12-29-2024 15:37:52,Diverse Power
Chambers,2,2,674,12-29-2024 15:37:52,Diverse Power
Harris,10,10,8276,12-29-2024 15:37:52,Diverse Power
Troup,59,59,17710,12-29-2024 15:52:55,Diverse Power
Muscogee,3,3,2707,12-29-2024 15:52:55,Diverse Power
Meriwether,467,467,2423,12-29-2024 15:52:55,Diverse Power
Chambers,2,2,674,12-29-2024 15:52:55,Diverse Power
Harris,10,10,8276,12-29-2024 15:52:55,Diverse Power
Troup,256,256,17710,12-29-2024 16:07:53,Diverse Power
Muscogee,3,3,2707,12-29-2024 16:07:53,Diverse Power
Meriwether,541,541,2423,12-29-2024 16:07:53,Diverse Power
Chambers,2,2,674,12-29-2024 16:07:53,Diverse Power
Harris,10,10,8276,12-29-2024 16:07:53,Diverse Power
Troup,319,319,17710,12-29-2024 16:22:51,Diverse Power
Muscogee,3,3,2707,12-29-2024 16:22:51,Diverse Power
Meriwether,541,541,2423,12-29-2024 16:22:51,Diverse Power
Chambers,2,2,674,12-29-2024 16:22:51,Diverse Power
Harris,10,10,8276,12-29-2024 16:22:51,Diverse Power
Troup,320,320,17710,12-29-2024 16:37:49,Diverse Power
Muscogee,3,3,2707,12-29-2024 16:37:49,Diverse Power
Meriwether,541,541,2423,12-29-2024 16:37:49,Diverse Power
Chambers,2,2,674,12-29-2024 16:37:49,Diverse Power
Harris,10,10,8276,12-29-2024 16:37:49,Diverse Power
Troup,319,319,17710,12-29-2024 16:52:47,Diverse Power
Meriwether,541,541,2423,12-29-2024 16:52:47,Diverse Power
Chambers,2,2,674,12-29-2024 16:52:47,Diverse Power
Harris,10,10,8276,12-29-2024 16:52:47,Diverse Power
Troup,319,319,17710,12-29-2024 17:07:47,Diverse Power
Meriwether,541,541,2423,12-29-2024 17:07:47,Diverse Power
Harris,10,10,8276,12-29-2024 17:07:47,Diverse Power
Troup,19,19,17710,12-29-2024 17:22:48,Diverse Power
Meriwether,466,466,2423,12-29-2024 17:22:48,Diverse Power
Harris,8,8,8276,12-29-2024 17:22:48,Diverse Power
Troup,19,19,17710,12-29-2024 17:37:46,Diverse Power
Meriwether,465,465,2423,12-29-2024 17:37:46,Diverse Power
Harris,8,8,8276,12-29-2024 17:37:46,Diverse Power
Troup,6,6,17710,12-29-2024 17:52:45,Diverse Power
Meriwether,465,465,2423,12-29-2024 17:52:45,Diverse Power
Harris,13,13,8276,12-29-2024 17:52:45,Diverse Power
Troup,5,5,17710,12-29-2024 18:07:48,Diverse Power
Meriwether,465,465,2423,12-29-2024 18:07:48,Diverse Power
Harris,13,13,8276,12-29-2024 18:07:48,Diverse Power
Troup,1,1,17710,12-29-2024 18:22:47,Diverse Power
Meriwether,467,467,2423,12-29-2024 18:22:47,Diverse Power
Harris,13,13,8276,12-29-2024 18:22:47,Diverse Power
Troup,1,1,17710,12-29-2024 18:37:48,Diverse Power
Meriwether,468,468,2423,12-29-2024 18:37:48,Diverse Power
Harris,13,13,8276,12-29-2024 18:37:48,Diverse Power
Troup,1,1,17710,12-29-2024 18:52:49,Diverse Power
Meriwether,467,467,2423,12-29-2024 18:52:49,Diverse Power
Harris,13,13,8276,12-29-2024 18:52:49,Diverse Power
Troup,25,25,17710,12-29-2024 19:07:47,Diverse Power
Meriwether,467,467,2423,12-29-2024 19:07:47,Diverse Power
Harris,13,13,8276,12-29-2024 19:07:47,Diverse Power
Calhoun,2,2,1359,12-29-2024 19:22:48,Diverse Power
Meriwether,467,467,2423,12-29-2024 19:22:48,Diverse Power
Harris,6,6,8276,12-29-2024 19:22:48,Diverse Power
Calhoun,2,2,1359,12-29-2024 19:37:46,Diverse Power
Meriwether,447,447,2423,12-29-2024 19:37:46,Diverse Power
Harris,6,6,8276,12-29-2024 19:37:46,Diverse Power
Quitman,1,1,1305,12-29-2024 19:52:45,Diverse Power
Calhoun,2,2,1359,12-29-2024 19:52:45,Diverse Power
Meriwether,447,447,2423,12-29-2024 19:52:45,Diverse Power
Harris,6,6,8276,12-29-2024 19:52:45,Diverse Power
Quitman,1,1,1305,12-29-2024 20:07:45,Diverse Power
Calhoun,2,2,1359,12-29-2024 20:07:45,Diverse Power
Meriwether,76,76,2423,12-29-2024 20:07:45,Diverse Power
Harris,1,1,8276,12-29-2024 20:07:45,Diverse Power
Quitman,1,1,1305,12-29-2024 20:22:44,Diverse Power
Meriwether,76,76,2423,12-29-2024 20:22:44,Diverse Power
Quitman,1,1,1305,12-29-2024 20:37:44,Diverse Power
Meriwether,76,76,2423,12-29-2024 20:37:44,Diverse Power
Quitman,1,1,1305,12-29-2024 20:52:43,Diverse Power
Meriwether,73,73,2423,12-29-2024 20:52:43,Diverse Power
Quitman,1,1,1305,12-29-2024 21:07:43,Diverse Power
Meriwether,73,73,2423,12-29-2024 21:07:43,Diverse Power
Quitman,1,1,1305,12-29-2024 21:22:45,Diverse Power
Meriwether,15,15,2423,12-29-2024 21:22:45,Diverse Power
Quitman,1,1,1305,12-29-2024 21:37:48,Diverse Power
Meriwether,15,15,2423,12-29-2024 21:37:48,Diverse Power
Quitman,1,1,1305,12-29-2024 21:52:47,Diverse Power
Meriwether,12,12,2423,12-29-2024 21:52:47,Diverse Power
Quitman,1,1,1305,12-29-2024 22:07:48,Diverse Power
Meriwether,12,12,2423,12-29-2024 22:07:48,Diverse Power
Quitman,1,1,1305,12-29-2024 22:22:47,Diverse Power
Meriwether,12,12,2423,12-29-2024 22:22:47,Diverse Power
Quitman,1,1,1305,12-29-2024 22:37:45,Diverse Power
Meriwether,12,12,2423,12-29-2024 22:37:45,Diverse Power
Troup,1,1,17710,12-29-2024 22:52:46,Diverse Power
Meriwether,12,12,2423,12-29-2024 22:52:46,Diverse Power
Troup,1,1,17710,12-29-2024 23:07:44,Diverse Power
Meriwether,12,12,2423,12-29-2024 23:07:44,Diverse Power
Troup,1,1,17710,12-29-2024 23:22:44,Diverse Power
Meriwether,3,3,2423,12-29-2024 23:22:44,Diverse Power
Troup,1,1,17710,12-29-2024 23:37:44,Diverse Power
Meriwether,3,3,2423,12-29-2024 23:37:44,Diverse Power
Troup,1,1,17710,12-29-2024 23:52:46,Diverse Power
Meriwether,3,3,2423,12-29-2024 23:52:46,Diverse Power
Troup,1,1,17710,12-30-2024 00:07:47,Diverse Power
Meriwether,3,3,2423,12-30-2024 00:07:47,Diverse Power
Meriwether,3,3,2423,12-30-2024 00:22:44,Diverse Power
Meriwether,3,3,2423,12-30-2024 00:37:43,Diverse Power
Randolph,1,1,1743,12-30-2024 13:52:47,Diverse Power
Randolph,1,1,1743,12-30-2024 14:07:46,Diverse Power
Randolph,1,1,1743,12-30-2024 14:22:43,Diverse Power
Randolph,4,4,1743,12-30-2024 14:37:45,Diverse Power
Harris,1,1,8274,12-30-2024 14:37:45,Diverse Power
Randolph,4,0,1743,12-30-2024 14:52:48,Diverse Power
Harris,1,1,8274,12-30-2024 14:52:48,Diverse Power
Randolph,4,0,1743,12-30-2024 15:07:49,Diverse Power
Troup,1,1,17710,12-30-2024 15:07:49,Diverse Power
Harris,1,1,8274,12-30-2024 15:07:49,Diverse Power
Troup,1,1,17710,12-30-2024 15:22:49,Diverse Power
Troup,1,1,17710,12-30-2024 15:37:47,Diverse Power
Troup,26,26,17710,12-30-2024 15:52:48,Diverse Power
Harris,1,1,8275,12-30-2024 15:52:48,Diverse Power
Troup,26,26,17710,12-30-2024 16:07:48,Diverse Power
Harris,1,1,8275,12-30-2024 16:07:48,Diverse Power
Troup,1,1,17710,12-30-2024 16:22:50,Diverse Power
Harris,1,1,8275,12-30-2024 16:22:50,Diverse Power
Troup,1,1,17710,12-30-2024 16:37:50,Diverse Power
Harris,1,1,8275,12-30-2024 16:37:50,Diverse Power
Troup,1,1,17710,12-30-2024 16:52:49,Diverse Power
Meriwether,82,82,2423,12-30-2024 16:52:49,Diverse Power
Harris,1,1,8275,12-30-2024 16:52:49,Diverse Power
Troup,1,1,17710,12-30-2024 17:07:50,Diverse Power
Meriwether,3,3,2423,12-30-2024 17:07:50,Diverse Power
Harris,1,1,8275,12-30-2024 17:07:50,Diverse Power
Troup,1,1,17710,12-30-2024 17:22:49,Diverse Power
Meriwether,3,3,2423,12-30-2024 17:22:49,Diverse Power
Harris,1,1,8275,12-30-2024 17:22:49,Diverse Power
Troup,1,1,17710,12-30-2024 17:37:46,Diverse Power
Meriwether,3,3,2423,12-30-2024 17:37:46,Diverse Power
Harris,1,1,8275,12-30-2024 17:37:46,Diverse Power
Troup,1,1,17710,12-30-2024 17:52:47,Diverse Power
Meriwether,3,3,2423,12-30-2024 17:52:47,Diverse Power
Harris,1,1,8275,12-30-2024 17:52:47,Diverse Power
Troup,1,1,17710,12-30-2024 18:07:48,Diverse Power
Meriwether,3,3,2423,12-30-2024 18:07:48,Diverse Power
Harris,1,0,8275,12-30-2024 18:07:48,Diverse Power
Troup,1,1,17711,12-30-2024 18:22:49,Diverse Power
Meriwether,3,3,2424,12-30-2024 18:22:49,Diverse Power
Harris,2,1,8275,12-30-2024 18:22:49,Diverse Power
Troup,1,1,17711,12-30-2024 18:37:49,Diverse Power
Meriwether,3,3,2424,12-30-2024 18:37:49,Diverse Power
Harris,4,3,8275,12-30-2024 18:37:49,Diverse Power
Harris,1,1,8275,12-30-2024 18:52:49,Diverse Power
Harris,1,1,8275,12-30-2024 19:07:46,Diverse Power
Troup,1,0,17711,12-30-2024 21:22:44,Diverse Power
Troup,1,0,17711,12-30-2024 21:37:43,Diverse Power
Troup,1,0,17711,12-30-2024 21:52:45,Diverse Power
Troup,1,1,17710,12-31-2024 05:37:43,Diverse Power
Troup,1,1,17710,12-31-2024 05:52:43,Diverse Power
Troup,1,1,17710,12-31-2024 06:07:43,Diverse Power
Troup,1,1,17710,12-31-2024 06:22:43,Diverse Power
Troup,1,1,17710,12-31-2024 06:37:42,Diverse Power
Troup,1,1,17710,12-31-2024 06:52:43,Diverse Power
Troup,1,1,17710,12-31-2024 07:07:45,Diverse Power
Troup,1,1,17710,12-31-2024 07:22:42,Diverse Power
Troup,1,1,17710,12-31-2024 07:37:43,Diverse Power
Troup,1,1,17710,12-31-2024 07:52:41,Diverse Power
Troup,1,1,17710,12-31-2024 08:07:41,Diverse Power
Troup,1,1,17710,12-31-2024 08:22:40,Diverse Power
Troup,1,1,17710,12-31-2024 08:37:41,Diverse Power
Troup,1,0,17710,12-31-2024 08:52:40,Diverse Power
Randolph,3,3,1743,12-31-2024 16:22:44,Diverse Power
Harris,31,31,8276,12-31-2024 18:37:46,Diverse Power
Harris,31,31,8276,12-31-2024 18:52:46,Diverse Power
Harris,31,31,8276,12-31-2024 19:07:47,Diverse Power
Harris,31,31,8276,12-31-2024 19:22:49,Diverse Power
Harris,31,31,8276,12-31-2024 19:37:51,Diverse Power
Troup,1,1,17710,12-31-2024 19:52:50,Diverse Power
Troup,1,1,17710,12-31-2024 20:07:53,Diverse Power
Troup,1,1,17710,12-31-2024 20:22:59,Diverse Power
Troup,1,1,17710,12-31-2024 20:37:52,Diverse Power
Troup,1,1,17710,12-31-2024 20:52:49,Diverse Power
Troup,1,1,17710,12-31-2024 21:07:48,Diverse Power
Troup,131,131,17710,12-31-2024 21:22:48,Diverse Power
Troup,131,130,17710,12-31-2024 21:37:48,Diverse Power
Harris,3,3,8276,12-31-2024 21:37:48,Diverse Power
Troup,146,145,17710,12-31-2024 21:52:49,Diverse Power
Chambers,2,2,674,12-31-2024 21:52:49,Diverse Power
Harris,3,3,8276,12-31-2024 21:52:49,Diverse Power
Troup,131,130,17710,12-31-2024 22:07:47,Diverse Power
Chambers,2,2,674,12-31-2024 22:07:47,Diverse Power
Harris,1,1,8276,12-31-2024 22:07:47,Diverse Power
Chambers,2,2,674,12-31-2024 22:22:47,Diverse Power
Harris,1,1,8275,12-31-2024 22:22:47,Diverse Power
Chambers,2,0,674,12-31-2024 22:37:46,Diverse Power
Harris,1,1,8275,12-31-2024 22:37:46,Diverse Power
Harris,1,1,8275,12-31-2024 22:52:47,Diverse Power
Harris,1,1,8275,12-31-2024 23:07:45,Diverse Power
Harris,1,1,8276,12-31-2024 23:22:49,Diverse Power
Troup,2,2,17709,01-01-2025 13:52:41,Diverse Power
Troup,2,2,17709,01-01-2025 14:07:41,Diverse Power
Troup,2,2,17709,01-01-2025 17:37:45,Diverse Power
Harris,2,2,8276,01-02-2025 12:22:40,Diverse Power
Meriwether,1,1,2424,01-03-2025 16:22:45,Diverse Power
Meriwether,1,1,2424,01-03-2025 17:07:45,Diverse Power
Meriwether,155,155,2423,01-03-2025 20:37:43,Diverse Power
Meriwether,155,155,2423,01-03-2025 20:52:43,Diverse Power
Meriwether,155,155,2423,01-03-2025 21:07:45,Diverse Power
Meriwether,155,155,2423,01-03-2025 21:22:45,Diverse Power
Meriwether,155,155,2423,01-03-2025 21:37:47,Diverse Power
Meriwether,155,155,2423,01-03-2025 21:52:44,Diverse Power
Harris,3,3,8276,01-03-2025 21:52:44,Diverse Power
Meriwether,1,1,2423,01-03-2025 22:07:44,Diverse Power
Harris,3,3,8276,01-03-2025 22:07:44,Diverse Power
Troup,1,1,17710,01-04-2025 10:52:41,Diverse Power
Troup,1,1,17710,01-04-2025 11:07:41,Diverse Power
Troup,1,1,17710,01-04-2025 11:22:41,Diverse Power
Troup,1,1,17710,01-04-2025 11:37:42,Diverse Power
Troup,1,1,17710,01-04-2025 11:52:41,Diverse Power
Troup,1,1,17710,01-04-2025 12:07:41,Diverse Power
Troup,1,1,17710,01-04-2025 12:22:41,Diverse Power
Troup,1,1,17710,01-04-2025 12:37:42,Diverse Power
Troup,1,1,17710,01-04-2025 12:52:42,Diverse Power
Troup,1,1,17710,01-04-2025 13:07:44,Diverse Power
Troup,1,1,17710,01-04-2025 13:22:44,Diverse Power
Troup,1,1,17710,01-04-2025 13:37:43,Diverse Power
Troup,1,1,17710,01-04-2025 13:52:44,Diverse Power
Troup,1,1,17710,01-04-2025 14:07:47,Diverse Power
Troup,1,1,17710,01-04-2025 14:22:46,Diverse Power
Troup,1,1,17710,01-04-2025 14:37:44,Diverse Power
Troup,1,1,17710,01-04-2025 14:52:43,Diverse Power
Troup,1,1,17710,01-04-2025 15:07:43,Diverse Power
Troup,1,1,17710,01-04-2025 15:22:43,Diverse Power
Troup,1,1,17710,01-04-2025 15:37:43,Diverse Power
Troup,1,1,17710,01-04-2025 15:52:43,Diverse Power
Troup,1,1,17710,01-04-2025 16:07:43,Diverse Power
Troup,1,1,17710,01-04-2025 16:22:41,Diverse Power
Troup,1,1,17710,01-04-2025 16:37:44,Diverse Power
Troup,1,1,17710,01-04-2025 16:52:46,Diverse Power
Troup,1,1,17710,01-04-2025 17:07:45,Diverse Power
Troup,1,1,17710,01-04-2025 17:22:44,Diverse Power
Troup,1,1,17710,01-04-2025 17:37:44,Diverse Power
Troup,1,1,17710,01-04-2025 17:52:44,Diverse Power
Troup,1,1,17710,01-04-2025 18:07:44,Diverse Power
Troup,1,1,17710,01-04-2025 18:22:44,Diverse Power
Troup,1,1,17710,01-04-2025 18:37:46,Diverse Power
Randolph,1,1,1742,01-05-2025 16:37:42,Diverse Power
Troup,3,3,17710,01-06-2025 04:22:50,Diverse Power
Troup,3,3,17710,01-06-2025 04:37:53,Diverse Power
Troup,3,3,17710,01-06-2025 04:52:52,Diverse Power
Troup,3,3,17710,01-06-2025 05:07:53,Diverse Power
Troup,3,3,17710,01-06-2025 05:22:52,Diverse Power
Troup,3,3,17710,01-06-2025 05:37:52,Diverse Power
Troup,3,3,17710,01-06-2025 05:52:51,Diverse Power
Troup,3,3,17710,01-06-2025 06:07:53,Diverse Power
Troup,3,3,17710,01-06-2025 06:22:53,Diverse Power
Troup,3,3,17710,01-06-2025 06:37:54,Diverse Power
Troup,191,191,17710,01-06-2025 06:52:58,Diverse Power
Troup,190,190,17710,01-06-2025 07:07:56,Diverse Power
Troup,190,190,17710,01-06-2025 07:22:58,Diverse Power
Troup,190,190,17710,01-06-2025 07:37:49,Diverse Power
Troup,190,190,17710,01-06-2025 07:52:50,Diverse Power
Troup,190,190,17710,01-06-2025 08:07:52,Diverse Power
Troup,190,190,17710,01-06-2025 08:22:51,Diverse Power
Troup,187,59,17710,01-06-2025 08:37:49,Diverse Power
Troup,187,59,17710,01-06-2025 08:52:49,Diverse Power
Troup,187,59,17710,01-06-2025 09:07:50,Diverse Power
Troup,187,0,17710,01-06-2025 09:22:49,Diverse Power
Meriwether,155,155,2423,01-06-2025 09:37:49,Diverse Power
Meriwether,155,155,2423,01-06-2025 09:52:48,Diverse Power
Meriwether,155,155,2423,01-06-2025 10:07:49,Diverse Power
Meriwether,155,155,2423,01-06-2025 10:22:49,Diverse Power
Meriwether,155,155,2423,01-06-2025 10:37:56,Diverse Power
Meriwether,155,155,2423,01-06-2025 10:52:53,Diverse Power
Meriwether,155,155,2423,01-06-2025 11:07:54,Diverse Power
Meriwether,155,155,2423,01-06-2025 11:22:56,Diverse Power
Meriwether,155,155,2423,01-06-2025 11:37:55,Diverse Power
Chambers,3,3,673,01-06-2025 12:22:53,Diverse Power
Chambers,3,3,673,01-06-2025 12:37:51,Diverse Power
Chambers,3,3,673,01-06-2025 12:52:48,Diverse Power
Chambers,3,3,673,01-06-2025 13:07:52,Diverse Power
Chambers,3,3,673,01-06-2025 13:22:50,Diverse Power
Chambers,3,3,673,01-06-2025 13:37:49,Diverse Power
Troup,3,3,17711,01-06-2025 14:52:50,Diverse Power
Troup,2,2,17710,01-07-2025 05:52:42,Diverse Power
Troup,33,33,17710,01-07-2025 06:52:42,Diverse Power
Chambers,38,38,674,01-07-2025 06:52:42,Diverse Power
Troup,33,33,17710,01-07-2025 07:07:41,Diverse Power
Chambers,38,38,674,01-07-2025 07:07:41,Diverse Power
Troup,33,33,17710,01-07-2025 07:22:41,Diverse Power
Chambers,38,38,674,01-07-2025 07:22:41,Diverse Power
Troup,33,33,17710,01-07-2025 07:37:44,Diverse Power
Chambers,38,38,674,01-07-2025 07:37:44,Diverse Power
Troup,33,33,17710,01-07-2025 07:52:45,Diverse Power
Chambers,38,38,674,01-07-2025 07:52:45,Diverse Power
Troup,33,33,17710,01-07-2025 08:07:44,Diverse Power
Chambers,38,38,674,01-07-2025 08:07:44,Diverse Power
Troup,33,33,17710,01-07-2025 08:22:45,Diverse Power
Chambers,38,38,674,01-07-2025 08:22:45,Diverse Power
Troup,33,33,17710,01-07-2025 08:37:44,Diverse Power
Chambers,38,38,674,01-07-2025 08:37:44,Diverse Power
Troup,33,33,17710,01-07-2025 08:52:44,Diverse Power
Chambers,38,38,674,01-07-2025 08:52:44,Diverse Power
Troup,33,33,17710,01-07-2025 09:07:45,Diverse Power
Chambers,38,38,674,01-07-2025 09:07:45,Diverse Power
Troup,33,33,17710,01-07-2025 09:22:43,Diverse Power
Chambers,38,38,674,01-07-2025 09:22:43,Diverse Power
Meriwether,1,1,2424,01-07-2025 12:22:46,Diverse Power
Meriwether,1,1,2424,01-07-2025 12:37:43,Diverse Power
Meriwether,1,1,2424,01-07-2025 12:52:42,Diverse Power
Meriwether,1,1,2424,01-07-2025 13:07:42,Diverse Power
Harris,2,2,8277,01-07-2025 14:22:42,Diverse Power
Harris,2,2,8277,01-07-2025 14:37:45,Diverse Power
Harris,2,2,8277,01-07-2025 14:52:46,Diverse Power
Harris,2,2,8277,01-07-2025 15:07:47,Diverse Power
Harris,2,2,8277,01-07-2025 15:22:43,Diverse Power
Harris,2,2,8277,01-07-2025 15:37:43,Diverse Power
Harris,2,2,8277,01-07-2025 15:52:42,Diverse Power
Harris,2,2,8277,01-07-2025 16:07:44,Diverse Power
Meriwether,1,1,2424,01-07-2025 18:52:42,Diverse Power
Meriwether,7,7,2424,01-07-2025 19:07:44,Diverse Power
Randolph,2,2,1741,01-07-2025 19:22:45,Diverse Power
Meriwether,7,7,2424,01-07-2025 19:22:45,Diverse Power
Randolph,2,2,1741,01-07-2025 19:37:44,Diverse Power
Meriwether,7,7,2424,01-07-2025 19:37:44,Diverse Power
Randolph,2,2,1741,01-07-2025 19:52:46,Diverse Power
Meriwether,7,7,2424,01-07-2025 19:52:46,Diverse Power
Randolph,2,2,1741,01-07-2025 20:07:44,Diverse Power
Meriwether,7,7,2424,01-07-2025 20:07:44,Diverse Power
Randolph,2,0,1741,01-07-2025 20:22:45,Diverse Power
Harris,1,1,8277,01-07-2025 21:52:45,Diverse Power
Harris,1,1,8277,01-07-2025 22:07:44,Diverse Power
Harris,1,1,8277,01-07-2025 22:22:43,Diverse Power
Calhoun,1,1,1359,01-08-2025 18:37:44,Diverse Power
Calhoun,1,1,1359,01-08-2025 18:52:42,Diverse Power
Calhoun,1,1,1359,01-08-2025 19:07:44,Diverse Power
Calhoun,1,1,1359,01-08-2025 19:22:44,Diverse Power
Randolph,1,1,1741,01-09-2025 11:22:43,Diverse Power
Randolph,1,1,1741,01-09-2025 11:37:43,Diverse Power
Randolph,1,1,1741,01-09-2025 11:52:43,Diverse Power
Randolph,1,1,1741,01-09-2025 12:07:44,Diverse Power
Randolph,1,1,1741,01-09-2025 12:22:43,Diverse Power
Randolph,1,1,1741,01-09-2025 12:37:43,Diverse Power
Randolph,1,1,1741,01-09-2025 13:37:43,Diverse Power
Randolph,2,2,1741,01-09-2025 13:52:41,Diverse Power
Randolph,2,2,1741,01-09-2025 14:07:42,Diverse Power
Randolph,2,2,1741,01-09-2025 14:22:41,Diverse Power
Randolph,2,0,1741,01-09-2025 14:37:41,Diverse Power
Troup,2,2,17715,01-10-2025 13:22:44,Diverse Power
Troup,2,2,17715,01-10-2025 13:37:43,Diverse Power
Troup,2,2,17715,01-10-2025 13:52:42,Diverse Power
Troup,2,2,17715,01-10-2025 14:07:42,Diverse Power
Troup,2,2,17715,01-10-2025 14:22:42,Diverse Power
Troup,2,2,17715,01-10-2025 14:37:43,Diverse Power
Troup,2,2,17715,01-10-2025 14:52:43,Diverse Power
Troup,2,2,17715,01-10-2025 15:07:42,Diverse Power
Troup,3,3,17715,01-10-2025 15:22:45,Diverse Power
Troup,3,3,17715,01-10-2025 15:37:45,Diverse Power
Troup,606,606,17715,01-10-2025 15:52:45,Diverse Power
Chambers,156,156,674,01-10-2025 15:52:45,Diverse Power
Troup,606,606,17715,01-10-2025 16:07:45,Diverse Power
Chambers,156,156,674,01-10-2025 16:07:45,Diverse Power
Troup,605,605,17715,01-10-2025 16:22:45,Diverse Power
Chambers,156,156,674,01-10-2025 16:22:45,Diverse Power
Troup,605,605,17715,01-10-2025 16:37:43,Diverse Power
Chambers,156,156,674,01-10-2025 16:37:43,Diverse Power
Troup,605,2,17715,01-10-2025 16:52:43,Diverse Power
Chambers,156,0,674,01-10-2025 16:52:43,Diverse Power
Troup,605,2,17715,01-10-2025 17:07:44,Diverse Power
Chambers,156,0,674,01-10-2025 17:07:44,Diverse Power
Troup,605,2,17715,01-10-2025 17:22:44,Diverse Power
Chambers,156,0,674,01-10-2025 17:22:44,Diverse Power
Troup,605,2,17715,01-10-2025 17:37:43,Diverse Power
Chambers,156,0,674,01-10-2025 17:37:43,Diverse Power
Troup,605,2,17715,01-10-2025 17:52:46,Diverse Power
Chambers,156,0,674,01-10-2025 17:52:46,Diverse Power
Troup,605,2,17715,01-10-2025 18:07:45,Diverse Power
Chambers,156,0,674,01-10-2025 18:07:45,Diverse Power
Troup,92,92,17716,01-10-2025 21:22:44,Diverse Power
Troup,92,92,17716,01-10-2025 21:37:44,Diverse Power
Troup,92,92,17716,01-10-2025 21:52:47,Diverse Power
Troup,92,92,17716,01-10-2025 22:07:47,Diverse Power
Troup,93,93,17716,01-10-2025 22:22:46,Diverse Power
Troup,93,93,17716,01-10-2025 22:37:48,Diverse Power
Troup,93,93,17716,01-10-2025 22:52:45,Diverse Power
Troup,93,93,17716,01-10-2025 23:07:45,Diverse Power
Troup,1,1,17717,01-11-2025 10:52:41,Diverse Power
Troup,1,1,17717,01-11-2025 11:07:41,Diverse Power
Troup,1,1,17717,01-11-2025 11:22:41,Diverse Power
Troup,1,1,17717,01-11-2025 11:37:41,Diverse Power
Troup,1,1,17717,01-11-2025 11:52:42,Diverse Power
Troup,1,1,17717,01-11-2025 12:07:41,Diverse Power
Troup,1,1,17717,01-11-2025 12:22:44,Diverse Power
Troup,1,1,17717,01-11-2025 12:37:42,Diverse Power
Troup,1,1,17717,01-11-2025 12:52:41,Diverse Power
Troup,1,1,17717,01-11-2025 13:07:41,Diverse Power
Harris,3,3,8277,01-11-2025 15:22:42,Diverse Power
Harris,11,11,8277,01-11-2025 15:37:40,Diverse Power
Harris,11,11,8277,01-11-2025 15:52:41,Diverse Power
Harris,11,11,8277,01-11-2025 16:07:42,Diverse Power
Troup,1,1,17717,01-12-2025 09:37:41,Diverse Power
Troup,1,1,17717,01-12-2025 09:52:41,Diverse Power
Troup,1,1,17717,01-12-2025 10:07:41,Diverse Power
Troup,1,1,17717,01-12-2025 10:22:40,Diverse Power
Troup,1,1,17717,01-12-2025 10:37:41,Diverse Power
Troup,1,1,17717,01-12-2025 10:52:40,Diverse Power
Troup,1,1,17717,01-12-2025 11:07:40,Diverse Power
Harris,3,3,8277,01-12-2025 15:22:41,Diverse Power
Harris,2,2,8277,01-12-2025 20:52:44,Diverse Power
Harris,2,2,8277,01-12-2025 21:07:43,Diverse Power
Muscogee,4,4,2706,01-13-2025 17:52:44,Diverse Power
Meriwether,2,2,2424,01-14-2025 14:22:47,Diverse Power
Meriwether,2,2,2424,01-14-2025 14:37:46,Diverse Power
Meriwether,2,2,2424,01-14-2025 14:52:48,Diverse Power
Meriwether,2,2,2424,01-14-2025 15:07:46,Diverse Power
Meriwether,2,2,2424,01-14-2025 15:22:47,Diverse Power
Meriwether,2,2,2424,01-14-2025 15:37:47,Diverse Power
Meriwether,2,2,2424,01-14-2025 15:52:50,Diverse Power
Meriwether,2,2,2424,01-14-2025 16:07:49,Diverse Power
Meriwether,2,2,2424,01-14-2025 16:22:50,Diverse Power
Calhoun,12,12,1359,01-14-2025 16:37:52,Diverse Power
Meriwether,2,2,2424,01-14-2025 16:37:52,Diverse Power
Calhoun,12,12,1359,01-14-2025 16:52:53,Diverse Power
Meriwether,2,2,2424,01-14-2025 16:52:53,Diverse Power
Calhoun,12,12,1359,01-14-2025 17:07:52,Diverse Power
Meriwether,2,2,2424,01-14-2025 17:07:52,Diverse Power
Calhoun,12,12,1359,01-14-2025 17:22:49,Diverse Power
Meriwether,2,2,2424,01-14-2025 17:22:49,Diverse Power
Calhoun,12,12,1359,01-14-2025 17:37:50,Diverse Power
Meriwether,2,2,2424,01-14-2025 17:37:50,Diverse Power
Calhoun,12,12,1359,01-14-2025 17:52:53,Diverse Power
Meriwether,2,2,2424,01-14-2025 17:52:53,Diverse Power
Calhoun,12,12,1359,01-14-2025 18:07:54,Diverse Power
Meriwether,2,2,2424,01-14-2025 18:07:54,Diverse Power
Calhoun,12,12,1359,01-14-2025 18:22:50,Diverse Power
Meriwether,2,2,2423,01-14-2025 18:22:50,Diverse Power
Meriwether,2,2,2423,01-14-2025 18:37:47,Diverse Power
Meriwether,2,2,2423,01-14-2025 18:52:47,Diverse Power
Meriwether,2,2,2423,01-14-2025 19:07:47,Diverse Power
Meriwether,2,2,2423,01-14-2025 19:22:43,Diverse Power
Meriwether,2,2,2423,01-14-2025 19:37:45,Diverse Power
Meriwether,2,2,2423,01-14-2025 19:52:45,Diverse Power
Meriwether,2,2,2423,01-14-2025 20:07:44,Diverse Power
Meriwether,2,2,2423,01-14-2025 20:22:45,Diverse Power
Clay,1,1,975,01-14-2025 21:07:44,Diverse Power
Clay,1,1,975,01-14-2025 21:22:44,Diverse Power
Clay,1,1,975,01-14-2025 21:37:44,Diverse Power
Clay,1,1,975,01-14-2025 21:52:42,Diverse Power
Clay,1,1,975,01-14-2025 22:07:42,Diverse Power
Harris,1,1,8278,01-15-2025 01:22:42,Diverse Power
Harris,1,1,8278,01-15-2025 01:37:42,Diverse Power
Harris,1,1,8278,01-15-2025 01:52:40,Diverse Power
Harris,1,1,8278,01-15-2025 02:07:40,Diverse Power
Harris,1,1,8278,01-15-2025 02:22:39,Diverse Power
Harris,1,1,8278,01-15-2025 02:37:41,Diverse Power
Harris,1,1,8278,01-15-2025 02:52:41,Diverse Power
Harris,1,1,8278,01-15-2025 03:07:41,Diverse Power
Harris,1,1,8278,01-15-2025 03:22:42,Diverse Power
Harris,1,1,8278,01-15-2025 03:37:42,Diverse Power
Harris,1,1,8278,01-15-2025 03:52:43,Diverse Power
Harris,1,1,8278,01-15-2025 04:07:42,Diverse Power
Troup,1,1,17718,01-15-2025 12:07:42,Diverse Power
Troup,1,1,17718,01-15-2025 12:22:43,Diverse Power
Troup,1,1,17718,01-15-2025 12:37:41,Diverse Power
Troup,1,1,17718,01-15-2025 12:52:44,Diverse Power
Troup,1,1,17718,01-15-2025 13:07:42,Diverse Power
Troup,1,1,17718,01-15-2025 13:22:43,Diverse Power
Troup,1,1,17718,01-15-2025 13:37:43,Diverse Power
Troup,1,1,17718,01-15-2025 13:52:42,Diverse Power
Troup,1,1,17718,01-15-2025 14:07:45,Diverse Power
Troup,1,1,17718,01-15-2025 14:22:46,Diverse Power
Troup,1,1,17718,01-15-2025 14:37:47,Diverse Power
Troup,1,1,17718,01-15-2025 14:52:51,Diverse Power
Troup,1,1,17718,01-15-2025 15:07:48,Diverse Power
Troup,1,1,17718,01-15-2025 15:22:47,Diverse Power
Troup,1,1,17718,01-15-2025 15:37:48,Diverse Power
Troup,1,1,17718,01-15-2025 15:52:47,Diverse Power
Troup,1,1,17718,01-15-2025 16:07:49,Diverse Power
Troup,1,1,17718,01-15-2025 16:22:49,Diverse Power
Troup,1,1,17718,01-15-2025 16:37:47,Diverse Power
Troup,1,1,17718,01-15-2025 16:52:48,Diverse Power
Troup,1,1,17718,01-15-2025 17:07:47,Diverse Power
Troup,1,1,17716,01-15-2025 17:22:47,Diverse Power
Troup,1,1,17717,01-15-2025 17:37:45,Diverse Power
Troup,1,1,17717,01-15-2025 17:52:45,Diverse Power
Troup,1,1,17717,01-15-2025 18:07:46,Diverse Power
Troup,1,1,17717,01-15-2025 18:22:48,Diverse Power
Calhoun,1,1,1359,01-15-2025 18:22:48,Diverse Power
Troup,1,1,17717,01-15-2025 18:37:48,Diverse Power
Calhoun,1,1,1359,01-15-2025 18:37:48,Diverse Power
Troup,1,1,17717,01-15-2025 18:52:47,Diverse Power
Calhoun,1,1,1359,01-15-2025 18:52:47,Diverse Power
Calhoun,1,1,1359,01-15-2025 19:07:45,Diverse Power
Troup,1,1,17718,01-16-2025 08:37:41,Diverse Power
Troup,4,4,17717,01-16-2025 13:22:43,Diverse Power
Harris,1,1,8278,01-16-2025 13:22:43,Diverse Power
Troup,4,4,17717,01-16-2025 13:37:44,Diverse Power
Harris,1,1,8278,01-16-2025 13:37:44,Diverse Power
Troup,4,4,17717,01-16-2025 13:52:47,Diverse Power
Harris,1,1,8278,01-16-2025 13:52:47,Diverse Power
Troup,4,4,17717,01-16-2025 14:07:46,Diverse Power
Harris,1,1,8278,01-16-2025 14:07:46,Diverse Power
Troup,4,4,17717,01-16-2025 14:22:45,Diverse Power
Harris,1,1,8278,01-16-2025 14:22:45,Diverse Power
Troup,4,4,17717,01-16-2025 14:37:45,Diverse Power
Harris,1,1,8278,01-16-2025 14:37:45,Diverse Power
Troup,4,4,17717,01-16-2025 14:52:44,Diverse Power
Harris,1,1,8278,01-16-2025 14:52:44,Diverse Power
Troup,4,4,17717,01-16-2025 15:07:45,Diverse Power
Harris,1,1,8278,01-16-2025 15:07:45,Diverse Power
Quitman,6,6,1302,01-16-2025 15:22:47,Diverse Power
Troup,35,35,17717,01-16-2025 15:22:47,Diverse Power
Harris,1,1,8278,01-16-2025 15:22:47,Diverse Power
Quitman,6,6,1302,01-16-2025 15:37:46,Diverse Power
Troup,35,35,17717,01-16-2025 15:37:46,Diverse Power
Harris,1,1,8278,01-16-2025 15:37:46,Diverse Power
Troup,35,35,17718,01-16-2025 15:52:47,Diverse Power
Harris,1,1,8278,01-16-2025 15:52:47,Diverse Power
Troup,35,35,17718,01-16-2025 16:07:48,Diverse Power
Harris,1,1,8278,01-16-2025 16:07:48,Diverse Power
Troup,35,35,17718,01-16-2025 16:22:45,Diverse Power
Harris,1,1,8278,01-16-2025 16:22:45,Diverse Power
Troup,35,35,17718,01-16-2025 16:37:45,Diverse Power
Harris,1,1,8278,01-16-2025 16:37:45,Diverse Power
Troup,35,35,17718,01-16-2025 16:52:47,Diverse Power
Harris,1,1,8278,01-16-2025 16:52:47,Diverse Power
Troup,35,35,17718,01-16-2025 17:07:44,Diverse Power
Harris,1,1,8278,01-16-2025 17:07:44,Diverse Power
Troup,4,4,17718,01-16-2025 17:22:43,Diverse Power
Harris,1,1,8278,01-16-2025 17:22:43,Diverse Power
Troup,4,4,17718,01-16-2025 17:37:42,Diverse Power
Harris,1,1,8278,01-16-2025 17:37:42,Diverse Power
Troup,4,4,17718,01-16-2025 17:52:44,Diverse Power
Harris,2,2,8278,01-16-2025 17:52:44,Diverse Power
Troup,4,4,17718,01-16-2025 18:07:43,Diverse Power
Harris,2,2,8278,01-16-2025 18:07:43,Diverse Power
Troup,4,4,17719,01-16-2025 18:22:46,Diverse Power
Harris,1,1,8278,01-16-2025 18:22:46,Diverse Power
Troup,4,4,17719,01-16-2025 18:37:43,Diverse Power
Harris,1,1,8278,01-16-2025 18:37:43,Diverse Power
Troup,4,4,17719,01-16-2025 18:52:45,Diverse Power
Harris,1,1,8278,01-16-2025 18:52:45,Diverse Power
Troup,4,4,17719,01-16-2025 19:07:43,Diverse Power
Harris,1,1,8278,01-16-2025 19:07:43,Diverse Power
Troup,4,4,17719,01-16-2025 19:22:43,Diverse Power
Harris,1,1,8278,01-16-2025 19:22:43,Diverse Power
Troup,4,4,17719,01-16-2025 19:37:45,Diverse Power
Harris,1,1,8278,01-16-2025 19:37:45,Diverse Power
Troup,4,4,17719,01-16-2025 19:52:44,Diverse Power
Harris,1,1,8278,01-16-2025 19:52:44,Diverse Power
Troup,4,4,17719,01-16-2025 20:07:44,Diverse Power
Harris,1,1,8278,01-16-2025 20:07:44,Diverse Power
Troup,4,4,17719,01-16-2025 20:22:46,Diverse Power
Harris,1,1,8278,01-16-2025 20:22:46,Diverse Power
Troup,4,4,17719,01-16-2025 20:37:46,Diverse Power
Harris,1,1,8278,01-16-2025 20:37:46,Diverse Power
Troup,4,4,17719,01-16-2025 20:52:45,Diverse Power
Harris,1,1,8278,01-16-2025 20:52:45,Diverse Power
Chambers,2,2,672,01-17-2025 15:52:44,Diverse Power
Chambers,2,2,672,01-17-2025 16:07:43,Diverse Power
Troup,1,1,17718,01-18-2025 00:22:43,Diverse Power
Troup,1,1,17718,01-18-2025 00:37:43,Diverse Power
Troup,1,1,17718,01-18-2025 00:52:42,Diverse Power
Troup,1,1,17718,01-18-2025 01:07:42,Diverse Power
Harris,3,3,8277,01-18-2025 12:52:44,Diverse Power
Harris,3,3,8277,01-18-2025 13:07:43,Diverse Power
Harris,3,3,8277,01-18-2025 13:22:44,Diverse Power
Harris,3,3,8277,01-18-2025 13:37:44,Diverse Power
Harris,3,3,8277,01-18-2025 13:52:46,Diverse Power
Harris,3,3,8277,01-18-2025 14:07:45,Diverse Power
Harris,3,3,8277,01-18-2025 14:22:46,Diverse Power
Harris,3,3,8277,01-18-2025 14:37:47,Diverse Power
Harris,3,3,8277,01-18-2025 14:52:45,Diverse Power
Troup,1,1,17718,01-19-2025 07:07:43,Diverse Power
Troup,1,1,17718,01-19-2025 07:22:42,Diverse Power
Troup,1,1,17718,01-19-2025 07:37:42,Diverse Power
Troup,1,1,17718,01-19-2025 07:52:42,Diverse Power
Troup,1,1,17718,01-19-2025 08:07:43,Diverse Power
Troup,1,1,17718,01-19-2025 08:22:43,Diverse Power
Troup,1,1,17718,01-19-2025 08:37:42,Diverse Power
Troup,1,1,17718,01-19-2025 08:52:43,Diverse Power
Troup,1,0,17718,01-19-2025 09:07:42,Diverse Power
Meriwether,1,1,2424,01-19-2025 19:07:45,Diverse Power
Harris,29,29,8277,01-20-2025 03:07:43,Diverse Power
Harris,29,29,8277,01-20-2025 03:22:44,Diverse Power
Harris,29,29,8277,01-20-2025 03:37:42,Diverse Power
Harris,29,29,8277,01-20-2025 03:52:43,Diverse Power
Harris,29,29,8277,01-20-2025 04:07:44,Diverse Power
Harris,29,29,8277,01-20-2025 04:22:43,Diverse Power
Harris,29,29,8277,01-20-2025 04:37:43,Diverse Power
Harris,29,29,8277,01-20-2025 04:52:43,Diverse Power
Harris,29,29,8277,01-20-2025 05:07:43,Diverse Power
Troup,1,1,17718,01-20-2025 11:22:45,Diverse Power
Troup,1,1,17718,01-20-2025 11:37:44,Diverse Power
Meriwether,1,1,2424,01-20-2025 13:07:44,Diverse Power
Meriwether,1,1,2424,01-20-2025 13:22:45,Diverse Power
Troup,1,1,17718,01-20-2025 13:37:45,Diverse Power
Meriwether,1,1,2424,01-20-2025 13:37:45,Diverse Power
Troup,1,1,17718,01-20-2025 13:52:47,Diverse Power
Troup,1,1,17718,01-20-2025 14:07:46,Diverse Power
Harris,3,3,8277,01-20-2025 15:37:44,Diverse Power
Harris,3,3,8277,01-20-2025 15:52:46,Diverse Power
Harris,3,3,8277,01-20-2025 16:07:48,Diverse Power
Harris,4,4,8277,01-20-2025 16:22:47,Diverse Power
Harris,4,4,8277,01-20-2025 16:37:48,Diverse Power
Harris,4,4,8277,01-20-2025 16:52:48,Diverse Power
Harris,4,4,8277,01-20-2025 17:07:48,Diverse Power
Harris,1,1,8277,01-20-2025 17:22:48,Diverse Power
Harris,1,1,8277,01-20-2025 17:37:48,Diverse Power
Harris,1,1,8277,01-20-2025 17:52:44,Diverse Power
Harris,1,1,8277,01-20-2025 18:07:45,Diverse Power
Harris,1,1,8277,01-20-2025 18:22:45,Diverse Power
Harris,1,1,8277,01-20-2025 18:37:47,Diverse Power
Troup,1,1,17718,01-20-2025 18:52:43,Diverse Power
Harris,1,1,8277,01-20-2025 18:52:43,Diverse Power
Troup,1,1,17717,01-20-2025 19:07:46,Diverse Power
Troup,1,1,17717,01-20-2025 19:22:46,Diverse Power
Troup,1,1,17717,01-20-2025 19:37:45,Diverse Power
Randolph,176,176,1741,01-20-2025 19:52:45,Diverse Power
Troup,1,1,17716,01-20-2025 19:52:45,Diverse Power
Randolph,176,176,1741,01-20-2025 20:07:47,Diverse Power
Troup,1,1,17716,01-20-2025 20:07:47,Diverse Power
Randolph,176,176,1741,01-20-2025 20:22:44,Diverse Power
Troup,1,1,17716,01-20-2025 20:22:44,Diverse Power
Randolph,176,176,1741,01-20-2025 20:37:45,Diverse Power
Troup,1,1,17716,01-20-2025 20:37:45,Diverse Power
Troup,97,97,17716,01-20-2025 20:52:46,Diverse Power
Troup,97,97,17717,01-20-2025 21:07:46,Diverse Power
Troup,97,97,17717,01-20-2025 21:22:46,Diverse Power
Troup,97,97,17717,01-20-2025 21:37:43,Diverse Power
Troup,97,97,17717,01-20-2025 21:52:43,Diverse Power
Troup,97,97,17717,01-20-2025 22:07:45,Diverse Power
Harris,1,1,8278,01-21-2025 19:07:47,Diverse Power
Harris,1,1,8278,01-21-2025 19:22:49,Diverse Power
Harris,1,1,8278,01-21-2025 19:37:51,Diverse Power
Harris,1,1,8278,01-21-2025 19:52:51,Diverse Power
Harris,1,1,8278,01-21-2025 20:07:41,Diverse Power
Harris,1,1,8278,01-21-2025 20:22:42,Diverse Power
Harris,1,1,8278,01-21-2025 20:37:51,Diverse Power
Harris,1,1,8278,01-21-2025 20:52:51,Diverse Power
Harris,1,1,8278,01-21-2025 21:07:50,Diverse Power
Harris,1,1,8278,01-21-2025 21:22:52,Diverse Power
Harris,1,1,8278,01-21-2025 21:37:46,Diverse Power
Harris,1,1,8278,01-21-2025 21:52:45,Diverse Power
Harris,1,1,8278,01-21-2025 22:07:45,Diverse Power
Harris,1,1,8278,01-21-2025 22:22:47,Diverse Power
Harris,1,1,8278,01-21-2025 22:37:49,Diverse Power
Harris,1,1,8278,01-21-2025 22:52:42,Diverse Power
Harris,1,1,8278,01-21-2025 23:07:43,Diverse Power
Harris,1,1,8278,01-21-2025 23:22:43,Diverse Power
Randolph,1,1,1741,01-21-2025 23:37:42,Diverse Power
Harris,1,1,8278,01-21-2025 23:37:42,Diverse Power
Randolph,1,1,1741,01-21-2025 23:52:44,Diverse Power
Randolph,1,1,1741,01-22-2025 00:07:46,Diverse Power
Randolph,1,1,1741,01-22-2025 00:22:46,Diverse Power
Randolph,1,1,1741,01-22-2025 00:37:48,Diverse Power
Randolph,1,1,1741,01-22-2025 00:52:48,Diverse Power
Randolph,1,1,1741,01-22-2025 01:07:46,Diverse Power
Randolph,1,1,1741,01-22-2025 01:22:47,Diverse Power
Randolph,1,1,1741,01-22-2025 01:37:47,Diverse Power
Meriwether,1,1,2423,01-22-2025 01:37:47,Diverse Power
Randolph,1,1,1741,01-22-2025 01:52:45,Diverse Power
Randolph,1,1,1741,01-22-2025 02:07:47,Diverse Power
Quitman,54,54,1302,01-22-2025 02:22:54,Diverse Power
Randolph,140,140,1741,01-22-2025 02:22:54,Diverse Power
Stewart,16,16,16,01-22-2025 02:22:54,Diverse Power
Harris,2,2,8278,01-22-2025 02:22:54,Diverse Power
Quitman,54,54,1302,01-22-2025 02:37:52,Diverse Power
Randolph,140,140,1741,01-22-2025 02:37:52,Diverse Power
Stewart,16,16,16,01-22-2025 02:37:52,Diverse Power
Harris,2,2,8278,01-22-2025 02:37:52,Diverse Power
Quitman,54,54,1302,01-22-2025 02:52:53,Diverse Power
Randolph,140,140,1741,01-22-2025 02:52:53,Diverse Power
Stewart,16,16,16,01-22-2025 02:52:53,Diverse Power
Harris,2,2,8278,01-22-2025 02:52:53,Diverse Power
Quitman,54,54,1302,01-22-2025 03:07:51,Diverse Power
Randolph,140,140,1741,01-22-2025 03:07:51,Diverse Power
Stewart,16,16,16,01-22-2025 03:07:51,Diverse Power
Harris,2,2,8278,01-22-2025 03:07:51,Diverse Power
Quitman,54,54,1302,01-22-2025 03:22:48,Diverse Power
Randolph,140,140,1741,01-22-2025 03:22:48,Diverse Power
Stewart,16,16,16,01-22-2025 03:22:48,Diverse Power
Harris,2,2,8278,01-22-2025 03:22:48,Diverse Power
Quitman,54,54,1302,01-22-2025 03:37:47,Diverse Power
Randolph,140,140,1741,01-22-2025 03:37:47,Diverse Power
Stewart,16,16,16,01-22-2025 03:37:47,Diverse Power
Harris,2,2,8278,01-22-2025 03:37:47,Diverse Power
Quitman,54,54,1302,01-22-2025 03:52:48,Diverse Power
Randolph,140,140,1741,01-22-2025 03:52:48,Diverse Power
Stewart,16,16,16,01-22-2025 03:52:48,Diverse Power
Harris,2,2,8278,01-22-2025 03:52:48,Diverse Power
Randolph,1,1,1741,01-22-2025 04:07:46,Diverse Power
Harris,2,2,8278,01-22-2025 04:07:46,Diverse Power
Randolph,1,1,1741,01-22-2025 04:22:47,Diverse Power
Harris,2,2,8278,01-22-2025 04:22:47,Diverse Power
Randolph,1,1,1741,01-22-2025 04:37:46,Diverse Power
Harris,2,2,8278,01-22-2025 04:37:46,Diverse Power
Harris,2,2,8278,01-22-2025 04:52:46,Diverse Power
Harris,2,2,8278,01-22-2025 05:07:50,Diverse Power
Harris,2,2,8278,01-22-2025 05:22:48,Diverse Power
Harris,2,2,8278,01-22-2025 05:37:48,Diverse Power
Harris,2,2,8278,01-22-2025 05:52:48,Diverse Power
Harris,2,2,8278,01-22-2025 06:07:49,Diverse Power
Harris,2,2,8278,01-22-2025 06:22:48,Diverse Power
Harris,2,2,8278,01-22-2025 06:37:48,Diverse Power
Harris,2,2,8278,01-22-2025 06:52:49,Diverse Power
Harris,2,2,8278,01-22-2025 07:07:48,Diverse Power
Harris,2,2,8278,01-22-2025 07:22:48,Diverse Power
Harris,2,2,8278,01-22-2025 07:37:49,Diverse Power
Harris,2,2,8278,01-22-2025 07:52:52,Diverse Power
Harris,2,2,8278,01-22-2025 08:07:49,Diverse Power
Harris,2,2,8278,01-22-2025 08:22:47,Diverse Power
Harris,2,2,8278,01-22-2025 08:37:44,Diverse Power
Harris,2,2,8278,01-22-2025 08:52:43,Diverse Power
Harris,2,2,8278,01-22-2025 09:07:43,Diverse Power
Harris,2,2,8278,01-22-2025 09:22:43,Diverse Power
Harris,2,2,8278,01-22-2025 09:37:43,Diverse Power
Harris,2,2,8278,01-22-2025 09:52:45,Diverse Power
Harris,2,2,8278,01-22-2025 10:07:44,Diverse Power
Harris,2,2,8278,01-22-2025 10:22:43,Diverse Power
Harris,2,2,8278,01-22-2025 10:37:46,Diverse Power
Harris,2,2,8278,01-22-2025 10:52:44,Diverse Power
Harris,2,2,8278,01-22-2025 11:07:45,Diverse Power
Harris,2,2,8278,01-22-2025 11:22:44,Diverse Power
Harris,2,2,8278,01-22-2025 11:37:47,Diverse Power
Harris,2,2,8278,01-22-2025 11:52:49,Diverse Power
Harris,2,2,8278,01-22-2025 12:07:45,Diverse Power
Randolph,1,1,1741,01-22-2025 13:22:54,Diverse Power
Troup,26,26,17719,01-22-2025 13:22:54,Diverse Power
Randolph,10,10,1741,01-22-2025 13:37:55,Diverse Power
Troup,26,26,17719,01-22-2025 13:37:55,Diverse Power
Randolph,10,10,1741,01-22-2025 13:52:54,Diverse Power
Troup,26,26,17719,01-22-2025 13:52:54,Diverse Power
Randolph,10,10,1741,01-22-2025 14:07:56,Diverse Power
Troup,26,26,17719,01-22-2025 14:07:56,Diverse Power
Randolph,10,10,1741,01-22-2025 14:22:55,Diverse Power
Troup,26,26,17719,01-22-2025 14:22:55,Diverse Power
Troup,26,26,17719,01-22-2025 14:37:54,Diverse Power
Quitman,3,3,1302,01-22-2025 14:52:47,Diverse Power
Troup,29,29,17719,01-22-2025 14:52:47,Diverse Power
Troup,29,29,17719,01-22-2025 15:07:55,Diverse Power
Troup,29,29,17719,01-22-2025 15:22:55,Diverse Power
Troup,29,29,17719,01-22-2025 15:37:53,Diverse Power
Troup,26,26,17719,01-22-2025 15:52:54,Diverse Power
Troup,26,26,17719,01-22-2025 16:07:50,Diverse Power
Troup,26,26,17719,01-22-2025 16:22:47,Diverse Power
Troup,26,26,17719,01-22-2025 16:37:49,Diverse Power
Troup,26,26,17719,01-22-2025 16:52:49,Diverse Power
Troup,26,26,17719,01-22-2025 17:07:47,Diverse Power
Troup,26,26,17719,01-22-2025 17:22:49,Diverse Power
Troup,26,26,17719,01-22-2025 17:37:49,Diverse Power
Troup,2,2,17719,01-22-2025 17:52:54,Diverse Power
Troup,2,2,17719,01-22-2025 18:07:47,Diverse Power
Troup,26,26,17719,01-22-2025 18:22:46,Diverse Power
Troup,26,26,17719,01-22-2025 18:37:46,Diverse Power
Troup,26,26,17719,01-22-2025 18:52:44,Diverse Power
Troup,2,2,17719,01-22-2025 19:37:50,Diverse Power
Randolph,3,3,1741,01-22-2025 21:22:43,Diverse Power
Randolph,3,3,1741,01-22-2025 21:37:47,Diverse Power
Randolph,3,3,1741,01-22-2025 21:52:48,Diverse Power
Randolph,3,3,1741,01-22-2025 22:07:48,Diverse Power
Randolph,3,3,1741,01-22-2025 22:22:46,Diverse Power
Randolph,3,3,1741,01-22-2025 22:37:44,Diverse Power
Randolph,3,3,1741,01-22-2025 22:52:43,Diverse Power
Troup,3,3,17719,01-23-2025 15:07:44,Diverse Power
Troup,3,3,17719,01-23-2025 15:22:43,Diverse Power
Troup,3,3,17719,01-23-2025 15:37:43,Diverse Power
Troup,3,3,17719,01-23-2025 15:52:43,Diverse Power
Harris,2,2,8278,01-24-2025 01:22:43,Diverse Power
Meriwether,1,1,2423,01-24-2025 20:22:45,Diverse Power
Troup,7,7,17720,01-25-2025 09:37:43,Diverse Power
Troup,7,7,17720,01-25-2025 09:52:42,Diverse Power
Troup,7,7,17720,01-25-2025 10:07:43,Diverse Power
Troup,7,7,17720,01-25-2025 10:22:43,Diverse Power
Troup,7,7,17720,01-25-2025 10:37:45,Diverse Power
Troup,7,7,17720,01-25-2025 10:52:44,Diverse Power
Troup,7,7,17720,01-25-2025 11:07:44,Diverse Power
Troup,7,7,17720,01-25-2025 11:22:44,Diverse Power
Troup,7,7,17720,01-25-2025 11:37:42,Diverse Power
Troup,1,1,17720,01-25-2025 12:22:43,Diverse Power
Troup,1,1,17720,01-25-2025 12:37:43,Diverse Power
Troup,1,1,17720,01-25-2025 12:52:42,Diverse Power
Troup,1,1,17720,01-25-2025 13:07:43,Diverse Power
Troup,1,1,17720,01-25-2025 13:22:44,Diverse Power
Troup,1,1,17720,01-25-2025 13:37:43,Diverse Power
Troup,1,1,17720,01-25-2025 13:52:44,Diverse Power
Troup,1,1,17720,01-25-2025 14:07:44,Diverse Power
Troup,1,1,17720,01-25-2025 14:22:43,Diverse Power
Troup,1,1,17720,01-25-2025 14:37:45,Diverse Power
Troup,1,1,17720,01-25-2025 14:52:43,Diverse Power
Meriwether,1,1,2423,01-25-2025 15:22:44,Diverse Power
Troup,2,2,17720,01-27-2025 13:22:45,Diverse Power
Troup,2,2,17720,01-27-2025 13:37:55,Diverse Power
Troup,2,2,17719,01-27-2025 13:52:48,Diverse Power
Troup,2,2,17719,01-27-2025 14:07:47,Diverse Power
Troup,2,2,17719,01-27-2025 14:22:53,Diverse Power
Troup,2,2,17719,01-27-2025 14:37:52,Diverse Power
Troup,2,2,17719,01-27-2025 14:52:51,Diverse Power
Troup,2,2,17719,01-27-2025 15:07:47,Diverse Power
Troup,3,3,17719,01-27-2025 15:22:45,Diverse Power
Harris,1319,1319,8276,01-27-2025 15:22:45,Diverse Power
Troup,3,3,17719,01-27-2025 15:37:47,Diverse Power
Harris,1,1,8276,01-27-2025 15:37:47,Diverse Power
Troup,2,2,17719,01-27-2025 15:52:46,Diverse Power
Harris,1,1,8276,01-27-2025 15:52:46,Diverse Power
Troup,2,2,17719,01-27-2025 16:07:48,Diverse Power
Harris,1,1,8276,01-27-2025 16:07:48,Diverse Power
Troup,2,2,17719,01-27-2025 16:22:47,Diverse Power
Harris,1,0,8276,01-27-2025 16:22:47,Diverse Power
Troup,2,2,17719,01-27-2025 16:37:45,Diverse Power
Troup,2,2,17719,01-27-2025 16:52:45,Diverse Power
Troup,2,2,17719,01-27-2025 17:07:47,Diverse Power
Troup,2,2,17719,01-27-2025 17:22:48,Diverse Power
Troup,2,2,17719,01-27-2025 17:37:46,Diverse Power
Troup,2,2,17719,01-27-2025 17:52:43,Diverse Power
Troup,2,2,17719,01-27-2025 18:07:43,Diverse Power
Troup,2,2,17719,01-27-2025 18:22:45,Diverse Power
Troup,3,3,17720,01-27-2025 19:07:44,Diverse Power
Troup,3,3,17720,01-27-2025 19:22:45,Diverse Power
Troup,3,3,17720,01-27-2025 19:37:45,Diverse Power
Harris,2,2,8276,01-27-2025 21:52:44,Diverse Power
Harris,2,2,8276,01-27-2025 22:07:43,Diverse Power
Harris,2,2,8276,01-27-2025 22:22:43,Diverse Power
Harris,2,2,8276,01-27-2025 22:37:43,Diverse Power
Harris,2,2,8276,01-27-2025 22:52:43,Diverse Power
Clay,4,4,974,01-27-2025 23:07:44,Diverse Power
Harris,2,2,8276,01-27-2025 23:07:44,Diverse Power
Clay,4,4,974,01-27-2025 23:22:43,Diverse Power
Harris,2,2,8276,01-27-2025 23:22:43,Diverse Power
Clay,4,4,974,01-27-2025 23:37:43,Diverse Power
Harris,2,2,8276,01-27-2025 23:37:43,Diverse Power
Clay,4,4,974,01-27-2025 23:52:42,Diverse Power
Harris,2,2,8276,01-27-2025 23:52:42,Diverse Power
Clay,4,4,974,01-28-2025 00:07:43,Diverse Power
Harris,2,2,8276,01-28-2025 00:07:43,Diverse Power
Clay,4,4,974,01-28-2025 00:22:45,Diverse Power
Harris,3,3,8276,01-28-2025 00:22:45,Diverse Power
Clay,4,4,974,01-28-2025 00:37:44,Diverse Power
Harris,2,2,8276,01-28-2025 00:37:44,Diverse Power
Clay,4,4,974,01-28-2025 00:52:44,Diverse Power
Harris,2,2,8276,01-28-2025 00:52:44,Diverse Power
Clay,4,0,974,01-28-2025 01:07:43,Diverse Power
Harris,2,2,8276,01-28-2025 01:07:43,Diverse Power
Harris,2,2,8276,01-28-2025 01:22:44,Diverse Power
Harris,2,2,8276,01-28-2025 01:37:42,Diverse Power
Harris,2,2,8276,01-28-2025 01:52:43,Diverse Power
Harris,2,2,8276,01-28-2025 02:07:45,Diverse Power
Harris,2,2,8276,01-28-2025 02:22:43,Diverse Power
Harris,2,2,8276,01-28-2025 02:37:43,Diverse Power
Randolph,146,146,1738,01-28-2025 02:52:42,Diverse Power
Harris,2,2,8276,01-28-2025 02:52:42,Diverse Power
Randolph,146,146,1738,01-28-2025 03:07:43,Diverse Power
Harris,2,2,8276,01-28-2025 03:07:43,Diverse Power
Randolph,146,146,1738,01-28-2025 03:22:43,Diverse Power
Harris,3,3,8276,01-28-2025 03:22:43,Diverse Power
Randolph,146,146,1738,01-28-2025 03:37:43,Diverse Power
Harris,2,2,8276,01-28-2025 03:37:43,Diverse Power
Randolph,146,1,1738,01-28-2025 03:52:43,Diverse Power
Harris,2,2,8276,01-28-2025 03:52:43,Diverse Power
Randolph,146,1,1738,01-28-2025 04:07:43,Diverse Power
Harris,2,2,8276,01-28-2025 04:07:43,Diverse Power
Randolph,146,1,1738,01-28-2025 04:22:43,Diverse Power
Harris,2,2,8276,01-28-2025 04:22:43,Diverse Power
Randolph,146,1,1738,01-28-2025 04:37:41,Diverse Power
Harris,2,2,8276,01-28-2025 04:37:41,Diverse Power
Randolph,146,1,1738,01-28-2025 04:52:42,Diverse Power
Harris,2,0,8276,01-28-2025 04:52:42,Diverse Power
Randolph,146,146,1738,01-28-2025 05:07:42,Diverse Power
Harris,2,0,8276,01-28-2025 05:07:42,Diverse Power
Randolph,146,0,1738,01-28-2025 05:22:41,Diverse Power
Randolph,146,0,1738,01-28-2025 05:37:42,Diverse Power
Troup,1,1,17723,01-29-2025 12:37:44,Diverse Power
Troup,1,1,17723,01-29-2025 12:52:44,Diverse Power
Troup,1,1,17723,01-29-2025 13:07:45,Diverse Power
Troup,1,1,17724,01-29-2025 13:22:44,Diverse Power
Troup,1,1,17724,01-29-2025 13:37:44,Diverse Power
Quitman,3,3,1303,01-29-2025 14:22:44,Diverse Power
Quitman,3,3,1303,01-29-2025 14:37:45,Diverse Power
Troup,1,1,17724,01-29-2025 14:37:45,Diverse Power
Quitman,3,3,1303,01-29-2025 14:52:46,Diverse Power
Troup,1,1,17724,01-29-2025 14:52:46,Diverse Power
Quitman,3,3,1303,01-29-2025 15:07:46,Diverse Power
Troup,1,1,17724,01-29-2025 15:07:46,Diverse Power
Quitman,3,3,1303,01-29-2025 15:22:46,Diverse Power
Troup,1,1,17724,01-29-2025 15:22:46,Diverse Power
Quitman,3,3,1303,01-29-2025 15:37:49,Diverse Power
Troup,1,1,17725,01-29-2025 15:37:49,Diverse Power
Troup,1,1,17725,01-29-2025 15:52:48,Diverse Power
Troup,1,1,17725,01-29-2025 16:07:50,Diverse Power
Troup,1,1,17725,01-29-2025 16:22:48,Diverse Power
Troup,1,1,17725,01-29-2025 16:37:49,Diverse Power
Troup,1,1,17725,01-29-2025 16:52:48,Diverse Power
Troup,1,1,17726,01-29-2025 17:07:50,Diverse Power
Troup,1,1,17726,01-29-2025 17:22:47,Diverse Power
Troup,1,1,17727,01-29-2025 17:37:45,Diverse Power
Troup,1,1,17727,01-29-2025 17:52:50,Diverse Power
Troup,1,1,17727,01-29-2025 18:07:49,Diverse Power
Troup,1,1,17727,01-29-2025 18:22:49,Diverse Power
Troup,1,1,17727,01-29-2025 18:37:50,Diverse Power
Troup,1,1,17727,01-29-2025 18:52:52,Diverse Power
Troup,1,1,17727,01-29-2025 19:07:52,Diverse Power
Troup,1,1,17727,01-29-2025 19:22:52,Diverse Power
Troup,1,1,17727,01-29-2025 19:37:52,Diverse Power
Harris,1,1,8276,01-29-2025 23:52:46,Diverse Power
Harris,1,1,8276,01-30-2025 00:07:47,Diverse Power
Harris,1,1,8276,01-30-2025 00:22:47,Diverse Power
Harris,1,1,8276,01-30-2025 00:37:45,Diverse Power
Harris,1,1,8276,01-30-2025 00:52:45,Diverse Power
Harris,1,1,8276,01-30-2025 01:07:43,Diverse Power
Meriwether,1,1,2421,01-30-2025 03:52:45,Diverse Power
Meriwether,1,1,2421,01-30-2025 04:07:46,Diverse Power
Meriwether,1,1,2421,01-30-2025 04:22:44,Diverse Power
Meriwether,1,1,2421,01-30-2025 04:37:44,Diverse Power
Harris,2,2,8276,01-30-2025 16:07:48,Diverse Power
Harris,2,2,8276,01-30-2025 16:22:48,Diverse Power
Harris,2,2,8276,01-30-2025 16:37:46,Diverse Power
Harris,2,2,8276,01-30-2025 16:52:44,Diverse Power
Harris,2,2,8276,01-30-2025 17:07:45,Diverse Power
Harris,2,2,8276,01-30-2025 17:22:45,Diverse Power
Harris,148,148,8276,01-30-2025 18:07:45,Diverse Power
Harris,148,148,8276,01-30-2025 18:22:46,Diverse Power
Harris,148,148,8276,01-30-2025 18:37:47,Diverse Power
Muscogee,2,2,2710,01-30-2025 18:52:45,Diverse Power
Harris,148,148,8276,01-30-2025 18:52:45,Diverse Power
Harris,148,148,8276,01-30-2025 19:07:45,Diverse Power
Harris,148,148,8276,01-30-2025 19:22:45,Diverse Power
Harris,148,0,8276,01-30-2025 19:37:45,Diverse Power
Harris,148,4,8276,01-30-2025 19:52:45,Diverse Power
Harris,148,5,8276,01-30-2025 20:07:47,Diverse Power
Harris,53,53,8276,01-30-2025 20:37:44,Diverse Power
Harris,53,53,8276,01-30-2025 20:52:44,Diverse Power
Harris,53,53,8276,01-30-2025 21:07:44,Diverse Power
Harris,1,1,8276,01-31-2025 00:52:48,Diverse Power
Harris,1,1,8276,01-31-2025 01:07:50,Diverse Power
Harris,1,1,8276,01-31-2025 01:22:49,Diverse Power
Harris,1,1,8276,01-31-2025 01:37:50,Diverse Power
Clay,2,2,975,01-31-2025 18:37:44,Diverse Power
Clay,2,2,975,01-31-2025 18:52:44,Diverse Power
Troup,2,2,17711,01-31-2025 21:22:51,Diverse Power
Troup,2,2,17711,01-31-2025 21:37:49,Diverse Power
Troup,1,1,17715,01-31-2025 22:52:48,Diverse Power
Troup,1,1,17715,01-31-2025 23:07:47,Diverse Power
Troup,1,1,17716,01-31-2025 23:22:49,Diverse Power
Troup,1,1,17716,01-31-2025 23:37:51,Diverse Power
Meriwether,3,3,2408,02-01-2025 15:37:44,Diverse Power
Meriwether,3,3,2408,02-01-2025 15:52:46,Diverse Power
Meriwether,3,3,2408,02-01-2025 16:07:45,Diverse Power
Meriwether,3,3,2408,02-01-2025 16:22:44,Diverse Power
Meriwether,3,3,2408,02-01-2025 16:37:45,Diverse Power
Calhoun,1,1,1359,02-02-2025 02:52:43,Diverse Power
Calhoun,1,1,1359,02-02-2025 03:07:46,Diverse Power
Calhoun,1,1,1359,02-02-2025 03:22:45,Diverse Power
Calhoun,1,1,1359,02-02-2025 03:37:45,Diverse Power
Calhoun,1,1,1359,02-02-2025 03:52:44,Diverse Power
Calhoun,1,1,1359,02-02-2025 04:07:43,Diverse Power
Calhoun,1,1,1359,02-02-2025 04:22:44,Diverse Power
Calhoun,1,1,1359,02-02-2025 04:37:44,Diverse Power
Calhoun,1,1,1359,02-02-2025 04:52:43,Diverse Power
Calhoun,1,1,1359,02-02-2025 05:07:43,Diverse Power
Calhoun,1,1,1359,02-02-2025 05:22:44,Diverse Power
Calhoun,1,1,1359,02-02-2025 05:37:44,Diverse Power
Calhoun,1,0,1359,02-02-2025 05:52:45,Diverse Power
Clay,2,2,976,02-02-2025 22:37:45,Diverse Power
Clay,2,2,976,02-02-2025 22:52:46,Diverse Power
Clay,2,2,976,02-02-2025 23:07:44,Diverse Power
Troup,3,3,17719,02-03-2025 15:07:50,Diverse Power
Troup,3,3,17721,02-03-2025 15:22:46,Diverse Power
Troup,3,3,17719,02-03-2025 15:37:50,Diverse Power
Troup,3,3,17719,02-03-2025 15:52:51,Diverse Power
Troup,3,3,17719,02-03-2025 16:07:53,Diverse Power
Troup,3,3,17719,02-03-2025 16:22:49,Diverse Power
Troup,3,3,17719,02-03-2025 16:37:51,Diverse Power
Meriwether,1,1,2409,02-03-2025 17:07:45,Diverse Power
Troup,2,2,17719,02-03-2025 17:52:47,Diverse Power
Troup,2,2,17719,02-03-2025 18:07:47,Diverse Power
Troup,2,2,17719,02-03-2025 18:22:48,Diverse Power
Troup,2,2,17719,02-03-2025 18:37:48,Diverse Power
Troup,2,2,17719,02-03-2025 18:52:46,Diverse Power
Troup,2,2,17719,02-03-2025 19:07:48,Diverse Power
Troup,2,2,17719,02-03-2025 19:22:49,Diverse Power
Troup,2,2,17719,02-03-2025 19:37:48,Diverse Power
Troup,2,2,17719,02-03-2025 19:52:47,Diverse Power
Troup,2,2,17719,02-03-2025 20:07:45,Diverse Power
Troup,2,2,17717,02-03-2025 20:22:46,Diverse Power
Troup,2,2,17715,02-03-2025 20:37:46,Diverse Power
Muscogee,2,2,2690,02-04-2025 14:52:47,Diverse Power
Muscogee,2,2,2684,02-04-2025 15:07:47,Diverse Power
Muscogee,2,2,2672,02-04-2025 15:22:47,Diverse Power
Harris,1,1,8244,02-04-2025 15:22:47,Diverse Power
Muscogee,2,2,2670,02-04-2025 15:37:47,Diverse Power
Harris,1,1,8238,02-04-2025 15:37:47,Diverse Power
Muscogee,2,2,2670,02-04-2025 15:52:48,Diverse Power
Harris,1,1,8236,02-04-2025 15:52:48,Diverse Power
Muscogee,2,2,2674,02-04-2025 16:07:53,Diverse Power
Harris,1,1,8239,02-04-2025 16:07:53,Diverse Power
Muscogee,2,2,2677,02-04-2025 16:22:52,Diverse Power
Harris,1,1,8243,02-04-2025 16:22:52,Diverse Power
Muscogee,2,2,2678,02-04-2025 16:37:48,Diverse Power
Troup,1889,1889,17697,02-05-2025 18:52:49,Diverse Power
Meriwether,189,189,2406,02-05-2025 18:52:49,Diverse Power
Troup,4,4,17697,02-05-2025 19:07:47,Diverse Power
Troup,1,1,17700,02-05-2025 21:52:43,Diverse Power
Troup,1,1,17700,02-05-2025 22:07:42,Diverse Power
Troup,1,1,17700,02-05-2025 22:22:43,Diverse Power
Troup,1,1,17702,02-06-2025 12:37:40,Diverse Power
Troup,1,1,17702,02-06-2025 12:52:40,Diverse Power
Troup,1,1,17703,02-06-2025 13:07:40,Diverse Power
Troup,1,1,17704,02-06-2025 13:22:40,Diverse Power
Troup,1,1,17704,02-06-2025 13:37:42,Diverse Power
Harris,2,2,8254,02-06-2025 14:37:45,Diverse Power
Harris,2,2,8253,02-06-2025 14:52:46,Diverse Power
Harris,2,2,8253,02-06-2025 15:07:43,Diverse Power
Meriwether,1,1,2405,02-06-2025 15:52:42,Diverse Power
Meriwether,1,1,2405,02-06-2025 16:07:41,Diverse Power
Meriwether,1,1,2406,02-06-2025 16:22:43,Diverse Power
Meriwether,1,1,2407,02-06-2025 16:37:42,Diverse Power
Meriwether,1,1,2407,02-06-2025 16:52:44,Diverse Power
Meriwether,1,1,2408,02-06-2025 17:07:46,Diverse Power
Meriwether,1,1,2408,02-06-2025 17:22:45,Diverse Power
Meriwether,1,1,2408,02-06-2025 17:37:42,Diverse Power
Meriwether,1,1,2408,02-06-2025 17:52:41,Diverse Power
Meriwether,1,1,2408,02-06-2025 18:07:42,Diverse Power
Meriwether,1,1,2409,02-06-2025 18:22:43,Diverse Power
Meriwether,1,1,2409,02-06-2025 18:37:46,Diverse Power
Meriwether,1,1,2409,02-06-2025 18:52:44,Diverse Power
Meriwether,1,1,2409,02-06-2025 19:07:45,Diverse Power
Meriwether,1,1,2409,02-06-2025 19:22:44,Diverse Power
Meriwether,1,1,2409,02-06-2025 19:37:47,Diverse Power
Meriwether,1,1,2409,02-06-2025 19:52:46,Diverse Power
Meriwether,1,1,2409,02-06-2025 20:07:46,Diverse Power
Meriwether,1,1,2409,02-06-2025 20:22:44,Diverse Power
Meriwether,1,1,2409,02-06-2025 20:37:47,Diverse Power
Meriwether,1,1,2409,02-06-2025 20:52:45,Diverse Power
Meriwether,1,1,2409,02-06-2025 21:07:49,Diverse Power
Harris,3,3,8259,02-07-2025 14:37:43,Diverse Power
Harris,3,3,8258,02-07-2025 14:52:47,Diverse Power
Harris,3,3,8258,02-07-2025 15:07:49,Diverse Power
Harris,3,3,8258,02-07-2025 15:22:50,Diverse Power
Troup,19,19,17639,02-07-2025 20:52:43,Diverse Power
Troup,19,19,17643,02-07-2025 21:07:42,Diverse Power
Troup,19,19,17648,02-07-2025 21:22:42,Diverse Power
Troup,19,19,17650,02-07-2025 21:37:41,Diverse Power
Troup,19,19,17653,02-07-2025 21:52:42,Diverse Power
Troup,19,19,17654,02-07-2025 22:07:42,Diverse Power
Troup,19,19,17655,02-07-2025 22:22:43,Diverse Power
Troup,19,19,17655,02-07-2025 22:37:41,Diverse Power
Troup,19,19,17655,02-07-2025 22:52:42,Diverse Power
Meriwether,1,1,2410,02-07-2025 23:37:43,Diverse Power
Meriwether,1,1,2411,02-07-2025 23:52:45,Diverse Power
Harris,1,1,8261,02-07-2025 23:52:45,Diverse Power
Harris,1,1,8261,02-08-2025 00:07:44,Diverse Power
Harris,1,1,8262,02-08-2025 00:22:44,Diverse Power
Harris,1,1,8262,02-08-2025 20:37:40,Diverse Power
Harris,1,1,8262,02-08-2025 20:52:41,Diverse Power
Harris,1,1,8262,02-08-2025 21:07:40,Diverse Power
Harris,7,7,8263,02-09-2025 13:22:41,Diverse Power
Harris,7,7,8263,02-09-2025 13:37:41,Diverse Power
Harris,7,7,8263,02-09-2025 13:52:40,Diverse Power
Quitman,1,1,1302,02-09-2025 14:07:40,Diverse Power
Harris,7,7,8263,02-09-2025 14:07:40,Diverse Power
Quitman,43,43,1302,02-09-2025 14:22:42,Diverse Power
Harris,7,7,8263,02-09-2025 14:22:42,Diverse Power
Quitman,43,43,1302,02-09-2025 14:37:41,Diverse Power
Harris,7,7,8263,02-09-2025 14:37:41,Diverse Power
Quitman,43,43,1302,02-09-2025 14:52:43,Diverse Power
Harris,7,7,8263,02-09-2025 14:52:43,Diverse Power
Quitman,43,43,1302,02-09-2025 15:07:43,Diverse Power
Harris,7,7,8263,02-09-2025 15:07:43,Diverse Power
Harris,7,7,8263,02-09-2025 15:22:46,Diverse Power
Harris,7,7,8263,02-09-2025 15:37:44,Diverse Power
Harris,7,7,8263,02-09-2025 15:52:41,Diverse Power
Clay,4,4,974,02-09-2025 16:07:41,Diverse Power
Harris,7,7,8263,02-09-2025 16:07:41,Diverse Power
Harris,7,7,8263,02-09-2025 16:22:41,Diverse Power
Harris,7,7,8263,02-09-2025 16:37:41,Diverse Power
Harris,7,7,8263,02-09-2025 16:52:41,Diverse Power
Harris,7,7,8263,02-09-2025 17:07:41,Diverse Power
Harris,7,7,8263,02-09-2025 17:22:41,Diverse Power
Harris,7,7,8263,02-09-2025 17:37:42,Diverse Power
Harris,7,7,8263,02-09-2025 17:52:44,Diverse Power
Harris,7,7,8263,02-09-2025 18:07:43,Diverse Power
Harris,7,7,8263,02-09-2025 18:22:42,Diverse Power
Harris,7,7,8263,02-09-2025 18:37:42,Diverse Power
Quitman,2,2,1290,02-10-2025 14:52:48,Diverse Power
Quitman,2,2,1292,02-10-2025 15:07:48,Diverse Power
Quitman,2,2,1292,02-10-2025 15:22:51,Diverse Power
Harris,1,1,8263,02-10-2025 15:22:51,Diverse Power
Quitman,2,2,1293,02-10-2025 15:37:51,Diverse Power
Quitman,2,2,1294,02-10-2025 15:52:42,Diverse Power
Quitman,2,2,1294,02-10-2025 16:07:52,Diverse Power
Quitman,2,2,1294,02-10-2025 16:22:44,Diverse Power
Quitman,2,2,1294,02-10-2025 16:37:43,Diverse Power
Quitman,2,2,1295,02-10-2025 16:52:52,Diverse Power
Quitman,2,2,1295,02-10-2025 17:07:51,Diverse Power
Quitman,2,2,1295,02-10-2025 17:22:51,Diverse Power
Quitman,2,2,1295,02-10-2025 17:37:51,Diverse Power
Quitman,2,2,1295,02-10-2025 17:52:52,Diverse Power
Quitman,2,2,1295,02-10-2025 18:07:53,Diverse Power
Quitman,2,2,1295,02-10-2025 18:22:50,Diverse Power
Quitman,2,2,1295,02-10-2025 18:37:51,Diverse Power
Quitman,2,2,1295,02-10-2025 18:52:42,Diverse Power
Quitman,2,2,1295,02-10-2025 19:07:52,Diverse Power
Quitman,2,2,1295,02-10-2025 19:22:50,Diverse Power
Quitman,2,2,1295,02-10-2025 19:37:50,Diverse Power
Quitman,2,2,1295,02-10-2025 19:52:47,Diverse Power
Harris,1,1,8263,02-10-2025 23:22:47,Diverse Power
Harris,1,1,8263,02-10-2025 23:37:47,Diverse Power
Harris,1,1,8263,02-10-2025 23:52:42,Diverse Power
Harris,1,1,8263,02-11-2025 00:07:40,Diverse Power
Harris,1,1,8263,02-11-2025 00:22:40,Diverse Power
Harris,1,1,8263,02-11-2025 00:37:40,Diverse Power
Harris,1,0,8263,02-11-2025 00:52:40,Diverse Power
Harris,1,0,8263,02-11-2025 01:07:40,Diverse Power
Harris,1,0,8263,02-11-2025 01:22:41,Diverse Power
Harris,1,0,8263,02-11-2025 01:37:43,Diverse Power
Harris,1,0,8263,02-11-2025 01:52:43,Diverse Power
Harris,1,0,8263,02-11-2025 02:07:42,Diverse Power
Harris,1,0,8263,02-11-2025 02:22:42,Diverse Power
Harris,1,0,8263,02-11-2025 02:37:43,Diverse Power
Harris,1,0,8263,02-11-2025 02:52:41,Diverse Power
Harris,1,0,8263,02-11-2025 03:07:42,Diverse Power
Meriwether,1,1,2408,02-11-2025 14:07:45,Diverse Power
Meriwether,1,1,2406,02-11-2025 14:22:44,Diverse Power
Meriwether,1,1,2406,02-11-2025 14:37:46,Diverse Power
Meriwether,1,1,2406,02-11-2025 14:52:48,Diverse Power
Meriwether,1,1,2406,02-11-2025 15:07:49,Diverse Power
Meriwether,1,1,2406,02-11-2025 15:22:49,Diverse Power
Meriwether,419,419,2406,02-11-2025 15:37:50,Diverse Power
Harris,1,1,8257,02-11-2025 15:37:50,Diverse Power
Harris,1,1,8257,02-11-2025 15:52:49,Diverse Power
Harris,1,1,8258,02-11-2025 16:07:49,Diverse Power
Meriwether,1,1,2406,02-11-2025 16:22:51,Diverse Power
Meriwether,1,1,2406,02-11-2025 16:37:48,Diverse Power
Meriwether,1,1,2407,02-11-2025 16:52:48,Diverse Power
Meriwether,1,1,2407,02-11-2025 17:07:49,Diverse Power
Meriwether,1,1,2408,02-11-2025 17:22:51,Diverse Power
Meriwether,1,1,2408,02-11-2025 17:37:52,Diverse Power
Meriwether,1,1,2408,02-11-2025 17:52:52,Diverse Power
Troup,2,2,17673,02-11-2025 19:37:46,Diverse Power
Troup,2,2,17673,02-11-2025 19:52:48,Diverse Power
Troup,3,3,17673,02-11-2025 20:07:47,Diverse Power
Troup,3,3,17673,02-11-2025 20:22:46,Diverse Power
Troup,2,2,17674,02-11-2025 20:37:48,Diverse Power
Muscogee,1,1,2707,02-12-2025 15:22:52,Diverse Power
Muscogee,1,1,2707,02-12-2025 15:37:45,Diverse Power
Troup,1,1,17688,02-12-2025 20:07:50,Diverse Power
Troup,1,1,17688,02-12-2025 20:22:52,Diverse Power
Troup,1,1,17688,02-12-2025 20:37:53,Diverse Power
Troup,1,1,17688,02-12-2025 20:52:52,Diverse Power
Troup,1,1,17688,02-12-2025 21:07:50,Diverse Power
Heard,2,2,469,02-13-2025 05:22:51,Diverse Power
Troup,7,7,17689,02-13-2025 05:22:51,Diverse Power
Heard,2,2,469,02-13-2025 05:37:51,Diverse Power
Troup,20,20,17689,02-13-2025 05:37:51,Diverse Power
Heard,2,2,469,02-13-2025 05:52:51,Diverse Power
Troup,20,20,17689,02-13-2025 05:52:51,Diverse Power
Heard,2,2,469,02-13-2025 06:07:55,Diverse Power
Troup,20,20,17689,02-13-2025 06:07:55,Diverse Power
Heard,2,2,469,02-13-2025 06:22:57,Diverse Power
Troup,20,20,17689,02-13-2025 06:22:57,Diverse Power
Heard,2,2,469,02-13-2025 06:37:55,Diverse Power
Troup,20,20,17689,02-13-2025 06:37:55,Diverse Power
Heard,2,2,469,02-13-2025 06:52:53,Diverse Power
Troup,20,20,17689,02-13-2025 06:52:53,Diverse Power
Heard,2,2,469,02-13-2025 07:07:53,Diverse Power
Troup,20,20,17689,02-13-2025 07:07:53,Diverse Power
Heard,2,2,469,02-13-2025 07:22:53,Diverse Power
Troup,20,20,17689,02-13-2025 07:22:53,Diverse Power
Heard,2,2,469,02-13-2025 07:37:52,Diverse Power
Troup,20,20,17689,02-13-2025 07:37:52,Diverse Power
Heard,2,2,469,02-13-2025 07:52:54,Diverse Power
Troup,20,20,17689,02-13-2025 07:52:54,Diverse Power
Heard,2,0,469,02-13-2025 08:07:57,Diverse Power
Troup,20,13,17689,02-13-2025 08:07:57,Diverse Power
Harris,3,3,8262,02-13-2025 08:07:57,Diverse Power
Troup,13,13,17689,02-13-2025 08:22:57,Diverse Power
Troup,13,13,17689,02-13-2025 08:37:56,Diverse Power
Troup,13,13,17689,02-13-2025 08:52:54,Diverse Power
Harris,32,32,8262,02-13-2025 09:22:48,Diverse Power
Harris,32,32,8262,02-13-2025 09:37:55,Diverse Power
Harris,32,32,8262,02-13-2025 09:52:54,Diverse Power
Harris,32,32,8262,02-13-2025 10:07:53,Diverse Power
Harris,32,32,8262,02-13-2025 10:22:55,Diverse Power
Harris,32,32,8262,02-13-2025 10:37:54,Diverse Power
Harris,32,32,8262,02-13-2025 10:52:52,Diverse Power
Troup,16,16,17689,02-13-2025 11:07:52,Diverse Power
Harris,32,32,8262,02-13-2025 11:07:52,Diverse Power
Troup,17,17,17689,02-13-2025 11:22:52,Diverse Power
Harris,32,32,8262,02-13-2025 11:22:52,Diverse Power
Troup,17,17,17689,02-13-2025 11:37:50,Diverse Power
Harris,32,32,8262,02-13-2025 11:37:50,Diverse Power
Troup,17,17,17689,02-13-2025 11:52:57,Diverse Power
Harris,32,32,8262,02-13-2025 11:52:57,Diverse Power
Troup,17,17,17689,02-13-2025 12:07:55,Diverse Power
Harris,32,32,8262,02-13-2025 12:07:55,Diverse Power
Troup,1,1,17689,02-13-2025 12:22:56,Diverse Power
Troup,1,1,17689,02-13-2025 12:37:56,Diverse Power
Troup,1,1,17689,02-13-2025 12:52:53,Diverse Power
Troup,1,1,17689,02-13-2025 13:07:54,Diverse Power
Troup,1,1,17690,02-13-2025 13:22:52,Diverse Power
Troup,1,1,17691,02-13-2025 13:37:51,Diverse Power
Muscogee,58,58,2707,02-13-2025 13:52:51,Diverse Power
Harris,1,1,8262,02-13-2025 13:52:51,Diverse Power
Muscogee,58,58,2707,02-13-2025 14:07:48,Diverse Power
Harris,2,2,8262,02-13-2025 14:07:48,Diverse Power
Muscogee,58,58,2707,02-13-2025 14:22:51,Diverse Power
Harris,2,2,8262,02-13-2025 14:22:51,Diverse Power
Harris,2,1,8262,02-13-2025 14:37:52,Diverse Power
Troup,69,69,17693,02-13-2025 14:52:52,Diverse Power
Harris,1,1,8262,02-13-2025 14:52:52,Diverse Power
Troup,1,1,17693,02-13-2025 15:07:55,Diverse Power
Troup,1,1,17693,02-13-2025 15:22:55,Diverse Power
Muscogee,6,6,2707,02-13-2025 15:22:55,Diverse Power
Troup,1,1,17693,02-13-2025 15:37:55,Diverse Power
Troup,1,1,17693,02-13-2025 15:52:57,Diverse Power
Troup,1,1,17693,02-13-2025 16:07:55,Diverse Power
Troup,1,1,17693,02-13-2025 16:22:49,Diverse Power
Troup,1,1,17693,02-13-2025 16:37:51,Diverse Power
Troup,7,7,17695,02-13-2025 17:22:45,Diverse Power
Troup,7,7,17695,02-13-2025 17:37:47,Diverse Power
Troup,7,7,17695,02-13-2025 17:52:45,Diverse Power
Troup,7,7,17695,02-13-2025 18:07:49,Diverse Power
Muscogee,59,59,2707,02-13-2025 18:22:44,Diverse Power
Harris,1,1,8262,02-13-2025 18:37:47,Diverse Power
Harris,1,1,8262,02-13-2025 18:52:44,Diverse Power
Harris,3,3,8264,02-14-2025 05:22:39,Diverse Power
Harris,3,3,8264,02-14-2025 05:37:40,Diverse Power
Harris,3,3,8264,02-14-2025 05:52:40,Diverse Power
Harris,3,3,8264,02-14-2025 06:07:42,Diverse Power
Harris,3,3,8264,02-14-2025 06:22:40,Diverse Power
Harris,3,3,8264,02-14-2025 06:37:41,Diverse Power
Harris,3,3,8264,02-14-2025 06:52:40,Diverse Power
Harris,3,3,8264,02-14-2025 07:07:40,Diverse Power
Harris,3,3,8264,02-14-2025 07:22:40,Diverse Power
Harris,3,3,8264,02-14-2025 07:37:41,Diverse Power
Harris,3,3,8264,02-14-2025 07:52:40,Diverse Power
Randolph,1,1,1728,02-14-2025 16:22:43,Diverse Power
Calhoun,1,1,1367,02-14-2025 16:22:43,Diverse Power
Randolph,1,1,1728,02-14-2025 16:37:43,Diverse Power
Calhoun,1,1,1367,02-14-2025 16:37:43,Diverse Power
Randolph,1,1,1728,02-14-2025 16:52:46,Diverse Power
Calhoun,1,1,1367,02-14-2025 16:52:46,Diverse Power
Randolph,1,1,1728,02-14-2025 17:07:42,Diverse Power
Randolph,1,1,1728,02-14-2025 17:22:43,Diverse Power
Randolph,1,1,1728,02-14-2025 17:37:42,Diverse Power
Randolph,1,1,1728,02-14-2025 17:52:43,Diverse Power
Randolph,1,1,1728,02-14-2025 18:07:43,Diverse Power
Randolph,1,1,1728,02-14-2025 18:22:40,Diverse Power
Randolph,1,1,1728,02-14-2025 18:37:40,Diverse Power
Troup,5,5,17855,02-14-2025 23:52:44,Diverse Power
Heard,2,2,479,02-15-2025 00:37:43,Diverse Power
Troup,2,2,17855,02-15-2025 02:52:40,Diverse Power
Troup,2,2,17856,02-15-2025 03:07:40,Diverse Power
Troup,2,2,17856,02-15-2025 03:22:40,Diverse Power
Troup,2,2,17856,02-15-2025 03:37:40,Diverse Power
Harris,1,1,8316,02-15-2025 17:52:44,Diverse Power
Harris,1,1,8316,02-15-2025 18:07:43,Diverse Power
Harris,1,1,8316,02-15-2025 18:22:43,Diverse Power
Harris,1,1,8316,02-15-2025 18:37:42,Diverse Power
Harris,1,1,8316,02-15-2025 18:52:43,Diverse Power
Harris,3,3,8316,02-15-2025 20:52:43,Diverse Power
Harris,3,3,8316,02-15-2025 21:07:43,Diverse Power
Harris,1,1,8316,02-16-2025 08:37:45,Diverse Power
Troup,12,12,17856,02-16-2025 08:52:58,Diverse Power
Troup,12,12,17856,02-16-2025 09:07:45,Diverse Power
Heard,2,2,479,02-16-2025 09:22:47,Diverse Power
Troup,2156,2156,17856,02-16-2025 09:22:47,Diverse Power
Heard,3,3,479,02-16-2025 09:37:44,Diverse Power
Troup,3240,3240,17856,02-16-2025 09:37:44,Diverse Power
Coweta,15,15,15,02-16-2025 09:37:44,Diverse Power
Meriwether,278,278,2435,02-16-2025 09:37:44,Diverse Power
Chambers,75,75,685,02-16-2025 09:37:44,Diverse Power
Harris,131,131,8316,02-16-2025 09:37:44,Diverse Power
Heard,18,18,479,02-16-2025 09:52:45,Diverse Power
Troup,4371,4371,17856,02-16-2025 09:52:45,Diverse Power
Coweta,15,15,15,02-16-2025 09:52:45,Diverse Power
Muscogee,448,448,2729,02-16-2025 09:52:45,Diverse Power
Meriwether,1348,1348,2435,02-16-2025 09:52:45,Diverse Power
Chambers,224,224,685,02-16-2025 09:52:45,Diverse Power
Harris,1621,1621,8316,02-16-2025 09:52:45,Diverse Power
Heard,18,18,479,02-16-2025 10:07:44,Diverse Power
Troup,4665,4665,17856,02-16-2025 10:07:44,Diverse Power
Coweta,15,15,15,02-16-2025 10:07:44,Diverse Power
Muscogee,1112,1112,2729,02-16-2025 10:07:44,Diverse Power
Meriwether,1604,1604,2435,02-16-2025 10:07:44,Diverse Power
Chambers,234,234,685,02-16-2025 10:07:44,Diverse Power
Harris,3617,3617,8316,02-16-2025 10:07:44,Diverse Power
Heard,18,18,479,02-16-2025 10:22:45,Diverse Power
Troup,5020,5020,17856,02-16-2025 10:22:45,Diverse Power
Coweta,15,15,15,02-16-2025 10:22:45,Diverse Power
Muscogee,2024,2024,2729,02-16-2025 10:22:45,Diverse Power
Meriwether,1688,1688,2435,02-16-2025 10:22:45,Diverse Power
Chambers,236,236,685,02-16-2025 10:22:45,Diverse Power
Harris,3839,3839,8316,02-16-2025 10:22:45,Diverse Power
Heard,18,18,479,02-16-2025 10:37:45,Diverse Power
Troup,5025,5025,17856,02-16-2025 10:37:45,Diverse Power
Coweta,15,15,15,02-16-2025 10:37:45,Diverse Power
Muscogee,2024,2024,2729,02-16-2025 10:37:45,Diverse Power
Meriwether,1751,1751,2435,02-16-2025 10:37:45,Diverse Power
Chambers,236,236,685,02-16-2025 10:37:45,Diverse Power
Harris,3941,3941,8316,02-16-2025 10:37:45,Diverse Power
Heard,18,18,479,02-16-2025 10:52:44,Diverse Power
Troup,5273,5273,17856,02-16-2025 10:52:44,Diverse Power
Coweta,15,15,15,02-16-2025 10:52:44,Diverse Power
Muscogee,2024,2024,2729,02-16-2025 10:52:44,Diverse Power
Meriwether,1827,1827,2435,02-16-2025 10:52:44,Diverse Power
Chambers,236,236,685,02-16-2025 10:52:44,Diverse Power
Harris,3981,3981,8316,02-16-2025 10:52:44,Diverse Power
Heard,17,17,479,02-16-2025 11:07:45,Diverse Power
Troup,5278,5278,17856,02-16-2025 11:07:45,Diverse Power
Coweta,15,15,15,02-16-2025 11:07:45,Diverse Power
Muscogee,2024,2024,2729,02-16-2025 11:07:45,Diverse Power
Meriwether,1827,1827,2435,02-16-2025 11:07:45,Diverse Power
Chambers,236,236,685,02-16-2025 11:07:45,Diverse Power
Harris,3981,3981,8316,02-16-2025 11:07:45,Diverse Power
Heard,21,21,479,02-16-2025 11:22:44,Diverse Power
Troup,5310,5310,17856,02-16-2025 11:22:44,Diverse Power
Coweta,15,15,15,02-16-2025 11:22:44,Diverse Power
Muscogee,2024,2024,2729,02-16-2025 11:22:44,Diverse Power
Meriwether,1828,1828,2435,02-16-2025 11:22:44,Diverse Power
Chambers,236,236,685,02-16-2025 11:22:44,Diverse Power
Harris,3982,3982,8316,02-16-2025 11:22:44,Diverse Power
Heard,21,21,479,02-16-2025 11:37:44,Diverse Power
Troup,5313,5313,17856,02-16-2025 11:37:44,Diverse Power
Coweta,15,15,15,02-16-2025 11:37:44,Diverse Power
Muscogee,2024,2024,2729,02-16-2025 11:37:44,Diverse Power
Meriwether,1828,1828,2435,02-16-2025 11:37:44,Diverse Power
Chambers,239,239,685,02-16-2025 11:37:44,Diverse Power
Harris,3982,3982,8316,02-16-2025 11:37:44,Diverse Power
Heard,21,21,479,02-16-2025 11:52:45,Diverse Power
Randolph,2,2,1728,02-16-2025 11:52:45,Diverse Power
Troup,5415,5415,17856,02-16-2025 11:52:45,Diverse Power
Coweta,15,15,15,02-16-2025 11:52:45,Diverse Power
Muscogee,2024,2024,2729,02-16-2025 11:52:45,Diverse Power
Meriwether,1839,1839,2435,02-16-2025 11:52:45,Diverse Power
Chambers,239,239,685,02-16-2025 11:52:45,Diverse Power
Harris,4023,4023,8316,02-16-2025 11:52:45,Diverse Power
Heard,21,21,479,02-16-2025 12:07:44,Diverse Power
Randolph,2,2,1728,02-16-2025 12:07:44,Diverse Power
Troup,5394,5394,17856,02-16-2025 12:07:44,Diverse Power
Coweta,15,15,15,02-16-2025 12:07:44,Diverse Power
Muscogee,2024,2024,2729,02-16-2025 12:07:44,Diverse Power
Meriwether,1839,1839,2435,02-16-2025 12:07:44,Diverse Power
Chambers,321,321,685,02-16-2025 12:07:44,Diverse Power
Harris,4137,4137,8316,02-16-2025 12:07:44,Diverse Power
Heard,21,21,479,02-16-2025 12:22:45,Diverse Power
Randolph,2,2,1728,02-16-2025 12:22:45,Diverse Power
Troup,6354,6354,17856,02-16-2025 12:22:45,Diverse Power
Coweta,15,15,15,02-16-2025 12:22:45,Diverse Power
Muscogee,2024,2024,2729,02-16-2025 12:22:45,Diverse Power
Meriwether,1839,1839,2435,02-16-2025 12:22:45,Diverse Power
Chambers,371,371,685,02-16-2025 12:22:45,Diverse Power
Harris,4165,4165,8316,02-16-2025 12:22:45,Diverse Power
Heard,21,21,479,02-16-2025 12:37:46,Diverse Power
Randolph,2,2,1728,02-16-2025 12:37:46,Diverse Power
Troup,6353,6353,17856,02-16-2025 12:37:46,Diverse Power
Coweta,15,15,15,02-16-2025 12:37:46,Diverse Power
Muscogee,2024,2024,2729,02-16-2025 12:37:46,Diverse Power
Meriwether,1839,1839,2435,02-16-2025 12:37:46,Diverse Power
Chambers,371,371,685,02-16-2025 12:37:46,Diverse Power
Harris,4167,4167,8316,02-16-2025 12:37:46,Diverse Power
Heard,21,21,479,02-16-2025 12:52:47,Diverse Power
Randolph,2,2,1728,02-16-2025 12:52:47,Diverse Power
Troup,6756,6756,17856,02-16-2025 12:52:47,Diverse Power
Coweta,15,15,15,02-16-2025 12:52:47,Diverse Power
Muscogee,2024,2024,2729,02-16-2025 12:52:47,Diverse Power
Meriwether,1851,1851,2435,02-16-2025 12:52:47,Diverse Power
Chambers,371,371,685,02-16-2025 12:52:47,Diverse Power
Harris,4167,4167,8316,02-16-2025 12:52:47,Diverse Power
Heard,21,21,479,02-16-2025 13:07:45,Diverse Power
Randolph,2,2,1728,02-16-2025 13:07:45,Diverse Power
Troup,5304,5304,17856,02-16-2025 13:07:45,Diverse Power
Coweta,15,15,15,02-16-2025 13:07:45,Diverse Power
Muscogee,2024,2024,2729,02-16-2025 13:07:45,Diverse Power
Meriwether,1853,1853,2435,02-16-2025 13:07:45,Diverse Power
Chambers,371,371,685,02-16-2025 13:07:45,Diverse Power
Harris,4199,4199,8316,02-16-2025 13:07:45,Diverse Power
Heard,21,21,479,02-16-2025 13:22:44,Diverse Power
Randolph,2,2,1728,02-16-2025 13:22:44,Diverse Power
Troup,5366,5366,17856,02-16-2025 13:22:44,Diverse Power
Coweta,15,15,15,02-16-2025 13:22:44,Diverse Power
Muscogee,2024,2024,2729,02-16-2025 13:22:44,Diverse Power
Meriwether,1854,1854,2435,02-16-2025 13:22:44,Diverse Power
Chambers,388,388,685,02-16-2025 13:22:44,Diverse Power
Harris,4223,4223,8316,02-16-2025 13:22:44,Diverse Power
Heard,21,21,479,02-16-2025 13:37:45,Diverse Power
Randolph,2,2,1728,02-16-2025 13:37:45,Diverse Power
Troup,5408,4727,17856,02-16-2025 13:37:45,Diverse Power
Coweta,15,15,15,02-16-2025 13:37:45,Diverse Power
Muscogee,2024,2024,2729,02-16-2025 13:37:45,Diverse Power
Meriwether,1854,1854,2435,02-16-2025 13:37:45,Diverse Power
Chambers,414,414,685,02-16-2025 13:37:45,Diverse Power
Harris,4221,4090,8316,02-16-2025 13:37:45,Diverse Power
Heard,21,21,479,02-16-2025 13:52:43,Diverse Power
Randolph,2,2,1728,02-16-2025 13:52:43,Diverse Power
Troup,5417,4787,17856,02-16-2025 13:52:43,Diverse Power
Coweta,15,15,15,02-16-2025 13:52:43,Diverse Power
Muscogee,2024,2024,2729,02-16-2025 13:52:43,Diverse Power
Meriwether,1854,1854,2435,02-16-2025 13:52:43,Diverse Power
Chambers,414,414,685,02-16-2025 13:52:43,Diverse Power
Harris,4236,4109,8316,02-16-2025 13:52:43,Diverse Power
Heard,21,21,479,02-16-2025 14:07:46,Diverse Power
Randolph,2,2,1728,02-16-2025 14:07:46,Diverse Power
Troup,5425,5018,17856,02-16-2025 14:07:46,Diverse Power
Coweta,15,15,15,02-16-2025 14:07:46,Diverse Power
Muscogee,2024,2024,2729,02-16-2025 14:07:46,Diverse Power
Meriwether,1886,1886,2435,02-16-2025 14:07:46,Diverse Power
Chambers,414,414,685,02-16-2025 14:07:46,Diverse Power
Harris,4239,4227,8316,02-16-2025 14:07:46,Diverse Power
Heard,21,21,479,02-16-2025 14:22:45,Diverse Power
Randolph,2,2,1728,02-16-2025 14:22:45,Diverse Power
Troup,4921,4546,17856,02-16-2025 14:22:45,Diverse Power
Coweta,15,15,15,02-16-2025 14:22:45,Diverse Power
Muscogee,2024,1805,2729,02-16-2025 14:22:45,Diverse Power
Meriwether,1769,905,2435,02-16-2025 14:22:45,Diverse Power
Chambers,414,414,685,02-16-2025 14:22:45,Diverse Power
Harris,4266,3106,8316,02-16-2025 14:22:45,Diverse Power
Heard,21,21,479,02-16-2025 14:37:44,Diverse Power
Randolph,2,2,1728,02-16-2025 14:37:44,Diverse Power
Troup,4939,4564,17856,02-16-2025 14:37:44,Diverse Power
Coweta,15,15,15,02-16-2025 14:37:44,Diverse Power
Muscogee,2024,1811,2729,02-16-2025 14:37:44,Diverse Power
Meriwether,1769,1065,2435,02-16-2025 14:37:44,Diverse Power
Chambers,414,414,685,02-16-2025 14:37:44,Diverse Power
Harris,4276,3428,8316,02-16-2025 14:37:44,Diverse Power
Heard,21,21,479,02-16-2025 14:52:46,Diverse Power
Randolph,2,2,1728,02-16-2025 14:52:46,Diverse Power
Troup,4954,4609,17856,02-16-2025 14:52:46,Diverse Power
Coweta,15,15,15,02-16-2025 14:52:46,Diverse Power
Muscogee,2024,1829,2729,02-16-2025 14:52:46,Diverse Power
Meriwether,1784,1080,2435,02-16-2025 14:52:46,Diverse Power
Chambers,414,414,685,02-16-2025 14:52:46,Diverse Power
Harris,4276,3479,8316,02-16-2025 14:52:46,Diverse Power
Heard,21,21,479,02-16-2025 15:07:52,Diverse Power
Randolph,14,14,1728,02-16-2025 15:07:52,Diverse Power
Troup,4978,4638,17856,02-16-2025 15:07:52,Diverse Power
Coweta,15,15,15,02-16-2025 15:07:52,Diverse Power
Muscogee,2024,1833,2729,02-16-2025 15:07:52,Diverse Power
Meriwether,1784,1080,2435,02-16-2025 15:07:52,Diverse Power
Chambers,414,414,685,02-16-2025 15:07:52,Diverse Power
Harris,4276,3531,8316,02-16-2025 15:07:52,Diverse Power
Heard,21,21,479,02-16-2025 15:22:49,Diverse Power
Randolph,14,14,1728,02-16-2025 15:22:49,Diverse Power
Troup,4941,4601,17856,02-16-2025 15:22:49,Diverse Power
Coweta,15,15,15,02-16-2025 15:22:49,Diverse Power
Muscogee,2031,1879,2729,02-16-2025 15:22:49,Diverse Power
Meriwether,1789,1088,2435,02-16-2025 15:22:49,Diverse Power
Chambers,412,412,685,02-16-2025 15:22:49,Diverse Power
Harris,4293,3553,8316,02-16-2025 15:22:49,Diverse Power
Heard,21,21,479,02-16-2025 15:37:47,Diverse Power
Randolph,14,14,1728,02-16-2025 15:37:47,Diverse Power
Troup,4943,4620,17856,02-16-2025 15:37:47,Diverse Power
Coweta,15,15,15,02-16-2025 15:37:47,Diverse Power
Muscogee,2031,1879,2729,02-16-2025 15:37:47,Diverse Power
Meriwether,1795,1112,2435,02-16-2025 15:37:47,Diverse Power
Chambers,412,412,685,02-16-2025 15:37:47,Diverse Power
Harris,4293,3553,8316,02-16-2025 15:37:47,Diverse Power
Heard,21,21,479,02-16-2025 15:52:52,Diverse Power
Quitman,2,2,1305,02-16-2025 15:52:52,Diverse Power
Randolph,14,14,1728,02-16-2025 15:52:52,Diverse Power
Troup,4940,4122,17856,02-16-2025 15:52:52,Diverse Power
Coweta,15,15,15,02-16-2025 15:52:52,Diverse Power
Muscogee,2031,1908,2729,02-16-2025 15:52:52,Diverse Power
Meriwether,1817,1135,2435,02-16-2025 15:52:52,Diverse Power
Chambers,412,412,685,02-16-2025 15:52:52,Diverse Power
Harris,4296,3560,8316,02-16-2025 15:52:52,Diverse Power
Heard,21,21,479,02-16-2025 16:07:49,Diverse Power
Quitman,2,2,1305,02-16-2025 16:07:49,Diverse Power
Randolph,14,14,1728,02-16-2025 16:07:49,Diverse Power
Troup,4942,4131,17856,02-16-2025 16:07:49,Diverse Power
Coweta,15,15,15,02-16-2025 16:07:49,Diverse Power
Muscogee,2031,1908,2729,02-16-2025 16:07:49,Diverse Power
Meriwether,1817,1156,2435,02-16-2025 16:07:49,Diverse Power
Chambers,412,412,685,02-16-2025 16:07:49,Diverse Power
Harris,4296,3687,8316,02-16-2025 16:07:49,Diverse Power
Heard,21,21,479,02-16-2025 16:22:48,Diverse Power
Troup,4943,4594,17856,02-16-2025 16:22:48,Diverse Power
Coweta,15,15,15,02-16-2025 16:22:48,Diverse Power
Muscogee,2030,1908,2729,02-16-2025 16:22:48,Diverse Power
Meriwether,1817,1156,2435,02-16-2025 16:22:48,Diverse Power
Chambers,412,412,685,02-16-2025 16:22:48,Diverse Power
Harris,4296,3772,8316,02-16-2025 16:22:48,Diverse Power
Heard,21,21,479,02-16-2025 16:37:46,Diverse Power
Troup,4944,4595,17856,02-16-2025 16:37:46,Diverse Power
Coweta,15,15,15,02-16-2025 16:37:46,Diverse Power
Muscogee,2030,1946,2729,02-16-2025 16:37:46,Diverse Power
Meriwether,1817,1156,2435,02-16-2025 16:37:46,Diverse Power
Chambers,412,412,685,02-16-2025 16:37:46,Diverse Power
Harris,4296,3797,8316,02-16-2025 16:37:46,Diverse Power
Heard,21,21,479,02-16-2025 16:52:46,Diverse Power
Troup,4952,4622,17856,02-16-2025 16:52:46,Diverse Power
Coweta,15,15,15,02-16-2025 16:52:46,Diverse Power
Muscogee,2030,1954,2729,02-16-2025 16:52:46,Diverse Power
Meriwether,1806,1145,2435,02-16-2025 16:52:46,Diverse Power
Chambers,412,412,685,02-16-2025 16:52:46,Diverse Power
Harris,4296,3797,8316,02-16-2025 16:52:46,Diverse Power
Heard,21,21,479,02-16-2025 17:07:54,Diverse Power
Troup,4952,4622,17856,02-16-2025 17:07:54,Diverse Power
Coweta,15,15,15,02-16-2025 17:07:54,Diverse Power
Muscogee,2030,1953,2729,02-16-2025 17:07:54,Diverse Power
Meriwether,1806,1145,2435,02-16-2025 17:07:54,Diverse Power
Chambers,412,412,685,02-16-2025 17:07:54,Diverse Power
Harris,4294,3795,8316,02-16-2025 17:07:54,Diverse Power
Heard,21,21,479,02-16-2025 17:22:50,Diverse Power
Troup,4955,4757,17856,02-16-2025 17:22:50,Diverse Power
Coweta,15,15,15,02-16-2025 17:22:50,Diverse Power
Muscogee,2030,1953,2729,02-16-2025 17:22:50,Diverse Power
Meriwether,1806,1145,2435,02-16-2025 17:22:50,Diverse Power
Chambers,412,412,685,02-16-2025 17:22:50,Diverse Power
Harris,4294,3795,8316,02-16-2025 17:22:50,Diverse Power
Heard,21,21,479,02-16-2025 17:37:48,Diverse Power
Troup,4955,4757,17856,02-16-2025 17:37:48,Diverse Power
Coweta,15,15,15,02-16-2025 17:37:48,Diverse Power
Muscogee,2030,1953,2729,02-16-2025 17:37:48,Diverse Power
Meriwether,1806,1145,2435,02-16-2025 17:37:48,Diverse Power
Chambers,412,412,685,02-16-2025 17:37:48,Diverse Power
Harris,4294,3795,8316,02-16-2025 17:37:48,Diverse Power
Heard,21,21,479,02-16-2025 17:52:48,Diverse Power
Troup,4957,4759,17856,02-16-2025 17:52:48,Diverse Power
Coweta,15,15,15,02-16-2025 17:52:48,Diverse Power
Muscogee,2030,1953,2729,02-16-2025 17:52:48,Diverse Power
Meriwether,1806,1145,2435,02-16-2025 17:52:48,Diverse Power
Chambers,412,412,685,02-16-2025 17:52:48,Diverse Power
Harris,4294,3795,8316,02-16-2025 17:52:48,Diverse Power
Heard,21,21,479,02-16-2025 18:07:54,Diverse Power
Troup,4958,4760,17856,02-16-2025 18:07:54,Diverse Power
Coweta,15,15,15,02-16-2025 18:07:54,Diverse Power
Muscogee,2030,1953,2729,02-16-2025 18:07:54,Diverse Power
Meriwether,1806,1145,2435,02-16-2025 18:07:54,Diverse Power
Chambers,412,412,685,02-16-2025 18:07:54,Diverse Power
Harris,4294,3795,8316,02-16-2025 18:07:54,Diverse Power
Heard,21,21,479,02-16-2025 18:22:46,Diverse Power
Troup,4958,4760,17856,02-16-2025 18:22:46,Diverse Power
Coweta,15,15,15,02-16-2025 18:22:46,Diverse Power
Muscogee,2030,1953,2729,02-16-2025 18:22:46,Diverse Power
Meriwether,1806,1145,2435,02-16-2025 18:22:46,Diverse Power
Chambers,412,412,685,02-16-2025 18:22:46,Diverse Power
Harris,4294,3795,8316,02-16-2025 18:22:46,Diverse Power
Heard,21,21,479,02-16-2025 18:37:47,Diverse Power
Troup,4961,4763,17856,02-16-2025 18:37:47,Diverse Power
Coweta,15,15,15,02-16-2025 18:37:47,Diverse Power
Muscogee,2030,1953,2729,02-16-2025 18:37:47,Diverse Power
Meriwether,1806,1145,2435,02-16-2025 18:37:47,Diverse Power
Chambers,412,412,685,02-16-2025 18:37:47,Diverse Power
Harris,4295,3798,8316,02-16-2025 18:37:47,Diverse Power
Heard,21,21,479,02-16-2025 18:52:44,Diverse Power
Troup,4804,4606,17856,02-16-2025 18:52:44,Diverse Power
Coweta,15,15,15,02-16-2025 18:52:44,Diverse Power
Muscogee,2030,1953,2729,02-16-2025 18:52:44,Diverse Power
Meriwether,1807,1146,2435,02-16-2025 18:52:44,Diverse Power
Chambers,412,412,685,02-16-2025 18:52:44,Diverse Power
Harris,4295,3801,8316,02-16-2025 18:52:44,Diverse Power
Heard,21,21,479,02-16-2025 19:07:47,Diverse Power
Troup,4803,4612,17856,02-16-2025 19:07:47,Diverse Power
Coweta,15,15,15,02-16-2025 19:07:47,Diverse Power
Muscogee,2030,1953,2729,02-16-2025 19:07:47,Diverse Power
Meriwether,1153,1153,2435,02-16-2025 19:07:47,Diverse Power
Chambers,412,412,685,02-16-2025 19:07:47,Diverse Power
Harris,4295,3801,8316,02-16-2025 19:07:47,Diverse Power
Heard,21,21,479,02-16-2025 19:22:46,Diverse Power
Troup,4883,3609,17856,02-16-2025 19:22:46,Diverse Power
Coweta,15,15,15,02-16-2025 19:22:46,Diverse Power
Muscogee,2030,1953,2729,02-16-2025 19:22:46,Diverse Power
Meriwether,1153,991,2435,02-16-2025 19:22:46,Diverse Power
Chambers,412,412,685,02-16-2025 19:22:46,Diverse Power
Harris,4295,3801,8316,02-16-2025 19:22:46,Diverse Power
Heard,21,21,479,02-16-2025 19:37:47,Diverse Power
Troup,4883,3605,17856,02-16-2025 19:37:47,Diverse Power
Coweta,15,15,15,02-16-2025 19:37:47,Diverse Power
Muscogee,2030,1953,2729,02-16-2025 19:37:47,Diverse Power
Meriwether,1153,992,2435,02-16-2025 19:37:47,Diverse Power
Chambers,412,412,685,02-16-2025 19:37:47,Diverse Power
Harris,4295,3801,8316,02-16-2025 19:37:47,Diverse Power
Heard,21,21,479,02-16-2025 19:52:46,Diverse Power
Troup,4883,3607,17856,02-16-2025 19:52:46,Diverse Power
Coweta,15,15,15,02-16-2025 19:52:46,Diverse Power
Muscogee,2030,1953,2729,02-16-2025 19:52:46,Diverse Power
Meriwether,1153,979,2435,02-16-2025 19:52:46,Diverse Power
Chambers,412,412,685,02-16-2025 19:52:46,Diverse Power
Harris,4294,3800,8316,02-16-2025 19:52:46,Diverse Power
Heard,21,21,479,02-16-2025 20:07:45,Diverse Power
Troup,4882,3604,17856,02-16-2025 20:07:45,Diverse Power
Coweta,15,15,15,02-16-2025 20:07:45,Diverse Power
Muscogee,2030,1953,2729,02-16-2025 20:07:45,Diverse Power
Meriwether,1153,979,2435,02-16-2025 20:07:45,Diverse Power
Chambers,412,412,685,02-16-2025 20:07:45,Diverse Power
Harris,4294,3800,8316,02-16-2025 20:07:45,Diverse Power
Heard,21,21,479,02-16-2025 20:22:44,Diverse Power
Troup,4731,3358,17856,02-16-2025 20:22:44,Diverse Power
Coweta,15,15,15,02-16-2025 20:22:44,Diverse Power
Muscogee,2030,1953,2729,02-16-2025 20:22:44,Diverse Power
Meriwether,1153,979,2435,02-16-2025 20:22:44,Diverse Power
Chambers,412,412,685,02-16-2025 20:22:44,Diverse Power
Harris,4294,3800,8316,02-16-2025 20:22:44,Diverse Power
Heard,21,21,479,02-16-2025 20:37:44,Diverse Power
Troup,4731,3358,17856,02-16-2025 20:37:44,Diverse Power
Coweta,15,15,15,02-16-2025 20:37:44,Diverse Power
Muscogee,2030,1953,2729,02-16-2025 20:37:44,Diverse Power
Meriwether,1135,961,2435,02-16-2025 20:37:44,Diverse Power
Chambers,412,412,685,02-16-2025 20:37:44,Diverse Power
Harris,4295,3801,8316,02-16-2025 20:37:44,Diverse Power
Heard,21,21,479,02-16-2025 20:52:45,Diverse Power
Troup,4734,3001,17856,02-16-2025 20:52:45,Diverse Power
Coweta,15,15,15,02-16-2025 20:52:45,Diverse Power
Muscogee,2030,1953,2729,02-16-2025 20:52:45,Diverse Power
Meriwether,961,961,2435,02-16-2025 20:52:45,Diverse Power
Chambers,412,412,685,02-16-2025 20:52:45,Diverse Power
Harris,4295,3801,8316,02-16-2025 20:52:45,Diverse Power
Heard,21,21,479,02-16-2025 21:07:47,Diverse Power
Troup,4734,3388,17856,02-16-2025 21:07:47,Diverse Power
Coweta,15,15,15,02-16-2025 21:07:47,Diverse Power
Muscogee,2030,1953,2729,02-16-2025 21:07:47,Diverse Power
Meriwether,961,961,2435,02-16-2025 21:07:47,Diverse Power
Chambers,412,412,685,02-16-2025 21:07:47,Diverse Power
Harris,4295,3801,8316,02-16-2025 21:07:47,Diverse Power
Heard,21,21,479,02-16-2025 21:22:47,Diverse Power
Troup,4734,3388,17856,02-16-2025 21:22:47,Diverse Power
Coweta,15,15,15,02-16-2025 21:22:47,Diverse Power
Muscogee,2030,1667,2729,02-16-2025 21:22:47,Diverse Power
Meriwether,961,961,2435,02-16-2025 21:22:47,Diverse Power
Chambers,412,412,685,02-16-2025 21:22:47,Diverse Power
Harris,4206,3507,8316,02-16-2025 21:22:47,Diverse Power
Heard,21,21,479,02-16-2025 21:37:46,Diverse Power
Troup,3553,3388,17856,02-16-2025 21:37:46,Diverse Power
Coweta,15,15,15,02-16-2025 21:37:46,Diverse Power
Muscogee,1667,1667,2729,02-16-2025 21:37:46,Diverse Power
Meriwether,961,961,2435,02-16-2025 21:37:46,Diverse Power
Chambers,412,412,685,02-16-2025 21:37:46,Diverse Power
Harris,3507,3507,8316,02-16-2025 21:37:46,Diverse Power
Heard,21,21,479,02-16-2025 21:52:46,Diverse Power
Troup,3550,3385,17856,02-16-2025 21:52:46,Diverse Power
Coweta,15,15,15,02-16-2025 21:52:46,Diverse Power
Muscogee,1667,1667,2729,02-16-2025 21:52:46,Diverse Power
Meriwether,961,961,2435,02-16-2025 21:52:46,Diverse Power
Chambers,412,412,685,02-16-2025 21:52:46,Diverse Power
Harris,3483,3483,8316,02-16-2025 21:52:46,Diverse Power
Heard,21,21,479,02-16-2025 22:07:47,Diverse Power
Troup,3550,3236,17856,02-16-2025 22:07:47,Diverse Power
Coweta,15,15,15,02-16-2025 22:07:47,Diverse Power
Muscogee,1667,1667,2729,02-16-2025 22:07:47,Diverse Power
Meriwether,961,904,2435,02-16-2025 22:07:47,Diverse Power
Chambers,412,412,685,02-16-2025 22:07:47,Diverse Power
Harris,3483,3483,8316,02-16-2025 22:07:47,Diverse Power
Heard,21,21,479,02-16-2025 22:22:55,Diverse Power
Troup,3462,2842,17856,02-16-2025 22:22:55,Diverse Power
Coweta,15,0,15,02-16-2025 22:22:55,Diverse Power
Muscogee,1667,1667,2729,02-16-2025 22:22:55,Diverse Power
Meriwether,961,644,2435,02-16-2025 22:22:55,Diverse Power
Chambers,412,412,685,02-16-2025 22:22:55,Diverse Power
Harris,3483,3483,8316,02-16-2025 22:22:55,Diverse Power
Heard,21,21,479,02-16-2025 22:37:54,Diverse Power
Troup,3462,2842,17856,02-16-2025 22:37:54,Diverse Power
Coweta,15,0,15,02-16-2025 22:37:54,Diverse Power
Muscogee,1641,1641,2729,02-16-2025 22:37:54,Diverse Power
Meriwether,961,644,2435,02-16-2025 22:37:54,Diverse Power
Chambers,412,412,685,02-16-2025 22:37:54,Diverse Power
Harris,3410,3410,8316,02-16-2025 22:37:54,Diverse Power
Heard,21,21,479,02-16-2025 22:52:54,Diverse Power
Troup,3524,2904,17856,02-16-2025 22:52:54,Diverse Power
Coweta,15,0,15,02-16-2025 22:52:54,Diverse Power
Muscogee,1641,1641,2729,02-16-2025 22:52:54,Diverse Power
Meriwether,961,644,2435,02-16-2025 22:52:54,Diverse Power
Chambers,504,504,685,02-16-2025 22:52:54,Diverse Power
Harris,3479,3479,8316,02-16-2025 22:52:54,Diverse Power
Heard,21,21,479,02-16-2025 23:07:54,Diverse Power
Troup,3518,2898,17856,02-16-2025 23:07:54,Diverse Power
Coweta,15,0,15,02-16-2025 23:07:54,Diverse Power
Muscogee,1641,1641,2729,02-16-2025 23:07:54,Diverse Power
Meriwether,937,620,2435,02-16-2025 23:07:54,Diverse Power
Chambers,504,504,685,02-16-2025 23:07:54,Diverse Power
Harris,3479,3479,8316,02-16-2025 23:07:54,Diverse Power
Heard,21,21,479,02-16-2025 23:22:48,Diverse Power
Troup,3520,2899,17856,02-16-2025 23:22:48,Diverse Power
Coweta,15,0,15,02-16-2025 23:22:48,Diverse Power
Muscogee,1641,1641,2729,02-16-2025 23:22:48,Diverse Power
Meriwether,937,620,2435,02-16-2025 23:22:48,Diverse Power
Chambers,504,504,685,02-16-2025 23:22:48,Diverse Power
Harris,3479,3479,8316,02-16-2025 23:22:48,Diverse Power
Heard,21,21,479,02-16-2025 23:37:47,Diverse Power
Troup,3521,2701,17856,02-16-2025 23:37:47,Diverse Power
Coweta,15,0,15,02-16-2025 23:37:47,Diverse Power
Muscogee,1641,1641,2729,02-16-2025 23:37:47,Diverse Power
Meriwether,937,620,2435,02-16-2025 23:37:47,Diverse Power
Chambers,504,504,685,02-16-2025 23:37:47,Diverse Power
Harris,3479,3479,8316,02-16-2025 23:37:47,Diverse Power
Heard,21,21,479,02-16-2025 23:52:47,Diverse Power
Troup,3522,2565,17856,02-16-2025 23:52:47,Diverse Power
Coweta,15,0,15,02-16-2025 23:52:47,Diverse Power
Muscogee,1641,1641,2729,02-16-2025 23:52:47,Diverse Power
Meriwether,937,620,2435,02-16-2025 23:52:47,Diverse Power
Chambers,504,502,685,02-16-2025 23:52:47,Diverse Power
Harris,3441,3441,8316,02-16-2025 23:52:47,Diverse Power
Heard,21,21,479,02-17-2025 00:07:48,Diverse Power
Troup,3522,2367,17856,02-17-2025 00:07:48,Diverse Power
Coweta,15,0,15,02-17-2025 00:07:48,Diverse Power
Muscogee,1641,1641,2729,02-17-2025 00:07:48,Diverse Power
Meriwether,937,620,2435,02-17-2025 00:07:48,Diverse Power
Chambers,504,502,685,02-17-2025 00:07:48,Diverse Power
Harris,3441,3441,8316,02-17-2025 00:07:48,Diverse Power
Heard,21,21,479,02-17-2025 00:22:46,Diverse Power
Troup,3171,2326,17856,02-17-2025 00:22:46,Diverse Power
Muscogee,1632,1632,2729,02-17-2025 00:22:46,Diverse Power
Meriwether,663,620,2435,02-17-2025 00:22:46,Diverse Power
Chambers,504,347,685,02-17-2025 00:22:46,Diverse Power
Harris,3441,3441,8316,02-17-2025 00:22:46,Diverse Power
Heard,21,21,479,02-17-2025 00:37:46,Diverse Power
Troup,3171,2326,17856,02-17-2025 00:37:46,Diverse Power
Muscogee,1632,1632,2729,02-17-2025 00:37:46,Diverse Power
Meriwether,663,620,2435,02-17-2025 00:37:46,Diverse Power
Chambers,504,348,685,02-17-2025 00:37:46,Diverse Power
Harris,3441,3441,8316,02-17-2025 00:37:46,Diverse Power
Heard,21,21,479,02-17-2025 00:52:48,Diverse Power
Troup,3172,1998,17856,02-17-2025 00:52:48,Diverse Power
Muscogee,1611,1611,2729,02-17-2025 00:52:48,Diverse Power
Meriwether,663,620,2435,02-17-2025 00:52:48,Diverse Power
Chambers,504,348,685,02-17-2025 00:52:48,Diverse Power
Harris,3097,2966,8316,02-17-2025 00:52:48,Diverse Power
Heard,21,21,479,02-17-2025 01:07:48,Diverse Power
Troup,3169,1995,17856,02-17-2025 01:07:48,Diverse Power
Muscogee,1611,1611,2729,02-17-2025 01:07:48,Diverse Power
Meriwether,663,620,2435,02-17-2025 01:07:48,Diverse Power
Chambers,504,348,685,02-17-2025 01:07:48,Diverse Power
Harris,3099,2968,8316,02-17-2025 01:07:48,Diverse Power
Heard,21,19,479,02-17-2025 01:22:48,Diverse Power
Troup,2765,1940,17856,02-17-2025 01:22:48,Diverse Power
Muscogee,1632,1632,2729,02-17-2025 01:22:48,Diverse Power
Meriwether,663,615,2435,02-17-2025 01:22:48,Diverse Power
Chambers,349,347,685,02-17-2025 01:22:48,Diverse Power
Harris,3441,3310,8316,02-17-2025 01:22:48,Diverse Power
Heard,21,21,479,02-17-2025 01:37:45,Diverse Power
Troup,2714,1945,17856,02-17-2025 01:37:45,Diverse Power
Muscogee,1611,1611,2729,02-17-2025 01:37:45,Diverse Power
Meriwether,663,615,2435,02-17-2025 01:37:45,Diverse Power
Chambers,349,347,685,02-17-2025 01:37:45,Diverse Power
Harris,2394,2101,8316,02-17-2025 01:37:45,Diverse Power
Heard,21,21,479,02-17-2025 01:52:45,Diverse Power
Troup,3131,2225,17856,02-17-2025 01:52:45,Diverse Power
Coweta,15,15,15,02-17-2025 01:52:45,Diverse Power
Muscogee,1611,1611,2729,02-17-2025 01:52:45,Diverse Power
Meriwether,937,889,2435,02-17-2025 01:52:45,Diverse Power
Chambers,349,347,685,02-17-2025 01:52:45,Diverse Power
Harris,2353,1763,8316,02-17-2025 01:52:45,Diverse Power
Heard,21,21,479,02-17-2025 02:07:48,Diverse Power
Troup,3131,2225,17856,02-17-2025 02:07:48,Diverse Power
Coweta,15,15,15,02-17-2025 02:07:48,Diverse Power
Muscogee,1604,1604,2729,02-17-2025 02:07:48,Diverse Power
Meriwether,937,889,2435,02-17-2025 02:07:48,Diverse Power
Chambers,349,347,685,02-17-2025 02:07:48,Diverse Power
Harris,2074,1471,8316,02-17-2025 02:07:48,Diverse Power
Heard,15,15,479,02-17-2025 02:22:54,Diverse Power
Troup,3131,2217,17856,02-17-2025 02:22:54,Diverse Power
Coweta,15,15,15,02-17-2025 02:22:54,Diverse Power
Muscogee,1605,1605,2729,02-17-2025 02:22:54,Diverse Power
Meriwether,938,890,2435,02-17-2025 02:22:54,Diverse Power
Chambers,349,347,685,02-17-2025 02:22:54,Diverse Power
Harris,2076,1479,8316,02-17-2025 02:22:54,Diverse Power
Heard,15,15,479,02-17-2025 02:37:48,Diverse Power
Troup,3131,2217,17856,02-17-2025 02:37:48,Diverse Power
Coweta,15,15,15,02-17-2025 02:37:48,Diverse Power
Muscogee,1605,1605,2729,02-17-2025 02:37:48,Diverse Power
Meriwether,938,890,2435,02-17-2025 02:37:48,Diverse Power
Chambers,349,347,685,02-17-2025 02:37:48,Diverse Power
Harris,2076,1521,8316,02-17-2025 02:37:48,Diverse Power
Heard,15,15,479,02-17-2025 02:52:55,Diverse Power
Troup,3131,2090,17856,02-17-2025 02:52:55,Diverse Power
Coweta,15,15,15,02-17-2025 02:52:55,Diverse Power
Muscogee,1605,1605,2729,02-17-2025 02:52:55,Diverse Power
Meriwether,938,890,2435,02-17-2025 02:52:55,Diverse Power
Chambers,349,347,685,02-17-2025 02:52:55,Diverse Power
Harris,2076,1527,8316,02-17-2025 02:52:55,Diverse Power
Heard,15,15,479,02-17-2025 03:07:52,Diverse Power
Troup,3131,2046,17856,02-17-2025 03:07:52,Diverse Power
Coweta,15,15,15,02-17-2025 03:07:52,Diverse Power
Muscogee,1605,36,2729,02-17-2025 03:07:52,Diverse Power
Meriwether,919,871,2435,02-17-2025 03:07:52,Diverse Power
Chambers,349,347,685,02-17-2025 03:07:52,Diverse Power
Harris,2076,1527,8316,02-17-2025 03:07:52,Diverse Power
Heard,2,2,479,02-17-2025 03:22:53,Diverse Power
Troup,3131,2046,17856,02-17-2025 03:22:53,Diverse Power
Coweta,15,15,15,02-17-2025 03:22:53,Diverse Power
Muscogee,1605,3,2729,02-17-2025 03:22:53,Diverse Power
Meriwether,919,871,2435,02-17-2025 03:22:53,Diverse Power
Chambers,349,347,685,02-17-2025 03:22:53,Diverse Power
Harris,2077,1503,8316,02-17-2025 03:22:53,Diverse Power
Heard,2,2,479,02-17-2025 03:37:53,Diverse Power
Troup,3131,2046,17856,02-17-2025 03:37:53,Diverse Power
Coweta,15,15,15,02-17-2025 03:37:53,Diverse Power
Muscogee,1605,3,2729,02-17-2025 03:37:53,Diverse Power
Meriwether,919,871,2435,02-17-2025 03:37:53,Diverse Power
Chambers,349,347,685,02-17-2025 03:37:53,Diverse Power
Harris,2283,1275,8316,02-17-2025 03:37:53,Diverse Power
Heard,2,2,479,02-17-2025 03:52:49,Diverse Power
Troup,2358,1572,17856,02-17-2025 03:52:49,Diverse Power
Muscogee,1605,3,2729,02-17-2025 03:52:49,Diverse Power
Meriwether,645,597,2435,02-17-2025 03:52:49,Diverse Power
Chambers,349,347,685,02-17-2025 03:52:49,Diverse Power
Harris,2164,1291,8316,02-17-2025 03:52:49,Diverse Power
Heard,2,2,479,02-17-2025 04:07:49,Diverse Power
Troup,2227,1441,17856,02-17-2025 04:07:49,Diverse Power
Muscogee,1605,3,2729,02-17-2025 04:07:49,Diverse Power
Meriwether,645,597,2435,02-17-2025 04:07:49,Diverse Power
Chambers,349,347,685,02-17-2025 04:07:49,Diverse Power
Harris,2164,1294,8316,02-17-2025 04:07:49,Diverse Power
Heard,2,2,479,02-17-2025 04:22:51,Diverse Power
Troup,1590,1441,17856,02-17-2025 04:22:51,Diverse Power
Muscogee,3,3,2729,02-17-2025 04:22:51,Diverse Power
Meriwether,640,597,2435,02-17-2025 04:22:51,Diverse Power
Chambers,347,347,685,02-17-2025 04:22:51,Diverse Power
Harris,1879,1277,8316,02-17-2025 04:22:51,Diverse Power
Heard,2,2,479,02-17-2025 04:37:49,Diverse Power
Troup,1592,1416,17856,02-17-2025 04:37:49,Diverse Power
Muscogee,3,3,2729,02-17-2025 04:37:49,Diverse Power
Meriwether,640,597,2435,02-17-2025 04:37:49,Diverse Power
Chambers,347,347,685,02-17-2025 04:37:49,Diverse Power
Harris,1879,1293,8316,02-17-2025 04:37:49,Diverse Power
Heard,2,0,479,02-17-2025 04:52:49,Diverse Power
Troup,1597,1433,17856,02-17-2025 04:52:49,Diverse Power
Muscogee,3,3,2729,02-17-2025 04:52:49,Diverse Power
Meriwether,640,597,2435,02-17-2025 04:52:49,Diverse Power
Chambers,347,347,685,02-17-2025 04:52:49,Diverse Power
Harris,1865,1286,8316,02-17-2025 04:52:49,Diverse Power
Heard,2,0,479,02-17-2025 05:07:49,Diverse Power
Troup,1604,1440,17856,02-17-2025 05:07:49,Diverse Power
Muscogee,3,3,2729,02-17-2025 05:07:49,Diverse Power
Meriwether,640,597,2435,02-17-2025 05:07:49,Diverse Power
Chambers,347,347,685,02-17-2025 05:07:49,Diverse Power
Harris,1865,1289,8316,02-17-2025 05:07:49,Diverse Power
Heard,2,0,479,02-17-2025 05:22:48,Diverse Power
Troup,1604,1398,17856,02-17-2025 05:22:48,Diverse Power
Muscogee,3,3,2729,02-17-2025 05:22:48,Diverse Power
Meriwether,640,597,2435,02-17-2025 05:22:48,Diverse Power
Chambers,347,347,685,02-17-2025 05:22:48,Diverse Power
Harris,1865,1289,8316,02-17-2025 05:22:48,Diverse Power
Troup,1547,1398,17856,02-17-2025 05:37:46,Diverse Power
Muscogee,3,3,2729,02-17-2025 05:37:46,Diverse Power
Meriwether,640,597,2435,02-17-2025 05:37:46,Diverse Power
Chambers,347,347,685,02-17-2025 05:37:46,Diverse Power
Harris,1865,1289,8316,02-17-2025 05:37:46,Diverse Power
Troup,1547,1398,17856,02-17-2025 05:52:45,Diverse Power
Muscogee,3,3,2729,02-17-2025 05:52:45,Diverse Power
Meriwether,640,597,2435,02-17-2025 05:52:45,Diverse Power
Chambers,347,347,685,02-17-2025 05:52:45,Diverse Power
Harris,1864,1288,8316,02-17-2025 05:52:45,Diverse Power
Troup,1547,1398,17856,02-17-2025 06:07:45,Diverse Power
Muscogee,3,3,2729,02-17-2025 06:07:45,Diverse Power
Meriwether,640,597,2435,02-17-2025 06:07:45,Diverse Power
Chambers,347,347,685,02-17-2025 06:07:45,Diverse Power
Harris,1864,1288,8316,02-17-2025 06:07:45,Diverse Power
Troup,1547,1398,17856,02-17-2025 06:22:47,Diverse Power
Muscogee,3,3,2729,02-17-2025 06:22:47,Diverse Power
Meriwether,640,597,2435,02-17-2025 06:22:47,Diverse Power
Chambers,347,347,685,02-17-2025 06:22:47,Diverse Power
Harris,1864,1288,8316,02-17-2025 06:22:47,Diverse Power
Troup,1547,1398,17856,02-17-2025 06:37:47,Diverse Power
Muscogee,3,3,2729,02-17-2025 06:37:47,Diverse Power
Meriwether,640,597,2435,02-17-2025 06:37:47,Diverse Power
Chambers,347,347,685,02-17-2025 06:37:47,Diverse Power
Harris,1864,1288,8316,02-17-2025 06:37:47,Diverse Power
Troup,1545,1396,17856,02-17-2025 06:52:44,Diverse Power
Muscogee,3,3,2729,02-17-2025 06:52:44,Diverse Power
Meriwether,640,597,2435,02-17-2025 06:52:44,Diverse Power
Chambers,347,347,685,02-17-2025 06:52:44,Diverse Power
Harris,1864,1288,8316,02-17-2025 06:52:44,Diverse Power
Troup,1545,1396,17856,02-17-2025 07:07:44,Diverse Power
Muscogee,3,3,2729,02-17-2025 07:07:44,Diverse Power
Meriwether,640,597,2435,02-17-2025 07:07:44,Diverse Power
Chambers,347,347,685,02-17-2025 07:07:44,Diverse Power
Harris,1714,1138,8316,02-17-2025 07:07:44,Diverse Power
Troup,1544,1395,17856,02-17-2025 07:22:44,Diverse Power
Muscogee,3,3,2729,02-17-2025 07:22:44,Diverse Power
Meriwether,640,597,2435,02-17-2025 07:22:44,Diverse Power
Chambers,347,347,685,02-17-2025 07:22:44,Diverse Power
Harris,1714,1138,8316,02-17-2025 07:22:44,Diverse Power
Troup,1544,1395,17856,02-17-2025 07:37:47,Diverse Power
Muscogee,3,3,2729,02-17-2025 07:37:47,Diverse Power
Meriwether,640,597,2435,02-17-2025 07:37:47,Diverse Power
Chambers,347,347,685,02-17-2025 07:37:47,Diverse Power
Harris,1714,1138,8316,02-17-2025 07:37:47,Diverse Power
Troup,1544,1395,17856,02-17-2025 07:52:44,Diverse Power
Muscogee,3,3,2729,02-17-2025 07:52:44,Diverse Power
Meriwether,640,597,2435,02-17-2025 07:52:44,Diverse Power
Chambers,347,347,685,02-17-2025 07:52:44,Diverse Power
Harris,1714,1138,8316,02-17-2025 07:52:44,Diverse Power
Troup,1545,1396,17856,02-17-2025 08:07:47,Diverse Power
Muscogee,3,3,2729,02-17-2025 08:07:47,Diverse Power
Meriwether,640,597,2435,02-17-2025 08:07:47,Diverse Power
Chambers,347,347,685,02-17-2025 08:07:47,Diverse Power
Harris,1714,1138,8316,02-17-2025 08:07:47,Diverse Power
Troup,1545,1396,17856,02-17-2025 08:22:45,Diverse Power
Muscogee,3,3,2729,02-17-2025 08:22:45,Diverse Power
Meriwether,640,597,2435,02-17-2025 08:22:45,Diverse Power
Chambers,347,347,685,02-17-2025 08:22:45,Diverse Power
Harris,1714,1138,8316,02-17-2025 08:22:45,Diverse Power
Troup,1546,1397,17856,02-17-2025 08:37:47,Diverse Power
Muscogee,3,3,2729,02-17-2025 08:37:47,Diverse Power
Meriwether,640,597,2435,02-17-2025 08:37:47,Diverse Power
Chambers,347,347,685,02-17-2025 08:37:47,Diverse Power
Harris,1714,1138,8316,02-17-2025 08:37:47,Diverse Power
Troup,1546,1397,17856,02-17-2025 08:52:45,Diverse Power
Muscogee,3,3,2729,02-17-2025 08:52:45,Diverse Power
Meriwether,640,597,2435,02-17-2025 08:52:45,Diverse Power
Chambers,347,347,685,02-17-2025 08:52:45,Diverse Power
Harris,1715,1155,8316,02-17-2025 08:52:45,Diverse Power
Troup,1546,1397,17856,02-17-2025 09:07:44,Diverse Power
Muscogee,3,3,2729,02-17-2025 09:07:44,Diverse Power
Meriwether,640,597,2435,02-17-2025 09:07:44,Diverse Power
Chambers,347,347,685,02-17-2025 09:07:44,Diverse Power
Harris,1715,1155,8316,02-17-2025 09:07:44,Diverse Power
Troup,1546,1397,17856,02-17-2025 09:22:44,Diverse Power
Muscogee,3,3,2729,02-17-2025 09:22:44,Diverse Power
Meriwether,640,597,2435,02-17-2025 09:22:44,Diverse Power
Chambers,347,347,685,02-17-2025 09:22:44,Diverse Power
Harris,1715,1155,8316,02-17-2025 09:22:44,Diverse Power
Troup,1545,1396,17856,02-17-2025 09:37:44,Diverse Power
Muscogee,3,3,2729,02-17-2025 09:37:44,Diverse Power
Meriwether,640,597,2435,02-17-2025 09:37:44,Diverse Power
Chambers,347,347,685,02-17-2025 09:37:44,Diverse Power
Harris,1712,1152,8316,02-17-2025 09:37:44,Diverse Power
Troup,1545,1396,17856,02-17-2025 09:52:43,Diverse Power
Muscogee,3,3,2729,02-17-2025 09:52:43,Diverse Power
Meriwether,640,597,2435,02-17-2025 09:52:43,Diverse Power
Chambers,347,347,685,02-17-2025 09:52:43,Diverse Power
Harris,1711,1151,8316,02-17-2025 09:52:43,Diverse Power
Troup,1545,1396,17856,02-17-2025 10:07:43,Diverse Power
Muscogee,3,3,2729,02-17-2025 10:07:43,Diverse Power
Meriwether,640,597,2435,02-17-2025 10:07:43,Diverse Power
Chambers,347,347,685,02-17-2025 10:07:43,Diverse Power
Harris,1711,1151,8316,02-17-2025 10:07:43,Diverse Power
Troup,1547,1398,17856,02-17-2025 10:22:43,Diverse Power
Muscogee,3,3,2729,02-17-2025 10:22:43,Diverse Power
Meriwether,640,597,2435,02-17-2025 10:22:43,Diverse Power
Chambers,347,347,685,02-17-2025 10:22:43,Diverse Power
Harris,1711,1151,8316,02-17-2025 10:22:43,Diverse Power
Troup,1547,1398,17856,02-17-2025 10:37:46,Diverse Power
Muscogee,3,3,2729,02-17-2025 10:37:46,Diverse Power
Meriwether,640,597,2435,02-17-2025 10:37:46,Diverse Power
Chambers,347,347,685,02-17-2025 10:37:46,Diverse Power
Harris,1711,1151,8316,02-17-2025 10:37:46,Diverse Power
Troup,1546,1397,17856,02-17-2025 10:52:45,Diverse Power
Muscogee,3,3,2729,02-17-2025 10:52:45,Diverse Power
Meriwether,640,597,2435,02-17-2025 10:52:45,Diverse Power
Chambers,347,347,685,02-17-2025 10:52:45,Diverse Power
Harris,1711,1151,8316,02-17-2025 10:52:45,Diverse Power
Troup,1546,1397,17856,02-17-2025 11:07:46,Diverse Power
Muscogee,3,3,2729,02-17-2025 11:07:46,Diverse Power
Meriwether,640,597,2435,02-17-2025 11:07:46,Diverse Power
Chambers,347,347,685,02-17-2025 11:07:46,Diverse Power
Harris,1711,1165,8316,02-17-2025 11:07:46,Diverse Power
Troup,1547,1398,17856,02-17-2025 11:22:44,Diverse Power
Muscogee,3,3,2729,02-17-2025 11:22:44,Diverse Power
Meriwether,640,597,2435,02-17-2025 11:22:44,Diverse Power
Chambers,347,347,685,02-17-2025 11:22:44,Diverse Power
Harris,1711,1165,8316,02-17-2025 11:22:44,Diverse Power
Troup,1547,1398,17856,02-17-2025 11:37:45,Diverse Power
Muscogee,3,3,2729,02-17-2025 11:37:45,Diverse Power
Meriwether,640,597,2435,02-17-2025 11:37:45,Diverse Power
Chambers,347,347,685,02-17-2025 11:37:45,Diverse Power
Harris,1712,1166,8316,02-17-2025 11:37:45,Diverse Power
Troup,1547,1398,17856,02-17-2025 11:52:45,Diverse Power
Muscogee,3,3,2729,02-17-2025 11:52:45,Diverse Power
Meriwether,640,597,2435,02-17-2025 11:52:45,Diverse Power
Chambers,347,347,685,02-17-2025 11:52:45,Diverse Power
Harris,1712,1166,8316,02-17-2025 11:52:45,Diverse Power
Troup,1546,1397,17856,02-17-2025 12:07:45,Diverse Power
Muscogee,3,3,2729,02-17-2025 12:07:45,Diverse Power
Meriwether,640,597,2435,02-17-2025 12:07:45,Diverse Power
Chambers,347,347,685,02-17-2025 12:07:45,Diverse Power
Harris,1713,1167,8316,02-17-2025 12:07:45,Diverse Power
Troup,1547,1398,17856,02-17-2025 12:22:44,Diverse Power
Muscogee,16,16,2729,02-17-2025 12:22:44,Diverse Power
Meriwether,640,597,2435,02-17-2025 12:22:44,Diverse Power
Chambers,347,347,685,02-17-2025 12:22:44,Diverse Power
Harris,1716,1190,8316,02-17-2025 12:22:44,Diverse Power
Troup,1549,1400,17856,02-17-2025 12:37:44,Diverse Power
Muscogee,16,16,2729,02-17-2025 12:37:44,Diverse Power
Meriwether,640,597,2435,02-17-2025 12:37:44,Diverse Power
Chambers,347,347,685,02-17-2025 12:37:44,Diverse Power
Harris,1716,1193,8316,02-17-2025 12:37:44,Diverse Power
Troup,1549,1400,17856,02-17-2025 12:52:46,Diverse Power
Muscogee,31,31,2729,02-17-2025 12:52:46,Diverse Power
Meriwether,640,597,2435,02-17-2025 12:52:46,Diverse Power
Chambers,347,347,685,02-17-2025 12:52:46,Diverse Power
Harris,1717,1194,8316,02-17-2025 12:52:46,Diverse Power
Troup,1549,1400,17856,02-17-2025 13:07:45,Diverse Power
Muscogee,31,31,2729,02-17-2025 13:07:45,Diverse Power
Meriwether,640,597,2435,02-17-2025 13:07:45,Diverse Power
Chambers,347,347,685,02-17-2025 13:07:45,Diverse Power
Harris,1717,1194,8316,02-17-2025 13:07:45,Diverse Power
Troup,1558,1409,17856,02-17-2025 13:22:45,Diverse Power
Muscogee,31,31,2729,02-17-2025 13:22:45,Diverse Power
Meriwether,640,597,2435,02-17-2025 13:22:45,Diverse Power
Chambers,347,347,685,02-17-2025 13:22:45,Diverse Power
Harris,1717,1194,8316,02-17-2025 13:22:45,Diverse Power
Troup,1575,1323,17856,02-17-2025 13:37:43,Diverse Power
Muscogee,31,31,2729,02-17-2025 13:37:43,Diverse Power
Meriwether,641,598,2435,02-17-2025 13:37:43,Diverse Power
Chambers,347,347,685,02-17-2025 13:37:43,Diverse Power
Harris,1720,1197,8316,02-17-2025 13:37:43,Diverse Power
Troup,2204,1952,17856,02-17-2025 13:52:43,Diverse Power
Muscogee,31,31,2729,02-17-2025 13:52:43,Diverse Power
Meriwether,641,598,2435,02-17-2025 13:52:43,Diverse Power
Chambers,347,347,685,02-17-2025 13:52:43,Diverse Power
Harris,1876,1353,8316,02-17-2025 13:52:43,Diverse Power
Troup,2100,1944,17856,02-17-2025 14:07:46,Diverse Power
Muscogee,31,31,2729,02-17-2025 14:07:46,Diverse Power
Clay,2,2,980,02-17-2025 14:07:46,Diverse Power
Meriwether,642,599,2435,02-17-2025 14:07:46,Diverse Power
Chambers,347,347,685,02-17-2025 14:07:46,Diverse Power
Harris,1878,1355,8316,02-17-2025 14:07:46,Diverse Power
Troup,1927,1765,17856,02-17-2025 14:22:46,Diverse Power
Muscogee,31,31,2729,02-17-2025 14:22:46,Diverse Power
Clay,2,2,980,02-17-2025 14:22:46,Diverse Power
Meriwether,642,596,2435,02-17-2025 14:22:46,Diverse Power
Chambers,347,347,685,02-17-2025 14:22:46,Diverse Power
Harris,1878,1355,8316,02-17-2025 14:22:46,Diverse Power
Troup,1567,1405,17856,02-17-2025 14:37:49,Diverse Power
Muscogee,31,31,2729,02-17-2025 14:37:49,Diverse Power
Clay,2,2,980,02-17-2025 14:37:49,Diverse Power
Meriwether,643,597,2435,02-17-2025 14:37:49,Diverse Power
Chambers,347,347,685,02-17-2025 14:37:49,Diverse Power
Harris,1855,1332,8316,02-17-2025 14:37:49,Diverse Power
Troup,1449,1286,17856,02-17-2025 14:52:49,Diverse Power
Muscogee,31,31,2729,02-17-2025 14:52:49,Diverse Power
Clay,2,2,980,02-17-2025 14:52:49,Diverse Power
Meriwether,644,582,2435,02-17-2025 14:52:49,Diverse Power
Chambers,347,347,685,02-17-2025 14:52:49,Diverse Power
Harris,1770,1017,8316,02-17-2025 14:52:49,Diverse Power
Troup,1449,949,17856,02-17-2025 15:07:46,Diverse Power
Muscogee,31,31,2729,02-17-2025 15:07:46,Diverse Power
Clay,2,2,980,02-17-2025 15:07:46,Diverse Power
Meriwether,645,583,2435,02-17-2025 15:07:46,Diverse Power
Chambers,347,347,685,02-17-2025 15:07:46,Diverse Power
Harris,1770,1017,8316,02-17-2025 15:07:46,Diverse Power
Troup,1447,948,17855,02-17-2025 15:22:48,Diverse Power
Muscogee,31,31,2729,02-17-2025 15:22:48,Diverse Power
Clay,2,2,980,02-17-2025 15:22:48,Diverse Power
Meriwether,620,558,2435,02-17-2025 15:22:48,Diverse Power
Chambers,347,347,685,02-17-2025 15:22:48,Diverse Power
Harris,1502,904,8316,02-17-2025 15:22:48,Diverse Power
Troup,1103,947,17854,02-17-2025 15:37:49,Diverse Power
Muscogee,31,31,2729,02-17-2025 15:37:49,Diverse Power
Clay,2,2,980,02-17-2025 15:37:49,Diverse Power
Meriwether,620,547,2435,02-17-2025 15:37:49,Diverse Power
Chambers,347,347,685,02-17-2025 15:37:49,Diverse Power
Harris,1439,848,8316,02-17-2025 15:37:49,Diverse Power
Troup,1103,947,17854,02-17-2025 15:52:46,Diverse Power
Muscogee,31,31,2729,02-17-2025 15:52:46,Diverse Power
Clay,2,2,980,02-17-2025 15:52:46,Diverse Power
Meriwether,528,289,2435,02-17-2025 15:52:46,Diverse Power
Chambers,347,347,685,02-17-2025 15:52:46,Diverse Power
Harris,1439,848,8316,02-17-2025 15:52:46,Diverse Power
Troup,1104,940,17854,02-17-2025 16:07:48,Diverse Power
Muscogee,31,31,2729,02-17-2025 16:07:48,Diverse Power
Clay,2,2,980,02-17-2025 16:07:48,Diverse Power
Meriwether,528,257,2435,02-17-2025 16:07:48,Diverse Power
Chambers,491,491,685,02-17-2025 16:07:48,Diverse Power
Harris,1439,762,8316,02-17-2025 16:07:48,Diverse Power
Troup,1099,940,17854,02-17-2025 16:22:46,Diverse Power
Muscogee,31,31,2729,02-17-2025 16:22:46,Diverse Power
Clay,2,2,980,02-17-2025 16:22:46,Diverse Power
Meriwether,200,143,2435,02-17-2025 16:22:46,Diverse Power
Chambers,491,491,685,02-17-2025 16:22:46,Diverse Power
Harris,1286,763,8316,02-17-2025 16:22:46,Diverse Power
Troup,1097,941,17854,02-17-2025 16:37:47,Diverse Power
Muscogee,31,31,2729,02-17-2025 16:37:47,Diverse Power
Clay,2,2,980,02-17-2025 16:37:47,Diverse Power
Meriwether,188,131,2435,02-17-2025 16:37:47,Diverse Power
Chambers,491,491,685,02-17-2025 16:37:47,Diverse Power
Harris,1288,765,8316,02-17-2025 16:37:47,Diverse Power
Troup,1090,934,17854,02-17-2025 16:52:46,Diverse Power
Muscogee,31,31,2729,02-17-2025 16:52:46,Diverse Power
Clay,2,2,980,02-17-2025 16:52:46,Diverse Power
Meriwether,176,119,2435,02-17-2025 16:52:46,Diverse Power
Chambers,491,491,685,02-17-2025 16:52:46,Diverse Power
Harris,1376,849,8316,02-17-2025 16:52:46,Diverse Power
Troup,1074,918,17854,02-17-2025 17:07:45,Diverse Power
Muscogee,31,31,2729,02-17-2025 17:07:45,Diverse Power
Clay,2,2,980,02-17-2025 17:07:45,Diverse Power
Meriwether,176,119,2435,02-17-2025 17:07:45,Diverse Power
Chambers,491,491,685,02-17-2025 17:07:45,Diverse Power
Harris,1478,955,8316,02-17-2025 17:07:45,Diverse Power
Troup,1024,868,17854,02-17-2025 17:22:45,Diverse Power
Muscogee,31,31,2729,02-17-2025 17:22:45,Diverse Power
Clay,2,2,980,02-17-2025 17:22:45,Diverse Power
Meriwether,176,119,2435,02-17-2025 17:22:45,Diverse Power
Chambers,491,491,685,02-17-2025 17:22:45,Diverse Power
Harris,1477,954,8316,02-17-2025 17:22:45,Diverse Power
Troup,1021,505,17854,02-17-2025 17:37:46,Diverse Power
Muscogee,31,31,2729,02-17-2025 17:37:46,Diverse Power
Clay,2,2,980,02-17-2025 17:37:46,Diverse Power
Meriwether,176,119,2435,02-17-2025 17:37:46,Diverse Power
Chambers,345,345,685,02-17-2025 17:37:46,Diverse Power
Harris,1409,886,8316,02-17-2025 17:37:46,Diverse Power
Troup,990,609,17854,02-17-2025 17:52:47,Diverse Power
Muscogee,31,31,2729,02-17-2025 17:52:47,Diverse Power
Clay,2,2,980,02-17-2025 17:52:47,Diverse Power
Meriwether,176,119,2435,02-17-2025 17:52:47,Diverse Power
Chambers,6,6,685,02-17-2025 17:52:47,Diverse Power
Harris,1410,895,8316,02-17-2025 17:52:47,Diverse Power
Troup,968,588,17854,02-17-2025 18:07:45,Diverse Power
Muscogee,31,31,2729,02-17-2025 18:07:45,Diverse Power
Clay,2,2,980,02-17-2025 18:07:45,Diverse Power
Meriwether,176,119,2435,02-17-2025 18:07:45,Diverse Power
Chambers,14,14,685,02-17-2025 18:07:45,Diverse Power
Harris,1371,856,8316,02-17-2025 18:07:45,Diverse Power
Troup,951,577,17854,02-17-2025 18:22:46,Diverse Power
Muscogee,31,31,2729,02-17-2025 18:22:46,Diverse Power
Clay,2,2,980,02-17-2025 18:22:46,Diverse Power
Meriwether,176,119,2435,02-17-2025 18:22:46,Diverse Power
Chambers,6,6,685,02-17-2025 18:22:46,Diverse Power
Harris,1261,884,8316,02-17-2025 18:22:46,Diverse Power
Troup,951,577,17854,02-17-2025 18:37:46,Diverse Power
Muscogee,17,17,2729,02-17-2025 18:37:46,Diverse Power
Clay,2,2,980,02-17-2025 18:37:46,Diverse Power
Meriwether,176,119,2435,02-17-2025 18:37:46,Diverse Power
Chambers,6,6,685,02-17-2025 18:37:46,Diverse Power
Harris,1265,888,8316,02-17-2025 18:37:46,Diverse Power
Troup,953,579,17856,02-17-2025 18:52:46,Diverse Power
Muscogee,4,4,2728,02-17-2025 18:52:46,Diverse Power
Clay,2,2,980,02-17-2025 18:52:46,Diverse Power
Meriwether,177,120,2434,02-17-2025 18:52:46,Diverse Power
Chambers,6,6,685,02-17-2025 18:52:46,Diverse Power
Harris,1199,822,8316,02-17-2025 18:52:46,Diverse Power
Troup,953,579,17856,02-17-2025 19:07:45,Diverse Power
Muscogee,2,2,2728,02-17-2025 19:07:45,Diverse Power
Clay,2,2,980,02-17-2025 19:07:45,Diverse Power
Meriwether,177,120,2434,02-17-2025 19:07:45,Diverse Power
Chambers,5,5,685,02-17-2025 19:07:45,Diverse Power
Harris,1199,822,8316,02-17-2025 19:07:45,Diverse Power
Troup,944,502,17857,02-17-2025 19:22:46,Diverse Power
Muscogee,2,2,2728,02-17-2025 19:22:46,Diverse Power
Clay,2,2,980,02-17-2025 19:22:46,Diverse Power
Meriwether,161,104,2434,02-17-2025 19:22:46,Diverse Power
Chambers,4,4,685,02-17-2025 19:22:46,Diverse Power
Harris,1192,815,8316,02-17-2025 19:22:46,Diverse Power
Troup,1047,567,17857,02-17-2025 19:37:47,Diverse Power
Coweta,12,12,15,02-17-2025 19:37:47,Diverse Power
Muscogee,2,2,2728,02-17-2025 19:37:47,Diverse Power
Meriwether,301,244,2434,02-17-2025 19:37:47,Diverse Power
Chambers,4,4,685,02-17-2025 19:37:47,Diverse Power
Harris,1193,816,8316,02-17-2025 19:37:47,Diverse Power
Troup,1010,575,17857,02-17-2025 19:52:47,Diverse Power
Coweta,12,12,15,02-17-2025 19:52:47,Diverse Power
Muscogee,2,2,2728,02-17-2025 19:52:47,Diverse Power
Meriwether,300,243,2434,02-17-2025 19:52:47,Diverse Power
Chambers,4,4,685,02-17-2025 19:52:47,Diverse Power
Harris,1174,797,8316,02-17-2025 19:52:47,Diverse Power
Troup,1008,578,17858,02-17-2025 20:07:49,Diverse Power
Coweta,12,12,15,02-17-2025 20:07:49,Diverse Power
Muscogee,2,2,2728,02-17-2025 20:07:49,Diverse Power
Meriwether,300,243,2434,02-17-2025 20:07:49,Diverse Power
Chambers,4,4,685,02-17-2025 20:07:49,Diverse Power
Harris,1171,780,8316,02-17-2025 20:07:49,Diverse Power
Troup,1009,579,17858,02-17-2025 20:22:50,Diverse Power
Coweta,12,12,15,02-17-2025 20:22:50,Diverse Power
Muscogee,2,2,2728,02-17-2025 20:22:50,Diverse Power
Meriwether,295,238,2434,02-17-2025 20:22:50,Diverse Power
Chambers,4,4,685,02-17-2025 20:22:50,Diverse Power
Harris,1158,781,8316,02-17-2025 20:22:50,Diverse Power
Troup,1011,581,17857,02-17-2025 20:37:49,Diverse Power
Coweta,12,12,15,02-17-2025 20:37:49,Diverse Power
Muscogee,2,2,2728,02-17-2025 20:37:49,Diverse Power
Meriwether,294,237,2434,02-17-2025 20:37:49,Diverse Power
Chambers,4,4,685,02-17-2025 20:37:49,Diverse Power
Harris,1159,782,8316,02-17-2025 20:37:49,Diverse Power
Troup,824,387,17857,02-17-2025 20:52:50,Diverse Power
Coweta,12,12,15,02-17-2025 20:52:50,Diverse Power
Muscogee,2,2,2728,02-17-2025 20:52:50,Diverse Power
Meriwether,294,237,2434,02-17-2025 20:52:50,Diverse Power
Chambers,5,5,685,02-17-2025 20:52:50,Diverse Power
Harris,1156,779,8316,02-17-2025 20:52:50,Diverse Power
Troup,1828,1391,17857,02-17-2025 21:07:46,Diverse Power
Coweta,12,12,15,02-17-2025 21:07:46,Diverse Power
Muscogee,2,2,2728,02-17-2025 21:07:46,Diverse Power
Meriwether,294,237,2434,02-17-2025 21:07:46,Diverse Power
Chambers,5,5,685,02-17-2025 21:07:46,Diverse Power
Harris,1156,779,8316,02-17-2025 21:07:46,Diverse Power
Troup,2056,1619,17857,02-17-2025 21:22:45,Diverse Power
Coweta,15,15,15,02-17-2025 21:22:45,Diverse Power
Muscogee,2,2,2728,02-17-2025 21:22:45,Diverse Power
Meriwether,417,360,2434,02-17-2025 21:22:45,Diverse Power
Chambers,6,6,685,02-17-2025 21:22:45,Diverse Power
Harris,1153,776,8316,02-17-2025 21:22:45,Diverse Power
Troup,2051,1614,17857,02-17-2025 21:37:44,Diverse Power
Coweta,15,15,15,02-17-2025 21:37:44,Diverse Power
Muscogee,2,2,2728,02-17-2025 21:37:44,Diverse Power
Meriwether,417,360,2434,02-17-2025 21:37:44,Diverse Power
Chambers,4,4,685,02-17-2025 21:37:44,Diverse Power
Harris,1371,994,8316,02-17-2025 21:37:44,Diverse Power
Troup,1043,607,17857,02-17-2025 21:52:46,Diverse Power
Coweta,15,15,15,02-17-2025 21:52:46,Diverse Power
Muscogee,2,2,2728,02-17-2025 21:52:46,Diverse Power
Meriwether,366,309,2434,02-17-2025 21:52:46,Diverse Power
Chambers,4,4,685,02-17-2025 21:52:46,Diverse Power
Harris,1372,995,8316,02-17-2025 21:52:46,Diverse Power
Troup,655,163,17857,02-17-2025 22:07:44,Diverse Power
Muscogee,2,2,2728,02-17-2025 22:07:44,Diverse Power
Meriwether,100,43,2434,02-17-2025 22:07:44,Diverse Power
Chambers,4,4,685,02-17-2025 22:07:44,Diverse Power
Harris,1372,995,8316,02-17-2025 22:07:44,Diverse Power
Troup,667,231,17857,02-17-2025 22:22:45,Diverse Power
Muscogee,2,2,2728,02-17-2025 22:22:45,Diverse Power
Meriwether,76,19,2434,02-17-2025 22:22:45,Diverse Power
Chambers,7,7,685,02-17-2025 22:22:45,Diverse Power
Harris,1202,822,8316,02-17-2025 22:22:45,Diverse Power
Troup,382,233,17857,02-17-2025 22:37:44,Diverse Power
Muscogee,2,2,2728,02-17-2025 22:37:44,Diverse Power
Meriwether,76,19,2434,02-17-2025 22:37:44,Diverse Power
Chambers,7,7,685,02-17-2025 22:37:44,Diverse Power
Harris,1202,627,8316,02-17-2025 22:37:44,Diverse Power
Troup,401,252,17857,02-17-2025 22:52:44,Diverse Power
Muscogee,2,2,2728,02-17-2025 22:52:44,Diverse Power
Meriwether,76,19,2434,02-17-2025 22:52:44,Diverse Power
Chambers,7,7,685,02-17-2025 22:52:44,Diverse Power
Harris,1202,712,8316,02-17-2025 22:52:44,Diverse Power
Troup,368,219,17857,02-17-2025 23:07:45,Diverse Power
Muscogee,2,2,2728,02-17-2025 23:07:45,Diverse Power
Meriwether,76,19,2434,02-17-2025 23:07:45,Diverse Power
Chambers,7,7,685,02-17-2025 23:07:45,Diverse Power
Harris,1202,712,8316,02-17-2025 23:07:45,Diverse Power
Troup,366,217,17857,02-17-2025 23:22:45,Diverse Power
Muscogee,2,2,2728,02-17-2025 23:22:45,Diverse Power
Meriwether,68,11,2434,02-17-2025 23:22:45,Diverse Power
Chambers,7,7,685,02-17-2025 23:22:45,Diverse Power
Harris,936,446,8316,02-17-2025 23:22:45,Diverse Power
Troup,366,217,17857,02-17-2025 23:37:45,Diverse Power
Muscogee,2,2,2728,02-17-2025 23:37:45,Diverse Power
Meriwether,68,11,2434,02-17-2025 23:37:45,Diverse Power
Chambers,7,7,685,02-17-2025 23:37:45,Diverse Power
Harris,938,448,8316,02-17-2025 23:37:45,Diverse Power
Troup,353,204,17857,02-17-2025 23:52:45,Diverse Power
Meriwether,68,11,2434,02-17-2025 23:52:45,Diverse Power
Chambers,7,6,685,02-17-2025 23:52:45,Diverse Power
Harris,930,440,8316,02-17-2025 23:52:45,Diverse Power
Troup,353,204,17857,02-18-2025 00:07:48,Diverse Power
Meriwether,68,11,2434,02-18-2025 00:07:48,Diverse Power
Chambers,4,3,685,02-18-2025 00:07:48,Diverse Power
Harris,930,440,8316,02-18-2025 00:07:48,Diverse Power
Troup,306,157,17857,02-18-2025 00:22:45,Diverse Power
Meriwether,70,13,2434,02-18-2025 00:22:45,Diverse Power
Chambers,1,0,685,02-18-2025 00:22:45,Diverse Power
Harris,930,440,8316,02-18-2025 00:22:45,Diverse Power
Troup,305,156,17857,02-18-2025 00:37:46,Diverse Power
Muscogee,18,18,2728,02-18-2025 00:37:46,Diverse Power
Meriwether,70,13,2434,02-18-2025 00:37:46,Diverse Power
Chambers,1,0,685,02-18-2025 00:37:46,Diverse Power
Harris,875,385,8316,02-18-2025 00:37:46,Diverse Power
Troup,304,153,17857,02-18-2025 00:52:52,Diverse Power
Meriwether,68,11,2434,02-18-2025 00:52:52,Diverse Power
Chambers,1,0,685,02-18-2025 00:52:52,Diverse Power
Harris,865,375,8316,02-18-2025 00:52:52,Diverse Power
Troup,304,153,17857,02-18-2025 01:07:52,Diverse Power
Meriwether,68,11,2434,02-18-2025 01:07:52,Diverse Power
Chambers,1,0,685,02-18-2025 01:07:52,Diverse Power
Harris,865,375,8316,02-18-2025 01:07:52,Diverse Power
Troup,266,115,17857,02-18-2025 01:22:48,Diverse Power
Meriwether,61,4,2434,02-18-2025 01:22:48,Diverse Power
Chambers,1,0,685,02-18-2025 01:22:48,Diverse Power
Harris,488,343,8316,02-18-2025 01:22:48,Diverse Power
Troup,251,100,17857,02-18-2025 01:37:49,Diverse Power
Meriwether,61,4,2434,02-18-2025 01:37:49,Diverse Power
Chambers,1,0,685,02-18-2025 01:37:49,Diverse Power
Harris,392,247,8316,02-18-2025 01:37:49,Diverse Power
Troup,220,69,17857,02-18-2025 01:52:43,Diverse Power
Meriwether,61,4,2434,02-18-2025 01:52:43,Diverse Power
Chambers,1,0,685,02-18-2025 01:52:43,Diverse Power
Harris,387,242,8316,02-18-2025 01:52:43,Diverse Power
Troup,197,46,17857,02-18-2025 02:07:42,Diverse Power
Meriwether,61,4,2434,02-18-2025 02:07:42,Diverse Power
Chambers,1,0,685,02-18-2025 02:07:42,Diverse Power
Harris,387,242,8316,02-18-2025 02:07:42,Diverse Power
Troup,195,44,17857,02-18-2025 02:22:44,Diverse Power
Meriwether,60,3,2434,02-18-2025 02:22:44,Diverse Power
Chambers,1,0,685,02-18-2025 02:22:44,Diverse Power
Harris,325,180,8316,02-18-2025 02:22:44,Diverse Power
Troup,192,41,17857,02-18-2025 02:37:43,Diverse Power
Meriwether,60,3,2434,02-18-2025 02:37:43,Diverse Power
Chambers,1,0,685,02-18-2025 02:37:43,Diverse Power
Harris,325,180,8316,02-18-2025 02:37:43,Diverse Power
Troup,189,37,17857,02-18-2025 02:52:42,Diverse Power
Meriwether,60,3,2434,02-18-2025 02:52:42,Diverse Power
Chambers,1,0,685,02-18-2025 02:52:42,Diverse Power
Harris,325,180,8316,02-18-2025 02:52:42,Diverse Power
Troup,186,37,17857,02-18-2025 03:07:45,Diverse Power
Meriwether,60,3,2434,02-18-2025 03:07:45,Diverse Power
Chambers,1,0,685,02-18-2025 03:07:45,Diverse Power
Harris,160,160,8316,02-18-2025 03:07:45,Diverse Power
Troup,185,36,17857,02-18-2025 03:22:42,Diverse Power
Meriwether,60,3,2434,02-18-2025 03:22:42,Diverse Power
Chambers,1,0,685,02-18-2025 03:22:42,Diverse Power
Harris,131,46,8316,02-18-2025 03:22:42,Diverse Power
Troup,184,35,17857,02-18-2025 03:37:41,Diverse Power
Meriwether,60,3,2434,02-18-2025 03:37:41,Diverse Power
Chambers,1,0,685,02-18-2025 03:37:41,Diverse Power
Harris,46,46,8316,02-18-2025 03:37:41,Diverse Power
Troup,179,30,17857,02-18-2025 03:52:40,Diverse Power
Meriwether,60,4,2434,02-18-2025 03:52:40,Diverse Power
Harris,46,46,8316,02-18-2025 03:52:40,Diverse Power
Troup,179,30,17857,02-18-2025 04:07:40,Diverse Power
Meriwether,60,4,2434,02-18-2025 04:07:40,Diverse Power
Harris,46,46,8317,02-18-2025 04:07:40,Diverse Power
Troup,171,22,17857,02-18-2025 04:22:40,Diverse Power
Meriwether,60,3,2434,02-18-2025 04:22:40,Diverse Power
Harris,20,20,8317,02-18-2025 04:22:40,Diverse Power
Troup,171,22,17857,02-18-2025 04:37:40,Diverse Power
Meriwether,60,3,2434,02-18-2025 04:37:40,Diverse Power
Harris,20,20,8317,02-18-2025 04:37:40,Diverse Power
Troup,171,22,17857,02-18-2025 04:52:41,Diverse Power
Meriwether,60,3,2434,02-18-2025 04:52:41,Diverse Power
Harris,20,20,8317,02-18-2025 04:52:41,Diverse Power
Troup,171,22,17857,02-18-2025 05:07:41,Diverse Power
Meriwether,60,3,2434,02-18-2025 05:07:41,Diverse Power
Harris,20,20,8317,02-18-2025 05:07:41,Diverse Power
Troup,171,22,17857,02-18-2025 05:22:41,Diverse Power
Meriwether,60,3,2434,02-18-2025 05:22:41,Diverse Power
Harris,20,20,8317,02-18-2025 05:22:41,Diverse Power
Troup,171,22,17857,02-18-2025 05:37:42,Diverse Power
Meriwether,60,3,2434,02-18-2025 05:37:42,Diverse Power
Harris,20,20,8317,02-18-2025 05:37:42,Diverse Power
Troup,166,17,17857,02-18-2025 05:52:44,Diverse Power
Meriwether,60,3,2434,02-18-2025 05:52:44,Diverse Power
Harris,15,15,8317,02-18-2025 05:52:44,Diverse Power
Troup,166,17,17857,02-18-2025 06:07:42,Diverse Power
Meriwether,60,3,2434,02-18-2025 06:07:42,Diverse Power
Harris,15,15,8317,02-18-2025 06:07:42,Diverse Power
Troup,166,17,17857,02-18-2025 06:22:42,Diverse Power
Meriwether,60,3,2434,02-18-2025 06:22:42,Diverse Power
Harris,15,15,8317,02-18-2025 06:22:42,Diverse Power
Troup,166,17,17857,02-18-2025 06:37:42,Diverse Power
Meriwether,60,3,2434,02-18-2025 06:37:42,Diverse Power
Harris,15,15,8317,02-18-2025 06:37:42,Diverse Power
Troup,166,17,17857,02-18-2025 06:52:43,Diverse Power
Meriwether,60,3,2434,02-18-2025 06:52:43,Diverse Power
Harris,15,15,8317,02-18-2025 06:52:43,Diverse Power
Troup,166,17,17857,02-18-2025 07:07:42,Diverse Power
Meriwether,60,3,2434,02-18-2025 07:07:42,Diverse Power
Harris,15,15,8317,02-18-2025 07:07:42,Diverse Power
Troup,166,17,17857,02-18-2025 07:22:42,Diverse Power
Meriwether,60,3,2434,02-18-2025 07:22:42,Diverse Power
Harris,15,15,8317,02-18-2025 07:22:42,Diverse Power
Troup,166,17,17857,02-18-2025 07:37:44,Diverse Power
Meriwether,60,3,2434,02-18-2025 07:37:44,Diverse Power
Harris,15,15,8317,02-18-2025 07:37:44,Diverse Power
Troup,166,17,17857,02-18-2025 07:52:43,Diverse Power
Meriwether,60,3,2434,02-18-2025 07:52:43,Diverse Power
Harris,15,15,8317,02-18-2025 07:52:43,Diverse Power
Troup,166,17,17857,02-18-2025 08:07:43,Diverse Power
Meriwether,60,3,2434,02-18-2025 08:07:43,Diverse Power
Harris,15,15,8317,02-18-2025 08:07:43,Diverse Power
Troup,166,17,17857,02-18-2025 08:22:42,Diverse Power
Meriwether,60,3,2434,02-18-2025 08:22:42,Diverse Power
Harris,15,15,8317,02-18-2025 08:22:42,Diverse Power
Troup,166,17,17857,02-18-2025 08:37:46,Diverse Power
Meriwether,60,3,2434,02-18-2025 08:37:46,Diverse Power
Harris,15,15,8317,02-18-2025 08:37:46,Diverse Power
Troup,166,17,17857,02-18-2025 08:52:46,Diverse Power
Meriwether,60,3,2434,02-18-2025 08:52:46,Diverse Power
Harris,15,15,8317,02-18-2025 08:52:46,Diverse Power
Troup,166,17,17857,02-18-2025 09:07:42,Diverse Power
Meriwether,60,3,2434,02-18-2025 09:07:42,Diverse Power
Harris,15,15,8317,02-18-2025 09:07:42,Diverse Power
Troup,166,17,17857,02-18-2025 09:22:43,Diverse Power
Meriwether,60,3,2434,02-18-2025 09:22:43,Diverse Power
Harris,15,15,8317,02-18-2025 09:22:43,Diverse Power
Troup,166,17,17857,02-18-2025 09:37:43,Diverse Power
Meriwether,60,3,2434,02-18-2025 09:37:43,Diverse Power
Harris,15,15,8317,02-18-2025 09:37:43,Diverse Power
Troup,166,17,17857,02-18-2025 09:52:43,Diverse Power
Meriwether,60,3,2434,02-18-2025 09:52:43,Diverse Power
Harris,15,15,8317,02-18-2025 09:52:43,Diverse Power
Troup,166,17,17857,02-18-2025 10:07:43,Diverse Power
Meriwether,60,3,2434,02-18-2025 10:07:43,Diverse Power
Harris,15,15,8317,02-18-2025 10:07:43,Diverse Power
Troup,166,17,17857,02-18-2025 10:22:42,Diverse Power
Meriwether,60,3,2434,02-18-2025 10:22:42,Diverse Power
Harris,15,15,8317,02-18-2025 10:22:42,Diverse Power
Troup,166,17,17857,02-18-2025 10:37:43,Diverse Power
Meriwether,60,3,2434,02-18-2025 10:37:43,Diverse Power
Harris,15,15,8317,02-18-2025 10:37:43,Diverse Power
Troup,166,17,17857,02-18-2025 10:52:42,Diverse Power
Meriwether,60,3,2434,02-18-2025 10:52:42,Diverse Power
Harris,15,15,8317,02-18-2025 10:52:42,Diverse Power
Troup,166,17,17857,02-18-2025 11:07:43,Diverse Power
Meriwether,60,3,2434,02-18-2025 11:07:43,Diverse Power
Harris,15,15,8317,02-18-2025 11:07:43,Diverse Power
Troup,166,17,17857,02-18-2025 11:22:45,Diverse Power
Meriwether,60,3,2434,02-18-2025 11:22:45,Diverse Power
Harris,15,15,8317,02-18-2025 11:22:45,Diverse Power
Troup,166,17,17857,02-18-2025 11:37:46,Diverse Power
Meriwether,60,3,2434,02-18-2025 11:37:46,Diverse Power
Harris,15,15,8317,02-18-2025 11:37:46,Diverse Power
Troup,166,17,17857,02-18-2025 11:52:44,Diverse Power
Meriwether,60,3,2434,02-18-2025 11:52:44,Diverse Power
Harris,15,15,8317,02-18-2025 11:52:44,Diverse Power
Troup,166,17,17857,02-18-2025 12:07:45,Diverse Power
Meriwether,60,3,2434,02-18-2025 12:07:45,Diverse Power
Harris,15,15,8317,02-18-2025 12:07:45,Diverse Power
Troup,166,17,17857,02-18-2025 12:22:43,Diverse Power
Meriwether,60,3,2434,02-18-2025 12:22:43,Diverse Power
Harris,15,15,8317,02-18-2025 12:22:43,Diverse Power
Troup,166,17,17857,02-18-2025 12:37:43,Diverse Power
Meriwether,60,3,2434,02-18-2025 12:37:43,Diverse Power
Harris,15,15,8317,02-18-2025 12:37:43,Diverse Power
Troup,165,16,17857,02-18-2025 12:52:43,Diverse Power
Meriwether,60,3,2434,02-18-2025 12:52:43,Diverse Power
Harris,15,15,8317,02-18-2025 12:52:43,Diverse Power
Troup,165,16,17857,02-18-2025 13:07:42,Diverse Power
Meriwether,60,3,2434,02-18-2025 13:07:42,Diverse Power
Harris,17,17,8317,02-18-2025 13:07:42,Diverse Power
Troup,165,16,17856,02-18-2025 13:22:43,Diverse Power
Meriwether,60,3,2434,02-18-2025 13:22:43,Diverse Power
Harris,15,15,8317,02-18-2025 13:22:43,Diverse Power
Troup,165,16,17856,02-18-2025 13:37:46,Diverse Power
Meriwether,60,3,2434,02-18-2025 13:37:46,Diverse Power
Harris,15,15,8317,02-18-2025 13:37:46,Diverse Power
Troup,164,15,17856,02-18-2025 13:52:44,Diverse Power
Meriwether,60,3,2434,02-18-2025 13:52:44,Diverse Power
Harris,15,15,8317,02-18-2025 13:52:44,Diverse Power
Troup,164,15,17856,02-18-2025 14:07:45,Diverse Power
Meriwether,60,3,2434,02-18-2025 14:07:45,Diverse Power
Harris,13,13,8317,02-18-2025 14:07:45,Diverse Power
Troup,163,14,17856,02-18-2025 14:22:46,Diverse Power
Meriwether,60,3,2434,02-18-2025 14:22:46,Diverse Power
Harris,11,11,8317,02-18-2025 14:22:46,Diverse Power
Troup,163,14,17856,02-18-2025 14:37:48,Diverse Power
Meriwether,60,3,2434,02-18-2025 14:37:48,Diverse Power
Harris,11,11,8317,02-18-2025 14:37:48,Diverse Power
Troup,162,13,17856,02-18-2025 14:52:45,Diverse Power
Meriwether,60,3,2434,02-18-2025 14:52:45,Diverse Power
Harris,8,8,8317,02-18-2025 14:52:45,Diverse Power
Troup,162,13,17856,02-18-2025 15:07:47,Diverse Power
Meriwether,60,3,2434,02-18-2025 15:07:47,Diverse Power
Harris,8,8,8317,02-18-2025 15:07:47,Diverse Power
Troup,161,12,17856,02-18-2025 15:22:51,Diverse Power
Meriwether,60,3,2434,02-18-2025 15:22:51,Diverse Power
Harris,8,8,8317,02-18-2025 15:22:51,Diverse Power
Troup,161,12,17856,02-18-2025 15:37:51,Diverse Power
Meriwether,60,3,2434,02-18-2025 15:37:51,Diverse Power
Harris,8,8,8317,02-18-2025 15:37:51,Diverse Power
Troup,161,12,17857,02-18-2025 15:52:50,Diverse Power
Meriwether,60,3,2434,02-18-2025 15:52:50,Diverse Power
Harris,8,8,8317,02-18-2025 15:52:50,Diverse Power
Troup,158,9,17857,02-18-2025 16:07:50,Diverse Power
Meriwether,60,3,2434,02-18-2025 16:07:50,Diverse Power
Harris,8,6,8317,02-18-2025 16:07:50,Diverse Power
Troup,156,7,17857,02-18-2025 16:13:49,Diverse Power
Meriwether,60,3,2434,02-18-2025 16:13:49,Diverse Power
Harris,6,6,8317,02-18-2025 16:13:49,Diverse Power
Troup,160,11,17857,02-18-2025 16:37:48,Diverse Power
Meriwether,60,3,2434,02-18-2025 16:37:48,Diverse Power
Harris,5,5,8317,02-18-2025 16:37:48,Diverse Power
Troup,156,7,17857,02-18-2025 16:52:49,Diverse Power
Meriwether,60,3,2434,02-18-2025 16:52:49,Diverse Power
Harris,5,5,8317,02-18-2025 16:52:49,Diverse Power
Troup,154,5,17858,02-18-2025 17:07:52,Diverse Power
Meriwether,60,3,2434,02-18-2025 17:07:52,Diverse Power
Harris,4,3,8317,02-18-2025 17:07:52,Diverse Power
Troup,154,5,17858,02-18-2025 17:22:52,Diverse Power
Meriwether,60,3,2434,02-18-2025 17:22:52,Diverse Power
Harris,3,3,8317,02-18-2025 17:22:52,Diverse Power
Troup,154,5,17858,02-18-2025 17:37:50,Diverse Power
Meriwether,60,3,2434,02-18-2025 17:37:50,Diverse Power
Harris,3,3,8317,02-18-2025 17:37:50,Diverse Power
Troup,155,6,17858,02-18-2025 17:52:50,Diverse Power
Meriwether,60,3,2434,02-18-2025 17:52:50,Diverse Power
Harris,3,3,8317,02-18-2025 17:52:50,Diverse Power
Troup,154,5,17858,02-18-2025 18:07:52,Diverse Power
Meriwether,60,3,2434,02-18-2025 18:07:52,Diverse Power
Harris,3,3,8317,02-18-2025 18:07:52,Diverse Power
Troup,154,5,17858,02-18-2025 18:22:50,Diverse Power
Calhoun,1,1,1368,02-18-2025 18:22:50,Diverse Power
Meriwether,60,3,2434,02-18-2025 18:22:50,Diverse Power
Harris,1,1,8317,02-18-2025 18:22:50,Diverse Power
Troup,155,6,17858,02-18-2025 18:37:50,Diverse Power
Meriwether,60,3,2434,02-18-2025 18:37:50,Diverse Power
Harris,1,1,8317,02-18-2025 18:37:50,Diverse Power
Troup,155,6,17858,02-18-2025 18:52:51,Diverse Power
Meriwether,60,3,2434,02-18-2025 18:52:51,Diverse Power
Harris,1,1,8317,02-18-2025 18:52:51,Diverse Power
Troup,155,6,17858,02-18-2025 19:07:51,Diverse Power
Meriwether,60,3,2434,02-18-2025 19:07:51,Diverse Power
Harris,1,1,8317,02-18-2025 19:07:51,Diverse Power
Troup,154,5,17858,02-18-2025 19:22:53,Diverse Power
Meriwether,60,3,2434,02-18-2025 19:22:53,Diverse Power
Harris,1,1,8317,02-18-2025 19:22:53,Diverse Power
Troup,153,4,17858,02-18-2025 19:38:02,Diverse Power
Meriwether,60,3,2434,02-18-2025 19:38:02,Diverse Power
Troup,152,3,17858,02-18-2025 19:52:52,Diverse Power
Meriwether,59,2,2434,02-18-2025 19:52:52,Diverse Power
Troup,152,3,17858,02-18-2025 20:07:50,Diverse Power
Meriwether,59,2,2434,02-18-2025 20:07:50,Diverse Power
Troup,149,0,17858,02-18-2025 20:22:47,Diverse Power
Meriwether,58,1,2434,02-18-2025 20:22:47,Diverse Power
Troup,149,0,17858,02-18-2025 20:37:50,Diverse Power
Meriwether,58,1,2434,02-18-2025 20:37:50,Diverse Power
Troup,149,0,17858,02-18-2025 20:52:50,Diverse Power
Meriwether,58,1,2434,02-18-2025 20:52:50,Diverse Power
Troup,149,0,17858,02-18-2025 21:07:49,Diverse Power
Meriwether,58,1,2434,02-18-2025 21:07:49,Diverse Power
Troup,149,0,17858,02-18-2025 21:22:45,Diverse Power
Meriwether,58,1,2434,02-18-2025 21:22:45,Diverse Power
Troup,149,0,17858,02-18-2025 21:37:50,Diverse Power
Calhoun,4,4,1368,02-18-2025 21:37:50,Diverse Power
Meriwether,58,1,2434,02-18-2025 21:37:50,Diverse Power
Troup,149,0,17858,02-18-2025 21:52:48,Diverse Power
Calhoun,4,4,1368,02-18-2025 21:52:48,Diverse Power
Meriwether,58,1,2434,02-18-2025 21:52:48,Diverse Power
Troup,149,0,17859,02-18-2025 22:07:45,Diverse Power
Calhoun,4,4,1368,02-18-2025 22:07:45,Diverse Power
Meriwether,58,1,2434,02-18-2025 22:07:45,Diverse Power
Troup,149,0,17859,02-18-2025 22:22:45,Diverse Power
Calhoun,4,4,1368,02-18-2025 22:22:45,Diverse Power
Meriwether,58,1,2434,02-18-2025 22:22:45,Diverse Power
Troup,149,0,17859,02-18-2025 22:37:47,Diverse Power
Meriwether,58,1,2434,02-18-2025 22:37:47,Diverse Power
Troup,149,0,17859,02-18-2025 22:52:47,Diverse Power
Meriwether,58,1,2434,02-18-2025 22:52:47,Diverse Power
Troup,149,0,17859,02-18-2025 23:07:47,Diverse Power
Meriwether,58,1,2434,02-18-2025 23:07:47,Diverse Power
Troup,149,0,17859,02-18-2025 23:22:48,Diverse Power
Meriwether,58,1,2434,02-18-2025 23:22:48,Diverse Power
Troup,149,0,17859,02-18-2025 23:37:47,Diverse Power
Meriwether,58,1,2434,02-18-2025 23:37:47,Diverse Power
Troup,149,0,17859,02-18-2025 23:52:47,Diverse Power
Meriwether,58,1,2434,02-18-2025 23:52:47,Diverse Power
Troup,149,0,17859,02-19-2025 00:07:45,Diverse Power
Meriwether,58,1,2434,02-19-2025 00:07:45,Diverse Power
Troup,149,0,17859,02-19-2025 00:22:45,Diverse Power
Meriwether,58,1,2434,02-19-2025 00:22:45,Diverse Power
Troup,149,0,17859,02-19-2025 00:37:45,Diverse Power
Meriwether,58,1,2434,02-19-2025 00:37:45,Diverse Power
Troup,149,0,17859,02-19-2025 00:52:45,Diverse Power
Meriwether,58,1,2434,02-19-2025 00:52:45,Diverse Power
Troup,149,0,17859,02-19-2025 01:07:45,Diverse Power
Meriwether,58,1,2434,02-19-2025 01:07:45,Diverse Power
Troup,149,0,17859,02-19-2025 01:22:47,Diverse Power
Meriwether,58,1,2434,02-19-2025 01:22:47,Diverse Power
Troup,149,0,17859,02-19-2025 01:37:45,Diverse Power
Meriwether,58,1,2434,02-19-2025 01:37:45,Diverse Power
Troup,149,0,17859,02-19-2025 01:52:44,Diverse Power
Meriwether,58,1,2434,02-19-2025 01:52:44,Diverse Power
Heard,2,2,479,02-19-2025 02:07:45,Diverse Power
Troup,149,0,17859,02-19-2025 02:07:45,Diverse Power
Meriwether,58,1,2434,02-19-2025 02:07:45,Diverse Power
Troup,149,0,17859,02-19-2025 02:22:43,Diverse Power
Meriwether,58,1,2434,02-19-2025 02:22:43,Diverse Power
Troup,149,0,17859,02-19-2025 02:37:42,Diverse Power
Meriwether,58,1,2434,02-19-2025 02:37:42,Diverse Power
Troup,149,0,17859,02-19-2025 02:52:42,Diverse Power
Meriwether,58,1,2434,02-19-2025 02:52:42,Diverse Power
Troup,149,0,17859,02-19-2025 03:07:44,Diverse Power
Meriwether,58,1,2434,02-19-2025 03:07:44,Diverse Power
Troup,149,0,17859,02-19-2025 03:22:42,Diverse Power
Meriwether,58,1,2434,02-19-2025 03:22:42,Diverse Power
Troup,149,0,17859,02-19-2025 03:37:40,Diverse Power
Meriwether,58,1,2434,02-19-2025 03:37:40,Diverse Power
Troup,149,0,17859,02-19-2025 03:52:40,Diverse Power
Meriwether,58,1,2434,02-19-2025 03:52:40,Diverse Power
Troup,149,0,17859,02-19-2025 04:07:42,Diverse Power
Meriwether,58,1,2434,02-19-2025 04:07:42,Diverse Power
Troup,149,0,17859,02-19-2025 04:22:43,Diverse Power
Meriwether,58,1,2434,02-19-2025 04:22:43,Diverse Power
Troup,149,0,17859,02-19-2025 04:37:43,Diverse Power
Meriwether,58,1,2434,02-19-2025 04:37:43,Diverse Power
Troup,149,0,17859,02-19-2025 04:52:43,Diverse Power
Meriwether,58,1,2434,02-19-2025 04:52:43,Diverse Power
Troup,149,0,17859,02-19-2025 05:07:43,Diverse Power
Meriwether,58,1,2434,02-19-2025 05:07:43,Diverse Power
Troup,149,0,17859,02-19-2025 05:22:43,Diverse Power
Meriwether,58,1,2434,02-19-2025 05:22:43,Diverse Power
Troup,149,0,17859,02-19-2025 05:37:42,Diverse Power
Meriwether,58,1,2434,02-19-2025 05:37:42,Diverse Power
Troup,149,0,17859,02-19-2025 05:52:43,Diverse Power
Meriwether,58,1,2434,02-19-2025 05:52:43,Diverse Power
Troup,149,0,17859,02-19-2025 06:07:43,Diverse Power
Meriwether,58,1,2434,02-19-2025 06:07:43,Diverse Power
Troup,149,0,17859,02-19-2025 06:22:44,Diverse Power
Meriwether,58,1,2434,02-19-2025 06:22:44,Diverse Power
Troup,149,0,17859,02-19-2025 06:37:44,Diverse Power
Meriwether,58,1,2434,02-19-2025 06:37:44,Diverse Power
Troup,149,0,17859,02-19-2025 06:52:46,Diverse Power
Meriwether,58,1,2434,02-19-2025 06:52:46,Diverse Power
Troup,149,0,17859,02-19-2025 07:07:46,Diverse Power
Meriwether,58,1,2434,02-19-2025 07:07:46,Diverse Power
Troup,149,0,17859,02-19-2025 07:22:47,Diverse Power
Meriwether,58,1,2434,02-19-2025 07:22:47,Diverse Power
Troup,149,0,17859,02-19-2025 07:37:46,Diverse Power
Meriwether,58,1,2434,02-19-2025 07:37:46,Diverse Power
Troup,149,0,17859,02-19-2025 07:52:47,Diverse Power
Meriwether,58,1,2434,02-19-2025 07:52:47,Diverse Power
Troup,149,0,17859,02-19-2025 08:07:46,Diverse Power
Meriwether,58,1,2434,02-19-2025 08:07:46,Diverse Power
Troup,149,0,17859,02-19-2025 08:22:49,Diverse Power
Meriwether,58,1,2434,02-19-2025 08:22:49,Diverse Power
Troup,149,0,17859,02-19-2025 08:37:49,Diverse Power
Meriwether,58,1,2434,02-19-2025 08:37:49,Diverse Power
Troup,149,0,17859,02-19-2025 08:52:50,Diverse Power
Meriwether,58,1,2434,02-19-2025 08:52:50,Diverse Power
Troup,149,0,17859,02-19-2025 09:07:51,Diverse Power
Meriwether,58,1,2434,02-19-2025 09:07:51,Diverse Power
Troup,149,0,17859,02-19-2025 09:22:52,Diverse Power
Meriwether,58,1,2434,02-19-2025 09:22:52,Diverse Power
Troup,149,0,17859,02-19-2025 09:37:42,Diverse Power
Meriwether,58,1,2434,02-19-2025 09:37:42,Diverse Power
Troup,149,0,17859,02-19-2025 09:52:41,Diverse Power
Meriwether,58,1,2434,02-19-2025 09:52:41,Diverse Power
Troup,149,0,17859,02-19-2025 10:07:43,Diverse Power
Meriwether,58,1,2434,02-19-2025 10:07:43,Diverse Power
Troup,149,0,17859,02-19-2025 10:22:49,Diverse Power
Meriwether,58,1,2434,02-19-2025 10:22:49,Diverse Power
Troup,149,0,17859,02-19-2025 10:37:48,Diverse Power
Meriwether,58,1,2434,02-19-2025 10:37:48,Diverse Power
Troup,149,0,17859,02-19-2025 10:52:49,Diverse Power
Meriwether,58,1,2434,02-19-2025 10:52:49,Diverse Power
Troup,149,0,17859,02-19-2025 11:07:49,Diverse Power
Meriwether,58,1,2434,02-19-2025 11:07:49,Diverse Power
Troup,149,0,17859,02-19-2025 11:22:48,Diverse Power
Meriwether,58,1,2434,02-19-2025 11:22:48,Diverse Power
Troup,149,0,17859,02-19-2025 11:37:48,Diverse Power
Meriwether,58,1,2434,02-19-2025 11:37:48,Diverse Power
Troup,149,0,17859,02-19-2025 11:52:48,Diverse Power
Meriwether,58,1,2434,02-19-2025 11:52:48,Diverse Power
Troup,149,0,17859,02-19-2025 12:07:48,Diverse Power
Meriwether,58,1,2434,02-19-2025 12:07:48,Diverse Power
Troup,149,0,17859,02-19-2025 12:22:48,Diverse Power
Meriwether,58,1,2434,02-19-2025 12:22:48,Diverse Power
Troup,149,0,17859,02-19-2025 12:37:44,Diverse Power
Meriwether,58,1,2434,02-19-2025 12:37:44,Diverse Power
Troup,149,0,17859,02-19-2025 12:52:46,Diverse Power
Meriwether,58,1,2434,02-19-2025 12:52:46,Diverse Power
Troup,149,0,17859,02-19-2025 13:07:46,Diverse Power
Meriwether,58,1,2434,02-19-2025 13:07:46,Diverse Power
Troup,149,0,17858,02-19-2025 13:22:46,Diverse Power
Meriwether,58,1,2434,02-19-2025 13:22:46,Diverse Power
Troup,149,0,17858,02-19-2025 13:37:47,Diverse Power
Meriwether,58,1,2434,02-19-2025 13:37:47,Diverse Power
Troup,149,0,17858,02-19-2025 13:52:48,Diverse Power
Meriwether,58,1,2434,02-19-2025 13:52:48,Diverse Power
Troup,149,0,17858,02-19-2025 14:07:47,Diverse Power
Meriwether,58,1,2434,02-19-2025 14:07:47,Diverse Power
Troup,149,0,17856,02-19-2025 14:22:48,Diverse Power
Meriwether,58,1,2434,02-19-2025 14:22:48,Diverse Power
Troup,149,0,17856,02-19-2025 14:37:50,Diverse Power
Meriwether,58,1,2434,02-19-2025 14:37:50,Diverse Power
Troup,149,0,17856,02-19-2025 14:52:53,Diverse Power
Meriwether,58,1,2434,02-19-2025 14:52:53,Diverse Power
Troup,149,0,17856,02-19-2025 15:07:52,Diverse Power
Meriwether,58,1,2434,02-19-2025 15:07:52,Diverse Power
Troup,149,0,17856,02-19-2025 15:22:55,Diverse Power
Meriwether,58,1,2434,02-19-2025 15:22:55,Diverse Power
Troup,149,0,17856,02-19-2025 15:37:47,Diverse Power
Meriwether,58,1,2434,02-19-2025 15:37:47,Diverse Power
Troup,149,0,17856,02-19-2025 15:52:51,Diverse Power
Meriwether,58,1,2434,02-19-2025 15:52:51,Diverse Power
Troup,149,0,17856,02-19-2025 16:07:42,Diverse Power
Meriwether,58,1,2434,02-19-2025 16:07:42,Diverse Power
Troup,149,0,17858,02-19-2025 16:22:48,Diverse Power
Meriwether,58,1,2434,02-19-2025 16:22:48,Diverse Power
Troup,149,0,17858,02-19-2025 16:37:53,Diverse Power
Meriwether,58,1,2434,02-19-2025 16:37:53,Diverse Power
Troup,149,0,17857,02-19-2025 16:52:49,Diverse Power
Meriwether,58,1,2434,02-19-2025 16:52:49,Diverse Power
Troup,149,0,17857,02-19-2025 17:07:50,Diverse Power
Meriwether,58,1,2434,02-19-2025 17:07:50,Diverse Power
Troup,149,0,17857,02-19-2025 17:22:54,Diverse Power
Meriwether,58,1,2434,02-19-2025 17:22:54,Diverse Power
Troup,149,0,17857,02-19-2025 17:37:52,Diverse Power
Meriwether,58,1,2434,02-19-2025 17:37:52,Diverse Power
Troup,149,0,17857,02-19-2025 17:52:48,Diverse Power
Meriwether,58,1,2434,02-19-2025 17:52:48,Diverse Power
Troup,149,0,17858,02-19-2025 18:07:50,Diverse Power
Meriwether,58,1,2435,02-19-2025 18:07:50,Diverse Power
Troup,149,0,17858,02-19-2025 18:22:50,Diverse Power
Meriwether,58,1,2435,02-19-2025 18:22:50,Diverse Power
Troup,149,0,17858,02-19-2025 18:37:50,Diverse Power
Meriwether,58,1,2435,02-19-2025 18:37:50,Diverse Power
Troup,149,0,17858,02-19-2025 18:52:53,Diverse Power
Meriwether,58,1,2435,02-19-2025 18:52:53,Diverse Power
Troup,149,0,17858,02-19-2025 19:07:52,Diverse Power
Meriwether,58,1,2435,02-19-2025 19:07:52,Diverse Power
Troup,149,0,17858,02-19-2025 19:22:51,Diverse Power
Meriwether,58,1,2435,02-19-2025 19:22:51,Diverse Power
Troup,149,0,17858,02-19-2025 19:37:52,Diverse Power
Meriwether,58,1,2435,02-19-2025 19:37:52,Diverse Power
Troup,149,0,17858,02-19-2025 19:52:49,Diverse Power
Meriwether,58,1,2435,02-19-2025 19:52:49,Diverse Power
Troup,149,0,17858,02-19-2025 20:07:48,Diverse Power
Meriwether,58,1,2435,02-19-2025 20:07:48,Diverse Power
Troup,149,0,17858,02-19-2025 20:22:46,Diverse Power
Meriwether,58,1,2436,02-19-2025 20:22:46,Diverse Power
Troup,149,0,17858,02-19-2025 20:37:46,Diverse Power
Meriwether,58,1,2436,02-19-2025 20:37:46,Diverse Power
Troup,149,0,17859,02-19-2025 20:52:50,Diverse Power
Meriwether,58,1,2436,02-19-2025 20:52:50,Diverse Power
Troup,149,0,17859,02-19-2025 21:07:49,Diverse Power
Meriwether,58,1,2436,02-19-2025 21:07:49,Diverse Power
Troup,149,0,17859,02-19-2025 21:22:48,Diverse Power
Meriwether,58,1,2436,02-19-2025 21:22:48,Diverse Power
Troup,149,0,17859,02-19-2025 21:37:44,Diverse Power
Meriwether,58,1,2436,02-19-2025 21:37:44,Diverse Power
Troup,149,0,17859,02-19-2025 21:52:47,Diverse Power
Meriwether,58,1,2436,02-19-2025 21:52:47,Diverse Power
Troup,149,0,17859,02-19-2025 22:07:45,Diverse Power
Meriwether,58,1,2436,02-19-2025 22:07:45,Diverse Power
Troup,149,0,17859,02-19-2025 22:22:46,Diverse Power
Meriwether,58,1,2436,02-19-2025 22:22:46,Diverse Power
Troup,149,0,17859,02-19-2025 22:37:48,Diverse Power
Meriwether,58,1,2436,02-19-2025 22:37:48,Diverse Power
Troup,149,0,17859,02-19-2025 22:52:48,Diverse Power
Meriwether,58,1,2436,02-19-2025 22:52:48,Diverse Power
Troup,149,0,17859,02-19-2025 23:07:48,Diverse Power
Meriwether,58,1,2436,02-19-2025 23:07:48,Diverse Power
Troup,149,0,17859,02-19-2025 23:22:46,Diverse Power
Meriwether,58,1,2436,02-19-2025 23:22:46,Diverse Power
Troup,149,0,17859,02-19-2025 23:37:44,Diverse Power
Meriwether,58,1,2436,02-19-2025 23:37:44,Diverse Power
Troup,149,0,17858,02-19-2025 23:52:43,Diverse Power
Meriwether,58,1,2436,02-19-2025 23:52:43,Diverse Power
Troup,149,0,17858,02-20-2025 00:07:44,Diverse Power
Meriwether,58,1,2436,02-20-2025 00:07:44,Diverse Power
Troup,151,2,17858,02-20-2025 00:22:44,Diverse Power
Meriwether,58,1,2436,02-20-2025 00:22:44,Diverse Power
Harris,2,2,8316,02-20-2025 00:22:44,Diverse Power
Troup,149,0,17858,02-20-2025 00:37:46,Diverse Power
Meriwether,58,1,2436,02-20-2025 00:37:46,Diverse Power
Troup,149,0,17858,02-20-2025 00:52:45,Diverse Power
Meriwether,58,1,2436,02-20-2025 00:52:45,Diverse Power
Troup,149,0,17858,02-20-2025 01:07:45,Diverse Power
Meriwether,58,1,2436,02-20-2025 01:07:45,Diverse Power
Troup,149,0,17858,02-20-2025 01:22:43,Diverse Power
Meriwether,58,1,2436,02-20-2025 01:22:43,Diverse Power
Troup,149,0,17858,02-20-2025 01:37:43,Diverse Power
Meriwether,58,1,2436,02-20-2025 01:37:43,Diverse Power
Troup,149,0,17858,02-20-2025 01:52:43,Diverse Power
Meriwether,58,1,2436,02-20-2025 01:52:43,Diverse Power
Troup,149,0,17858,02-20-2025 02:07:43,Diverse Power
Meriwether,58,1,2436,02-20-2025 02:07:43,Diverse Power
Troup,149,0,17858,02-20-2025 02:22:43,Diverse Power
Meriwether,58,1,2436,02-20-2025 02:22:43,Diverse Power
Troup,149,0,17858,02-20-2025 02:37:43,Diverse Power
Meriwether,58,1,2436,02-20-2025 02:37:43,Diverse Power
Troup,149,0,17858,02-20-2025 02:52:43,Diverse Power
Meriwether,58,1,2436,02-20-2025 02:52:43,Diverse Power
Troup,149,0,17858,02-20-2025 03:07:45,Diverse Power
Meriwether,58,1,2436,02-20-2025 03:07:45,Diverse Power
Troup,149,0,17858,02-20-2025 03:22:45,Diverse Power
Meriwether,58,1,2436,02-20-2025 03:22:45,Diverse Power
Troup,149,0,17858,02-20-2025 03:37:47,Diverse Power
Meriwether,58,1,2436,02-20-2025 03:37:47,Diverse Power
Troup,149,0,17858,02-20-2025 03:52:45,Diverse Power
Meriwether,58,1,2436,02-20-2025 03:52:45,Diverse Power
Troup,149,0,17858,02-20-2025 04:07:45,Diverse Power
Meriwether,58,1,2436,02-20-2025 04:07:45,Diverse Power
Troup,149,0,17858,02-20-2025 04:22:45,Diverse Power
Meriwether,58,1,2436,02-20-2025 04:22:45,Diverse Power
Troup,149,0,17858,02-20-2025 04:37:43,Diverse Power
Meriwether,58,1,2436,02-20-2025 04:37:43,Diverse Power
Troup,149,0,17858,02-20-2025 04:52:45,Diverse Power
Meriwether,58,1,2436,02-20-2025 04:52:45,Diverse Power
Troup,149,0,17858,02-20-2025 05:07:43,Diverse Power
Meriwether,58,1,2436,02-20-2025 05:07:43,Diverse Power
Troup,149,0,17858,02-20-2025 05:22:43,Diverse Power
Meriwether,58,1,2436,02-20-2025 05:22:43,Diverse Power
Troup,149,0,17858,02-20-2025 05:37:43,Diverse Power
Meriwether,58,1,2436,02-20-2025 05:37:43,Diverse Power
Troup,149,0,17858,02-20-2025 05:52:43,Diverse Power
Meriwether,58,1,2436,02-20-2025 05:52:43,Diverse Power
Troup,149,0,17858,02-20-2025 06:07:43,Diverse Power
Meriwether,58,1,2436,02-20-2025 06:07:43,Diverse Power
Troup,149,0,17858,02-20-2025 06:22:44,Diverse Power
Meriwether,58,1,2436,02-20-2025 06:22:44,Diverse Power
Troup,149,0,17858,02-20-2025 06:37:43,Diverse Power
Meriwether,58,1,2436,02-20-2025 06:37:43,Diverse Power
Troup,149,0,17858,02-20-2025 06:52:43,Diverse Power
Meriwether,58,1,2436,02-20-2025 06:52:43,Diverse Power
Troup,149,0,17858,02-20-2025 07:07:44,Diverse Power
Meriwether,58,1,2436,02-20-2025 07:07:44,Diverse Power
Troup,149,0,17858,02-20-2025 07:22:43,Diverse Power
Meriwether,58,1,2436,02-20-2025 07:22:43,Diverse Power
Troup,149,0,17858,02-20-2025 07:37:43,Diverse Power
Meriwether,58,1,2436,02-20-2025 07:37:43,Diverse Power
Troup,149,0,17858,02-20-2025 07:52:42,Diverse Power
Meriwether,58,1,2436,02-20-2025 07:52:42,Diverse Power
Troup,149,0,17858,02-20-2025 08:07:44,Diverse Power
Meriwether,58,1,2436,02-20-2025 08:07:44,Diverse Power
Troup,149,0,17858,02-20-2025 08:22:43,Diverse Power
Meriwether,58,1,2436,02-20-2025 08:22:43,Diverse Power
Troup,149,0,17858,02-20-2025 08:37:43,Diverse Power
Meriwether,58,1,2436,02-20-2025 08:37:43,Diverse Power
Troup,149,0,17858,02-20-2025 08:52:42,Diverse Power
Meriwether,58,1,2436,02-20-2025 08:52:42,Diverse Power
Troup,149,0,17858,02-20-2025 09:07:43,Diverse Power
Meriwether,58,1,2436,02-20-2025 09:07:43,Diverse Power
Troup,149,0,17858,02-20-2025 09:22:43,Diverse Power
Meriwether,58,1,2436,02-20-2025 09:22:43,Diverse Power
Troup,149,0,17858,02-20-2025 09:37:43,Diverse Power
Meriwether,58,1,2436,02-20-2025 09:37:43,Diverse Power
Troup,149,0,17858,02-20-2025 09:52:42,Diverse Power
Meriwether,58,1,2436,02-20-2025 09:52:42,Diverse Power
Troup,149,0,17858,02-20-2025 10:07:44,Diverse Power
Meriwether,58,1,2436,02-20-2025 10:07:44,Diverse Power
Harris,2,2,8316,02-20-2025 10:07:44,Diverse Power
Troup,149,0,17858,02-20-2025 10:22:44,Diverse Power
Meriwether,58,1,2436,02-20-2025 10:22:44,Diverse Power
Harris,2,2,8316,02-20-2025 10:22:44,Diverse Power
Troup,149,0,17858,02-20-2025 10:37:45,Diverse Power
Meriwether,58,1,2436,02-20-2025 10:37:45,Diverse Power
Harris,2,2,8316,02-20-2025 10:37:45,Diverse Power
Troup,149,0,17858,02-20-2025 10:52:48,Diverse Power
Meriwether,58,1,2436,02-20-2025 10:52:48,Diverse Power
Troup,149,0,17858,02-20-2025 11:07:50,Diverse Power
Meriwether,58,1,2436,02-20-2025 11:07:50,Diverse Power
Troup,149,0,17858,02-20-2025 11:22:49,Diverse Power
Meriwether,58,1,2436,02-20-2025 11:22:49,Diverse Power
Troup,149,0,17858,02-20-2025 11:37:47,Diverse Power
Meriwether,58,1,2436,02-20-2025 11:37:47,Diverse Power
Troup,149,0,17858,02-20-2025 11:52:47,Diverse Power
Meriwether,58,1,2436,02-20-2025 11:52:47,Diverse Power
Troup,149,0,17858,02-20-2025 12:07:47,Diverse Power
Meriwether,58,1,2436,02-20-2025 12:07:47,Diverse Power
Troup,149,0,17858,02-20-2025 12:22:46,Diverse Power
Meriwether,58,1,2436,02-20-2025 12:22:46,Diverse Power
Troup,149,0,17858,02-20-2025 12:37:45,Diverse Power
Meriwether,58,1,2436,02-20-2025 12:37:45,Diverse Power
Troup,149,0,17858,02-20-2025 12:52:43,Diverse Power
Meriwether,58,1,2436,02-20-2025 12:52:43,Diverse Power
Troup,149,0,17858,02-20-2025 13:07:46,Diverse Power
Meriwether,58,1,2436,02-20-2025 13:07:46,Diverse Power
Troup,149,0,17858,02-20-2025 13:22:45,Diverse Power
Meriwether,58,1,2436,02-20-2025 13:22:45,Diverse Power
Troup,149,0,17858,02-20-2025 13:37:46,Diverse Power
Meriwether,58,1,2436,02-20-2025 13:37:46,Diverse Power
Troup,149,0,17858,02-20-2025 13:52:46,Diverse Power
Meriwether,58,1,2436,02-20-2025 13:52:46,Diverse Power
Troup,149,0,17858,02-20-2025 14:07:43,Diverse Power
Meriwether,58,1,2436,02-20-2025 14:07:43,Diverse Power
Troup,1,1,17858,02-20-2025 15:07:49,Diverse Power
Troup,1,1,17859,02-20-2025 15:22:48,Diverse Power
Harris,4,4,8316,02-20-2025 15:22:48,Diverse Power
Troup,1,1,17861,02-20-2025 15:37:46,Diverse Power
Harris,4,4,8316,02-20-2025 15:37:46,Diverse Power
Troup,1,1,17861,02-20-2025 15:52:46,Diverse Power
Troup,1,1,17861,02-20-2025 16:07:47,Diverse Power
Troup,1,1,17861,02-20-2025 16:22:51,Diverse Power
Troup,1,1,17861,02-20-2025 16:37:52,Diverse Power
Troup,1,1,17861,02-20-2025 16:52:51,Diverse Power
Troup,1,1,17861,02-20-2025 17:07:49,Diverse Power
Troup,1,1,17861,02-20-2025 17:22:48,Diverse Power
Harris,2,2,8316,02-20-2025 20:07:47,Diverse Power
Calhoun,1,1,1368,02-20-2025 20:37:40,Diverse Power
Calhoun,1,1,1368,02-20-2025 20:52:42,Diverse Power
Calhoun,1,1,1368,02-20-2025 21:07:42,Diverse Power
Troup,24,24,17862,02-21-2025 03:52:41,Diverse Power
Troup,24,24,17862,02-21-2025 04:07:42,Diverse Power
Troup,24,24,17862,02-21-2025 04:22:42,Diverse Power
Troup,24,24,17862,02-21-2025 04:37:43,Diverse Power
Troup,24,24,17862,02-21-2025 04:52:43,Diverse Power
Troup,24,24,17862,02-21-2025 05:07:42,Diverse Power
Troup,24,24,17862,02-21-2025 05:22:42,Diverse Power
Troup,24,0,17862,02-21-2025 05:37:45,Diverse Power
Troup,2,2,17860,02-21-2025 19:37:45,Diverse Power
Troup,12,12,17860,02-21-2025 21:07:42,Diverse Power
Troup,2,2,17861,02-22-2025 18:37:48,Diverse Power
Troup,2,2,17861,02-22-2025 18:52:48,Diverse Power
Troup,2,2,17861,02-22-2025 19:07:50,Diverse Power
Troup,2,2,17861,02-22-2025 19:22:48,Diverse Power
Troup,2,2,17861,02-22-2025 19:37:47,Diverse Power
Troup,2,2,17861,02-23-2025 22:52:47,Diverse Power
Chambers,1,1,685,02-24-2025 00:22:44,Diverse Power
Chambers,1,1,685,02-24-2025 00:37:45,Diverse Power
Chambers,1,1,685,02-24-2025 00:52:44,Diverse Power
Chambers,1,1,685,02-24-2025 01:07:43,Diverse Power
Chambers,1,1,685,02-24-2025 01:22:45,Diverse Power
Chambers,1,1,685,02-24-2025 01:37:44,Diverse Power
Chambers,1,1,685,02-24-2025 01:52:44,Diverse Power
Chambers,1,1,685,02-24-2025 02:07:46,Diverse Power
Chambers,1,1,685,02-24-2025 02:22:45,Diverse Power
Chambers,1,1,685,02-24-2025 02:37:46,Diverse Power
Troup,21,21,17861,02-24-2025 15:22:46,Diverse Power
Troup,21,21,17861,02-24-2025 15:37:49,Diverse Power
Troup,21,21,17861,02-24-2025 15:52:52,Diverse Power
Troup,21,21,17861,02-24-2025 16:07:53,Diverse Power
Troup,21,21,17861,02-24-2025 16:22:54,Diverse Power
Calhoun,12,12,1368,02-24-2025 16:22:54,Diverse Power
Troup,21,21,17861,02-24-2025 16:37:42,Diverse Power
Calhoun,12,12,1368,02-24-2025 16:37:42,Diverse Power
Troup,21,21,17861,02-24-2025 16:52:41,Diverse Power
Calhoun,12,12,1368,02-24-2025 16:52:41,Diverse Power
Troup,21,21,17861,02-24-2025 17:07:50,Diverse Power
Calhoun,12,12,1368,02-24-2025 17:07:50,Diverse Power
Troup,21,21,17862,02-24-2025 17:22:48,Diverse Power
Calhoun,12,12,1368,02-24-2025 17:22:48,Diverse Power
Troup,21,21,17862,02-24-2025 17:37:51,Diverse Power
Calhoun,12,12,1368,02-24-2025 17:37:51,Diverse Power
Troup,21,21,17861,02-24-2025 17:52:49,Diverse Power
Calhoun,12,12,1368,02-24-2025 17:52:49,Diverse Power
Troup,21,21,17861,02-24-2025 18:07:47,Diverse Power
Calhoun,1,1,1368,02-24-2025 18:07:47,Diverse Power
Harris,1,1,8316,02-24-2025 18:07:47,Diverse Power
Troup,2,2,17861,02-24-2025 18:22:48,Diverse Power
Calhoun,1,1,1368,02-24-2025 18:22:48,Diverse Power
Harris,1,1,8316,02-24-2025 18:22:48,Diverse Power
Troup,2,2,17861,02-24-2025 18:37:48,Diverse Power
Harris,1,1,8316,02-24-2025 18:37:48,Diverse Power
Harris,1,1,8316,02-24-2025 18:52:47,Diverse Power
Harris,1,1,8316,02-24-2025 19:07:49,Diverse Power
Harris,1,1,8316,02-24-2025 19:22:46,Diverse Power
Troup,2,2,17861,02-24-2025 19:52:46,Diverse Power
Muscogee,421,421,2728,02-25-2025 13:52:45,Diverse Power
Harris,425,425,8315,02-25-2025 13:52:45,Diverse Power
Muscogee,421,421,2728,02-25-2025 14:07:45,Diverse Power
Harris,425,425,8315,02-25-2025 14:07:45,Diverse Power
Muscogee,421,421,2728,02-25-2025 14:22:46,Diverse Power
Harris,425,425,8315,02-25-2025 14:22:46,Diverse Power
Muscogee,421,421,2728,02-25-2025 14:37:51,Diverse Power
Harris,425,425,8315,02-25-2025 14:37:51,Diverse Power
Meriwether,1,1,2434,02-26-2025 17:52:45,Diverse Power
Meriwether,1,1,2434,02-26-2025 18:07:43,Diverse Power
Meriwether,1,1,2434,02-26-2025 18:22:46,Diverse Power
Meriwether,1,1,2434,02-26-2025 18:37:46,Diverse Power
Harris,6,6,8314,02-26-2025 18:37:46,Diverse Power
Meriwether,1,1,2434,02-26-2025 18:52:46,Diverse Power
Harris,6,6,8314,02-26-2025 18:52:46,Diverse Power
Meriwether,1,1,2434,02-26-2025 19:07:45,Diverse Power
Harris,6,6,8314,02-26-2025 19:07:45,Diverse Power
Meriwether,1,1,2434,02-26-2025 19:22:47,Diverse Power
Harris,6,6,8314,02-26-2025 19:22:47,Diverse Power
Meriwether,1,1,2434,02-26-2025 19:37:49,Diverse Power
Harris,6,6,8314,02-26-2025 19:37:49,Diverse Power
Harris,9,9,8314,02-26-2025 20:37:44,Diverse Power
Harris,9,9,8314,02-26-2025 20:52:46,Diverse Power
Harris,9,9,8314,02-26-2025 21:07:48,Diverse Power
Harris,9,9,8314,02-26-2025 21:22:46,Diverse Power
Harris,9,9,8314,02-26-2025 21:37:45,Diverse Power
Harris,9,9,8314,02-26-2025 21:52:44,Diverse Power
Harris,9,9,8314,02-26-2025 22:07:47,Diverse Power
Harris,9,9,8314,02-26-2025 22:22:45,Diverse Power
Harris,9,9,8314,02-26-2025 22:37:45,Diverse Power
Harris,1,1,8314,02-26-2025 23:07:44,Diverse Power
Harris,1,1,8314,02-26-2025 23:22:43,Diverse Power
Harris,1,1,8314,02-26-2025 23:52:45,Diverse Power
Harris,1,1,8314,02-27-2025 00:07:44,Diverse Power
Troup,2,2,17863,02-27-2025 15:37:50,Diverse Power
Troup,5,5,17863,02-27-2025 15:52:51,Diverse Power
Troup,5,5,17863,02-27-2025 16:07:45,Diverse Power
Troup,7,7,17863,02-27-2025 16:22:42,Diverse Power
Troup,7,7,17863,02-27-2025 16:37:42,Diverse Power
Troup,5,5,17863,02-27-2025 16:52:41,Diverse Power
Troup,5,5,17863,02-27-2025 17:07:43,Diverse Power
Troup,5,5,17863,02-27-2025 17:22:43,Diverse Power
Troup,5,5,17863,02-27-2025 17:37:51,Diverse Power
Troup,5,5,17863,02-27-2025 17:52:51,Diverse Power
Troup,5,5,17863,02-27-2025 18:07:53,Diverse Power
Troup,2,2,17863,02-27-2025 18:22:55,Diverse Power
Clay,1,1,980,02-27-2025 18:22:55,Diverse Power
Troup,2,2,17864,02-27-2025 18:37:54,Diverse Power
Clay,1,1,980,02-27-2025 18:37:54,Diverse Power
Troup,2,2,17864,02-27-2025 18:52:44,Diverse Power
Clay,1,1,980,02-27-2025 18:52:44,Diverse Power
Troup,2,2,17864,02-27-2025 19:07:45,Diverse Power
Clay,1,1,980,02-27-2025 19:07:45,Diverse Power
Clay,1,1,980,02-27-2025 19:22:43,Diverse Power
Clay,1,1,980,02-27-2025 19:37:43,Diverse Power
Clay,1,1,980,02-27-2025 19:52:49,Diverse Power
Clay,1,1,980,02-27-2025 20:07:51,Diverse Power
Clay,1,1,980,02-27-2025 20:22:53,Diverse Power
Clay,1,1,980,02-27-2025 20:37:48,Diverse Power
Clay,1,1,980,02-27-2025 20:52:51,Diverse Power
Clay,1,1,980,02-27-2025 21:07:50,Diverse Power
Harris,1,1,8314,02-27-2025 21:07:50,Diverse Power
Clay,1,1,980,02-27-2025 21:22:53,Diverse Power
Harris,15,15,8314,02-27-2025 21:22:53,Diverse Power
Clay,1,1,980,02-27-2025 21:37:48,Diverse Power
Harris,15,15,8314,02-27-2025 21:37:48,Diverse Power
Clay,1,1,980,02-27-2025 21:52:48,Diverse Power
Harris,15,15,8314,02-27-2025 21:52:48,Diverse Power
Clay,1,1,980,02-27-2025 22:07:47,Diverse Power
Harris,15,15,8314,02-27-2025 22:07:47,Diverse Power
Clay,1,1,980,02-27-2025 22:22:45,Diverse Power
Clay,1,1,980,02-27-2025 22:37:50,Diverse Power
Troup,443,443,17865,03-01-2025 05:22:40,Diverse Power
Meriwether,75,75,2435,03-01-2025 05:22:40,Diverse Power
Troup,443,443,17865,03-01-2025 05:37:40,Diverse Power
Meriwether,75,75,2435,03-01-2025 05:37:40,Diverse Power
Troup,443,443,17865,03-01-2025 05:52:41,Diverse Power
Meriwether,75,75,2435,03-01-2025 05:52:41,Diverse Power
Troup,443,443,17865,03-01-2025 06:07:40,Diverse Power
Meriwether,75,75,2435,03-01-2025 06:07:40,Diverse Power
Troup,443,443,17865,03-01-2025 06:22:40,Diverse Power
Meriwether,75,75,2435,03-01-2025 06:22:40,Diverse Power
Troup,443,443,17865,03-01-2025 06:37:40,Diverse Power
Meriwether,75,75,2435,03-01-2025 06:37:40,Diverse Power
Meriwether,1,1,2435,03-01-2025 22:52:53,Diverse Power
Meriwether,1,1,2435,03-01-2025 23:07:58,Diverse Power
Meriwether,1,1,2435,03-01-2025 23:22:56,Diverse Power
Meriwether,1,1,2435,03-01-2025 23:37:55,Diverse Power
Meriwether,1,1,2435,03-01-2025 23:52:52,Diverse Power
Harris,2,2,8314,03-01-2025 23:52:52,Diverse Power
Meriwether,1,1,2435,03-02-2025 00:07:52,Diverse Power
Harris,2,2,8314,03-02-2025 00:07:52,Diverse Power
Harris,2,2,8314,03-02-2025 00:22:53,Diverse Power
Harris,2,2,8314,03-02-2025 00:37:52,Diverse Power
Harris,2,2,8314,03-02-2025 00:52:53,Diverse Power
Harris,2,2,8314,03-02-2025 01:07:54,Diverse Power
Harris,2,2,8314,03-02-2025 01:22:52,Diverse Power
Harris,3,1,8314,03-02-2025 01:37:51,Diverse Power
Harris,1,1,8314,03-02-2025 05:52:50,Diverse Power
Harris,6,6,8314,03-02-2025 06:07:50,Diverse Power
Harris,6,6,8314,03-02-2025 06:22:50,Diverse Power
Harris,6,6,8314,03-02-2025 06:37:50,Diverse Power
Harris,6,6,8314,03-02-2025 06:52:50,Diverse Power
Harris,6,6,8314,03-02-2025 07:07:50,Diverse Power
Harris,6,6,8314,03-02-2025 07:22:50,Diverse Power
Harris,6,6,8314,03-02-2025 07:37:50,Diverse Power
Harris,6,6,8314,03-02-2025 07:52:52,Diverse Power
Harris,6,6,8314,03-02-2025 08:07:51,Diverse Power
Harris,6,6,8314,03-02-2025 08:22:51,Diverse Power
Harris,6,6,8314,03-02-2025 08:37:51,Diverse Power
Harris,6,6,8314,03-02-2025 08:52:52,Diverse Power
Harris,6,6,8314,03-02-2025 09:07:52,Diverse Power
Randolph,3,3,1731,03-02-2025 20:07:44,Diverse Power
Randolph,3,3,1731,03-02-2025 20:22:44,Diverse Power
Randolph,3,3,1731,03-02-2025 20:37:46,Diverse Power
Randolph,3,3,1731,03-02-2025 20:52:46,Diverse Power
Randolph,3,3,1731,03-02-2025 21:07:42,Diverse Power
Harris,2,2,8314,03-03-2025 13:37:43,Diverse Power
Harris,2,2,8314,03-03-2025 13:52:40,Diverse Power
Harris,2,2,8314,03-03-2025 14:07:41,Diverse Power
Randolph,1,1,1731,03-03-2025 14:22:40,Diverse Power
Harris,2,2,8314,03-03-2025 14:22:40,Diverse Power
Randolph,1,1,1731,03-03-2025 14:37:41,Diverse Power
Harris,2,2,8314,03-03-2025 14:37:41,Diverse Power
Randolph,1,0,1731,03-03-2025 14:52:41,Diverse Power
Harris,2,2,8314,03-03-2025 14:52:41,Diverse Power
Harris,2,2,8314,03-03-2025 15:07:46,Diverse Power
Troup,3,3,17864,03-03-2025 15:22:44,Diverse Power
Harris,2,2,8314,03-03-2025 15:22:44,Diverse Power
Troup,3,3,17864,03-03-2025 15:37:43,Diverse Power
Harris,2,2,8314,03-03-2025 15:37:43,Diverse Power
Troup,5,5,17864,03-03-2025 15:52:45,Diverse Power
Harris,2,2,8314,03-03-2025 15:52:45,Diverse Power
Troup,5,5,17863,03-03-2025 16:07:46,Diverse Power
Harris,2,2,8314,03-03-2025 16:07:46,Diverse Power
Troup,5,5,17861,03-03-2025 16:22:46,Diverse Power
Harris,2,2,8315,03-03-2025 16:22:46,Diverse Power
Troup,5,5,17861,03-03-2025 16:37:45,Diverse Power
Harris,2,2,8315,03-03-2025 16:37:45,Diverse Power
Troup,5,5,17861,03-03-2025 16:52:47,Diverse Power
Harris,2,2,8315,03-03-2025 16:52:47,Diverse Power
Troup,5,5,17861,03-03-2025 17:07:48,Diverse Power
Harris,2,2,8315,03-03-2025 17:07:48,Diverse Power
Troup,929,929,17861,03-03-2025 17:22:47,Diverse Power
Harris,2,2,8315,03-03-2025 17:22:47,Diverse Power
Troup,932,932,17861,03-03-2025 17:37:46,Diverse Power
Harris,2,2,8315,03-03-2025 17:37:46,Diverse Power
Troup,5,5,17860,03-03-2025 17:52:48,Diverse Power
Harris,2,2,8315,03-03-2025 17:52:48,Diverse Power
Troup,5,5,17860,03-03-2025 18:07:44,Diverse Power
Harris,2,2,8315,03-03-2025 18:07:44,Diverse Power
Troup,5,5,17859,03-03-2025 18:22:46,Diverse Power
Harris,2,2,8315,03-03-2025 18:22:46,Diverse Power
Troup,5,5,17859,03-03-2025 18:37:46,Diverse Power
Harris,2,2,8315,03-03-2025 18:37:46,Diverse Power
Troup,5,5,17859,03-03-2025 18:52:43,Diverse Power
Harris,2,2,8315,03-03-2025 18:52:43,Diverse Power
Troup,5,5,17859,03-03-2025 20:07:45,Diverse Power
Troup,5,5,17859,03-03-2025 20:22:43,Diverse Power
Troup,5,5,17859,03-03-2025 20:37:45,Diverse Power
Troup,5,5,17859,03-03-2025 20:52:44,Diverse Power
Troup,5,5,17860,03-03-2025 21:07:44,Diverse Power
Troup,5,5,17860,03-03-2025 21:22:42,Diverse Power
Troup,5,5,17859,03-03-2025 21:37:42,Diverse Power
Troup,5,5,17859,03-03-2025 21:52:44,Diverse Power
Troup,5,5,17859,03-03-2025 22:07:46,Diverse Power
Harris,3,3,8316,03-04-2025 14:07:43,Diverse Power
Harris,3,3,8316,03-04-2025 14:22:47,Diverse Power
Harris,3,3,8316,03-04-2025 14:37:45,Diverse Power
Harris,3,3,8316,03-04-2025 14:52:53,Diverse Power
Harris,3,3,8316,03-04-2025 15:07:55,Diverse Power
Calhoun,2,2,1368,03-04-2025 15:22:51,Diverse Power
Harris,3,3,8316,03-04-2025 15:22:51,Diverse Power
Calhoun,2,2,1368,03-04-2025 15:37:45,Diverse Power
Harris,3,3,8316,03-04-2025 15:37:45,Diverse Power
Calhoun,2,2,1368,03-04-2025 15:52:48,Diverse Power
Harris,3,3,8316,03-04-2025 15:52:48,Diverse Power
Calhoun,2,2,1368,03-04-2025 16:07:50,Diverse Power
Harris,3,3,8316,03-04-2025 16:07:50,Diverse Power
Calhoun,2,2,1368,03-04-2025 16:22:47,Diverse Power
Harris,3,3,8316,03-04-2025 16:22:47,Diverse Power
Calhoun,2,2,1368,03-04-2025 16:37:49,Diverse Power
Harris,3,3,8316,03-04-2025 16:37:49,Diverse Power
Harris,27,27,8318,03-04-2025 19:23:01,Diverse Power
Meriwether,3,3,2435,03-04-2025 19:38:03,Diverse Power
Meriwether,3,3,2435,03-04-2025 19:53:00,Diverse Power
Troup,12,12,17863,03-04-2025 20:52:54,Diverse Power
Troup,12,12,17863,03-04-2025 21:08:05,Diverse Power
Troup,21,21,17862,03-04-2025 21:23:01,Diverse Power
Quitman,1,1,1304,03-04-2025 21:38:04,Diverse Power
Troup,21,21,17862,03-04-2025 21:38:04,Diverse Power
Quitman,2,2,1304,03-04-2025 21:53:00,Diverse Power
Troup,21,21,17862,03-04-2025 21:53:00,Diverse Power
Quitman,2,2,1304,03-04-2025 22:07:58,Diverse Power
Troup,12,12,17862,03-04-2025 22:07:58,Diverse Power
Quitman,2,2,1304,03-04-2025 22:23:03,Diverse Power
Troup,14,14,17862,03-04-2025 22:23:03,Diverse Power
Quitman,2,2,1304,03-04-2025 22:37:52,Diverse Power
Troup,14,14,17862,03-04-2025 22:37:52,Diverse Power
Harris,852,852,8319,03-04-2025 22:37:52,Diverse Power
Quitman,2,2,1304,03-04-2025 22:52:51,Diverse Power
Troup,14,14,17862,03-04-2025 22:52:51,Diverse Power
Harris,852,852,8319,03-04-2025 22:52:51,Diverse Power
Quitman,2,2,1304,03-04-2025 23:07:55,Diverse Power
Troup,14,14,17862,03-04-2025 23:07:55,Diverse Power
Harris,852,852,8319,03-04-2025 23:07:55,Diverse Power
Troup,2,2,17863,03-04-2025 23:22:53,Diverse Power
Harris,852,852,8319,03-04-2025 23:22:53,Diverse Power
Troup,2,2,17863,03-04-2025 23:37:57,Diverse Power
Harris,852,852,8319,03-04-2025 23:37:57,Diverse Power
Troup,2,2,17863,03-04-2025 23:52:53,Diverse Power
Harris,852,14,8319,03-04-2025 23:52:53,Diverse Power
Troup,4,4,17863,03-05-2025 00:07:53,Diverse Power
Harris,852,14,8319,03-05-2025 00:07:53,Diverse Power
Troup,4,4,17862,03-05-2025 00:22:52,Diverse Power
Harris,852,14,8319,03-05-2025 00:22:52,Diverse Power
Troup,2,2,17862,03-05-2025 00:37:57,Diverse Power
Harris,852,14,8319,03-05-2025 00:37:57,Diverse Power
Troup,2,2,17862,03-05-2025 00:53:00,Diverse Power
Harris,852,14,8319,03-05-2025 00:53:00,Diverse Power
Troup,2,2,17862,03-05-2025 01:08:16,Diverse Power
Harris,852,14,8319,03-05-2025 01:08:16,Diverse Power
Troup,22,22,17862,03-05-2025 01:23:03,Diverse Power
Harris,852,14,8319,03-05-2025 01:23:03,Diverse Power
Troup,25,25,17862,03-05-2025 01:38:05,Diverse Power
Harris,852,14,8319,03-05-2025 01:38:05,Diverse Power
Troup,23,23,17862,03-05-2025 01:52:57,Diverse Power
Harris,852,14,8319,03-05-2025 01:52:57,Diverse Power
Troup,23,23,17862,03-05-2025 02:08:06,Diverse Power
Troup,37,37,17862,03-05-2025 02:53:03,Diverse Power
Troup,37,37,17862,03-05-2025 03:08:04,Diverse Power
Troup,37,37,17862,03-05-2025 03:22:57,Diverse Power
Troup,38,38,17862,03-05-2025 03:37:46,Diverse Power
Troup,51,51,17862,03-05-2025 03:52:48,Diverse Power
Troup,51,51,17862,03-05-2025 04:07:51,Diverse Power
Troup,1347,1347,17862,03-05-2025 04:22:50,Diverse Power
Troup,1347,1346,17862,03-05-2025 04:37:50,Diverse Power
Troup,1311,1310,17862,03-05-2025 04:52:51,Diverse Power
Troup,1311,1310,17862,03-05-2025 05:07:52,Diverse Power
Troup,382,382,17862,03-05-2025 05:22:51,Diverse Power
Coweta,15,15,15,03-05-2025 05:22:51,Diverse Power
Meriwether,274,274,2435,03-05-2025 05:22:51,Diverse Power
Troup,415,415,17862,03-05-2025 05:37:53,Diverse Power
Coweta,15,15,15,03-05-2025 05:37:53,Diverse Power
Muscogee,2,2,2729,03-05-2025 05:37:53,Diverse Power
Meriwether,274,274,2435,03-05-2025 05:37:53,Diverse Power
Harris,8,8,8319,03-05-2025 05:37:53,Diverse Power
Troup,415,415,17861,03-05-2025 05:52:54,Diverse Power
Coweta,15,15,15,03-05-2025 05:52:54,Diverse Power
Muscogee,2,2,2729,03-05-2025 05:52:54,Diverse Power
Meriwether,274,274,2435,03-05-2025 05:52:54,Diverse Power
Harris,9,9,8319,03-05-2025 05:52:54,Diverse Power
Troup,415,415,17862,03-05-2025 06:07:47,Diverse Power
Coweta,15,15,15,03-05-2025 06:07:47,Diverse Power
Muscogee,17,17,2729,03-05-2025 06:07:47,Diverse Power
Meriwether,274,274,2435,03-05-2025 06:07:47,Diverse Power
Harris,12,12,8319,03-05-2025 06:07:47,Diverse Power
Troup,516,516,17862,03-05-2025 06:22:46,Diverse Power
Coweta,15,15,15,03-05-2025 06:22:46,Diverse Power
Muscogee,2,2,2729,03-05-2025 06:22:46,Diverse Power
Meriwether,274,274,2435,03-05-2025 06:22:46,Diverse Power
Harris,9,9,8319,03-05-2025 06:22:46,Diverse Power
Troup,516,516,17862,03-05-2025 06:38:03,Diverse Power
Coweta,15,15,15,03-05-2025 06:38:03,Diverse Power
Muscogee,2,2,2729,03-05-2025 06:38:03,Diverse Power
Meriwether,274,274,2435,03-05-2025 06:38:03,Diverse Power
Harris,9,9,8319,03-05-2025 06:38:03,Diverse Power
Troup,203,203,17862,03-05-2025 06:52:52,Diverse Power
Muscogee,2,2,2729,03-05-2025 06:52:52,Diverse Power
Harris,9,9,8319,03-05-2025 06:52:52,Diverse Power
Troup,203,203,17862,03-05-2025 07:07:50,Diverse Power
Muscogee,2,2,2729,03-05-2025 07:07:50,Diverse Power
Harris,9,9,8319,03-05-2025 07:07:50,Diverse Power
Troup,114,114,17862,03-05-2025 07:22:49,Diverse Power
Muscogee,2,2,2729,03-05-2025 07:22:49,Diverse Power
Harris,9,9,8319,03-05-2025 07:22:49,Diverse Power
Troup,114,114,17862,03-05-2025 07:37:50,Diverse Power
Muscogee,4,4,2729,03-05-2025 07:37:50,Diverse Power
Harris,19,19,8319,03-05-2025 07:37:50,Diverse Power
Troup,114,13,17862,03-05-2025 07:52:44,Diverse Power
Muscogee,4,4,2729,03-05-2025 07:52:44,Diverse Power
Harris,19,19,8319,03-05-2025 07:52:44,Diverse Power
Randolph,9,9,1732,03-05-2025 08:07:55,Diverse Power
Troup,114,13,17862,03-05-2025 08:07:55,Diverse Power
Muscogee,4,4,2729,03-05-2025 08:07:55,Diverse Power
Calhoun,24,24,1368,03-05-2025 08:07:55,Diverse Power
Harris,18,18,8319,03-05-2025 08:07:55,Diverse Power
Randolph,9,9,1732,03-05-2025 08:22:54,Diverse Power
Troup,141,40,17862,03-05-2025 08:22:54,Diverse Power
Muscogee,4,4,2729,03-05-2025 08:22:54,Diverse Power
Calhoun,24,24,1368,03-05-2025 08:22:54,Diverse Power
Harris,18,18,8319,03-05-2025 08:22:54,Diverse Power
Randolph,9,9,1732,03-05-2025 08:37:52,Diverse Power
Troup,141,40,17862,03-05-2025 08:37:52,Diverse Power
Muscogee,4,4,2729,03-05-2025 08:37:52,Diverse Power
Calhoun,24,24,1368,03-05-2025 08:37:52,Diverse Power
Harris,18,18,8319,03-05-2025 08:37:52,Diverse Power
Randolph,9,9,1732,03-05-2025 08:52:59,Diverse Power
Troup,141,40,17862,03-05-2025 08:52:59,Diverse Power
Muscogee,4,4,2729,03-05-2025 08:52:59,Diverse Power
Calhoun,24,24,1368,03-05-2025 08:52:59,Diverse Power
Harris,18,18,8319,03-05-2025 08:52:59,Diverse Power
Randolph,9,9,1732,03-05-2025 09:07:59,Diverse Power
Troup,141,40,17862,03-05-2025 09:07:59,Diverse Power
Muscogee,5,5,2729,03-05-2025 09:07:59,Diverse Power
Calhoun,24,24,1368,03-05-2025 09:07:59,Diverse Power
Harris,18,18,8319,03-05-2025 09:07:59,Diverse Power
Muscogee,30,30,2729,03-05-2025 09:23:01,Diverse Power
Harris,22,22,8319,03-05-2025 09:23:01,Diverse Power
Muscogee,45,45,2729,03-05-2025 09:38:05,Diverse Power
Harris,22,22,8319,03-05-2025 09:38:05,Diverse Power
Muscogee,2133,2133,2729,03-05-2025 09:53:00,Diverse Power
Harris,446,446,8319,03-05-2025 09:53:00,Diverse Power
Muscogee,2133,2133,2729,03-05-2025 10:08:00,Diverse Power
Harris,447,447,8319,03-05-2025 10:08:00,Diverse Power
Muscogee,2133,2133,2729,03-05-2025 10:22:58,Diverse Power
Harris,447,447,8319,03-05-2025 10:22:58,Diverse Power
Muscogee,2133,2133,2729,03-05-2025 10:37:58,Diverse Power
Harris,447,447,8319,03-05-2025 10:37:58,Diverse Power
Muscogee,2133,2133,2729,03-05-2025 10:52:56,Diverse Power
Harris,447,447,8319,03-05-2025 10:52:56,Diverse Power
Muscogee,2133,2133,2729,03-05-2025 11:07:57,Diverse Power
Harris,447,447,8319,03-05-2025 11:07:57,Diverse Power
Troup,1,1,17862,03-05-2025 11:22:52,Diverse Power
Muscogee,30,30,2729,03-05-2025 11:22:52,Diverse Power
Harris,14,14,8319,03-05-2025 11:22:52,Diverse Power
Troup,1,1,17862,03-05-2025 11:37:50,Diverse Power
Muscogee,30,30,2729,03-05-2025 11:37:50,Diverse Power
Harris,15,15,8319,03-05-2025 11:37:50,Diverse Power
Troup,1,1,17862,03-05-2025 11:52:51,Diverse Power
Muscogee,28,28,2729,03-05-2025 11:52:51,Diverse Power
Calhoun,1,1,1368,03-05-2025 11:52:51,Diverse Power
Harris,8,8,8319,03-05-2025 11:52:51,Diverse Power
Troup,1,1,17862,03-05-2025 12:07:50,Diverse Power
Muscogee,28,28,2729,03-05-2025 12:07:50,Diverse Power
Calhoun,2,2,1368,03-05-2025 12:07:50,Diverse Power
Harris,8,8,8319,03-05-2025 12:07:50,Diverse Power
Troup,1,1,17862,03-05-2025 12:22:53,Diverse Power
Muscogee,2,2,2729,03-05-2025 12:22:53,Diverse Power
Calhoun,2,2,1368,03-05-2025 12:22:53,Diverse Power
Harris,3,3,8319,03-05-2025 12:22:53,Diverse Power
Troup,3,3,17862,03-05-2025 12:37:54,Diverse Power
Muscogee,2,2,2729,03-05-2025 12:37:54,Diverse Power
Calhoun,2,2,1368,03-05-2025 12:37:54,Diverse Power
Meriwether,1,1,2435,03-05-2025 12:37:54,Diverse Power
Harris,4,4,8319,03-05-2025 12:37:54,Diverse Power
Troup,7,7,17862,03-05-2025 12:52:53,Diverse Power
Meriwether,1,1,2435,03-05-2025 12:52:53,Diverse Power
Harris,5,5,8319,03-05-2025 12:52:53,Diverse Power
Troup,7,7,17862,03-05-2025 13:07:50,Diverse Power
Meriwether,1,1,2435,03-05-2025 13:07:50,Diverse Power
Harris,5,5,8319,03-05-2025 13:07:50,Diverse Power
Muscogee,4,4,2729,03-05-2025 13:22:48,Diverse Power
Meriwether,1,1,2435,03-05-2025 13:22:48,Diverse Power
Harris,4,4,8319,03-05-2025 13:22:48,Diverse Power
Troup,5,5,17862,03-05-2025 13:37:52,Diverse Power
Meriwether,1,1,2435,03-05-2025 13:37:52,Diverse Power
Harris,4,4,8319,03-05-2025 13:37:52,Diverse Power
Troup,6,6,17862,03-05-2025 13:52:53,Diverse Power
Muscogee,4,4,2729,03-05-2025 13:52:53,Diverse Power
Harris,3,3,8319,03-05-2025 13:52:53,Diverse Power
Troup,6,6,17862,03-05-2025 14:07:50,Diverse Power
Muscogee,15,15,2729,03-05-2025 14:07:50,Diverse Power
Harris,3,3,8319,03-05-2025 14:07:50,Diverse Power
Troup,6,6,17862,03-05-2025 14:22:52,Diverse Power
Muscogee,2,2,2729,03-05-2025 14:22:52,Diverse Power
Harris,10,10,8319,03-05-2025 14:22:52,Diverse Power
Troup,6,6,17861,03-05-2025 14:37:53,Diverse Power
Muscogee,2,2,2729,03-05-2025 14:37:53,Diverse Power
Harris,10,10,8319,03-05-2025 14:37:53,Diverse Power
Muscogee,2,2,2729,03-05-2025 14:52:57,Diverse Power
Harris,10,10,8319,03-05-2025 14:52:57,Diverse Power
Muscogee,2,2,2729,03-05-2025 15:07:54,Diverse Power
Harris,10,10,8319,03-05-2025 15:07:54,Diverse Power
Muscogee,2,2,2729,03-05-2025 15:22:55,Diverse Power
Harris,10,10,8319,03-05-2025 15:22:55,Diverse Power
Troup,1,1,17859,03-05-2025 15:37:49,Diverse Power
Muscogee,2,2,2729,03-05-2025 15:37:49,Diverse Power
Harris,10,10,8319,03-05-2025 15:37:49,Diverse Power
Troup,2,2,17859,03-05-2025 15:52:51,Diverse Power
Troup,1,1,17859,03-05-2025 16:07:54,Diverse Power
Troup,1,1,17859,03-05-2025 16:22:54,Diverse Power
Troup,1,1,17859,03-05-2025 16:37:57,Diverse Power
Troup,1,1,17859,03-05-2025 16:52:54,Diverse Power
Muscogee,1569,1569,2729,03-05-2025 16:52:54,Diverse Power
Troup,1,1,17859,03-05-2025 17:07:57,Diverse Power
Muscogee,1569,1569,2729,03-05-2025 17:07:57,Diverse Power
Troup,1,1,17859,03-05-2025 17:22:57,Diverse Power
Muscogee,1569,1569,2729,03-05-2025 17:22:57,Diverse Power
Muscogee,1569,1569,2729,03-05-2025 17:37:57,Diverse Power
Harris,3,3,8318,03-05-2025 17:37:57,Diverse Power
Troup,1,1,17859,03-05-2025 17:53:03,Diverse Power
Muscogee,1569,1569,2729,03-05-2025 17:53:03,Diverse Power
Harris,3,3,8318,03-05-2025 17:53:03,Diverse Power
Troup,2,2,17859,03-05-2025 18:07:55,Diverse Power
Muscogee,1569,1569,2729,03-05-2025 18:07:55,Diverse Power
Harris,3,3,8318,03-05-2025 18:07:55,Diverse Power
Troup,4,4,17859,03-05-2025 18:22:56,Diverse Power
Muscogee,1569,1569,2729,03-05-2025 18:22:56,Diverse Power
Meriwether,1,1,2435,03-05-2025 18:22:56,Diverse Power
Troup,4,4,17859,03-05-2025 18:37:59,Diverse Power
Muscogee,2,2,2729,03-05-2025 18:37:59,Diverse Power
Meriwether,15,15,2435,03-05-2025 18:37:59,Diverse Power
Troup,1,1,17859,03-05-2025 18:53:00,Diverse Power
Meriwether,15,15,2435,03-05-2025 18:53:00,Diverse Power
Troup,1,1,17859,03-05-2025 19:08:02,Diverse Power
Meriwether,15,15,2435,03-05-2025 19:08:02,Diverse Power
Troup,1,1,17859,03-05-2025 19:22:54,Diverse Power
Meriwether,15,15,2435,03-05-2025 19:22:54,Diverse Power
Troup,1,1,17859,03-05-2025 19:37:52,Diverse Power
Muscogee,18,18,2729,03-05-2025 19:37:52,Diverse Power
Calhoun,2,2,1368,03-05-2025 19:37:52,Diverse Power
Meriwether,15,15,2435,03-05-2025 19:37:52,Diverse Power
Troup,1,1,17860,03-05-2025 19:52:52,Diverse Power
Calhoun,2,2,1368,03-05-2025 19:52:52,Diverse Power
Troup,1,1,17860,03-05-2025 20:08:03,Diverse Power
Calhoun,2,2,1368,03-05-2025 20:08:03,Diverse Power
Troup,1,1,17860,03-05-2025 20:22:59,Diverse Power
Muscogee,19,19,2729,03-05-2025 20:22:59,Diverse Power
Calhoun,2,2,1368,03-05-2025 20:22:59,Diverse Power
Troup,1,1,17860,03-05-2025 20:38:09,Diverse Power
Calhoun,2,2,1368,03-05-2025 20:38:09,Diverse Power
Troup,1,1,17860,03-05-2025 20:53:03,Diverse Power
Muscogee,18,18,2729,03-05-2025 20:53:03,Diverse Power
Harris,39,39,8316,03-05-2025 20:53:03,Diverse Power
Troup,1,1,17860,03-05-2025 21:08:02,Diverse Power
Harris,39,39,8316,03-05-2025 21:08:02,Diverse Power
Troup,1,1,17860,03-05-2025 21:22:58,Diverse Power
Harris,39,39,8316,03-05-2025 21:22:58,Diverse Power
Troup,1,1,17860,03-05-2025 21:37:58,Diverse Power
Harris,39,39,8316,03-05-2025 21:37:58,Diverse Power
Harris,39,39,8316,03-05-2025 21:52:50,Diverse Power
Harris,39,39,8316,03-05-2025 22:07:54,Diverse Power
Troup,2,2,17860,03-05-2025 22:52:54,Diverse Power
Muscogee,18,18,2729,03-05-2025 22:52:54,Diverse Power
Troup,2,2,17860,03-05-2025 23:07:54,Diverse Power
Muscogee,18,18,2729,03-05-2025 23:07:54,Diverse Power
Troup,2,2,17860,03-05-2025 23:22:54,Diverse Power
Harris,38,38,8316,03-05-2025 23:22:54,Diverse Power
Harris,38,38,8316,03-05-2025 23:37:55,Diverse Power
Harris,53,53,8316,03-05-2025 23:52:51,Diverse Power
Harris,53,53,8316,03-06-2025 00:07:51,Diverse Power
Randolph,1,1,1733,03-06-2025 00:23:01,Diverse Power
Harris,89,89,8316,03-06-2025 00:23:01,Diverse Power
Randolph,1,1,1733,03-06-2025 00:37:46,Diverse Power
Harris,89,89,8316,03-06-2025 00:37:46,Diverse Power
Randolph,1,1,1733,03-06-2025 00:53:00,Diverse Power
Harris,89,89,8316,03-06-2025 00:53:00,Diverse Power
Harris,89,89,8316,03-06-2025 01:07:47,Diverse Power
Harris,15,15,8316,03-06-2025 01:22:46,Diverse Power
Meriwether,77,77,2435,03-06-2025 01:37:45,Diverse Power
Harris,15,15,8316,03-06-2025 01:37:45,Diverse Power
Meriwether,77,77,2435,03-06-2025 01:52:44,Diverse Power
Harris,15,15,8316,03-06-2025 01:52:44,Diverse Power
Meriwether,77,77,2435,03-06-2025 02:07:48,Diverse Power
Harris,15,15,8316,03-06-2025 02:07:48,Diverse Power
Meriwether,77,77,2435,03-06-2025 02:22:45,Diverse Power
Harris,15,15,8316,03-06-2025 02:22:45,Diverse Power
Meriwether,77,77,2435,03-06-2025 02:37:46,Diverse Power
Harris,15,15,8316,03-06-2025 02:37:46,Diverse Power
Meriwether,77,77,2435,03-06-2025 02:52:45,Diverse Power
Harris,15,15,8316,03-06-2025 02:52:45,Diverse Power
Meriwether,77,77,2435,03-06-2025 03:07:44,Diverse Power
Harris,15,15,8316,03-06-2025 03:07:44,Diverse Power
Meriwether,77,77,2435,03-06-2025 03:22:46,Diverse Power
Meriwether,77,0,2435,03-06-2025 03:37:44,Diverse Power
Muscogee,330,330,2729,03-06-2025 06:22:41,Diverse Power
Harris,233,233,8316,03-06-2025 06:22:41,Diverse Power
Muscogee,312,312,2729,03-06-2025 06:37:42,Diverse Power
Harris,233,233,8316,03-06-2025 06:37:42,Diverse Power
Muscogee,312,312,2729,03-06-2025 06:52:41,Diverse Power
Harris,233,233,8316,03-06-2025 06:52:41,Diverse Power
Muscogee,312,312,2729,03-06-2025 07:07:42,Diverse Power
Harris,233,233,8316,03-06-2025 07:07:42,Diverse Power
Troup,2,2,17859,03-06-2025 15:22:53,Diverse Power
Troup,2,2,17859,03-06-2025 15:37:53,Diverse Power
Troup,2,2,17859,03-06-2025 15:52:53,Diverse Power
Troup,2,2,17860,03-06-2025 16:07:54,Diverse Power
Troup,13,13,17860,03-06-2025 16:52:56,Diverse Power
Troup,13,13,17860,03-06-2025 17:07:53,Diverse Power
Troup,13,13,17860,03-06-2025 17:22:51,Diverse Power
Troup,13,13,17860,03-06-2025 17:37:50,Diverse Power
Harris,4,4,8315,03-06-2025 17:52:51,Diverse Power
Troup,4,4,17860,03-06-2025 18:07:48,Diverse Power
Harris,15,15,8315,03-06-2025 18:07:48,Diverse Power
Troup,4,4,17860,03-06-2025 18:22:49,Diverse Power
Harris,15,15,8315,03-06-2025 18:22:49,Diverse Power
Troup,4,4,17860,03-06-2025 18:37:48,Diverse Power
Harris,15,15,8315,03-06-2025 18:37:48,Diverse Power
Troup,9,9,17860,03-06-2025 18:52:48,Diverse Power
Troup,9,9,17860,03-06-2025 19:07:46,Diverse Power
Troup,5,5,17860,03-06-2025 19:22:48,Diverse Power
Troup,5,5,17860,03-06-2025 19:37:51,Diverse Power
Troup,8,8,17860,03-06-2025 19:52:49,Diverse Power
Troup,8,8,17861,03-06-2025 20:07:49,Diverse Power
Troup,8,8,17860,03-06-2025 20:22:49,Diverse Power
Troup,8,8,17860,03-06-2025 20:37:51,Diverse Power
Troup,8,8,17860,03-06-2025 20:52:47,Diverse Power
Troup,2,2,17861,03-07-2025 15:07:47,Diverse Power
Troup,2,2,17862,03-07-2025 15:22:47,Diverse Power
Troup,2,2,17862,03-07-2025 15:37:46,Diverse Power
Troup,2,2,17862,03-07-2025 15:52:46,Diverse Power
Troup,2,2,17862,03-07-2025 16:07:48,Diverse Power
Troup,2,2,17862,03-07-2025 16:22:49,Diverse Power
Troup,2,2,17862,03-07-2025 16:37:47,Diverse Power
Troup,2,2,17862,03-07-2025 16:52:45,Diverse Power
Troup,2,2,17862,03-07-2025 17:07:49,Diverse Power
Troup,2,2,17861,03-07-2025 17:22:45,Diverse Power
Harris,2,2,8314,03-09-2025 00:07:47,Diverse Power
Harris,2,2,8314,03-09-2025 00:22:46,Diverse Power
Harris,1,1,8314,03-09-2025 13:52:45,Diverse Power
Harris,1,1,8314,03-09-2025 14:07:47,Diverse Power
Harris,1,1,8314,03-09-2025 14:22:48,Diverse Power
Quitman,3,3,1305,03-09-2025 18:52:46,Diverse Power
Harris,1,1,8314,03-09-2025 20:52:45,Diverse Power
Harris,1,1,8314,03-09-2025 21:07:45,Diverse Power
Harris,1,1,8314,03-09-2025 21:22:44,Diverse Power
Harris,1,1,8314,03-09-2025 21:37:46,Diverse Power
Harris,1,1,8314,03-09-2025 21:52:51,Diverse Power
Harris,1,1,8314,03-09-2025 22:07:49,Diverse Power
Harris,1,1,8314,03-09-2025 22:22:47,Diverse Power
Troup,344,344,17864,03-09-2025 22:37:48,Diverse Power
Harris,1,1,8314,03-09-2025 22:37:48,Diverse Power
Harris,1,1,8314,03-09-2025 22:52:47,Diverse Power
Harris,1,1,8314,03-09-2025 23:07:49,Diverse Power
Muscogee,2,2,2728,03-10-2025 03:52:46,Diverse Power
Harris,8,8,8314,03-10-2025 03:52:46,Diverse Power
Quitman,3,3,1305,03-10-2025 04:07:45,Diverse Power
Muscogee,2,2,2728,03-10-2025 04:07:45,Diverse Power
Harris,8,8,8314,03-10-2025 04:07:45,Diverse Power
Quitman,3,3,1305,03-10-2025 04:22:46,Diverse Power
Muscogee,2,2,2728,03-10-2025 04:22:46,Diverse Power
Harris,8,8,8314,03-10-2025 04:22:46,Diverse Power
Quitman,3,3,1305,03-10-2025 04:37:47,Diverse Power
Muscogee,2,2,2728,03-10-2025 04:37:47,Diverse Power
Harris,8,8,8314,03-10-2025 04:37:47,Diverse Power
Quitman,3,3,1305,03-10-2025 04:52:48,Diverse Power
Muscogee,2,2,2728,03-10-2025 04:52:48,Diverse Power
Harris,8,8,8314,03-10-2025 04:52:48,Diverse Power
Quitman,3,3,1305,03-10-2025 05:07:46,Diverse Power
Muscogee,2,2,2728,03-10-2025 05:07:46,Diverse Power
Harris,8,8,8314,03-10-2025 05:07:46,Diverse Power
Quitman,3,3,1305,03-10-2025 05:22:47,Diverse Power
Muscogee,2,2,2728,03-10-2025 05:22:47,Diverse Power
Harris,8,8,8314,03-10-2025 05:22:47,Diverse Power
Quitman,3,3,1305,03-10-2025 05:37:48,Diverse Power
Muscogee,2,2,2728,03-10-2025 05:37:48,Diverse Power
Harris,8,8,8314,03-10-2025 05:37:48,Diverse Power
Quitman,3,3,1305,03-10-2025 05:52:48,Diverse Power
Muscogee,2,2,2728,03-10-2025 05:52:48,Diverse Power
Harris,8,8,8314,03-10-2025 05:52:48,Diverse Power
Quitman,3,3,1305,03-10-2025 06:07:48,Diverse Power
Muscogee,2,2,2728,03-10-2025 06:07:48,Diverse Power
Harris,8,8,8314,03-10-2025 06:07:48,Diverse Power
Quitman,3,3,1305,03-10-2025 06:22:47,Diverse Power
Muscogee,2,2,2728,03-10-2025 06:22:47,Diverse Power
Harris,8,8,8314,03-10-2025 06:22:47,Diverse Power
Quitman,3,3,1305,03-10-2025 06:37:47,Diverse Power
Muscogee,2,2,2728,03-10-2025 06:37:47,Diverse Power
Harris,8,8,8314,03-10-2025 06:37:47,Diverse Power
Quitman,3,3,1305,03-10-2025 06:52:45,Diverse Power
Muscogee,2,2,2728,03-10-2025 06:52:45,Diverse Power
Harris,8,8,8314,03-10-2025 06:52:45,Diverse Power
Quitman,3,3,1305,03-10-2025 07:07:45,Diverse Power
Muscogee,2,2,2728,03-10-2025 07:07:45,Diverse Power
Harris,8,8,8314,03-10-2025 07:07:45,Diverse Power
Quitman,3,3,1305,03-10-2025 07:22:45,Diverse Power
Muscogee,2,2,2728,03-10-2025 07:22:45,Diverse Power
Harris,8,8,8314,03-10-2025 07:22:45,Diverse Power
Quitman,3,3,1305,03-10-2025 07:37:47,Diverse Power
Harris,1,1,8314,03-10-2025 10:22:44,Diverse Power
Harris,1,1,8314,03-10-2025 10:37:45,Diverse Power
Harris,1,1,8314,03-10-2025 10:52:45,Diverse Power
Harris,1,1,8314,03-10-2025 11:07:48,Diverse Power
Harris,1,1,8314,03-10-2025 11:22:45,Diverse Power
Harris,1,1,8314,03-10-2025 11:37:46,Diverse Power
Troup,6,6,17835,03-10-2025 18:22:53,Diverse Power
Troup,2,2,17850,03-11-2025 07:52:43,Diverse Power
Troup,2,2,17850,03-11-2025 08:07:43,Diverse Power
Troup,2,2,17850,03-11-2025 08:22:43,Diverse Power
Troup,2,2,17850,03-11-2025 08:37:43,Diverse Power
Troup,2,2,17850,03-11-2025 08:52:44,Diverse Power
Troup,2,2,17850,03-11-2025 09:07:45,Diverse Power
Troup,2,2,17850,03-11-2025 09:22:45,Diverse Power
Troup,2,2,17850,03-11-2025 09:37:45,Diverse Power
Troup,2,2,17850,03-11-2025 09:52:45,Diverse Power
Troup,2,2,17850,03-11-2025 10:07:45,Diverse Power
Troup,2,2,17850,03-11-2025 10:22:45,Diverse Power
Troup,2,2,17850,03-11-2025 10:37:47,Diverse Power
Troup,2,2,17850,03-11-2025 10:52:45,Diverse Power
Troup,2,2,17850,03-11-2025 11:07:45,Diverse Power
Troup,2,2,17850,03-11-2025 11:22:44,Diverse Power
Troup,2,2,17850,03-11-2025 11:37:43,Diverse Power
Troup,2,2,17850,03-11-2025 11:52:44,Diverse Power
Troup,2,2,17850,03-11-2025 12:07:43,Diverse Power
Troup,2,2,17851,03-11-2025 12:22:45,Diverse Power
Troup,2,2,17852,03-11-2025 12:37:43,Diverse Power
Troup,2,2,17849,03-11-2025 12:52:44,Diverse Power
Troup,2,2,17847,03-11-2025 13:07:50,Diverse Power
Troup,2,2,17839,03-11-2025 13:22:50,Diverse Power
Troup,2,2,17826,03-11-2025 13:37:51,Diverse Power
Troup,2,2,17804,03-11-2025 13:52:50,Diverse Power
Troup,2,2,17798,03-11-2025 14:07:49,Diverse Power
Troup,4,4,17797,03-11-2025 14:22:51,Diverse Power
Troup,2,2,17799,03-11-2025 14:37:49,Diverse Power
Troup,2,2,17793,03-11-2025 14:52:51,Diverse Power
Troup,2,2,17787,03-11-2025 15:07:47,Diverse Power
Muscogee,124,124,2722,03-11-2025 17:22:45,Diverse Power
Muscogee,124,124,2722,03-11-2025 17:37:46,Diverse Power
Muscogee,124,124,2722,03-11-2025 17:52:45,Diverse Power
Muscogee,124,124,2722,03-11-2025 18:07:45,Diverse Power
Harris,1,1,8308,03-11-2025 18:07:45,Diverse Power
Muscogee,124,124,2722,03-11-2025 18:22:45,Diverse Power
Muscogee,124,124,2722,03-11-2025 18:37:51,Diverse Power
Muscogee,124,124,2722,03-11-2025 18:52:48,Diverse Power
Muscogee,124,124,2722,03-11-2025 19:07:46,Diverse Power
Muscogee,124,124,2722,03-11-2025 19:22:46,Diverse Power
Muscogee,124,124,2722,03-11-2025 19:37:46,Diverse Power
Muscogee,124,124,2723,03-11-2025 19:52:47,Diverse Power
Troup,1,1,17814,03-11-2025 20:22:45,Diverse Power
Troup,1,1,17816,03-11-2025 20:37:45,Diverse Power
Troup,1,1,17816,03-11-2025 20:52:44,Diverse Power
Muscogee,1,1,2724,03-11-2025 22:37:44,Diverse Power
Muscogee,1,1,2724,03-11-2025 22:52:45,Diverse Power
Muscogee,1,1,2724,03-11-2025 23:07:44,Diverse Power
Muscogee,1,1,2724,03-11-2025 23:22:43,Diverse Power
Muscogee,1,1,2724,03-11-2025 23:37:42,Diverse Power
Muscogee,1,1,2724,03-11-2025 23:52:42,Diverse Power
Muscogee,1,1,2724,03-12-2025 00:07:40,Diverse Power
Muscogee,1,1,2724,03-12-2025 00:22:42,Diverse Power
Muscogee,1,1,2724,03-12-2025 00:37:40,Diverse Power
Muscogee,1,1,2724,03-12-2025 00:52:40,Diverse Power
Muscogee,1,1,2724,03-12-2025 01:07:40,Diverse Power
Muscogee,1,1,2724,03-12-2025 01:22:40,Diverse Power
Muscogee,1,0,2724,03-12-2025 01:37:41,Diverse Power
Troup,1,1,17830,03-12-2025 09:37:43,Diverse Power
Troup,1,1,17830,03-12-2025 09:52:44,Diverse Power
Troup,1,1,17830,03-12-2025 10:07:44,Diverse Power
Troup,1,1,17830,03-12-2025 10:22:44,Diverse Power
Troup,1,1,17830,03-12-2025 10:37:42,Diverse Power
Troup,1,1,17830,03-12-2025 10:52:44,Diverse Power
Troup,1,1,17830,03-12-2025 11:07:44,Diverse Power
Troup,1,1,17830,03-12-2025 11:22:43,Diverse Power
Troup,1,1,17830,03-12-2025 11:37:43,Diverse Power
Troup,1,1,17830,03-12-2025 11:52:44,Diverse Power
Troup,1,1,17830,03-12-2025 12:07:43,Diverse Power
Troup,1,1,17830,03-12-2025 12:22:43,Diverse Power
Troup,1,1,17829,03-12-2025 12:37:44,Diverse Power
Troup,3,3,17772,03-12-2025 13:22:47,Diverse Power
Meriwether,1,1,2434,03-12-2025 13:22:47,Diverse Power
Harris,3,3,8310,03-12-2025 13:22:47,Diverse Power
Troup,3,3,17759,03-12-2025 13:37:48,Diverse Power
Meriwether,1,1,2434,03-12-2025 13:37:48,Diverse Power
Harris,3,3,8310,03-12-2025 13:37:48,Diverse Power
Troup,3,3,17753,03-12-2025 13:52:48,Diverse Power
Meriwether,1,1,2434,03-12-2025 13:52:48,Diverse Power
Harris,3,3,8310,03-12-2025 13:52:48,Diverse Power
Troup,3,3,17763,03-12-2025 14:07:42,Diverse Power
Meriwether,1,1,2434,03-12-2025 14:07:42,Diverse Power
Harris,3,3,8310,03-12-2025 14:07:42,Diverse Power
Troup,3,3,17768,03-12-2025 14:22:42,Diverse Power
Meriwether,1,1,2434,03-12-2025 14:22:42,Diverse Power
Harris,3,3,8310,03-12-2025 14:22:42,Diverse Power
Troup,3,3,17769,03-12-2025 14:37:48,Diverse Power
Meriwether,1,1,2434,03-12-2025 14:37:48,Diverse Power
Harris,3,3,8310,03-12-2025 14:37:48,Diverse Power
Troup,3,3,17772,03-12-2025 14:52:48,Diverse Power
Meriwether,1,1,2434,03-12-2025 14:52:48,Diverse Power
Harris,3,3,8310,03-12-2025 14:52:48,Diverse Power
Troup,3,3,17772,03-12-2025 15:07:48,Diverse Power
Meriwether,1,1,2434,03-12-2025 15:07:48,Diverse Power
Harris,3,3,8310,03-12-2025 15:07:48,Diverse Power
Troup,3,3,17773,03-12-2025 15:22:48,Diverse Power
Meriwether,1,1,2434,03-12-2025 15:22:48,Diverse Power
Harris,3,3,8310,03-12-2025 15:22:48,Diverse Power
Troup,3,3,17773,03-12-2025 15:37:48,Diverse Power
Meriwether,1,1,2434,03-12-2025 15:37:48,Diverse Power
Harris,3,3,8310,03-12-2025 15:37:48,Diverse Power
Troup,3,3,17774,03-12-2025 15:52:49,Diverse Power
Meriwether,5,5,2434,03-12-2025 15:52:49,Diverse Power
Harris,3,3,8310,03-12-2025 15:52:49,Diverse Power
Troup,3,3,17776,03-12-2025 16:07:50,Diverse Power
Meriwether,5,5,2434,03-12-2025 16:07:50,Diverse Power
Harris,3,3,8310,03-12-2025 16:07:50,Diverse Power
Troup,6,6,17781,03-12-2025 16:22:47,Diverse Power
Meriwether,5,5,2434,03-12-2025 16:22:47,Diverse Power
Harris,3,3,8310,03-12-2025 16:22:47,Diverse Power
Troup,6,6,17783,03-12-2025 16:37:52,Diverse Power
Meriwether,5,5,2434,03-12-2025 16:37:52,Diverse Power
Harris,3,3,8310,03-12-2025 16:37:52,Diverse Power
Troup,6,6,17786,03-12-2025 16:52:48,Diverse Power
Meriwether,5,5,2434,03-12-2025 16:52:48,Diverse Power
Harris,3,3,8310,03-12-2025 16:52:48,Diverse Power
Troup,21,21,17786,03-12-2025 17:07:47,Diverse Power
Meriwether,5,5,2434,03-12-2025 17:07:47,Diverse Power
Harris,3,3,8310,03-12-2025 17:07:47,Diverse Power
Troup,21,21,17786,03-12-2025 17:22:45,Diverse Power
Meriwether,5,5,2434,03-12-2025 17:22:45,Diverse Power
Harris,3,3,8310,03-12-2025 17:22:45,Diverse Power
Troup,21,21,17787,03-12-2025 17:37:46,Diverse Power
Meriwether,5,5,2434,03-12-2025 17:37:46,Diverse Power
Harris,3,3,8310,03-12-2025 17:37:46,Diverse Power
Troup,21,21,17787,03-12-2025 17:52:47,Diverse Power
Meriwether,5,5,2434,03-12-2025 17:52:47,Diverse Power
Harris,3,3,8310,03-12-2025 17:52:47,Diverse Power
Troup,21,21,17787,03-12-2025 18:07:47,Diverse Power
Meriwether,5,5,2434,03-12-2025 18:07:47,Diverse Power
Harris,3,3,8310,03-12-2025 18:07:47,Diverse Power
Troup,18,18,17790,03-12-2025 18:22:47,Diverse Power
Meriwether,5,5,2434,03-12-2025 18:22:47,Diverse Power
Harris,3,3,8310,03-12-2025 18:22:47,Diverse Power
Troup,18,18,17792,03-12-2025 18:37:51,Diverse Power
Meriwether,5,5,2434,03-12-2025 18:37:51,Diverse Power
Harris,3,3,8310,03-12-2025 18:37:51,Diverse Power
Troup,18,18,17796,03-12-2025 18:52:48,Diverse Power
Troup,1,1,17829,03-13-2025 14:22:49,Diverse Power
Troup,2,2,17830,03-13-2025 14:37:48,Diverse Power
Troup,2,2,17828,03-13-2025 14:52:50,Diverse Power
Harris,2,2,8313,03-13-2025 14:52:50,Diverse Power
Troup,2,2,17828,03-13-2025 15:07:47,Diverse Power
Harris,2,2,8312,03-13-2025 15:07:47,Diverse Power
Troup,2,2,17828,03-13-2025 15:22:48,Diverse Power
Harris,2,2,8312,03-13-2025 15:22:48,Diverse Power
Troup,2,2,17828,03-13-2025 15:37:47,Diverse Power
Harris,2,2,8312,03-13-2025 15:37:47,Diverse Power
Troup,2,2,17828,03-13-2025 15:52:46,Diverse Power
Harris,2,2,8311,03-13-2025 15:52:46,Diverse Power
Troup,2,2,17830,03-13-2025 16:07:48,Diverse Power
Harris,2,2,8311,03-13-2025 16:07:48,Diverse Power
Troup,2,2,17830,03-13-2025 16:22:45,Diverse Power
Harris,2,2,8311,03-13-2025 16:22:45,Diverse Power
Troup,2,2,17830,03-13-2025 16:37:45,Diverse Power
Harris,2,2,8311,03-13-2025 16:37:45,Diverse Power
Troup,2,2,17830,03-13-2025 16:52:47,Diverse Power
Harris,2,2,8311,03-13-2025 16:52:47,Diverse Power
Troup,2,2,17830,03-13-2025 17:07:48,Diverse Power
Harris,2,2,8311,03-13-2025 17:07:48,Diverse Power
Troup,2,2,17830,03-13-2025 17:22:46,Diverse Power
Harris,2,2,8311,03-13-2025 17:22:46,Diverse Power
Troup,2,2,17830,03-13-2025 17:37:47,Diverse Power
Harris,2,2,8311,03-13-2025 17:37:47,Diverse Power
Troup,2,2,17830,03-13-2025 17:52:50,Diverse Power
Harris,2,2,8311,03-13-2025 17:52:50,Diverse Power
Troup,2,2,17830,03-13-2025 18:07:48,Diverse Power
Harris,1,1,8311,03-13-2025 18:07:48,Diverse Power
Troup,2,2,17831,03-13-2025 18:22:45,Diverse Power
Harris,1,1,8311,03-13-2025 18:22:45,Diverse Power
Troup,2,2,17831,03-13-2025 18:37:45,Diverse Power
Harris,1,1,8311,03-13-2025 18:37:45,Diverse Power
Troup,2,2,17831,03-13-2025 18:52:41,Diverse Power
Harris,1,1,8311,03-13-2025 18:52:41,Diverse Power
Troup,2,2,17830,03-13-2025 19:07:41,Diverse Power
Harris,1,1,8311,03-13-2025 19:07:41,Diverse Power
Troup,2,2,17830,03-13-2025 19:22:41,Diverse Power
Harris,1,1,8312,03-13-2025 19:22:41,Diverse Power
Troup,2,2,17830,03-13-2025 19:37:43,Diverse Power
Harris,1,1,8312,03-13-2025 19:37:43,Diverse Power
Troup,2,2,17830,03-13-2025 19:52:43,Diverse Power
Harris,1,1,8312,03-13-2025 19:52:43,Diverse Power
Troup,2,2,17830,03-13-2025 20:07:43,Diverse Power
Harris,1,1,8312,03-13-2025 20:07:43,Diverse Power
Troup,2,2,17832,03-13-2025 20:22:42,Diverse Power
Troup,2,2,17832,03-13-2025 20:37:45,Diverse Power
Troup,2,2,17832,03-13-2025 20:52:46,Diverse Power
Troup,2,2,17832,03-13-2025 21:07:46,Diverse Power
Quitman,3,3,1301,03-14-2025 03:37:44,Diverse Power
Quitman,3,3,1301,03-14-2025 03:52:44,Diverse Power
Quitman,3,3,1301,03-14-2025 04:07:42,Diverse Power
Quitman,3,3,1301,03-14-2025 04:22:43,Diverse Power
Quitman,3,3,1301,03-14-2025 04:37:43,Diverse Power
Quitman,3,3,1301,03-14-2025 04:52:44,Diverse Power
Quitman,3,3,1301,03-14-2025 05:07:47,Diverse Power
Quitman,3,3,1301,03-14-2025 05:22:44,Diverse Power
Quitman,3,3,1301,03-14-2025 05:37:44,Diverse Power
Quitman,3,3,1301,03-14-2025 05:52:43,Diverse Power
Quitman,1,1,1304,03-15-2025 04:22:41,Diverse Power
Quitman,1,1,1304,03-15-2025 04:37:42,Diverse Power
Quitman,1,1,1304,03-15-2025 04:52:42,Diverse Power
Quitman,1,1,1304,03-15-2025 05:07:40,Diverse Power
Quitman,1,1,1304,03-15-2025 05:22:42,Diverse Power
Quitman,1,1,1304,03-15-2025 05:37:40,Diverse Power
Quitman,1,1,1304,03-15-2025 05:52:40,Diverse Power
Quitman,1,1,1304,03-15-2025 06:07:40,Diverse Power
Quitman,1,1,1304,03-15-2025 06:22:41,Diverse Power
Quitman,1,1,1304,03-15-2025 06:37:40,Diverse Power
Quitman,1,1,1304,03-15-2025 06:52:44,Diverse Power
Quitman,1,0,1304,03-15-2025 07:07:41,Diverse Power
Troup,8,8,17838,03-15-2025 20:08:01,Diverse Power
Troup,8,8,17838,03-15-2025 20:23:03,Diverse Power
Troup,8,8,17838,03-15-2025 20:38:03,Diverse Power
Troup,8,8,17838,03-15-2025 20:53:04,Diverse Power
Troup,8,8,17838,03-15-2025 21:08:05,Diverse Power
Troup,8,8,17838,03-15-2025 21:23:06,Diverse Power
Troup,9,9,17838,03-15-2025 21:37:57,Diverse Power
Troup,9,1,17838,03-15-2025 21:52:56,Diverse Power
Troup,1,1,17838,03-15-2025 22:07:58,Diverse Power
Troup,1,1,17838,03-15-2025 22:22:58,Diverse Power
Troup,1,1,17838,03-15-2025 22:37:55,Diverse Power
Meriwether,7,7,2436,03-15-2025 22:37:55,Diverse Power
Troup,1,1,17838,03-15-2025 22:52:57,Diverse Power
Meriwether,7,7,2436,03-15-2025 22:52:57,Diverse Power
Troup,1,1,17838,03-15-2025 23:07:57,Diverse Power
Meriwether,7,7,2436,03-15-2025 23:07:57,Diverse Power
Meriwether,3,3,2436,03-15-2025 23:22:52,Diverse Power
Meriwether,3,3,2436,03-15-2025 23:37:49,Diverse Power
Harris,22,22,8311,03-15-2025 23:52:50,Diverse Power
Harris,22,22,8311,03-16-2025 00:07:50,Diverse Power
Harris,22,22,8311,03-16-2025 00:22:58,Diverse Power
Harris,22,22,8311,03-16-2025 00:37:58,Diverse Power
Troup,1,1,17838,03-16-2025 00:52:55,Diverse Power
Troup,1,1,17838,03-16-2025 01:07:57,Diverse Power
Troup,1,1,17838,03-16-2025 01:22:57,Diverse Power
Troup,1,1,17838,03-16-2025 01:37:56,Diverse Power
Harris,19,19,8311,03-16-2025 02:08:01,Diverse Power
Heard,16,16,479,03-16-2025 02:23:04,Diverse Power
Troup,5,5,17838,03-16-2025 02:23:04,Diverse Power
Chambers,1,1,685,03-16-2025 02:23:04,Diverse Power
Harris,120,120,8311,03-16-2025 02:23:04,Diverse Power
Heard,15,15,479,03-16-2025 02:38:00,Diverse Power
Troup,5,5,17838,03-16-2025 02:38:00,Diverse Power
Meriwether,5,5,2436,03-16-2025 02:38:00,Diverse Power
Chambers,1,1,685,03-16-2025 02:38:00,Diverse Power
Harris,88,88,8311,03-16-2025 02:38:00,Diverse Power
Heard,15,15,479,03-16-2025 02:52:51,Diverse Power
Troup,22,22,17838,03-16-2025 02:52:51,Diverse Power
Meriwether,6,6,2436,03-16-2025 02:52:51,Diverse Power
Chambers,1,1,685,03-16-2025 02:52:51,Diverse Power
Harris,146,146,8311,03-16-2025 02:52:51,Diverse Power
Heard,15,15,479,03-16-2025 03:07:50,Diverse Power
Troup,18,18,17838,03-16-2025 03:07:50,Diverse Power
Meriwether,36,36,2436,03-16-2025 03:07:50,Diverse Power
Chambers,1,1,685,03-16-2025 03:07:50,Diverse Power
Harris,187,187,8311,03-16-2025 03:07:50,Diverse Power
Heard,15,15,479,03-16-2025 03:22:47,Diverse Power
Troup,24,24,17838,03-16-2025 03:22:47,Diverse Power
Meriwether,36,36,2436,03-16-2025 03:22:47,Diverse Power
Chambers,1,1,685,03-16-2025 03:22:47,Diverse Power
Harris,212,212,8311,03-16-2025 03:22:47,Diverse Power
Heard,15,15,479,03-16-2025 03:37:48,Diverse Power
Troup,71,71,17838,03-16-2025 03:37:48,Diverse Power
Meriwether,36,36,2436,03-16-2025 03:37:48,Diverse Power
Chambers,1,1,685,03-16-2025 03:37:48,Diverse Power
Harris,212,212,8311,03-16-2025 03:37:48,Diverse Power
Heard,15,15,479,03-16-2025 03:52:51,Diverse Power
Troup,73,73,17838,03-16-2025 03:52:51,Diverse Power
Meriwether,36,36,2436,03-16-2025 03:52:51,Diverse Power
Chambers,1,1,685,03-16-2025 03:52:51,Diverse Power
Harris,611,611,8311,03-16-2025 03:52:51,Diverse Power
Heard,15,15,479,03-16-2025 04:07:52,Diverse Power
Troup,73,73,17838,03-16-2025 04:07:52,Diverse Power
Meriwether,36,36,2436,03-16-2025 04:07:52,Diverse Power
Chambers,1,1,685,03-16-2025 04:07:52,Diverse Power
Harris,611,611,8311,03-16-2025 04:07:52,Diverse Power
Heard,15,15,479,03-16-2025 04:22:51,Diverse Power
Troup,73,73,17838,03-16-2025 04:22:51,Diverse Power
Muscogee,62,62,2726,03-16-2025 04:22:51,Diverse Power
Meriwether,36,36,2436,03-16-2025 04:22:51,Diverse Power
Chambers,1,1,685,03-16-2025 04:22:51,Diverse Power
Harris,611,611,8311,03-16-2025 04:22:51,Diverse Power
Heard,15,15,479,03-16-2025 04:37:52,Diverse Power
Troup,73,73,17838,03-16-2025 04:37:52,Diverse Power
Muscogee,62,62,2726,03-16-2025 04:37:52,Diverse Power
Meriwether,36,36,2436,03-16-2025 04:37:52,Diverse Power
Chambers,1,1,685,03-16-2025 04:37:52,Diverse Power
Harris,877,877,8311,03-16-2025 04:37:52,Diverse Power
Heard,15,15,479,03-16-2025 04:52:55,Diverse Power
Troup,100,100,17838,03-16-2025 04:52:55,Diverse Power
Muscogee,62,62,2726,03-16-2025 04:52:55,Diverse Power
Meriwether,36,36,2436,03-16-2025 04:52:55,Diverse Power
Chambers,1,1,685,03-16-2025 04:52:55,Diverse Power
Harris,664,664,8311,03-16-2025 04:52:55,Diverse Power
Heard,15,15,479,03-16-2025 05:07:46,Diverse Power
Troup,100,100,17838,03-16-2025 05:07:46,Diverse Power
Muscogee,62,62,2726,03-16-2025 05:07:46,Diverse Power
Meriwether,36,36,2436,03-16-2025 05:07:46,Diverse Power
Chambers,1,1,685,03-16-2025 05:07:46,Diverse Power
Harris,664,664,8311,03-16-2025 05:07:46,Diverse Power
Heard,15,15,479,03-16-2025 05:22:48,Diverse Power
Troup,116,116,17838,03-16-2025 05:22:48,Diverse Power
Muscogee,62,62,2726,03-16-2025 05:22:48,Diverse Power
Meriwether,36,36,2436,03-16-2025 05:22:48,Diverse Power
Chambers,1,1,685,03-16-2025 05:22:48,Diverse Power
Harris,665,665,8311,03-16-2025 05:22:48,Diverse Power
Heard,15,15,479,03-16-2025 05:37:46,Diverse Power
Troup,116,116,17838,03-16-2025 05:37:46,Diverse Power
Muscogee,295,295,2726,03-16-2025 05:37:46,Diverse Power
Meriwether,36,36,2436,03-16-2025 05:37:46,Diverse Power
Chambers,1,1,685,03-16-2025 05:37:46,Diverse Power
Harris,910,910,8311,03-16-2025 05:37:46,Diverse Power
Heard,15,15,479,03-16-2025 05:52:54,Diverse Power
Troup,117,117,17838,03-16-2025 05:52:54,Diverse Power
Muscogee,295,295,2726,03-16-2025 05:52:54,Diverse Power
Meriwether,36,36,2436,03-16-2025 05:52:54,Diverse Power
Chambers,1,1,685,03-16-2025 05:52:54,Diverse Power
Harris,1025,1025,8311,03-16-2025 05:52:54,Diverse Power
Heard,15,15,479,03-16-2025 06:08:00,Diverse Power
Troup,119,119,17838,03-16-2025 06:08:00,Diverse Power
Muscogee,295,295,2726,03-16-2025 06:08:00,Diverse Power
Meriwether,36,36,2436,03-16-2025 06:08:00,Diverse Power
Chambers,1,1,685,03-16-2025 06:08:00,Diverse Power
Harris,1025,1025,8311,03-16-2025 06:08:00,Diverse Power
Heard,15,15,479,03-16-2025 06:22:58,Diverse Power
Troup,119,119,17838,03-16-2025 06:22:58,Diverse Power
Muscogee,295,295,2726,03-16-2025 06:22:58,Diverse Power
Meriwether,36,36,2436,03-16-2025 06:22:58,Diverse Power
Chambers,1,1,685,03-16-2025 06:22:58,Diverse Power
Harris,1025,1025,8311,03-16-2025 06:22:58,Diverse Power
Heard,15,15,479,03-16-2025 06:37:56,Diverse Power
Troup,119,119,17838,03-16-2025 06:37:56,Diverse Power
Muscogee,295,295,2726,03-16-2025 06:37:56,Diverse Power
Meriwether,36,36,2436,03-16-2025 06:37:56,Diverse Power
Chambers,1,1,685,03-16-2025 06:37:56,Diverse Power
Harris,1025,1025,8311,03-16-2025 06:37:56,Diverse Power
Heard,15,15,479,03-16-2025 06:52:55,Diverse Power
Quitman,16,16,1304,03-16-2025 06:52:55,Diverse Power
Troup,119,119,17838,03-16-2025 06:52:55,Diverse Power
Muscogee,296,296,2726,03-16-2025 06:52:55,Diverse Power
Meriwether,36,36,2436,03-16-2025 06:52:55,Diverse Power
Chambers,1,1,685,03-16-2025 06:52:55,Diverse Power
Harris,1026,1026,8311,03-16-2025 06:52:55,Diverse Power
Heard,15,15,479,03-16-2025 07:08:00,Diverse Power
Quitman,16,16,1304,03-16-2025 07:08:00,Diverse Power
Troup,119,119,17838,03-16-2025 07:08:00,Diverse Power
Muscogee,2103,2103,2726,03-16-2025 07:08:00,Diverse Power
Meriwether,37,37,2436,03-16-2025 07:08:00,Diverse Power
Chambers,1,1,685,03-16-2025 07:08:00,Diverse Power
Harris,1202,1202,8311,03-16-2025 07:08:00,Diverse Power
Heard,15,15,479,03-16-2025 07:22:59,Diverse Power
Quitman,16,16,1304,03-16-2025 07:22:59,Diverse Power
Troup,119,119,17838,03-16-2025 07:22:59,Diverse Power
Muscogee,2103,2103,2726,03-16-2025 07:22:59,Diverse Power
Meriwether,36,36,2436,03-16-2025 07:22:59,Diverse Power
Chambers,1,1,685,03-16-2025 07:22:59,Diverse Power
Harris,1202,1202,8311,03-16-2025 07:22:59,Diverse Power
Heard,15,15,479,03-16-2025 07:37:57,Diverse Power
Quitman,16,16,1304,03-16-2025 07:37:57,Diverse Power
Troup,119,119,17838,03-16-2025 07:37:57,Diverse Power
Muscogee,2103,2103,2726,03-16-2025 07:37:57,Diverse Power
Meriwether,36,36,2436,03-16-2025 07:37:57,Diverse Power
Chambers,1,1,685,03-16-2025 07:37:57,Diverse Power
Harris,1202,1202,8311,03-16-2025 07:37:57,Diverse Power
Heard,15,15,479,03-16-2025 07:52:50,Diverse Power
Quitman,16,16,1304,03-16-2025 07:52:50,Diverse Power
Troup,119,119,17838,03-16-2025 07:52:50,Diverse Power
Muscogee,295,295,2726,03-16-2025 07:52:50,Diverse Power
Meriwether,36,36,2436,03-16-2025 07:52:50,Diverse Power
Chambers,1,1,685,03-16-2025 07:52:50,Diverse Power
Harris,1025,1025,8311,03-16-2025 07:52:50,Diverse Power
Heard,15,15,479,03-16-2025 08:07:52,Diverse Power
Quitman,16,16,1304,03-16-2025 08:07:52,Diverse Power
Troup,119,119,17838,03-16-2025 08:07:52,Diverse Power
Muscogee,295,295,2726,03-16-2025 08:07:52,Diverse Power
Meriwether,36,36,2436,03-16-2025 08:07:52,Diverse Power
Chambers,1,1,685,03-16-2025 08:07:52,Diverse Power
Harris,1025,1025,8311,03-16-2025 08:07:52,Diverse Power
Heard,15,15,479,03-16-2025 08:22:58,Diverse Power
Quitman,16,16,1304,03-16-2025 08:22:58,Diverse Power
Troup,119,119,17838,03-16-2025 08:22:58,Diverse Power
Muscogee,295,295,2726,03-16-2025 08:22:58,Diverse Power
Meriwether,36,36,2436,03-16-2025 08:22:58,Diverse Power
Chambers,1,1,685,03-16-2025 08:22:58,Diverse Power
Harris,1056,1056,8311,03-16-2025 08:22:58,Diverse Power
Heard,15,15,479,03-16-2025 08:37:56,Diverse Power
Quitman,16,16,1304,03-16-2025 08:37:56,Diverse Power
Troup,119,119,17838,03-16-2025 08:37:56,Diverse Power
Muscogee,295,295,2726,03-16-2025 08:37:56,Diverse Power
Meriwether,36,36,2436,03-16-2025 08:37:56,Diverse Power
Chambers,1,1,685,03-16-2025 08:37:56,Diverse Power
Harris,1056,1056,8311,03-16-2025 08:37:56,Diverse Power
Heard,15,15,479,03-16-2025 08:52:55,Diverse Power
Quitman,16,16,1304,03-16-2025 08:52:55,Diverse Power
Troup,119,119,17838,03-16-2025 08:52:55,Diverse Power
Muscogee,307,307,2726,03-16-2025 08:52:55,Diverse Power
Meriwether,36,36,2436,03-16-2025 08:52:55,Diverse Power
Chambers,1,1,685,03-16-2025 08:52:55,Diverse Power
Harris,1184,1184,8311,03-16-2025 08:52:55,Diverse Power
Heard,15,15,479,03-16-2025 09:07:54,Diverse Power
Quitman,16,16,1304,03-16-2025 09:07:54,Diverse Power
Troup,119,119,17838,03-16-2025 09:07:54,Diverse Power
Muscogee,307,307,2726,03-16-2025 09:07:54,Diverse Power
Meriwether,36,36,2436,03-16-2025 09:07:54,Diverse Power
Chambers,1,1,685,03-16-2025 09:07:54,Diverse Power
Harris,1184,1184,8311,03-16-2025 09:07:54,Diverse Power
Heard,15,15,479,03-16-2025 09:22:56,Diverse Power
Troup,119,119,17838,03-16-2025 09:22:56,Diverse Power
Muscogee,307,307,2726,03-16-2025 09:22:56,Diverse Power
Meriwether,36,36,2436,03-16-2025 09:22:56,Diverse Power
Chambers,1,1,685,03-16-2025 09:22:56,Diverse Power
Harris,1184,1184,8311,03-16-2025 09:22:56,Diverse Power
Heard,15,15,479,03-16-2025 09:37:55,Diverse Power
Troup,119,119,17838,03-16-2025 09:37:55,Diverse Power
Muscogee,308,308,2726,03-16-2025 09:37:55,Diverse Power
Meriwether,36,36,2436,03-16-2025 09:37:55,Diverse Power
Chambers,1,1,685,03-16-2025 09:37:55,Diverse Power
Harris,1184,1184,8311,03-16-2025 09:37:55,Diverse Power
Heard,15,15,479,03-16-2025 09:52:54,Diverse Power
Troup,113,113,17838,03-16-2025 09:52:54,Diverse Power
Muscogee,307,307,2726,03-16-2025 09:52:54,Diverse Power
Meriwether,36,36,2436,03-16-2025 09:52:54,Diverse Power
Chambers,1,1,685,03-16-2025 09:52:54,Diverse Power
Harris,1184,1184,8311,03-16-2025 09:52:54,Diverse Power
Heard,15,15,479,03-16-2025 10:07:56,Diverse Power
Troup,97,97,17838,03-16-2025 10:07:56,Diverse Power
Muscogee,307,307,2726,03-16-2025 10:07:56,Diverse Power
Meriwether,36,36,2436,03-16-2025 10:07:56,Diverse Power
Chambers,1,1,685,03-16-2025 10:07:56,Diverse Power
Harris,1184,1184,8311,03-16-2025 10:07:56,Diverse Power
Heard,15,15,479,03-16-2025 10:22:53,Diverse Power
Troup,97,97,17838,03-16-2025 10:22:53,Diverse Power
Muscogee,307,307,2726,03-16-2025 10:22:53,Diverse Power
Meriwether,36,36,2436,03-16-2025 10:22:53,Diverse Power
Chambers,1,1,685,03-16-2025 10:22:53,Diverse Power
Harris,1184,1183,8311,03-16-2025 10:22:53,Diverse Power
Heard,15,15,479,03-16-2025 10:37:52,Diverse Power
Troup,96,96,17838,03-16-2025 10:37:52,Diverse Power
Muscogee,310,310,2726,03-16-2025 10:37:52,Diverse Power
Meriwether,36,36,2436,03-16-2025 10:37:52,Diverse Power
Chambers,1,1,685,03-16-2025 10:37:52,Diverse Power
Harris,1184,1183,8311,03-16-2025 10:37:52,Diverse Power
Heard,15,15,479,03-16-2025 10:52:54,Diverse Power
Troup,69,69,17838,03-16-2025 10:52:54,Diverse Power
Muscogee,421,421,2726,03-16-2025 10:52:54,Diverse Power
Meriwether,36,36,2436,03-16-2025 10:52:54,Diverse Power
Chambers,1,1,685,03-16-2025 10:52:54,Diverse Power
Harris,1183,1183,8311,03-16-2025 10:52:54,Diverse Power
Heard,15,15,479,03-16-2025 11:07:54,Diverse Power
Troup,69,66,17838,03-16-2025 11:07:54,Diverse Power
Muscogee,421,421,2726,03-16-2025 11:07:54,Diverse Power
Meriwether,36,36,2436,03-16-2025 11:07:54,Diverse Power
Chambers,1,1,685,03-16-2025 11:07:54,Diverse Power
Harris,1183,1183,8311,03-16-2025 11:07:54,Diverse Power
Heard,15,15,479,03-16-2025 11:22:54,Diverse Power
Troup,66,66,17838,03-16-2025 11:22:54,Diverse Power
Muscogee,421,421,2726,03-16-2025 11:22:54,Diverse Power
Meriwether,36,36,2436,03-16-2025 11:22:54,Diverse Power
Chambers,1,1,685,03-16-2025 11:22:54,Diverse Power
Harris,1183,1068,8311,03-16-2025 11:22:54,Diverse Power
Heard,15,15,479,03-16-2025 11:37:50,Diverse Power
Troup,66,66,17838,03-16-2025 11:37:50,Diverse Power
Muscogee,421,75,2726,03-16-2025 11:37:50,Diverse Power
Meriwether,36,36,2436,03-16-2025 11:37:50,Diverse Power
Chambers,1,1,685,03-16-2025 11:37:50,Diverse Power
Harris,1172,833,8311,03-16-2025 11:37:50,Diverse Power
Heard,16,16,479,03-16-2025 11:52:51,Diverse Power
Troup,66,66,17838,03-16-2025 11:52:51,Diverse Power
Muscogee,421,66,2726,03-16-2025 11:52:51,Diverse Power
Meriwether,36,36,2436,03-16-2025 11:52:51,Diverse Power
Chambers,1,1,685,03-16-2025 11:52:51,Diverse Power
Harris,1068,664,8311,03-16-2025 11:52:51,Diverse Power
Heard,16,16,479,03-16-2025 12:07:49,Diverse Power
Troup,17,17,17838,03-16-2025 12:07:49,Diverse Power
Muscogee,66,66,2726,03-16-2025 12:07:49,Diverse Power
Meriwether,38,38,2436,03-16-2025 12:07:49,Diverse Power
Chambers,1,1,685,03-16-2025 12:07:49,Diverse Power
Harris,664,664,8311,03-16-2025 12:07:49,Diverse Power
Heard,16,16,479,03-16-2025 12:22:51,Diverse Power
Randolph,1,1,1736,03-16-2025 12:22:51,Diverse Power
Troup,17,17,17838,03-16-2025 12:22:51,Diverse Power
Muscogee,66,66,2726,03-16-2025 12:22:51,Diverse Power
Meriwether,38,38,2436,03-16-2025 12:22:51,Diverse Power
Chambers,1,1,685,03-16-2025 12:22:51,Diverse Power
Harris,664,528,8311,03-16-2025 12:22:51,Diverse Power
Heard,16,16,479,03-16-2025 12:37:51,Diverse Power
Randolph,1,1,1736,03-16-2025 12:37:51,Diverse Power
Troup,17,17,17838,03-16-2025 12:37:51,Diverse Power
Muscogee,66,62,2726,03-16-2025 12:37:51,Diverse Power
Meriwether,38,8,2436,03-16-2025 12:37:51,Diverse Power
Chambers,1,1,685,03-16-2025 12:37:51,Diverse Power
Harris,664,560,8311,03-16-2025 12:37:51,Diverse Power
Heard,16,16,479,03-16-2025 12:52:55,Diverse Power
Randolph,2,2,1736,03-16-2025 12:52:55,Diverse Power
Troup,17,17,17838,03-16-2025 12:52:55,Diverse Power
Muscogee,62,0,2726,03-16-2025 12:52:55,Diverse Power
Meriwether,1,0,2436,03-16-2025 12:52:55,Diverse Power
Chambers,1,1,685,03-16-2025 12:52:55,Diverse Power
Harris,560,161,8311,03-16-2025 12:52:55,Diverse Power
Heard,2,2,479,03-16-2025 13:07:56,Diverse Power
Randolph,2,2,1736,03-16-2025 13:07:56,Diverse Power
Troup,40,40,17838,03-16-2025 13:07:56,Diverse Power
Muscogee,62,0,2726,03-16-2025 13:07:56,Diverse Power
Chambers,1,1,685,03-16-2025 13:07:56,Diverse Power
Harris,161,161,8311,03-16-2025 13:07:56,Diverse Power
Heard,2,2,479,03-16-2025 13:22:56,Diverse Power
Randolph,2,2,1736,03-16-2025 13:22:56,Diverse Power
Troup,25,25,17838,03-16-2025 13:22:56,Diverse Power
Harris,161,161,8311,03-16-2025 13:22:56,Diverse Power
Heard,2,2,479,03-16-2025 13:37:56,Diverse Power
Randolph,2,2,1736,03-16-2025 13:37:56,Diverse Power
Troup,25,25,17838,03-16-2025 13:37:56,Diverse Power
Harris,161,161,8311,03-16-2025 13:37:56,Diverse Power
Troup,12,12,17838,03-16-2025 13:52:58,Diverse Power
Meriwether,1,1,2436,03-16-2025 13:52:58,Diverse Power
Harris,85,85,8311,03-16-2025 13:52:58,Diverse Power
Troup,1,1,17838,03-16-2025 14:07:56,Diverse Power
Meriwether,1,1,2436,03-16-2025 14:07:56,Diverse Power
Harris,51,0,8311,03-16-2025 14:07:56,Diverse Power
Troup,1,0,17838,03-16-2025 14:22:57,Diverse Power
Meriwether,1,1,2436,03-16-2025 14:22:57,Diverse Power
Meriwether,1,1,2436,03-16-2025 14:37:58,Diverse Power
Harris,2,2,8311,03-16-2025 14:37:58,Diverse Power
Heard,2,2,479,03-16-2025 14:52:57,Diverse Power
Harris,2,0,8311,03-16-2025 14:52:57,Diverse Power
Heard,2,2,479,03-16-2025 15:07:54,Diverse Power
Harris,3,1,8311,03-16-2025 15:07:54,Diverse Power
Heard,2,2,479,03-16-2025 15:22:53,Diverse Power
Heard,2,2,479,03-16-2025 15:37:52,Diverse Power
Troup,5,5,17838,03-16-2025 15:37:52,Diverse Power
Heard,2,2,479,03-16-2025 15:52:52,Diverse Power
Heard,2,2,479,03-16-2025 16:07:53,Diverse Power
Heard,2,2,479,03-16-2025 16:22:53,Diverse Power
Troup,1,1,17838,03-16-2025 16:22:53,Diverse Power
Heard,2,0,479,03-16-2025 16:37:52,Diverse Power
Troup,8,8,17838,03-16-2025 16:37:52,Diverse Power
Troup,8,8,17838,03-16-2025 16:52:53,Diverse Power
Troup,8,8,17838,03-16-2025 17:07:51,Diverse Power
Heard,2,2,479,03-16-2025 18:22:52,Diverse Power
Heard,2,2,479,03-16-2025 18:37:50,Diverse Power
Heard,2,2,479,03-16-2025 18:52:50,Diverse Power
Troup,5,0,17838,03-16-2025 18:52:50,Diverse Power
Heard,2,2,479,03-16-2025 19:07:49,Diverse Power
Troup,5,0,17838,03-16-2025 19:07:49,Diverse Power
Harris,1,1,8311,03-16-2025 19:07:49,Diverse Power
Heard,2,2,479,03-16-2025 19:22:48,Diverse Power
Harris,3,3,8311,03-16-2025 19:22:48,Diverse Power
Harris,3,3,8311,03-16-2025 19:37:46,Diverse Power
Harris,3,3,8311,03-16-2025 19:52:53,Diverse Power
Harris,3,3,8311,03-16-2025 20:07:47,Diverse Power
Harris,3,3,8311,03-16-2025 20:22:48,Diverse Power
Harris,3,3,8311,03-16-2025 20:37:47,Diverse Power
Harris,3,3,8311,03-16-2025 20:52:47,Diverse Power
Harris,3,3,8311,03-16-2025 21:07:47,Diverse Power
Harris,3,3,8311,03-16-2025 21:22:45,Diverse Power
Harris,3,3,8311,03-16-2025 21:37:45,Diverse Power
Harris,3,3,8311,03-16-2025 21:52:44,Diverse Power
Harris,3,3,8311,03-16-2025 22:07:42,Diverse Power
Harris,3,3,8311,03-16-2025 22:22:46,Diverse Power
Harris,3,3,8311,03-16-2025 22:37:46,Diverse Power
Troup,3,3,17838,03-16-2025 22:52:45,Diverse Power
Harris,3,3,8311,03-16-2025 22:52:45,Diverse Power
Harris,3,3,8311,03-16-2025 23:07:54,Diverse Power
Harris,3,3,8311,03-16-2025 23:22:45,Diverse Power
Harris,3,3,8311,03-16-2025 23:37:46,Diverse Power
Harris,1,1,8311,03-17-2025 00:07:53,Diverse Power
Troup,23,23,17838,03-17-2025 00:22:47,Diverse Power
Harris,1,1,8311,03-17-2025 00:22:47,Diverse Power
Harris,24,24,8311,03-17-2025 04:22:54,Diverse Power
Harris,24,24,8311,03-17-2025 04:37:51,Diverse Power
Harris,26,26,8311,03-17-2025 04:52:49,Diverse Power
Harris,26,26,8311,03-17-2025 05:07:49,Diverse Power
Harris,26,2,8311,03-17-2025 05:22:49,Diverse Power
Harris,2,2,8311,03-17-2025 05:37:49,Diverse Power
Harris,2,2,8311,03-17-2025 05:52:48,Diverse Power
Harris,2,2,8311,03-17-2025 06:07:49,Diverse Power
Harris,2,2,8311,03-17-2025 06:22:49,Diverse Power
Harris,4,4,8311,03-17-2025 06:37:48,Diverse Power
Harris,4,4,8311,03-17-2025 06:52:50,Diverse Power
Harris,4,4,8311,03-17-2025 07:07:48,Diverse Power
Harris,4,4,8311,03-17-2025 07:22:48,Diverse Power
Harris,4,4,8311,03-17-2025 07:37:48,Diverse Power
Harris,4,4,8311,03-17-2025 07:52:48,Diverse Power
Harris,4,4,8311,03-17-2025 08:07:49,Diverse Power
Harris,4,4,8311,03-17-2025 08:22:48,Diverse Power
Harris,4,4,8311,03-17-2025 08:37:48,Diverse Power
Harris,4,4,8311,03-17-2025 08:52:48,Diverse Power
Harris,4,4,8311,03-17-2025 09:07:48,Diverse Power
Harris,3,3,8311,03-17-2025 09:22:48,Diverse Power
Harris,3,3,8311,03-17-2025 09:37:48,Diverse Power
Harris,1,1,8311,03-17-2025 09:52:48,Diverse Power
Harris,1,1,8311,03-17-2025 10:07:49,Diverse Power
Harris,1,1,8311,03-17-2025 10:22:50,Diverse Power
Harris,1,1,8311,03-17-2025 10:37:48,Diverse Power
Harris,1,1,8311,03-17-2025 10:52:48,Diverse Power
Harris,1,1,8311,03-17-2025 11:07:49,Diverse Power
Harris,1,1,8310,03-17-2025 12:52:49,Diverse Power
Harris,1,1,8310,03-17-2025 13:07:49,Diverse Power
Harris,1,1,8310,03-17-2025 13:22:52,Diverse Power
Harris,1,1,8310,03-17-2025 13:37:52,Diverse Power
Harris,2,2,8311,03-17-2025 15:22:49,Diverse Power
Harris,2,2,8311,03-17-2025 15:37:49,Diverse Power
Troup,1,1,17834,03-17-2025 18:22:49,Diverse Power
Troup,1,1,17834,03-17-2025 18:37:51,Diverse Power
Troup,1,1,17834,03-17-2025 18:52:51,Diverse Power
Meriwether,1,1,2436,03-17-2025 18:52:51,Diverse Power
Troup,1,1,17834,03-17-2025 19:07:50,Diverse Power
Meriwether,1,1,2436,03-17-2025 19:07:50,Diverse Power
Troup,1,1,17834,03-17-2025 19:22:48,Diverse Power
Meriwether,1,1,2436,03-17-2025 19:22:48,Diverse Power
Troup,1,1,17834,03-17-2025 19:37:48,Diverse Power
Meriwether,1,1,2436,03-17-2025 19:37:48,Diverse Power
Troup,1,1,17834,03-17-2025 19:52:48,Diverse Power
Meriwether,1,1,2436,03-17-2025 19:52:48,Diverse Power
Troup,1,1,17834,03-17-2025 20:07:53,Diverse Power
Harris,1,1,8314,03-17-2025 22:52:45,Diverse Power
Troup,7,7,17840,03-18-2025 12:52:43,Diverse Power
Troup,7,7,17840,03-18-2025 13:07:45,Diverse Power
Troup,7,7,17841,03-18-2025 13:22:47,Diverse Power
Troup,7,7,17841,03-18-2025 13:37:49,Diverse Power
Troup,7,7,17841,03-18-2025 13:52:43,Diverse Power
Troup,7,7,17841,03-18-2025 14:07:44,Diverse Power
Troup,7,7,17841,03-18-2025 14:22:50,Diverse Power
Troup,7,7,17841,03-18-2025 14:37:43,Diverse Power
Troup,7,7,17841,03-18-2025 14:52:43,Diverse Power
Troup,7,7,17841,03-18-2025 15:07:51,Diverse Power
Troup,7,7,17841,03-18-2025 15:22:43,Diverse Power
Troup,7,7,17841,03-18-2025 15:37:52,Diverse Power
Troup,7,7,17842,03-18-2025 15:52:53,Diverse Power
Troup,7,7,17842,03-18-2025 16:07:55,Diverse Power
Troup,2,2,17844,03-18-2025 16:37:51,Diverse Power
Muscogee,3,3,2727,03-18-2025 16:37:51,Diverse Power
Troup,2,2,17844,03-18-2025 16:52:51,Diverse Power
Troup,2,2,17844,03-18-2025 17:07:49,Diverse Power
Troup,2,2,17844,03-18-2025 17:22:51,Diverse Power
Troup,2,2,17844,03-18-2025 17:37:51,Diverse Power
Troup,2,2,17844,03-18-2025 17:52:50,Diverse Power
Troup,2,2,17844,03-18-2025 18:07:50,Diverse Power
Troup,2,2,17844,03-18-2025 18:22:48,Diverse Power
Meriwether,6,6,2436,03-18-2025 18:22:48,Diverse Power
Troup,2,2,17844,03-18-2025 18:37:45,Diverse Power
Meriwether,419,419,2436,03-18-2025 18:37:45,Diverse Power
Troup,2,2,17844,03-18-2025 18:52:50,Diverse Power
Meriwether,419,419,2436,03-18-2025 18:52:50,Diverse Power
Troup,2,2,17844,03-18-2025 19:07:49,Diverse Power
Meriwether,419,419,2436,03-18-2025 19:07:49,Diverse Power
Harris,38,38,8311,03-18-2025 19:37:45,Diverse Power
Harris,38,38,8311,03-18-2025 19:52:45,Diverse Power
Harris,38,38,8311,03-18-2025 20:07:46,Diverse Power
Harris,38,38,8311,03-18-2025 20:22:47,Diverse Power
Harris,38,38,8311,03-18-2025 20:37:45,Diverse Power
Harris,38,38,8311,03-18-2025 20:52:45,Diverse Power
Harris,38,38,8311,03-18-2025 21:07:48,Diverse Power
Harris,38,38,8311,03-18-2025 21:22:45,Diverse Power
Troup,5,5,17845,03-19-2025 12:07:42,Diverse Power
Troup,5,5,17845,03-19-2025 12:22:43,Diverse Power
Troup,5,5,17845,03-19-2025 12:37:42,Diverse Power
Troup,5,5,17845,03-19-2025 12:52:44,Diverse Power
Troup,5,5,17844,03-19-2025 13:07:47,Diverse Power
Troup,8,8,17843,03-19-2025 13:22:48,Diverse Power
Troup,8,8,17843,03-19-2025 13:37:46,Diverse Power
Troup,5,5,17843,03-19-2025 13:52:48,Diverse Power
Troup,5,5,17843,03-19-2025 14:07:49,Diverse Power
Troup,5,5,17843,03-19-2025 14:22:51,Diverse Power
Troup,5,5,17843,03-19-2025 14:37:50,Diverse Power
Troup,6,6,17843,03-19-2025 14:52:49,Diverse Power
Troup,6,6,17843,03-19-2025 15:07:51,Diverse Power
Troup,6,6,17843,03-19-2025 15:22:52,Diverse Power
Troup,6,6,17843,03-19-2025 15:37:53,Diverse Power
Troup,6,6,17844,03-19-2025 15:52:48,Diverse Power
Troup,6,6,17845,03-19-2025 16:07:50,Diverse Power
Troup,6,6,17844,03-19-2025 16:22:49,Diverse Power
Troup,6,6,17844,03-19-2025 16:37:49,Diverse Power
Harris,1,1,8313,03-19-2025 16:37:49,Diverse Power
Troup,6,6,17844,03-19-2025 16:52:49,Diverse Power
Troup,1,1,17844,03-19-2025 17:07:50,Diverse Power
Troup,1,1,17844,03-19-2025 17:22:49,Diverse Power
Troup,1,1,17844,03-19-2025 17:37:51,Diverse Power
Meriwether,1,1,2436,03-19-2025 17:37:51,Diverse Power
Troup,1,1,17844,03-19-2025 19:22:54,Diverse Power
Harris,1,1,8313,03-19-2025 21:07:44,Diverse Power
Harris,1,1,8313,03-19-2025 21:13:47,Diverse Power
Troup,1,1,17845,03-20-2025 12:22:44,Diverse Power
Troup,1,1,17845,03-20-2025 12:37:45,Diverse Power
Troup,1,0,17845,03-20-2025 12:52:45,Diverse Power
Harris,1,1,8313,03-20-2025 13:37:44,Diverse Power
Harris,6,6,8313,03-20-2025 13:52:41,Diverse Power
Harris,6,6,8313,03-20-2025 14:07:45,Diverse Power
Harris,6,6,8313,03-20-2025 14:22:47,Diverse Power
Harris,6,6,8313,03-20-2025 14:37:43,Diverse Power
Chambers,4,4,685,03-20-2025 15:07:45,Diverse Power
Chambers,4,4,685,03-20-2025 15:22:44,Diverse Power
Chambers,4,4,685,03-20-2025 15:37:44,Diverse Power
Chambers,4,4,685,03-20-2025 15:52:47,Diverse Power
Chambers,4,4,685,03-20-2025 16:07:47,Diverse Power
Chambers,4,4,685,03-20-2025 16:22:46,Diverse Power
Chambers,4,4,685,03-20-2025 16:37:46,Diverse Power
Chambers,4,4,685,03-20-2025 16:52:48,Diverse Power
Chambers,4,4,685,03-20-2025 17:07:47,Diverse Power
Chambers,4,4,685,03-20-2025 17:22:48,Diverse Power
Troup,3,3,17849,03-20-2025 17:37:49,Diverse Power
Chambers,4,4,685,03-20-2025 17:37:49,Diverse Power
Troup,3,3,17849,03-20-2025 17:52:51,Diverse Power
Chambers,4,4,685,03-20-2025 17:52:51,Diverse Power
Quitman,3,3,1305,03-20-2025 18:07:52,Diverse Power
Troup,3,3,17849,03-20-2025 18:07:52,Diverse Power
Calhoun,4,4,1365,03-20-2025 18:07:52,Diverse Power
Chambers,4,4,685,03-20-2025 18:07:52,Diverse Power
Quitman,3,3,1305,03-20-2025 18:22:50,Diverse Power
Calhoun,4,4,1365,03-20-2025 18:22:50,Diverse Power
Chambers,4,4,685,03-20-2025 18:22:50,Diverse Power
Quitman,3,3,1305,03-20-2025 18:37:49,Diverse Power
Calhoun,4,4,1361,03-20-2025 18:37:49,Diverse Power
Chambers,4,4,685,03-20-2025 18:37:49,Diverse Power
Quitman,3,3,1305,03-20-2025 18:52:49,Diverse Power
Calhoun,4,4,1365,03-20-2025 18:52:49,Diverse Power
Chambers,4,4,685,03-20-2025 18:52:49,Diverse Power
Quitman,3,3,1305,03-20-2025 19:07:49,Diverse Power
Calhoun,4,4,1365,03-20-2025 19:07:49,Diverse Power
Chambers,4,4,685,03-20-2025 19:07:49,Diverse Power
Calhoun,4,4,1365,03-20-2025 19:22:46,Diverse Power
Chambers,4,4,685,03-20-2025 19:22:46,Diverse Power
Calhoun,4,4,1365,03-20-2025 19:37:48,Diverse Power
Chambers,4,4,685,03-20-2025 19:37:48,Diverse Power
Troup,2,2,17849,03-20-2025 19:52:46,Diverse Power
Calhoun,4,4,1365,03-20-2025 19:52:46,Diverse Power
Chambers,4,4,685,03-20-2025 19:52:46,Diverse Power
Troup,2,2,17849,03-20-2025 20:07:48,Diverse Power
Calhoun,4,4,1365,03-20-2025 20:07:48,Diverse Power
Chambers,4,4,685,03-20-2025 20:07:48,Diverse Power
Troup,2,2,17851,03-20-2025 20:22:44,Diverse Power
Chambers,4,4,685,03-20-2025 20:22:44,Diverse Power
Troup,2,2,17851,03-20-2025 20:37:44,Diverse Power
Chambers,4,4,685,03-20-2025 20:37:44,Diverse Power
Troup,2,0,17851,03-20-2025 20:52:45,Diverse Power
Chambers,4,4,685,03-20-2025 20:52:45,Diverse Power
Muscogee,1,1,2728,03-20-2025 21:22:49,Diverse Power
Muscogee,1,1,2728,03-20-2025 21:37:49,Diverse Power
Muscogee,1,1,2728,03-20-2025 21:52:50,Diverse Power
Muscogee,1,1,2728,03-20-2025 22:07:46,Diverse Power
Muscogee,1,1,2728,03-20-2025 22:22:46,Diverse Power
Muscogee,1,1,2728,03-20-2025 22:37:47,Diverse Power
Muscogee,1,1,2728,03-20-2025 22:52:47,Diverse Power
Muscogee,1,1,2728,03-20-2025 23:07:45,Diverse Power
Muscogee,1,1,2728,03-20-2025 23:22:44,Diverse Power
Troup,1,1,17853,03-21-2025 16:52:47,Diverse Power
Troup,1,1,17853,03-21-2025 17:07:44,Diverse Power
Troup,1,1,17853,03-21-2025 17:22:50,Diverse Power
Harris,2,2,8314,03-22-2025 17:37:45,Diverse Power
Harris,2,2,8314,03-22-2025 17:52:45,Diverse Power
Harris,2,2,8314,03-22-2025 18:07:45,Diverse Power
Harris,2,2,8314,03-22-2025 18:22:44,Diverse Power
Harris,2,2,8314,03-22-2025 18:37:44,Diverse Power
Harris,2,2,8314,03-22-2025 18:52:44,Diverse Power
Harris,2,2,8314,03-22-2025 19:07:43,Diverse Power
Harris,2,2,8314,03-22-2025 19:22:45,Diverse Power
Harris,2,2,8314,03-22-2025 19:37:45,Diverse Power
Harris,2,2,8314,03-22-2025 19:52:44,Diverse Power
Harris,2,2,8314,03-22-2025 20:07:44,Diverse Power
Meriwether,1,1,2436,03-23-2025 00:22:47,Diverse Power
Meriwether,7,7,2436,03-23-2025 00:37:47,Diverse Power
Meriwether,7,7,2436,03-23-2025 00:52:47,Diverse Power
Meriwether,7,7,2436,03-23-2025 01:07:48,Diverse Power
Meriwether,7,7,2436,03-23-2025 01:22:46,Diverse Power
Meriwether,7,7,2436,03-23-2025 01:37:45,Diverse Power
Meriwether,7,7,2436,03-23-2025 01:52:43,Diverse Power
Meriwether,7,7,2436,03-23-2025 02:07:44,Diverse Power
Meriwether,7,7,2436,03-23-2025 02:22:45,Diverse Power
Meriwether,7,7,2436,03-23-2025 02:37:43,Diverse Power
Meriwether,7,7,2436,03-23-2025 02:52:43,Diverse Power
Meriwether,7,7,2436,03-23-2025 03:07:42,Diverse Power
Meriwether,7,7,2436,03-23-2025 03:22:44,Diverse Power
Quitman,1,1,1305,03-23-2025 18:22:42,Diverse Power
Troup,6,6,17851,03-24-2025 10:22:56,Diverse Power
Troup,6,6,17851,03-24-2025 10:37:50,Diverse Power
Troup,6,6,17851,03-24-2025 10:52:47,Diverse Power
Meriwether,1,1,2436,03-24-2025 10:52:47,Diverse Power
Troup,6,6,17851,03-24-2025 11:07:49,Diverse Power
Meriwether,1,1,2436,03-24-2025 11:07:49,Diverse Power
Harris,54,54,8314,03-24-2025 11:07:49,Diverse Power
Troup,6,6,17851,03-24-2025 11:22:48,Diverse Power
Meriwether,1,1,2436,03-24-2025 11:22:48,Diverse Power
Harris,59,59,8314,03-24-2025 11:22:48,Diverse Power
Troup,6,6,17851,03-24-2025 11:37:49,Diverse Power
Meriwether,1,1,2436,03-24-2025 11:37:49,Diverse Power
Harris,59,59,8314,03-24-2025 11:37:49,Diverse Power
Meriwether,1,1,2436,03-24-2025 11:52:49,Diverse Power
Harris,59,59,8314,03-24-2025 11:52:49,Diverse Power
Troup,1,1,17851,03-24-2025 12:07:46,Diverse Power
Harris,59,59,8314,03-24-2025 12:07:46,Diverse Power
Troup,1,1,17851,03-24-2025 12:22:46,Diverse Power
Meriwether,1,1,2436,03-24-2025 12:22:46,Diverse Power
Harris,59,59,8314,03-24-2025 12:22:46,Diverse Power
Troup,1,1,17851,03-24-2025 12:37:47,Diverse Power
Meriwether,1,1,2436,03-24-2025 12:37:47,Diverse Power
Harris,59,59,8314,03-24-2025 12:37:47,Diverse Power
Randolph,3,3,1738,03-24-2025 12:52:47,Diverse Power
Troup,3,3,17852,03-24-2025 12:52:47,Diverse Power
Meriwether,1,0,2436,03-24-2025 12:52:47,Diverse Power
Harris,59,0,8314,03-24-2025 12:52:47,Diverse Power
Randolph,3,3,1738,03-24-2025 13:07:48,Diverse Power
Troup,1,1,17852,03-24-2025 13:07:48,Diverse Power
Harris,59,0,8314,03-24-2025 13:07:48,Diverse Power
Troup,1,1,17852,03-24-2025 13:22:49,Diverse Power
Troup,6,6,17852,03-24-2025 13:37:49,Diverse Power
Meriwether,3,3,2436,03-24-2025 13:37:49,Diverse Power
Troup,4,4,17852,03-24-2025 13:52:49,Diverse Power
Meriwether,3,3,2436,03-24-2025 13:52:49,Diverse Power
Troup,4,4,17851,03-24-2025 14:07:52,Diverse Power
Meriwether,3,3,2436,03-24-2025 14:07:52,Diverse Power
Troup,3,3,17851,03-24-2025 14:22:48,Diverse Power
Meriwether,3,3,2436,03-24-2025 14:22:48,Diverse Power
Troup,3,3,17851,03-24-2025 14:37:50,Diverse Power
Meriwether,3,3,2436,03-24-2025 14:37:50,Diverse Power
Troup,3,3,17851,03-24-2025 14:52:52,Diverse Power
Troup,3,3,17851,03-24-2025 15:07:47,Diverse Power
Troup,3,3,17850,03-24-2025 15:22:53,Diverse Power
Troup,3,3,17850,03-24-2025 15:37:50,Diverse Power
Troup,3,3,17850,03-24-2025 15:52:49,Diverse Power
Troup,3,3,17850,03-24-2025 16:07:52,Diverse Power
Troup,3,3,17850,03-24-2025 16:22:49,Diverse Power
Troup,3,3,17850,03-24-2025 16:37:50,Diverse Power
Troup,5,5,17850,03-24-2025 16:52:47,Diverse Power
Troup,5,5,17850,03-24-2025 17:07:49,Diverse Power
Troup,3,3,17850,03-24-2025 17:22:52,Diverse Power
Troup,3,3,17851,03-24-2025 17:37:48,Diverse Power
Troup,3,3,17851,03-24-2025 17:52:46,Diverse Power
Troup,3,3,17850,03-24-2025 18:07:47,Diverse Power
Troup,1,1,17850,03-24-2025 19:22:46,Diverse Power
Muscogee,1,1,2726,03-24-2025 19:52:42,Diverse Power
Muscogee,1,1,2726,03-24-2025 20:07:41,Diverse Power
Muscogee,1,1,2726,03-24-2025 20:22:41,Diverse Power
Troup,6,6,17850,03-24-2025 20:37:42,Diverse Power
Muscogee,1,1,2727,03-24-2025 20:37:42,Diverse Power
Troup,6,6,17850,03-24-2025 20:52:40,Diverse Power
Muscogee,1,1,2727,03-24-2025 20:52:40,Diverse Power
Troup,6,6,17851,03-24-2025 21:07:41,Diverse Power
Muscogee,1,1,2727,03-24-2025 21:07:41,Diverse Power
Troup,6,6,17851,03-24-2025 21:22:41,Diverse Power
Muscogee,1,0,2727,03-24-2025 21:22:41,Diverse Power
Troup,6,6,17851,03-24-2025 21:37:41,Diverse Power
Troup,6,6,17851,03-24-2025 21:52:40,Diverse Power
Troup,6,6,17851,03-24-2025 22:07:40,Diverse Power
Meriwether,1,1,2434,03-25-2025 12:07:40,Diverse Power
Meriwether,1,1,2434,03-25-2025 12:22:42,Diverse Power
Meriwether,1,1,2434,03-25-2025 12:37:43,Diverse Power
Meriwether,1,1,2434,03-25-2025 12:52:43,Diverse Power
Meriwether,1,1,2434,03-25-2025 13:07:44,Diverse Power
Meriwether,1,1,2434,03-25-2025 13:22:45,Diverse Power
Meriwether,1,1,2434,03-25-2025 13:37:45,Diverse Power
Meriwether,1,1,2434,03-25-2025 13:52:43,Diverse Power
Meriwether,1,1,2434,03-25-2025 14:07:44,Diverse Power
Meriwether,1,1,2434,03-25-2025 14:22:43,Diverse Power
Meriwether,1,1,2434,03-25-2025 14:37:44,Diverse Power
Meriwether,3,3,2434,03-25-2025 14:52:46,Diverse Power
Troup,2,2,17850,03-25-2025 15:07:45,Diverse Power
Meriwether,3,3,2434,03-25-2025 15:07:45,Diverse Power
Troup,2,2,17850,03-25-2025 15:22:50,Diverse Power
Meriwether,3,3,2434,03-25-2025 15:22:50,Diverse Power
Troup,2,2,17850,03-25-2025 15:37:47,Diverse Power
Meriwether,3,3,2434,03-25-2025 15:37:47,Diverse Power
Troup,2,2,17850,03-25-2025 15:52:47,Diverse Power
Meriwether,3,3,2434,03-25-2025 15:52:47,Diverse Power
Troup,2,2,17851,03-25-2025 16:07:46,Diverse Power
Meriwether,3,3,2434,03-25-2025 16:07:46,Diverse Power
Troup,3,3,17851,03-25-2025 16:22:46,Diverse Power
Meriwether,3,3,2434,03-25-2025 16:22:46,Diverse Power
Troup,3,3,17851,03-25-2025 16:37:48,Diverse Power
Meriwether,3,3,2434,03-25-2025 16:37:48,Diverse Power
Troup,2,2,17851,03-25-2025 16:52:45,Diverse Power
Meriwether,3,3,2434,03-25-2025 16:52:45,Diverse Power
Troup,2,2,17851,03-25-2025 17:07:42,Diverse Power
Meriwether,3,3,2434,03-25-2025 17:07:42,Diverse Power
Troup,2,2,17850,03-25-2025 17:22:42,Diverse Power
Meriwether,3,3,2434,03-25-2025 17:22:42,Diverse Power
Troup,2,2,17850,03-25-2025 17:37:42,Diverse Power
Meriwether,3,3,2434,03-25-2025 17:37:42,Diverse Power
Troup,2,2,17850,03-25-2025 17:52:58,Diverse Power
Meriwether,3,3,2434,03-25-2025 17:52:58,Diverse Power
Troup,2,2,17850,03-25-2025 18:08:04,Diverse Power
Meriwether,3,3,2434,03-25-2025 18:08:04,Diverse Power
Troup,3,3,17850,03-25-2025 18:22:59,Diverse Power
Meriwether,3,3,2434,03-25-2025 18:22:59,Diverse Power
Troup,5,5,17850,03-25-2025 18:38:16,Diverse Power
Meriwether,3,3,2434,03-25-2025 18:38:16,Diverse Power
Troup,5,5,17850,03-25-2025 18:52:50,Diverse Power
Troup,5,5,17850,03-25-2025 19:08:00,Diverse Power
Troup,2,2,17849,03-25-2025 19:22:46,Diverse Power
Troup,2,2,17849,03-25-2025 19:38:42,Diverse Power
Meriwether,2,2,2433,03-26-2025 14:22:49,Diverse Power
Meriwether,2,2,2433,03-26-2025 14:37:48,Diverse Power
Meriwether,2,2,2433,03-26-2025 14:52:47,Diverse Power
Meriwether,2,2,2433,03-26-2025 15:07:50,Diverse Power
Meriwether,2,2,2433,03-26-2025 15:22:50,Diverse Power
Meriwether,2,2,2433,03-26-2025 15:37:49,Diverse Power
Meriwether,2,2,2433,03-26-2025 15:52:48,Diverse Power
Meriwether,2,2,2433,03-26-2025 16:07:48,Diverse Power
Meriwether,2,2,2433,03-26-2025 16:22:50,Diverse Power
Meriwether,2,2,2433,03-26-2025 16:37:44,Diverse Power
Meriwether,2,2,2433,03-26-2025 16:52:46,Diverse Power
Meriwether,2,2,2433,03-26-2025 17:07:45,Diverse Power
Meriwether,2,2,2433,03-26-2025 17:22:47,Diverse Power
Meriwether,2,2,2433,03-26-2025 17:28:48,Diverse Power
Meriwether,2,2,2433,03-26-2025 17:35:38,Diverse Power
Meriwether,2,2,2433,03-26-2025 17:37:45,Diverse Power
Meriwether,2,2,2433,03-26-2025 17:52:49,Diverse Power
Meriwether,2,2,2433,03-26-2025 18:07:50,Diverse Power
Troup,1,1,17852,03-26-2025 18:22:48,Diverse Power
Calhoun,6,6,1368,03-26-2025 20:37:43,Diverse Power
Calhoun,6,6,1368,03-26-2025 20:52:42,Diverse Power
Calhoun,6,6,1368,03-26-2025 21:07:43,Diverse Power
Calhoun,6,6,1368,03-26-2025 21:22:40,Diverse Power
Calhoun,6,6,1368,03-26-2025 21:37:43,Diverse Power
Calhoun,6,6,1368,03-26-2025 21:52:40,Diverse Power
Calhoun,6,6,1368,03-26-2025 22:07:40,Diverse Power
Calhoun,6,6,1368,03-26-2025 22:22:41,Diverse Power
Calhoun,6,6,1368,03-26-2025 22:37:46,Diverse Power
Troup,1,1,17854,03-27-2025 02:22:45,Diverse Power
Troup,1,1,17854,03-27-2025 02:37:44,Diverse Power
Harris,1,1,8315,03-27-2025 13:07:43,Diverse Power
Meriwether,1,1,2433,03-28-2025 12:52:42,Diverse Power
Meriwether,1,1,2433,03-28-2025 13:07:40,Diverse Power
Meriwether,1,1,2433,03-28-2025 13:22:43,Diverse Power
Meriwether,1,1,2433,03-28-2025 13:37:41,Diverse Power
Meriwether,1,1,2433,03-28-2025 13:52:40,Diverse Power
Meriwether,1,1,2433,03-28-2025 14:07:42,Diverse Power
Meriwether,1,1,2433,03-28-2025 14:22:42,Diverse Power
Meriwether,1,1,2433,03-28-2025 14:37:41,Diverse Power
Meriwether,1,1,2433,03-28-2025 14:52:45,Diverse Power
Meriwether,1,1,2433,03-28-2025 15:07:46,Diverse Power
Meriwether,1,1,2433,03-28-2025 15:22:47,Diverse Power
Meriwether,1,0,2433,03-28-2025 15:37:47,Diverse Power
Troup,5,5,17856,03-28-2025 22:37:42,Diverse Power
Troup,1,1,17856,03-29-2025 14:37:44,Diverse Power
Troup,1,1,17856,03-29-2025 23:22:42,Diverse Power
Troup,1,1,17856,03-29-2025 23:37:42,Diverse Power
Troup,1,1,17856,03-29-2025 23:52:40,Diverse Power
Troup,1,1,17856,03-30-2025 00:07:43,Diverse Power
Troup,1,1,17856,03-30-2025 00:22:43,Diverse Power
Troup,1,1,17856,03-30-2025 00:37:43,Diverse Power
Troup,1,1,17856,03-30-2025 00:52:43,Diverse Power
Troup,1,1,17856,03-30-2025 01:07:42,Diverse Power
Troup,1,1,17856,03-30-2025 01:22:42,Diverse Power
Troup,1,1,17856,03-30-2025 01:37:43,Diverse Power
Troup,1,1,17856,03-30-2025 01:52:42,Diverse Power
Troup,1,1,17856,03-30-2025 02:07:42,Diverse Power
Troup,2,2,17856,03-30-2025 11:37:42,Diverse Power
Troup,2,2,17856,03-30-2025 11:52:42,Diverse Power
Troup,2,2,17856,03-30-2025 12:07:46,Diverse Power
Troup,2,2,17856,03-30-2025 12:22:44,Diverse Power
Clay,3,3,978,03-30-2025 12:22:44,Diverse Power
Clay,3,3,978,03-30-2025 12:37:46,Diverse Power
Clay,3,3,978,03-30-2025 12:52:47,Diverse Power
Harris,33,33,8315,03-30-2025 16:07:45,Diverse Power
Harris,32,32,8315,03-30-2025 16:22:52,Diverse Power
Harris,32,32,8315,03-30-2025 16:37:50,Diverse Power
Harris,32,32,8315,03-30-2025 16:52:52,Diverse Power
Harris,32,32,8315,03-30-2025 17:07:52,Diverse Power
Heard,1,1,478,03-31-2025 16:22:58,Diverse Power
Muscogee,30,30,2727,03-31-2025 16:22:58,Diverse Power
Heard,49,49,478,03-31-2025 16:37:56,Diverse Power
Troup,96,96,17852,03-31-2025 16:37:56,Diverse Power
Muscogee,69,69,2727,03-31-2025 16:37:56,Diverse Power
Heard,123,123,478,03-31-2025 16:53:04,Diverse Power
Troup,100,100,17852,03-31-2025 16:53:04,Diverse Power
Muscogee,467,467,2727,03-31-2025 16:53:04,Diverse Power
Harris,256,256,8314,03-31-2025 16:53:04,Diverse Power
Heard,123,123,478,03-31-2025 17:08:08,Diverse Power
Troup,100,100,17852,03-31-2025 17:08:08,Diverse Power
Muscogee,69,69,2727,03-31-2025 17:08:08,Diverse Power
Harris,16,16,8314,03-31-2025 17:08:08,Diverse Power
Heard,124,124,478,03-31-2025 17:23:04,Diverse Power
Troup,100,100,17852,03-31-2025 17:23:04,Diverse Power
Muscogee,69,69,2727,03-31-2025 17:23:04,Diverse Power
Harris,16,16,8314,03-31-2025 17:23:04,Diverse Power
Heard,125,125,478,03-31-2025 17:38:00,Diverse Power
Troup,7,7,17853,03-31-2025 17:38:00,Diverse Power
Muscogee,69,0,2727,03-31-2025 17:38:00,Diverse Power
Harris,27,27,8314,03-31-2025 17:38:00,Diverse Power
Heard,125,125,478,03-31-2025 17:52:56,Diverse Power
Troup,12,12,17853,03-31-2025 17:52:56,Diverse Power
Harris,26,26,8314,03-31-2025 17:52:56,Diverse Power
Heard,125,125,478,03-31-2025 18:07:59,Diverse Power
Troup,30,30,17853,03-31-2025 18:07:59,Diverse Power
Harris,12,12,8314,03-31-2025 18:07:59,Diverse Power
Heard,125,125,478,03-31-2025 18:22:58,Diverse Power
Troup,30,30,17853,03-31-2025 18:22:58,Diverse Power
Muscogee,2,2,2727,03-31-2025 18:22:58,Diverse Power
Harris,2,2,8314,03-31-2025 18:22:58,Diverse Power
Heard,125,125,478,03-31-2025 18:37:51,Diverse Power
Troup,30,30,17853,03-31-2025 18:37:51,Diverse Power
Muscogee,2,2,2727,03-31-2025 18:37:51,Diverse Power
Harris,2,2,8314,03-31-2025 18:37:51,Diverse Power
Heard,123,50,478,03-31-2025 18:52:55,Diverse Power
Randolph,3,3,1739,03-31-2025 18:52:55,Diverse Power
Troup,23,23,17853,03-31-2025 18:52:55,Diverse Power
Muscogee,2,2,2728,03-31-2025 18:52:55,Diverse Power
Harris,2,2,8314,03-31-2025 18:52:55,Diverse Power
Heard,50,50,478,03-31-2025 19:07:49,Diverse Power
Randolph,3,3,1739,03-31-2025 19:07:49,Diverse Power
Muscogee,2,2,2728,03-31-2025 19:07:49,Diverse Power
Heard,50,50,478,03-31-2025 19:22:49,Diverse Power
Randolph,3,3,1739,03-31-2025 19:22:49,Diverse Power
Troup,1,1,17854,03-31-2025 19:22:49,Diverse Power
Muscogee,30,30,2728,03-31-2025 19:22:49,Diverse Power
Meriwether,1,1,2434,03-31-2025 19:22:49,Diverse Power
Heard,50,50,478,03-31-2025 19:37:48,Diverse Power
Troup,1,1,17855,03-31-2025 19:37:48,Diverse Power
Muscogee,30,30,2728,03-31-2025 19:37:48,Diverse Power
Meriwether,1,1,2434,03-31-2025 19:37:48,Diverse Power
Heard,50,50,478,03-31-2025 19:52:46,Diverse Power
Troup,1,1,17855,03-31-2025 19:52:46,Diverse Power
Meriwether,3,3,2434,03-31-2025 19:52:46,Diverse Power
Heard,50,50,478,03-31-2025 20:07:46,Diverse Power
Troup,1,1,17855,03-31-2025 20:07:46,Diverse Power
Meriwether,3,3,2434,03-31-2025 20:07:46,Diverse Power
Heard,50,50,478,03-31-2025 20:22:46,Diverse Power
Meriwether,3,3,2434,03-31-2025 20:22:46,Diverse Power
Heard,50,50,478,03-31-2025 20:37:48,Diverse Power
Meriwether,3,3,2434,03-31-2025 20:37:48,Diverse Power
Heard,50,50,478,03-31-2025 20:52:44,Diverse Power
Heard,50,50,478,03-31-2025 21:07:45,Diverse Power
Randolph,6,6,1739,03-31-2025 21:07:45,Diverse Power
Heard,4,4,478,03-31-2025 21:22:47,Diverse Power
Randolph,6,6,1739,03-31-2025 21:22:47,Diverse Power
Heard,4,4,478,03-31-2025 21:37:48,Diverse Power
Randolph,6,6,1739,03-31-2025 21:37:48,Diverse Power
Heard,4,4,478,03-31-2025 21:52:46,Diverse Power
Heard,2,2,478,03-31-2025 22:07:44,Diverse Power
Heard,2,2,478,03-31-2025 22:22:44,Diverse Power
Heard,2,2,478,03-31-2025 22:37:45,Diverse Power
Heard,2,2,478,03-31-2025 22:52:45,Diverse Power
Calhoun,2,2,1369,03-31-2025 22:52:45,Diverse Power
Heard,2,2,478,03-31-2025 23:07:48,Diverse Power
Calhoun,2,2,1369,03-31-2025 23:07:48,Diverse Power
Heard,2,2,478,03-31-2025 23:22:43,Diverse Power
Calhoun,2,2,1369,03-31-2025 23:22:43,Diverse Power
Heard,2,2,478,03-31-2025 23:37:44,Diverse Power
Heard,2,2,478,03-31-2025 23:52:44,Diverse Power
Harris,3,3,8315,04-01-2025 10:22:43,Diverse Power
Harris,3,3,8315,04-01-2025 10:37:43,Diverse Power
Harris,3,3,8315,04-01-2025 10:52:43,Diverse Power
Harris,3,3,8315,04-01-2025 11:07:44,Diverse Power
Harris,3,3,8315,04-01-2025 13:52:48,Diverse Power
Harris,3,3,8315,04-01-2025 14:07:53,Diverse Power
Harris,3,3,8315,04-01-2025 14:22:47,Diverse Power
Harris,3,2,8315,04-01-2025 14:37:46,Diverse Power
Troup,1,1,17855,04-01-2025 16:52:45,Diverse Power
Troup,1,1,17855,04-01-2025 17:07:43,Diverse Power
Troup,3,3,17854,04-02-2025 12:07:42,Diverse Power
Troup,3,3,17854,04-02-2025 12:22:42,Diverse Power
Troup,3,3,17847,04-02-2025 12:37:44,Diverse Power
Troup,3,3,17844,04-02-2025 12:52:42,Diverse Power
Troup,3,3,17839,04-02-2025 13:07:42,Diverse Power
Troup,3,3,17825,04-02-2025 13:22:42,Diverse Power
Troup,3,3,17821,04-02-2025 13:37:42,Diverse Power
Troup,3,3,17813,04-02-2025 13:52:42,Diverse Power
Troup,3,3,17811,04-02-2025 14:07:43,Diverse Power
Troup,3,3,17813,04-02-2025 14:22:45,Diverse Power
Troup,3,3,17813,04-02-2025 14:37:47,Diverse Power
Troup,36,36,17821,04-02-2025 15:22:50,Diverse Power
Harris,3,3,8316,04-03-2025 06:52:42,Diverse Power
Calhoun,1,1,1367,04-03-2025 08:07:45,Diverse Power
Troup,5,5,17845,04-03-2025 12:37:41,Diverse Power
Troup,5,5,17845,04-03-2025 12:52:40,Diverse Power
Troup,4,4,17848,04-03-2025 13:07:40,Diverse Power
Troup,4,4,17848,04-03-2025 13:22:40,Diverse Power
Troup,4,4,17848,04-03-2025 13:37:40,Diverse Power
Troup,4,4,17848,04-03-2025 13:52:45,Diverse Power
Troup,4,4,17847,04-03-2025 14:07:46,Diverse Power
Troup,4,4,17847,04-03-2025 14:22:45,Diverse Power
Troup,4,4,17847,04-03-2025 14:37:44,Diverse Power
Muscogee,2,2,2702,04-03-2025 14:37:44,Diverse Power
Troup,4,4,17847,04-03-2025 14:52:42,Diverse Power
Muscogee,2,2,2702,04-03-2025 14:52:42,Diverse Power
Troup,4,4,17847,04-03-2025 15:07:43,Diverse Power
Troup,4,4,17847,04-03-2025 15:22:47,Diverse Power
Troup,4,4,17847,04-03-2025 15:37:43,Diverse Power
Troup,4,4,17847,04-03-2025 15:52:43,Diverse Power
Troup,4,4,17847,04-03-2025 16:07:49,Diverse Power
Troup,4,4,17847,04-03-2025 16:22:46,Diverse Power
Troup,4,4,17848,04-03-2025 16:37:47,Diverse Power
Heard,1,1,476,04-03-2025 16:52:46,Diverse Power
Troup,4,4,17848,04-03-2025 16:52:46,Diverse Power
Heard,1,1,476,04-03-2025 17:07:45,Diverse Power
Troup,4,4,17848,04-03-2025 17:07:45,Diverse Power
Heard,1,1,476,04-03-2025 17:22:46,Diverse Power
Troup,4,4,17848,04-03-2025 17:22:46,Diverse Power
Heard,1,1,476,04-03-2025 17:37:48,Diverse Power
Calhoun,17,17,1367,04-03-2025 17:37:48,Diverse Power
Heard,1,1,476,04-03-2025 17:52:46,Diverse Power
Calhoun,17,17,1367,04-03-2025 17:52:46,Diverse Power
Heard,1,1,476,04-03-2025 18:07:43,Diverse Power
Calhoun,17,17,1367,04-03-2025 18:07:43,Diverse Power
Heard,1,1,476,04-03-2025 18:22:40,Diverse Power
Calhoun,17,17,1367,04-03-2025 18:22:40,Diverse Power
Heard,1,1,476,04-03-2025 18:37:42,Diverse Power
Calhoun,17,17,1367,04-03-2025 18:37:42,Diverse Power
Heard,1,1,476,04-03-2025 18:52:42,Diverse Power
Calhoun,17,17,1367,04-03-2025 18:52:42,Diverse Power
Heard,1,1,476,04-03-2025 19:07:47,Diverse Power
Calhoun,17,17,1367,04-03-2025 19:07:47,Diverse Power
Heard,1,1,476,04-03-2025 19:22:41,Diverse Power
Calhoun,17,17,1367,04-03-2025 19:22:41,Diverse Power
Heard,1,1,476,04-03-2025 19:37:42,Diverse Power
Calhoun,17,17,1367,04-03-2025 19:37:42,Diverse Power
Heard,1,1,476,04-03-2025 19:52:42,Diverse Power
Calhoun,17,17,1369,04-03-2025 19:52:42,Diverse Power
Heard,1,1,476,04-03-2025 20:07:42,Diverse Power
Calhoun,17,17,1369,04-03-2025 20:07:42,Diverse Power
Heard,1,1,476,04-03-2025 20:22:42,Diverse Power
Calhoun,17,17,1369,04-03-2025 20:22:42,Diverse Power
Troup,2,2,17848,04-03-2025 20:52:43,Diverse Power
Troup,2,2,17848,04-03-2025 21:07:43,Diverse Power
Troup,2,2,17848,04-03-2025 21:22:45,Diverse Power
Troup,2,2,17848,04-03-2025 21:37:42,Diverse Power
Troup,2,2,17848,04-03-2025 21:52:44,Diverse Power
Troup,2,0,17848,04-03-2025 22:07:46,Diverse Power
Troup,24,24,17847,04-05-2025 16:37:47,Diverse Power
Troup,24,24,17847,04-05-2025 16:52:45,Diverse Power
Muscogee,11,11,2720,04-05-2025 17:37:39,Diverse Power
Harris,3,3,8299,04-05-2025 17:37:39,Diverse Power
Muscogee,5,5,2720,04-05-2025 17:52:40,Diverse Power
Harris,3,3,8299,04-05-2025 17:52:40,Diverse Power
Muscogee,5,5,2720,04-05-2025 18:07:40,Diverse Power
Harris,3,3,8299,04-05-2025 18:07:40,Diverse Power
Muscogee,5,5,2720,04-05-2025 18:22:42,Diverse Power
Harris,3,3,8299,04-05-2025 18:22:42,Diverse Power
Muscogee,5,5,2720,04-05-2025 18:37:42,Diverse Power
Harris,3,3,8299,04-05-2025 18:37:42,Diverse Power
Muscogee,5,5,2720,04-05-2025 18:52:41,Diverse Power
Harris,3,3,8299,04-05-2025 18:52:41,Diverse Power
Muscogee,5,5,2720,04-05-2025 19:07:42,Diverse Power
Harris,3,3,8299,04-05-2025 19:07:42,Diverse Power
Muscogee,5,5,2720,04-05-2025 19:22:44,Diverse Power
Harris,3,3,8299,04-05-2025 19:22:44,Diverse Power
Muscogee,5,5,2720,04-05-2025 19:37:43,Diverse Power
Harris,3,3,8299,04-05-2025 19:37:43,Diverse Power
Muscogee,5,5,2720,04-05-2025 19:52:48,Diverse Power
Harris,3,3,8299,04-05-2025 19:52:48,Diverse Power
Muscogee,5,5,2720,04-05-2025 20:07:49,Diverse Power
Harris,3,3,8299,04-05-2025 20:07:49,Diverse Power
Muscogee,5,5,2720,04-05-2025 20:22:48,Diverse Power
Harris,3,3,8299,04-05-2025 20:22:48,Diverse Power
Muscogee,5,5,2720,04-05-2025 20:37:47,Diverse Power
Harris,3,3,8299,04-05-2025 20:37:47,Diverse Power
Troup,2,2,17850,04-05-2025 22:37:45,Diverse Power
Troup,2,2,17850,04-05-2025 22:52:46,Diverse Power
Troup,2,2,17850,04-05-2025 23:07:47,Diverse Power
Troup,2,2,17850,04-05-2025 23:22:45,Diverse Power
Randolph,1,1,1740,04-06-2025 11:07:42,Diverse Power
Randolph,1,1,1740,04-06-2025 11:22:42,Diverse Power
Randolph,1,1,1740,04-06-2025 11:37:41,Diverse Power
Randolph,1,1,1740,04-06-2025 11:52:43,Diverse Power
Randolph,1,1,1740,04-06-2025 12:07:45,Diverse Power
Randolph,1,1,1740,04-06-2025 12:22:45,Diverse Power
Randolph,1,1,1740,04-06-2025 12:37:45,Diverse Power
Randolph,1,1,1740,04-06-2025 12:52:43,Diverse Power
Randolph,1,1,1740,04-06-2025 13:07:46,Diverse Power
Randolph,1,1,1740,04-06-2025 13:22:45,Diverse Power
Randolph,1,1,1740,04-06-2025 13:37:48,Diverse Power
Troup,2,2,17851,04-06-2025 13:37:48,Diverse Power
Randolph,1,1,1740,04-06-2025 13:52:43,Diverse Power
Troup,2,2,17851,04-06-2025 13:52:43,Diverse Power
Randolph,1,1,1740,04-06-2025 14:07:44,Diverse Power
Troup,2,2,17851,04-06-2025 14:07:44,Diverse Power
Randolph,1,1,1740,04-06-2025 14:22:55,Diverse Power
Randolph,1,1,1740,04-06-2025 14:37:43,Diverse Power
Troup,20,20,17851,04-06-2025 18:38:00,Diverse Power
Troup,21,21,17851,04-06-2025 18:52:57,Diverse Power
Troup,21,21,17851,04-06-2025 19:08:01,Diverse Power
Troup,21,21,17851,04-06-2025 19:22:51,Diverse Power
Troup,21,21,17851,04-06-2025 19:38:00,Diverse Power
Troup,21,21,17851,04-06-2025 19:52:49,Diverse Power
Troup,1,1,17851,04-06-2025 20:07:57,Diverse Power
Muscogee,89,89,2720,04-06-2025 20:07:57,Diverse Power
Harris,14,14,8301,04-06-2025 20:07:57,Diverse Power
Troup,1,1,17851,04-06-2025 20:22:56,Diverse Power
Muscogee,14,14,2720,04-06-2025 20:22:56,Diverse Power
Harris,14,14,8301,04-06-2025 20:22:56,Diverse Power
Muscogee,14,14,2720,04-06-2025 20:38:00,Diverse Power
Harris,14,14,8301,04-06-2025 20:38:00,Diverse Power
Muscogee,14,14,2720,04-06-2025 20:52:57,Diverse Power
Harris,14,14,8301,04-06-2025 20:52:57,Diverse Power
Troup,1,1,17851,04-06-2025 21:37:55,Diverse Power
Troup,1,1,17851,04-06-2025 21:52:56,Diverse Power
Troup,2,2,17851,04-06-2025 22:07:53,Diverse Power
Troup,6,6,17851,04-06-2025 22:22:52,Diverse Power
Troup,2,2,17851,04-06-2025 22:37:50,Diverse Power
Troup,2,2,17851,04-06-2025 22:52:51,Diverse Power
Meriwether,1,1,2427,04-06-2025 22:52:51,Diverse Power
Troup,1,1,17851,04-06-2025 23:07:52,Diverse Power
Meriwether,1,1,2427,04-06-2025 23:07:52,Diverse Power
Harris,2,2,8302,04-06-2025 23:07:52,Diverse Power
Troup,1,1,17851,04-06-2025 23:22:52,Diverse Power
Meriwether,1,1,2427,04-06-2025 23:22:52,Diverse Power
Harris,2,2,8302,04-06-2025 23:22:52,Diverse Power
Troup,1,1,17851,04-06-2025 23:37:51,Diverse Power
Harris,2,2,8302,04-06-2025 23:37:51,Diverse Power
Troup,1,1,17851,04-06-2025 23:52:51,Diverse Power
Harris,2,2,8302,04-06-2025 23:52:51,Diverse Power
Troup,2,2,17851,04-07-2025 00:22:53,Diverse Power
Meriwether,1,1,2427,04-07-2025 00:22:53,Diverse Power
Troup,2,2,17851,04-07-2025 00:37:57,Diverse Power
Meriwether,1,1,2427,04-07-2025 00:37:57,Diverse Power
Troup,2,2,17851,04-07-2025 00:52:59,Diverse Power
Meriwether,1,1,2427,04-07-2025 00:52:59,Diverse Power
Meriwether,1,1,2427,04-07-2025 01:07:58,Diverse Power
Meriwether,1,1,2427,04-07-2025 01:23:00,Diverse Power
Meriwether,1,1,2427,04-07-2025 01:38:01,Diverse Power
Muscogee,150,150,2720,04-07-2025 01:52:55,Diverse Power
Meriwether,1,1,2427,04-07-2025 01:52:55,Diverse Power
Muscogee,261,261,2720,04-07-2025 02:07:50,Diverse Power
Meriwether,1,1,2427,04-07-2025 02:07:50,Diverse Power
Muscogee,279,279,2720,04-07-2025 02:22:53,Diverse Power
Meriwether,1,1,2427,04-07-2025 02:22:53,Diverse Power
Muscogee,283,283,2720,04-07-2025 02:37:54,Diverse Power
Muscogee,283,283,2720,04-07-2025 02:52:53,Diverse Power
Muscogee,283,283,2720,04-07-2025 03:08:02,Diverse Power
Muscogee,227,227,2720,04-07-2025 03:22:53,Diverse Power
Muscogee,227,227,2720,04-07-2025 03:37:55,Diverse Power
Meriwether,1,1,2427,04-07-2025 03:52:52,Diverse Power
Meriwether,157,157,2427,04-07-2025 04:08:01,Diverse Power
Meriwether,157,157,2427,04-07-2025 04:22:59,Diverse Power
Meriwether,157,157,2427,04-07-2025 04:37:59,Diverse Power
Meriwether,157,157,2427,04-07-2025 04:52:57,Diverse Power
Meriwether,34,34,2427,04-07-2025 05:07:54,Diverse Power
Meriwether,34,34,2427,04-07-2025 05:22:51,Diverse Power
Meriwether,34,34,2427,04-07-2025 05:37:53,Diverse Power
Meriwether,34,34,2427,04-07-2025 05:52:49,Diverse Power
Meriwether,34,34,2427,04-07-2025 06:07:47,Diverse Power
Meriwether,34,34,2427,04-07-2025 06:22:50,Diverse Power
Meriwether,34,34,2427,04-07-2025 06:37:47,Diverse Power
Troup,44,44,17851,04-07-2025 06:52:47,Diverse Power
Troup,44,44,17851,04-07-2025 07:07:47,Diverse Power
Troup,44,44,17851,04-07-2025 07:22:46,Diverse Power
Troup,1,1,17851,04-07-2025 08:07:45,Diverse Power
Troup,1,1,17851,04-07-2025 08:22:45,Diverse Power
Troup,2,2,17851,04-07-2025 08:37:45,Diverse Power
Troup,2,2,17851,04-07-2025 08:52:45,Diverse Power
Troup,2,2,17851,04-07-2025 09:37:45,Diverse Power
Troup,2,2,17851,04-07-2025 09:52:47,Diverse Power
Troup,2,2,17851,04-07-2025 10:07:43,Diverse Power
Troup,2,2,17851,04-07-2025 10:22:44,Diverse Power
Troup,2,2,17851,04-07-2025 10:37:44,Diverse Power
Troup,4,4,17851,04-07-2025 10:52:44,Diverse Power
Troup,11,9,17851,04-07-2025 11:07:44,Diverse Power
Troup,8,6,17851,04-07-2025 11:22:45,Diverse Power
Troup,8,6,17851,04-07-2025 11:37:45,Diverse Power
Troup,8,6,17851,04-07-2025 11:52:44,Diverse Power
Troup,5,4,17851,04-07-2025 12:07:45,Diverse Power
Troup,5,4,17851,04-07-2025 12:22:44,Diverse Power
Troup,4,2,17851,04-07-2025 12:37:47,Diverse Power
Troup,4,2,17849,04-07-2025 12:52:48,Diverse Power
Harris,2,2,8305,04-07-2025 12:52:48,Diverse Power
Troup,4,4,17836,04-07-2025 13:07:46,Diverse Power
Harris,2,2,8305,04-07-2025 13:07:46,Diverse Power
Troup,4,4,17826,04-07-2025 13:22:44,Diverse Power
Harris,2,2,8305,04-07-2025 13:22:44,Diverse Power
Troup,4,4,17807,04-07-2025 13:37:43,Diverse Power
Troup,5,5,17805,04-07-2025 13:52:48,Diverse Power
Troup,6,6,17788,04-07-2025 14:07:44,Diverse Power
Troup,19,19,17781,04-07-2025 14:22:53,Diverse Power
Troup,17,17,17758,04-07-2025 14:37:52,Diverse Power
Troup,17,17,17751,04-07-2025 14:52:49,Diverse Power
Troup,17,17,17755,04-07-2025 15:07:48,Diverse Power
Troup,15,15,17758,04-07-2025 15:22:49,Diverse Power
Troup,15,15,17767,04-07-2025 15:37:49,Diverse Power
Muscogee,11,11,2721,04-07-2025 15:37:49,Diverse Power
Harris,3,3,8303,04-07-2025 15:37:49,Diverse Power
Troup,15,15,17771,04-07-2025 15:52:51,Diverse Power
Muscogee,62,62,2721,04-07-2025 15:52:51,Diverse Power
Harris,422,422,8303,04-07-2025 15:52:51,Diverse Power
Troup,15,15,17775,04-07-2025 16:07:52,Diverse Power
Muscogee,62,62,2722,04-07-2025 16:07:52,Diverse Power
Harris,422,422,8303,04-07-2025 16:07:52,Diverse Power
Troup,15,15,17777,04-07-2025 16:22:49,Diverse Power
Muscogee,62,62,2722,04-07-2025 16:22:49,Diverse Power
Harris,422,422,8303,04-07-2025 16:22:49,Diverse Power
Troup,15,15,17779,04-07-2025 16:37:49,Diverse Power
Muscogee,62,62,2722,04-07-2025 16:37:49,Diverse Power
Harris,422,422,8303,04-07-2025 16:37:49,Diverse Power
Troup,15,15,17780,04-07-2025 16:52:40,Diverse Power
Muscogee,62,62,2722,04-07-2025 16:52:40,Diverse Power
Harris,422,422,8304,04-07-2025 16:52:40,Diverse Power
Troup,18,18,17782,04-07-2025 17:07:43,Diverse Power
Muscogee,62,62,2722,04-07-2025 17:07:43,Diverse Power
Harris,422,422,8304,04-07-2025 17:07:43,Diverse Power
Troup,7,7,17784,04-07-2025 17:22:47,Diverse Power
Muscogee,62,62,2722,04-07-2025 17:22:47,Diverse Power
Harris,422,422,8304,04-07-2025 17:22:47,Diverse Power
Troup,3,3,17787,04-07-2025 17:37:48,Diverse Power
Muscogee,62,62,2722,04-07-2025 17:37:48,Diverse Power
Harris,422,422,8304,04-07-2025 17:37:48,Diverse Power
Troup,3,3,17789,04-07-2025 17:52:50,Diverse Power
Muscogee,62,62,2722,04-07-2025 17:52:50,Diverse Power
Harris,422,422,8304,04-07-2025 17:52:50,Diverse Power
Troup,1,1,17790,04-07-2025 18:07:49,Diverse Power
Muscogee,62,0,2722,04-07-2025 18:07:49,Diverse Power
Harris,422,0,8305,04-07-2025 18:07:49,Diverse Power
Troup,1,1,17792,04-07-2025 18:22:45,Diverse Power
Troup,1,1,17793,04-07-2025 18:37:45,Diverse Power
Troup,1,1,17796,04-07-2025 18:52:47,Diverse Power
Randolph,8,8,1740,04-07-2025 19:07:46,Diverse Power
Troup,1,1,17801,04-07-2025 19:07:46,Diverse Power
Randolph,8,8,1740,04-07-2025 19:22:51,Diverse Power
Troup,1,1,17802,04-07-2025 19:22:51,Diverse Power
Randolph,8,8,1740,04-07-2025 19:37:49,Diverse Power
Troup,1,1,17805,04-07-2025 19:37:49,Diverse Power
Randolph,8,8,1740,04-07-2025 19:52:47,Diverse Power
Troup,1,1,17806,04-07-2025 19:52:47,Diverse Power
Harris,1,1,8305,04-07-2025 19:52:47,Diverse Power
Randolph,8,8,1740,04-07-2025 20:07:47,Diverse Power
Harris,2,2,8306,04-07-2025 20:07:47,Diverse Power
Randolph,8,8,1740,04-07-2025 20:22:47,Diverse Power
Harris,2,2,8306,04-07-2025 20:22:47,Diverse Power
Randolph,8,8,1740,04-07-2025 20:37:48,Diverse Power
Harris,2,2,8306,04-07-2025 20:37:48,Diverse Power
Troup,5,5,17819,04-07-2025 20:52:49,Diverse Power
Harris,2,2,8307,04-07-2025 20:52:49,Diverse Power
Troup,2,2,17822,04-07-2025 21:07:49,Diverse Power
Harris,2,2,8307,04-07-2025 21:07:49,Diverse Power
Troup,2,2,17822,04-07-2025 21:22:45,Diverse Power
Harris,2,2,8307,04-07-2025 21:22:45,Diverse Power
Troup,2,2,17822,04-07-2025 21:37:45,Diverse Power
Harris,2,2,8307,04-07-2025 21:37:45,Diverse Power
Troup,2,2,17822,04-07-2025 21:52:46,Diverse Power
Harris,1,1,8307,04-07-2025 21:52:46,Diverse Power
Troup,2,2,17822,04-07-2025 22:07:46,Diverse Power
Harris,1,1,8307,04-07-2025 22:07:46,Diverse Power
Troup,2,2,17823,04-07-2025 22:22:47,Diverse Power
Harris,1,1,8307,04-07-2025 22:22:47,Diverse Power
Troup,1,1,17831,04-08-2025 01:37:44,Diverse Power
Troup,1,1,17831,04-08-2025 01:52:45,Diverse Power
Troup,1,1,17831,04-08-2025 02:07:43,Diverse Power
Troup,1,1,17831,04-08-2025 02:22:43,Diverse Power
Troup,1,1,17831,04-08-2025 02:37:44,Diverse Power
Troup,1,1,17831,04-08-2025 02:52:45,Diverse Power
Troup,1,1,17831,04-08-2025 03:07:45,Diverse Power
Troup,1,1,17831,04-08-2025 03:22:45,Diverse Power
Troup,1,1,17832,04-08-2025 03:37:44,Diverse Power
Troup,1,1,17832,04-08-2025 03:52:44,Diverse Power
Troup,1,1,17832,04-08-2025 04:07:43,Diverse Power
Troup,1,1,17832,04-08-2025 04:22:47,Diverse Power
Harris,1,1,8308,04-08-2025 12:07:45,Diverse Power
Harris,1,1,8308,04-08-2025 12:22:42,Diverse Power
Harris,1,1,8308,04-08-2025 12:37:44,Diverse Power
Harris,1,1,8309,04-08-2025 12:52:42,Diverse Power
Harris,1,1,8308,04-08-2025 13:07:42,Diverse Power
Meriwether,4,4,2427,04-08-2025 13:22:44,Diverse Power
Harris,1,1,8308,04-08-2025 13:22:44,Diverse Power
Troup,2,2,17766,04-08-2025 13:37:48,Diverse Power
Harris,1,1,8307,04-08-2025 13:37:48,Diverse Power
Troup,2,2,17755,04-08-2025 13:52:49,Diverse Power
Harris,1,1,8307,04-08-2025 13:52:49,Diverse Power
Troup,2,2,17746,04-08-2025 14:07:50,Diverse Power
Harris,1,1,8307,04-08-2025 14:07:50,Diverse Power
Troup,2,2,17738,04-08-2025 14:22:51,Diverse Power
Harris,1,1,8307,04-08-2025 14:22:51,Diverse Power
Harris,1,1,8307,04-08-2025 14:37:48,Diverse Power
Harris,1,1,8307,04-08-2025 14:52:51,Diverse Power
Harris,2,1,8307,04-08-2025 15:07:51,Diverse Power
Troup,4,4,17745,04-08-2025 15:22:48,Diverse Power
Harris,1,1,8307,04-08-2025 15:22:48,Diverse Power
Troup,4,4,17748,04-08-2025 15:37:48,Diverse Power
Meriwether,2,2,2427,04-08-2025 15:37:48,Diverse Power
Troup,4,4,17750,04-08-2025 15:52:49,Diverse Power
Meriwether,2,2,2427,04-08-2025 15:52:49,Diverse Power
Troup,3,3,17761,04-08-2025 16:07:48,Diverse Power
Meriwether,2,2,2427,04-08-2025 16:07:48,Diverse Power
Troup,3,3,17761,04-08-2025 16:22:49,Diverse Power
Meriwether,2,2,2427,04-08-2025 16:22:49,Diverse Power
Troup,3,3,17768,04-08-2025 16:37:47,Diverse Power
Troup,3,3,17770,04-08-2025 16:52:47,Diverse Power
Harris,2,2,8306,04-08-2025 17:22:45,Diverse Power
Harris,2,2,8307,04-08-2025 17:37:44,Diverse Power
Harris,2,2,8307,04-08-2025 17:52:47,Diverse Power
Harris,2,2,8308,04-08-2025 18:07:44,Diverse Power
Harris,2,2,8308,04-08-2025 18:22:44,Diverse Power
Harris,2,2,8308,04-08-2025 18:37:45,Diverse Power
Troup,2,2,17780,04-08-2025 18:52:46,Diverse Power
Harris,2,2,8308,04-08-2025 18:52:46,Diverse Power
Harris,2,2,8308,04-08-2025 19:07:46,Diverse Power
Harris,2,2,8308,04-08-2025 19:22:49,Diverse Power
Harris,2,2,8308,04-08-2025 19:37:48,Diverse Power
Harris,2,2,8308,04-08-2025 19:52:52,Diverse Power
Harris,4,4,8309,04-08-2025 21:07:45,Diverse Power
Harris,4,4,8309,04-08-2025 21:22:44,Diverse Power
Troup,1,1,17805,04-08-2025 21:37:46,Diverse Power
Harris,4,4,8309,04-08-2025 21:37:46,Diverse Power
Troup,1,1,17805,04-08-2025 21:52:42,Diverse Power
Harris,4,4,8309,04-08-2025 21:52:42,Diverse Power
Harris,4,4,8308,04-08-2025 22:07:44,Diverse Power
Harris,4,4,8308,04-08-2025 22:22:46,Diverse Power
Meriwether,1,1,2428,04-09-2025 12:07:41,Diverse Power
Meriwether,1,1,2428,04-09-2025 12:22:41,Diverse Power
Meriwether,1,1,2428,04-09-2025 12:37:43,Diverse Power
Meriwether,1,1,2428,04-09-2025 12:52:44,Diverse Power
Meriwether,1,1,2428,04-09-2025 13:07:45,Diverse Power
Meriwether,1,1,2428,04-09-2025 13:22:47,Diverse Power
Meriwether,1,1,2428,04-09-2025 13:37:48,Diverse Power
Meriwether,1,1,2428,04-09-2025 13:52:47,Diverse Power
Meriwether,1,1,2428,04-09-2025 14:07:45,Diverse Power
Meriwether,1,1,2428,04-09-2025 14:22:48,Diverse Power
Meriwether,1,1,2428,04-09-2025 14:37:48,Diverse Power
Meriwether,1,1,2428,04-09-2025 14:52:47,Diverse Power
Meriwether,1,1,2428,04-09-2025 15:07:47,Diverse Power
Meriwether,1,1,2428,04-09-2025 15:22:44,Diverse Power
Meriwether,1,1,2428,04-09-2025 15:37:44,Diverse Power
Harris,9,9,8307,04-09-2025 15:37:44,Diverse Power
Meriwether,1,1,2428,04-09-2025 15:52:46,Diverse Power
Harris,9,9,8307,04-09-2025 15:52:46,Diverse Power
Meriwether,1,1,2428,04-09-2025 16:07:46,Diverse Power
Harris,9,9,8307,04-09-2025 16:07:46,Diverse Power
Meriwether,1,1,2428,04-09-2025 16:22:47,Diverse Power
Harris,9,9,8307,04-09-2025 16:22:47,Diverse Power
Harris,9,9,8308,04-09-2025 16:37:46,Diverse Power
Quitman,2,2,1296,04-09-2025 16:52:44,Diverse Power
Randolph,1,1,1736,04-09-2025 21:07:48,Diverse Power
Harris,2,2,8309,04-09-2025 21:07:48,Diverse Power
Randolph,1,1,1736,04-09-2025 21:22:50,Diverse Power
Randolph,1,1,1736,04-09-2025 21:37:44,Diverse Power
Randolph,1,1,1736,04-09-2025 21:52:46,Diverse Power
Randolph,1,1,1736,04-09-2025 22:07:47,Diverse Power
Harris,1,1,8309,04-09-2025 22:37:42,Diverse Power
Harris,1,1,8309,04-09-2025 22:52:42,Diverse Power
Troup,3,3,17823,04-10-2025 17:07:46,Diverse Power
Troup,3,3,17824,04-10-2025 17:22:47,Diverse Power
Troup,3,3,17824,04-10-2025 17:37:45,Diverse Power
Troup,3,3,17824,04-10-2025 17:52:46,Diverse Power
Troup,3,3,17826,04-10-2025 18:07:44,Diverse Power
Troup,3,3,17827,04-10-2025 18:22:47,Diverse Power
Troup,3,3,17827,04-10-2025 18:37:48,Diverse Power
Troup,3,3,17827,04-10-2025 18:52:45,Diverse Power
Troup,3,3,17827,04-10-2025 19:07:45,Diverse Power
Troup,3,3,17827,04-10-2025 19:22:43,Diverse Power
Troup,3,3,17828,04-10-2025 19:37:43,Diverse Power
Harris,1,1,8308,04-11-2025 00:37:46,Diverse Power
Harris,6,6,8308,04-11-2025 00:52:45,Diverse Power
Harris,6,6,8308,04-11-2025 01:07:52,Diverse Power
Harris,6,6,8308,04-11-2025 01:22:45,Diverse Power
Harris,6,6,8308,04-11-2025 01:37:46,Diverse Power
Harris,6,6,8308,04-11-2025 01:52:46,Diverse Power
Troup,3,3,17831,04-11-2025 02:07:48,Diverse Power
Harris,6,6,8308,04-11-2025 02:07:48,Diverse Power
Troup,3,3,17831,04-11-2025 02:22:46,Diverse Power
Meriwether,2,2,2429,04-11-2025 02:22:46,Diverse Power
Harris,6,6,8308,04-11-2025 02:22:46,Diverse Power
Troup,399,399,17831,04-11-2025 02:37:47,Diverse Power
Meriwether,524,524,2429,04-11-2025 02:37:47,Diverse Power
Harris,6,6,8308,04-11-2025 02:37:47,Diverse Power
Troup,594,594,17831,04-11-2025 02:52:48,Diverse Power
Meriwether,577,577,2429,04-11-2025 02:52:48,Diverse Power
Harris,6,6,8308,04-11-2025 02:52:48,Diverse Power
Troup,681,681,17831,04-11-2025 03:07:48,Diverse Power
Meriwether,577,577,2429,04-11-2025 03:07:48,Diverse Power
Troup,681,681,17831,04-11-2025 03:22:47,Diverse Power
Meriwether,594,594,2429,04-11-2025 03:22:47,Diverse Power
Troup,678,678,17831,04-11-2025 03:37:47,Diverse Power
Meriwether,594,594,2429,04-11-2025 03:37:47,Diverse Power
Troup,678,678,17831,04-11-2025 03:52:47,Diverse Power
Meriwether,594,594,2429,04-11-2025 03:52:47,Diverse Power
Troup,678,678,17831,04-11-2025 04:07:47,Diverse Power
Meriwether,594,594,2429,04-11-2025 04:07:47,Diverse Power
Troup,678,678,17831,04-11-2025 04:22:47,Diverse Power
Meriwether,594,594,2429,04-11-2025 04:22:47,Diverse Power
Troup,678,678,17831,04-11-2025 04:37:47,Diverse Power
Meriwether,579,579,2429,04-11-2025 04:37:47,Diverse Power
Troup,678,678,17831,04-11-2025 04:52:48,Diverse Power
Meriwether,579,579,2429,04-11-2025 04:52:48,Diverse Power
Quitman,1,1,1301,04-11-2025 05:07:47,Diverse Power
Troup,678,678,17831,04-11-2025 05:07:47,Diverse Power
Meriwether,549,549,2429,04-11-2025 05:07:47,Diverse Power
Quitman,1,1,1301,04-11-2025 05:22:48,Diverse Power
Troup,678,678,17831,04-11-2025 05:22:48,Diverse Power
Meriwether,549,549,2429,04-11-2025 05:22:48,Diverse Power
Quitman,6,6,1301,04-11-2025 05:37:48,Diverse Power
Troup,639,639,17831,04-11-2025 05:37:48,Diverse Power
Meriwether,532,532,2429,04-11-2025 05:37:48,Diverse Power
Quitman,29,29,1301,04-11-2025 05:52:48,Diverse Power
Troup,639,639,17831,04-11-2025 05:52:48,Diverse Power
Meriwether,532,532,2429,04-11-2025 05:52:48,Diverse Power
Quitman,29,29,1301,04-11-2025 06:07:48,Diverse Power
Troup,638,638,17831,04-11-2025 06:07:48,Diverse Power
Meriwether,532,532,2429,04-11-2025 06:07:48,Diverse Power
Quitman,29,29,1301,04-11-2025 06:22:56,Diverse Power
Troup,638,638,17831,04-11-2025 06:22:56,Diverse Power
Meriwether,532,532,2429,04-11-2025 06:22:56,Diverse Power
Quitman,29,29,1301,04-11-2025 06:37:56,Diverse Power
Troup,603,603,17831,04-11-2025 06:37:56,Diverse Power
Meriwether,532,532,2429,04-11-2025 06:37:56,Diverse Power
Quitman,29,29,1301,04-11-2025 06:52:54,Diverse Power
Troup,603,603,17831,04-11-2025 06:52:54,Diverse Power
Meriwether,532,532,2429,04-11-2025 06:52:54,Diverse Power
Quitman,29,29,1301,04-11-2025 07:07:54,Diverse Power
Troup,598,598,17831,04-11-2025 07:07:54,Diverse Power
Meriwether,532,532,2429,04-11-2025 07:07:54,Diverse Power
Quitman,29,29,1301,04-11-2025 07:22:54,Diverse Power
Troup,596,596,17831,04-11-2025 07:22:54,Diverse Power
Meriwether,532,532,2429,04-11-2025 07:22:54,Diverse Power
Troup,596,596,17831,04-11-2025 07:37:55,Diverse Power
Meriwether,212,212,2429,04-11-2025 07:37:55,Diverse Power
Troup,596,596,17831,04-11-2025 07:52:51,Diverse Power
Meriwether,207,207,2429,04-11-2025 07:52:51,Diverse Power
Troup,596,596,17831,04-11-2025 08:07:50,Diverse Power
Meriwether,207,207,2429,04-11-2025 08:07:50,Diverse Power
Meriwether,92,92,2429,04-11-2025 08:22:49,Diverse Power
Meriwether,92,92,2429,04-11-2025 08:37:50,Diverse Power
Meriwether,90,90,2429,04-11-2025 08:52:49,Diverse Power
Meriwether,89,89,2429,04-11-2025 09:07:45,Diverse Power
Meriwether,89,89,2429,04-11-2025 09:22:45,Diverse Power
Meriwether,89,89,2429,04-11-2025 09:37:47,Diverse Power
Meriwether,89,89,2429,04-11-2025 09:52:45,Diverse Power
Meriwether,5,5,2429,04-11-2025 10:07:45,Diverse Power
Meriwether,5,4,2429,04-11-2025 10:22:45,Diverse Power
Meriwether,5,4,2429,04-11-2025 10:37:45,Diverse Power
Meriwether,2,2,2429,04-11-2025 10:52:45,Diverse Power
Meriwether,2,2,2429,04-11-2025 11:07:46,Diverse Power
Meriwether,2,2,2429,04-11-2025 11:22:45,Diverse Power
Meriwether,2,2,2429,04-11-2025 11:37:45,Diverse Power
Meriwether,1,1,2429,04-11-2025 12:22:45,Diverse Power
Clay,6,6,978,04-11-2025 12:37:46,Diverse Power
Meriwether,1,1,2429,04-11-2025 12:37:46,Diverse Power
Clay,6,6,978,04-11-2025 12:52:46,Diverse Power
Meriwether,1,1,2429,04-11-2025 12:52:46,Diverse Power
Troup,1,1,17831,04-11-2025 13:07:48,Diverse Power
Clay,6,6,978,04-11-2025 13:07:48,Diverse Power
Meriwether,1,1,2429,04-11-2025 13:07:48,Diverse Power
Quitman,1,1,1302,04-11-2025 13:22:49,Diverse Power
Troup,1,1,17831,04-11-2025 13:22:49,Diverse Power
Clay,6,6,978,04-11-2025 13:22:49,Diverse Power
Meriwether,1,1,2429,04-11-2025 13:22:49,Diverse Power
Quitman,1,1,1302,04-11-2025 13:37:49,Diverse Power
Troup,1,1,17831,04-11-2025 13:37:49,Diverse Power
Clay,6,6,978,04-11-2025 13:37:49,Diverse Power
Meriwether,1,1,2429,04-11-2025 13:37:49,Diverse Power
Troup,1,1,17833,04-11-2025 13:52:50,Diverse Power
Clay,6,0,978,04-11-2025 13:52:50,Diverse Power
Meriwether,1,1,2429,04-11-2025 13:52:50,Diverse Power
Troup,1,1,17834,04-11-2025 14:07:48,Diverse Power
Meriwether,1,1,2429,04-11-2025 14:07:48,Diverse Power
Quitman,29,29,1302,04-11-2025 14:22:48,Diverse Power
Troup,1,1,17835,04-11-2025 14:22:48,Diverse Power
Meriwether,1,0,2429,04-11-2025 14:22:48,Diverse Power
Quitman,29,29,1302,04-11-2025 14:37:47,Diverse Power
Troup,1,1,17834,04-11-2025 14:37:47,Diverse Power
Quitman,29,29,1302,04-11-2025 14:52:46,Diverse Power
Troup,1,1,17834,04-11-2025 14:52:46,Diverse Power
Quitman,29,29,1302,04-11-2025 15:07:45,Diverse Power
Troup,1,1,17833,04-11-2025 15:07:45,Diverse Power
Quitman,29,29,1302,04-11-2025 15:22:46,Diverse Power
Troup,1,1,17833,04-11-2025 15:22:46,Diverse Power
Quitman,29,29,1302,04-11-2025 15:37:47,Diverse Power
Troup,1,1,17833,04-11-2025 15:37:47,Diverse Power
Meriwether,1,1,2430,04-11-2025 15:37:47,Diverse Power
Quitman,29,29,1302,04-11-2025 15:52:48,Diverse Power
Troup,1,1,17833,04-11-2025 15:52:48,Diverse Power
Meriwether,1,1,2430,04-11-2025 15:52:48,Diverse Power
Troup,1,1,17833,04-11-2025 16:07:58,Diverse Power
Meriwether,1,1,2430,04-11-2025 16:07:58,Diverse Power
Troup,1,1,17833,04-11-2025 16:22:52,Diverse Power
Meriwether,1,1,2430,04-11-2025 16:22:52,Diverse Power
Troup,1,1,17833,04-11-2025 16:38:00,Diverse Power
Meriwether,1,1,2430,04-11-2025 16:38:00,Diverse Power
Troup,1,1,17833,04-11-2025 16:52:51,Diverse Power
Meriwether,1,1,2430,04-11-2025 16:52:51,Diverse Power
Troup,1,1,17833,04-11-2025 17:07:58,Diverse Power
Meriwether,1,1,2430,04-11-2025 17:07:58,Diverse Power
Troup,1,1,17833,04-11-2025 17:22:58,Diverse Power
Meriwether,1,1,2430,04-11-2025 17:22:58,Diverse Power
Troup,1,1,17833,04-11-2025 17:37:53,Diverse Power
Meriwether,1,1,2430,04-11-2025 17:37:53,Diverse Power
Troup,1,1,17833,04-11-2025 17:52:55,Diverse Power
Meriwether,1,1,2430,04-11-2025 17:52:55,Diverse Power
Troup,1,1,17833,04-11-2025 18:07:54,Diverse Power
Meriwether,1,1,2430,04-11-2025 18:07:54,Diverse Power
Troup,1,1,17832,04-11-2025 18:22:55,Diverse Power
Meriwether,1,1,2430,04-11-2025 18:22:55,Diverse Power
Troup,1,1,17832,04-11-2025 18:37:54,Diverse Power
Meriwether,1,0,2430,04-11-2025 18:37:54,Diverse Power
Harris,15,15,8312,04-11-2025 18:37:54,Diverse Power
Troup,1,1,17832,04-11-2025 18:52:49,Diverse Power
Meriwether,1,0,2430,04-11-2025 18:52:49,Diverse Power
Harris,15,15,8312,04-11-2025 18:52:49,Diverse Power
Troup,1,1,17833,04-11-2025 19:07:55,Diverse Power
Meriwether,1,0,2430,04-11-2025 19:07:55,Diverse Power
Harris,15,15,8312,04-11-2025 19:07:55,Diverse Power
Troup,1,1,17833,04-11-2025 19:22:55,Diverse Power
Meriwether,2,1,2430,04-11-2025 19:22:55,Diverse Power
Harris,15,15,8312,04-11-2025 19:22:55,Diverse Power
Troup,1,1,17833,04-11-2025 19:37:53,Diverse Power
Meriwether,1,0,2430,04-11-2025 19:37:53,Diverse Power
Harris,15,15,8312,04-11-2025 19:37:53,Diverse Power
Troup,1,1,17833,04-11-2025 19:52:51,Diverse Power
Harris,15,15,8312,04-11-2025 19:52:51,Diverse Power
Troup,1,1,17832,04-11-2025 20:07:52,Diverse Power
Harris,15,15,8312,04-11-2025 20:07:52,Diverse Power
Troup,1,1,17832,04-11-2025 20:22:54,Diverse Power
Harris,15,15,8312,04-11-2025 20:22:54,Diverse Power
Troup,1,0,17833,04-11-2025 20:37:58,Diverse Power
Harris,15,15,8312,04-11-2025 20:37:58,Diverse Power
Troup,1,0,17833,04-11-2025 20:52:54,Diverse Power
Harris,15,15,8312,04-11-2025 20:52:54,Diverse Power
Harris,15,15,8312,04-11-2025 21:07:52,Diverse Power
Harris,15,15,8312,04-11-2025 21:22:53,Diverse Power
Harris,15,0,8312,04-11-2025 21:37:48,Diverse Power
Harris,15,0,8312,04-11-2025 21:52:48,Diverse Power
Harris,15,0,8312,04-11-2025 22:07:47,Diverse Power
Harris,15,0,8312,04-11-2025 22:22:53,Diverse Power
Meriwether,1,1,2430,04-12-2025 03:07:43,Diverse Power
Troup,2,2,17835,04-12-2025 19:07:44,Diverse Power
Troup,2,2,17835,04-12-2025 19:22:46,Diverse Power
Meriwether,1,1,2430,04-12-2025 23:37:47,Diverse Power
Meriwether,1,1,2430,04-12-2025 23:52:47,Diverse Power
Troup,1,1,17835,04-13-2025 00:07:48,Diverse Power
Meriwether,1,1,2430,04-13-2025 00:07:48,Diverse Power
Troup,1,1,17835,04-13-2025 00:22:47,Diverse Power
Meriwether,1,1,2430,04-13-2025 00:22:47,Diverse Power
Harris,2,2,8312,04-13-2025 00:22:47,Diverse Power
Troup,1,1,17835,04-13-2025 00:37:46,Diverse Power
Harris,2,2,8312,04-13-2025 00:37:46,Diverse Power
Troup,1,1,17835,04-13-2025 00:52:46,Diverse Power
Harris,2,2,8312,04-13-2025 00:52:46,Diverse Power
Harris,2,2,8312,04-13-2025 01:07:45,Diverse Power
Meriwether,1,1,2431,04-13-2025 06:52:44,Diverse Power
Troup,1,1,17834,04-14-2025 11:52:43,Diverse Power
Troup,17,17,17834,04-14-2025 12:07:42,Diverse Power
Troup,17,17,17833,04-14-2025 12:22:43,Diverse Power
Troup,17,17,17829,04-14-2025 12:37:45,Diverse Power
Troup,17,17,17829,04-14-2025 12:52:48,Diverse Power
Troup,17,17,17829,04-14-2025 13:07:48,Diverse Power
Troup,17,17,17829,04-14-2025 13:22:48,Diverse Power
Troup,36,36,17830,04-14-2025 13:37:48,Diverse Power
Troup,36,36,17830,04-14-2025 13:52:50,Diverse Power
Troup,36,36,17831,04-14-2025 14:07:53,Diverse Power
Troup,36,36,17831,04-14-2025 14:22:56,Diverse Power
Troup,19,19,17831,04-14-2025 14:37:45,Diverse Power
Troup,19,19,17831,04-14-2025 14:52:43,Diverse Power
Troup,19,19,17831,04-14-2025 15:07:54,Diverse Power
Troup,20,20,17831,04-14-2025 15:22:52,Diverse Power
Randolph,2,2,1738,04-14-2025 15:37:54,Diverse Power
Troup,20,20,17831,04-14-2025 15:37:54,Diverse Power
Randolph,2,2,1738,04-14-2025 15:52:43,Diverse Power
Troup,20,20,17831,04-14-2025 15:52:43,Diverse Power
Randolph,2,2,1738,04-14-2025 16:07:49,Diverse Power
Randolph,2,2,1738,04-14-2025 16:22:51,Diverse Power
Randolph,2,2,1738,04-14-2025 16:37:46,Diverse Power
Randolph,2,2,1738,04-14-2025 16:52:42,Diverse Power
Harris,1,1,8312,04-14-2025 16:52:42,Diverse Power
Randolph,2,2,1738,04-14-2025 17:07:53,Diverse Power
Randolph,2,2,1738,04-14-2025 17:22:51,Diverse Power
Randolph,2,2,1738,04-14-2025 17:37:53,Diverse Power
Randolph,2,2,1738,04-14-2025 17:52:45,Diverse Power
Randolph,2,2,1738,04-14-2025 18:07:45,Diverse Power
Randolph,2,2,1737,04-14-2025 18:22:44,Diverse Power
Randolph,2,2,1737,04-14-2025 18:37:45,Diverse Power
Heard,1,1,477,04-14-2025 18:52:42,Diverse Power
Randolph,2,2,1737,04-14-2025 18:52:42,Diverse Power
Randolph,2,2,1737,04-14-2025 19:07:51,Diverse Power
Randolph,2,2,1737,04-14-2025 19:22:51,Diverse Power
Troup,3,3,17832,04-14-2025 21:52:52,Diverse Power
Troup,3,3,17832,04-14-2025 22:07:53,Diverse Power
Harris,3,3,8312,04-14-2025 22:07:53,Diverse Power
Troup,3,3,17832,04-14-2025 22:22:45,Diverse Power
Harris,3,3,8312,04-14-2025 22:22:45,Diverse Power
Randolph,31,31,1736,04-15-2025 14:37:53,Diverse Power
Randolph,31,31,1736,04-15-2025 14:52:51,Diverse Power
Calhoun,2,2,1375,04-15-2025 14:52:51,Diverse Power
Randolph,31,31,1736,04-15-2025 15:07:49,Diverse Power
Calhoun,2,2,1375,04-15-2025 15:07:49,Diverse Power
Randolph,32,32,1736,04-15-2025 15:22:49,Diverse Power
Calhoun,2,2,1375,04-15-2025 15:22:49,Diverse Power
Randolph,32,32,1736,04-15-2025 15:37:46,Diverse Power
Randolph,32,32,1736,04-15-2025 15:52:49,Diverse Power
Randolph,32,32,1736,04-15-2025 16:07:48,Diverse Power
Randolph,1,1,1736,04-15-2025 16:22:47,Diverse Power
Randolph,1,1,1736,04-15-2025 16:37:43,Diverse Power
Randolph,1,1,1736,04-15-2025 16:52:48,Diverse Power
Randolph,1,1,1736,04-15-2025 17:07:43,Diverse Power
Randolph,1,1,1736,04-15-2025 17:22:44,Diverse Power
Randolph,1,1,1736,04-15-2025 17:37:47,Diverse Power
Troup,1,1,17830,04-15-2025 17:37:47,Diverse Power
Randolph,1,1,1736,04-15-2025 17:52:48,Diverse Power
Troup,1,1,17830,04-15-2025 17:52:48,Diverse Power
Randolph,1,1,1736,04-15-2025 18:07:49,Diverse Power
Troup,1,1,17830,04-15-2025 18:07:49,Diverse Power
Randolph,1,1,1736,04-15-2025 18:22:48,Diverse Power
Troup,1,1,17831,04-15-2025 18:22:48,Diverse Power
Troup,1,1,17831,04-15-2025 18:37:46,Diverse Power
Troup,1,1,17831,04-15-2025 18:52:47,Diverse Power
Troup,1,1,17832,04-15-2025 19:07:47,Diverse Power
Troup,1,1,17835,04-15-2025 19:37:44,Diverse Power
Troup,1,1,17835,04-15-2025 19:52:47,Diverse Power
Troup,1,1,17835,04-15-2025 20:07:46,Diverse Power
Troup,1,1,17835,04-15-2025 20:22:45,Diverse Power
Troup,1,1,17835,04-15-2025 20:37:46,Diverse Power
Troup,1,1,17835,04-15-2025 20:43:45,Diverse Power
Troup,1,1,17835,04-15-2025 20:52:47,Diverse Power
Harris,1,1,8314,04-16-2025 00:07:48,Diverse Power
Troup,4,4,17835,04-16-2025 12:07:39,Diverse Power
Troup,4,4,17835,04-16-2025 12:22:42,Diverse Power
Troup,4,4,17835,04-16-2025 12:37:44,Diverse Power
Troup,2,2,17835,04-16-2025 12:52:44,Diverse Power
Troup,2,2,17833,04-16-2025 13:07:46,Diverse Power
Troup,2,2,17833,04-16-2025 13:22:45,Diverse Power
Troup,2,2,17831,04-16-2025 13:37:43,Diverse Power
Troup,2,2,17831,04-16-2025 13:52:43,Diverse Power
Troup,2,2,17831,04-16-2025 14:07:50,Diverse Power
Troup,2,2,17831,04-16-2025 14:22:48,Diverse Power
Troup,2,2,17831,04-16-2025 14:37:47,Diverse Power
Troup,2,2,17831,04-16-2025 14:52:49,Diverse Power
Troup,2,2,17831,04-16-2025 15:07:50,Diverse Power
Troup,2,2,17832,04-16-2025 15:22:49,Diverse Power
Troup,2,2,17832,04-16-2025 15:37:47,Diverse Power
Troup,2,2,17832,04-16-2025 15:52:51,Diverse Power
Troup,2,2,17831,04-16-2025 16:07:49,Diverse Power
Troup,2,2,17832,04-16-2025 16:22:46,Diverse Power
Troup,2,2,17832,04-16-2025 16:37:46,Diverse Power
Troup,2,2,17832,04-16-2025 16:52:46,Diverse Power
Troup,5,5,17832,04-16-2025 20:37:49,Diverse Power
Harris,2,2,8314,04-17-2025 17:07:46,Diverse Power
Harris,2,2,8314,04-17-2025 17:22:44,Diverse Power
Harris,2,2,8314,04-17-2025 17:37:51,Diverse Power
Harris,2,2,8314,04-17-2025 17:52:40,Diverse Power
Harris,2,2,8314,04-17-2025 18:07:40,Diverse Power
Harris,2,2,8314,04-17-2025 18:22:40,Diverse Power
Heard,1,1,477,04-19-2025 17:52:43,Diverse Power
Heard,1,1,477,04-19-2025 18:07:43,Diverse Power
Heard,1,1,477,04-19-2025 18:22:44,Diverse Power
Heard,1,1,477,04-19-2025 18:37:44,Diverse Power
Heard,1,1,477,04-19-2025 18:52:48,Diverse Power
Heard,1,1,477,04-19-2025 19:07:46,Diverse Power
Heard,1,1,477,04-19-2025 19:22:43,Diverse Power
Heard,1,1,477,04-19-2025 19:37:48,Diverse Power
Heard,1,1,477,04-19-2025 19:52:49,Diverse Power
Heard,1,1,477,04-19-2025 20:07:46,Diverse Power
Heard,1,1,477,04-19-2025 20:22:47,Diverse Power
Heard,1,1,477,04-19-2025 20:37:48,Diverse Power
Heard,1,1,477,04-19-2025 20:52:48,Diverse Power
Heard,1,1,477,04-19-2025 21:07:49,Diverse Power
Heard,1,1,477,04-19-2025 21:22:52,Diverse Power
Heard,1,1,477,04-19-2025 21:37:46,Diverse Power
Harris,1,1,8314,04-20-2025 00:52:46,Diverse Power
Harris,7,7,8314,04-21-2025 09:22:44,Diverse Power
Harris,7,7,8314,04-21-2025 09:37:44,Diverse Power
Harris,7,7,8314,04-21-2025 09:52:44,Diverse Power
Harris,7,7,8314,04-21-2025 10:07:43,Diverse Power
Harris,7,7,8314,04-21-2025 10:22:47,Diverse Power
Troup,2,2,17836,04-21-2025 12:52:46,Diverse Power
Troup,2,2,17836,04-21-2025 13:07:47,Diverse Power
Troup,2,2,17836,04-21-2025 13:22:48,Diverse Power
Troup,2,2,17836,04-21-2025 13:37:46,Diverse Power
Troup,2,2,17835,04-21-2025 13:58:52,Diverse Power
Troup,2,2,17835,04-21-2025 14:07:48,Diverse Power
Troup,2,2,17835,04-21-2025 14:22:52,Diverse Power
Troup,4,4,17835,04-21-2025 14:37:51,Diverse Power
Troup,4,4,17834,04-21-2025 14:52:52,Diverse Power
Troup,4,4,17834,04-21-2025 15:07:52,Diverse Power
Troup,4,4,17835,04-21-2025 15:22:50,Diverse Power
Troup,4,4,17834,04-21-2025 15:37:54,Diverse Power
Troup,4,4,17834,04-21-2025 15:53:00,Diverse Power
Troup,4,4,17834,04-21-2025 16:07:56,Diverse Power
Troup,4,4,17834,04-21-2025 16:22:58,Diverse Power
Troup,4,4,17834,04-21-2025 16:37:56,Diverse Power
Troup,4,4,17834,04-21-2025 16:52:56,Diverse Power
Troup,4,4,17834,04-21-2025 17:07:54,Diverse Power
Troup,3,3,17834,04-21-2025 17:22:56,Diverse Power
Troup,4,4,17834,04-21-2025 17:37:59,Diverse Power
Troup,4,4,17834,04-21-2025 17:52:51,Diverse Power
Troup,4,4,17833,04-21-2025 18:07:55,Diverse Power
Troup,4,4,17833,04-21-2025 18:22:56,Diverse Power
Troup,4,4,17833,04-21-2025 18:37:53,Diverse Power
Troup,4,4,17833,04-21-2025 18:52:53,Diverse Power
Troup,4,4,17833,04-21-2025 19:07:48,Diverse Power
Troup,4,4,17833,04-21-2025 19:22:57,Diverse Power
Troup,4,4,17833,04-21-2025 19:37:57,Diverse Power
Troup,4,4,17833,04-21-2025 19:52:58,Diverse Power
Troup,1,1,17833,04-21-2025 20:07:52,Diverse Power
Troup,1,1,17834,04-22-2025 01:52:52,Diverse Power
Troup,1,1,17834,04-22-2025 02:07:55,Diverse Power
Troup,1,1,17834,04-22-2025 02:22:53,Diverse Power
Troup,1,1,17834,04-22-2025 02:37:53,Diverse Power
Troup,1,1,17834,04-22-2025 02:52:52,Diverse Power
Troup,1,1,17834,04-22-2025 03:07:52,Diverse Power
Troup,18,18,17833,04-22-2025 12:07:48,Diverse Power
Harris,1,1,8316,04-22-2025 12:07:48,Diverse Power
Troup,20,20,17833,04-22-2025 12:22:52,Diverse Power
Harris,1,1,8316,04-22-2025 12:22:52,Diverse Power
Troup,20,20,17832,04-22-2025 12:37:52,Diverse Power
Harris,1,1,8316,04-22-2025 12:37:52,Diverse Power
Troup,20,20,17832,04-22-2025 12:52:54,Diverse Power
Harris,1,1,8316,04-22-2025 12:52:54,Diverse Power
Troup,20,20,17833,04-22-2025 13:07:50,Diverse Power
Harris,2,2,8316,04-22-2025 13:07:50,Diverse Power
Troup,20,20,17833,04-22-2025 13:22:57,Diverse Power
Harris,2,2,8316,04-22-2025 13:22:57,Diverse Power
Troup,20,20,17833,04-22-2025 13:37:57,Diverse Power
Harris,2,2,8316,04-22-2025 13:37:57,Diverse Power
Troup,20,20,17834,04-22-2025 13:52:53,Diverse Power
Harris,2,2,8316,04-22-2025 13:52:53,Diverse Power
Troup,20,20,17834,04-22-2025 14:08:00,Diverse Power
Harris,2,2,8316,04-22-2025 14:08:00,Diverse Power
Troup,20,20,17833,04-22-2025 14:22:47,Diverse Power
Harris,2,2,8316,04-22-2025 14:22:47,Diverse Power
Troup,20,20,17833,04-22-2025 14:37:50,Diverse Power
Harris,1,1,8316,04-22-2025 14:37:50,Diverse Power
Troup,20,20,17834,04-22-2025 14:52:48,Diverse Power
Harris,1,1,8316,04-22-2025 14:52:48,Diverse Power
Troup,20,20,17835,04-22-2025 15:07:50,Diverse Power
Harris,1,1,8316,04-22-2025 15:07:50,Diverse Power
Troup,20,20,17835,04-22-2025 15:22:48,Diverse Power
Harris,1,1,8316,04-22-2025 15:22:48,Diverse Power
Troup,20,20,17835,04-22-2025 15:37:52,Diverse Power
Harris,1,1,8316,04-22-2025 15:37:52,Diverse Power
Troup,20,20,17835,04-22-2025 15:52:49,Diverse Power
Harris,1,1,8316,04-22-2025 15:52:49,Diverse Power
Troup,20,20,17835,04-22-2025 16:07:59,Diverse Power
Harris,1,1,8316,04-22-2025 16:07:59,Diverse Power
Troup,20,20,17834,04-22-2025 16:22:49,Diverse Power
Harris,1,1,8316,04-22-2025 16:22:49,Diverse Power
Troup,20,20,17834,04-22-2025 16:37:53,Diverse Power
Harris,1,1,8316,04-22-2025 16:37:53,Diverse Power
Troup,20,20,17834,04-22-2025 16:52:52,Diverse Power
Harris,1,1,8316,04-22-2025 16:52:52,Diverse Power
Troup,20,20,17834,04-22-2025 17:08:01,Diverse Power
Harris,1,1,8316,04-22-2025 17:08:01,Diverse Power
Troup,20,20,17834,04-22-2025 17:22:48,Diverse Power
Harris,1,1,8316,04-22-2025 17:22:48,Diverse Power
Troup,1,1,17834,04-22-2025 18:52:50,Diverse Power
Troup,1,1,17834,04-22-2025 19:08:16,Diverse Power
Troup,1,1,17834,04-22-2025 19:22:58,Diverse Power
Troup,1,1,17834,04-22-2025 19:38:02,Diverse Power
Troup,1,1,17832,04-22-2025 19:52:59,Diverse Power
Troup,1,1,17832,04-22-2025 20:08:37,Diverse Power
Muscogee,1,1,2726,04-22-2025 20:08:37,Diverse Power
Muscogee,1,1,2726,04-22-2025 20:22:54,Diverse Power
Muscogee,1,1,2726,04-22-2025 20:38:16,Diverse Power
Muscogee,1,1,2726,04-22-2025 20:52:55,Diverse Power
Muscogee,1,1,2726,04-22-2025 21:07:55,Diverse Power
Heard,1,1,476,04-23-2025 00:07:54,Diverse Power
Heard,1,1,476,04-23-2025 00:22:53,Diverse Power
Heard,1,1,476,04-23-2025 00:37:51,Diverse Power
Heard,1,1,476,04-23-2025 00:52:48,Diverse Power
Heard,1,1,476,04-23-2025 01:07:50,Diverse Power
Heard,1,1,476,04-23-2025 01:22:51,Diverse Power
Randolph,1,1,1735,04-23-2025 11:22:48,Diverse Power
Randolph,1,1,1735,04-23-2025 11:37:45,Diverse Power
Randolph,1,1,1735,04-23-2025 11:52:47,Diverse Power
Troup,4,4,17831,04-23-2025 12:52:51,Diverse Power
Troup,4,4,17831,04-23-2025 13:07:54,Diverse Power
Troup,4,4,17831,04-23-2025 13:22:51,Diverse Power
Troup,4,4,17831,04-23-2025 13:37:56,Diverse Power
Troup,4,4,17831,04-23-2025 13:52:52,Diverse Power
Troup,4,4,17831,04-23-2025 14:07:50,Diverse Power
Calhoun,2,2,1377,04-23-2025 14:07:50,Diverse Power
Troup,4,4,17831,04-23-2025 14:22:54,Diverse Power
Calhoun,2,2,1377,04-23-2025 14:22:54,Diverse Power
Troup,5,5,17832,04-23-2025 14:37:52,Diverse Power
Calhoun,2,2,1377,04-23-2025 14:37:52,Diverse Power
Troup,5,5,17832,04-23-2025 14:52:55,Diverse Power
Calhoun,2,2,1377,04-23-2025 14:52:55,Diverse Power
Troup,4,4,17832,04-23-2025 15:07:53,Diverse Power
Calhoun,2,2,1377,04-23-2025 15:07:53,Diverse Power
Troup,4,4,17832,04-23-2025 15:22:52,Diverse Power
Calhoun,2,2,1377,04-23-2025 15:22:52,Diverse Power
Troup,4,4,17832,04-23-2025 15:37:51,Diverse Power
Calhoun,2,2,1377,04-23-2025 15:37:51,Diverse Power
Troup,4,4,17832,04-23-2025 15:52:51,Diverse Power
Calhoun,2,2,1377,04-23-2025 15:52:51,Diverse Power
Troup,4,4,17832,04-23-2025 16:07:54,Diverse Power
Calhoun,2,2,1377,04-23-2025 16:07:54,Diverse Power
Troup,4,4,17832,04-23-2025 16:22:52,Diverse Power
Calhoun,2,2,1377,04-23-2025 16:22:52,Diverse Power
Calhoun,2,2,1377,04-23-2025 16:37:51,Diverse Power
Calhoun,2,2,1377,04-23-2025 16:52:53,Diverse Power
Calhoun,3,3,1377,04-23-2025 17:07:50,Diverse Power
Calhoun,3,3,1377,04-23-2025 17:22:49,Diverse Power
Calhoun,3,3,1377,04-23-2025 17:37:48,Diverse Power
Calhoun,3,3,1377,04-23-2025 17:52:48,Diverse Power
Troup,1,1,17833,04-23-2025 18:07:50,Diverse Power
Calhoun,3,3,1377,04-23-2025 18:07:50,Diverse Power
Troup,1,1,17833,04-23-2025 18:22:54,Diverse Power
Calhoun,3,3,1377,04-23-2025 18:22:54,Diverse Power
Troup,1,1,17834,04-23-2025 18:37:47,Diverse Power
Calhoun,3,3,1377,04-23-2025 18:37:47,Diverse Power
Troup,1,1,17834,04-23-2025 18:52:53,Diverse Power
Calhoun,3,3,1377,04-23-2025 18:52:53,Diverse Power
Troup,1,1,17834,04-23-2025 19:07:45,Diverse Power
Calhoun,2,2,1377,04-23-2025 19:07:45,Diverse Power
Calhoun,2,2,1377,04-23-2025 19:22:47,Diverse Power
Calhoun,2,2,1377,04-23-2025 19:37:45,Diverse Power
Calhoun,2,2,1377,04-23-2025 19:52:45,Diverse Power
Calhoun,2,2,1377,04-23-2025 20:07:46,Diverse Power
Calhoun,2,2,1377,04-23-2025 20:22:47,Diverse Power
Calhoun,2,2,1377,04-23-2025 20:37:47,Diverse Power
Calhoun,2,2,1377,04-23-2025 20:52:48,Diverse Power
Calhoun,2,2,1377,04-23-2025 21:08:10,Diverse Power
Troup,443,443,17832,04-24-2025 02:37:44,Diverse Power
Troup,443,443,17832,04-24-2025 02:52:43,Diverse Power
Troup,443,443,17832,04-24-2025 03:07:44,Diverse Power
Troup,443,443,17832,04-24-2025 03:22:42,Diverse Power
Troup,443,443,17832,04-24-2025 03:37:40,Diverse Power
Troup,443,443,17832,04-24-2025 03:52:40,Diverse Power
Troup,1,1,17832,04-24-2025 04:07:43,Diverse Power
Quitman,1,1,1302,04-24-2025 04:22:40,Diverse Power
Troup,197,197,17832,04-24-2025 04:22:40,Diverse Power
Quitman,30,30,1302,04-24-2025 04:37:40,Diverse Power
Troup,197,197,17832,04-24-2025 04:37:40,Diverse Power
Quitman,30,30,1302,04-24-2025 04:52:43,Diverse Power
Troup,197,197,17832,04-24-2025 04:52:43,Diverse Power
Quitman,30,30,1302,04-24-2025 05:07:43,Diverse Power
Troup,197,197,17832,04-24-2025 05:07:43,Diverse Power
Meriwether,1,1,2433,04-24-2025 05:07:43,Diverse Power
Quitman,30,30,1302,04-24-2025 05:22:42,Diverse Power
Troup,197,197,17832,04-24-2025 05:22:42,Diverse Power
Meriwether,1,1,2433,04-24-2025 05:22:42,Diverse Power
Quitman,30,30,1302,04-24-2025 05:37:43,Diverse Power
Troup,443,443,17832,04-24-2025 05:37:43,Diverse Power
Meriwether,1,1,2433,04-24-2025 05:37:43,Diverse Power
Quitman,30,30,1302,04-24-2025 05:52:44,Diverse Power
Troup,443,443,17832,04-24-2025 05:52:44,Diverse Power
Meriwether,1,1,2433,04-24-2025 05:52:44,Diverse Power
Quitman,30,30,1302,04-24-2025 06:07:41,Diverse Power
Troup,443,443,17832,04-24-2025 06:07:41,Diverse Power
Meriwether,1,1,2433,04-24-2025 06:07:41,Diverse Power
Quitman,30,30,1302,04-24-2025 06:22:44,Diverse Power
Troup,443,443,17832,04-24-2025 06:22:44,Diverse Power
Meriwether,1,1,2433,04-24-2025 06:22:44,Diverse Power
Quitman,30,30,1302,04-24-2025 06:37:41,Diverse Power
Meriwether,1,1,2433,04-24-2025 06:37:41,Diverse Power
Meriwether,1,1,2433,04-24-2025 06:52:41,Diverse Power
Troup,1,1,17832,04-24-2025 12:22:41,Diverse Power
Troup,1,1,17832,04-24-2025 12:37:41,Diverse Power
Troup,4,4,17832,04-24-2025 13:07:41,Diverse Power
Troup,116,116,17832,04-24-2025 13:22:45,Diverse Power
Troup,4,4,17832,04-24-2025 13:37:42,Diverse Power
Troup,4,4,17832,04-24-2025 13:52:42,Diverse Power
Troup,4,4,17832,04-24-2025 14:07:45,Diverse Power
Troup,4,4,17833,04-24-2025 14:22:45,Diverse Power
Troup,2,2,17833,04-24-2025 14:52:43,Diverse Power
Troup,2,2,17833,04-24-2025 15:07:46,Diverse Power
Troup,2,2,17833,04-24-2025 15:22:46,Diverse Power
Troup,2,2,17833,04-24-2025 15:37:47,Diverse Power
Troup,4,4,17833,04-24-2025 15:52:41,Diverse Power
Troup,4,4,17833,04-24-2025 16:07:42,Diverse Power
Troup,2,2,17833,04-24-2025 16:22:45,Diverse Power
Calhoun,1,1,1377,04-24-2025 21:37:41,Diverse Power
Calhoun,1,1,1377,04-24-2025 21:52:44,Diverse Power
Calhoun,1,1,1377,04-24-2025 22:07:44,Diverse Power
Calhoun,1,1,1377,04-24-2025 22:22:44,Diverse Power
Troup,1,1,17836,04-24-2025 22:37:42,Diverse Power
Calhoun,1,1,1377,04-24-2025 22:37:42,Diverse Power
Calhoun,1,1,1377,04-24-2025 22:52:46,Diverse Power
Calhoun,1,1,1377,04-24-2025 23:07:43,Diverse Power
Calhoun,1,1,1377,04-24-2025 23:22:43,Diverse Power
Calhoun,1,1,1377,04-24-2025 23:37:43,Diverse Power
Calhoun,1,1,1377,04-24-2025 23:52:39,Diverse Power
Calhoun,1,1,1377,04-25-2025 00:07:43,Diverse Power
Calhoun,1,1,1377,04-25-2025 00:22:41,Diverse Power
Troup,2,2,17836,04-25-2025 08:37:44,Diverse Power
Troup,2,2,17836,04-25-2025 08:52:42,Diverse Power
Troup,2,2,17836,04-25-2025 09:07:43,Diverse Power
Troup,2,2,17836,04-25-2025 09:22:46,Diverse Power
Troup,2,2,17836,04-25-2025 09:37:43,Diverse Power
Troup,2,2,17836,04-25-2025 09:52:45,Diverse Power
Troup,2,2,17836,04-25-2025 10:07:43,Diverse Power
Troup,2,2,17836,04-25-2025 10:22:43,Diverse Power
Troup,2,2,17836,04-25-2025 10:37:45,Diverse Power
Troup,2,2,17836,04-25-2025 10:52:44,Diverse Power
Harris,8,8,8315,04-25-2025 13:07:50,Diverse Power
Harris,8,8,8315,04-25-2025 13:22:49,Diverse Power
Harris,8,8,8315,04-25-2025 13:37:49,Diverse Power
Harris,8,0,8315,04-25-2025 13:52:48,Diverse Power
Troup,2,2,17837,04-25-2025 15:37:52,Diverse Power
Troup,695,695,17839,04-26-2025 01:37:44,Diverse Power
Troup,718,718,17839,04-26-2025 01:52:47,Diverse Power
Troup,718,718,17839,04-26-2025 02:07:47,Diverse Power
Meriwether,98,98,2433,04-26-2025 02:07:47,Diverse Power
Troup,718,718,17839,04-26-2025 02:22:49,Diverse Power
Meriwether,98,98,2433,04-26-2025 02:22:49,Diverse Power
Troup,718,718,17839,04-26-2025 02:37:46,Diverse Power
Meriwether,97,97,2433,04-26-2025 02:37:46,Diverse Power
Troup,718,718,17839,04-26-2025 02:52:47,Diverse Power
Meriwether,97,97,2433,04-26-2025 02:52:47,Diverse Power
Troup,718,718,17839,04-26-2025 03:07:56,Diverse Power
Meriwether,97,97,2433,04-26-2025 03:07:56,Diverse Power
Troup,718,718,17839,04-26-2025 03:22:54,Diverse Power
Meriwether,97,97,2433,04-26-2025 03:22:54,Diverse Power
Troup,91,91,17839,04-26-2025 03:37:55,Diverse Power
Meriwether,97,97,2433,04-26-2025 03:37:55,Diverse Power
Troup,91,91,17839,04-26-2025 03:52:57,Diverse Power
Meriwether,97,97,2433,04-26-2025 03:52:57,Diverse Power
Troup,91,91,17839,04-26-2025 04:07:52,Diverse Power
Meriwether,97,97,2433,04-26-2025 04:07:52,Diverse Power
Troup,91,86,17839,04-26-2025 04:22:51,Diverse Power
Meriwether,97,97,2433,04-26-2025 04:22:51,Diverse Power
Troup,534,529,17839,04-26-2025 04:37:52,Diverse Power
Meriwether,97,97,2433,04-26-2025 04:37:52,Diverse Power
Troup,535,530,17839,04-26-2025 04:52:52,Diverse Power
Meriwether,97,97,2433,04-26-2025 04:52:52,Diverse Power
Troup,69,69,17839,04-26-2025 05:07:53,Diverse Power
Meriwether,97,97,2433,04-26-2025 05:07:53,Diverse Power
Troup,69,69,17839,04-26-2025 05:22:51,Diverse Power
Meriwether,97,97,2433,04-26-2025 05:22:51,Diverse Power
Troup,69,69,17839,04-26-2025 05:37:51,Diverse Power
Troup,68,68,17839,04-26-2025 05:52:51,Diverse Power
Troup,68,68,17839,04-26-2025 06:07:51,Diverse Power
Troup,68,68,17839,04-26-2025 06:22:49,Diverse Power
Troup,68,68,17839,04-26-2025 06:37:50,Diverse Power
Troup,68,68,17839,04-26-2025 06:52:46,Diverse Power
Troup,68,68,17839,04-26-2025 07:07:47,Diverse Power
Troup,68,68,17839,04-26-2025 07:22:47,Diverse Power
Troup,68,68,17839,04-26-2025 07:37:50,Diverse Power
Troup,68,68,17839,04-26-2025 07:52:47,Diverse Power
Troup,68,68,17839,04-26-2025 08:07:49,Diverse Power
Troup,68,68,17839,04-26-2025 08:22:46,Diverse Power
Troup,68,68,17839,04-26-2025 08:37:49,Diverse Power
Troup,68,68,17839,04-26-2025 08:52:46,Diverse Power
Troup,68,68,17839,04-26-2025 09:07:48,Diverse Power
Troup,68,68,17839,04-26-2025 09:22:46,Diverse Power
Troup,68,68,17839,04-26-2025 09:37:46,Diverse Power
Troup,68,68,17839,04-26-2025 09:52:45,Diverse Power
Troup,68,68,17839,04-26-2025 10:07:46,Diverse Power
Troup,68,0,17839,04-26-2025 10:22:42,Diverse Power
Troup,1,1,17839,04-26-2025 13:22:46,Diverse Power
Troup,1,1,17839,04-26-2025 13:37:44,Diverse Power
Troup,1,1,17839,04-26-2025 13:52:45,Diverse Power
Troup,1,1,17839,04-26-2025 14:07:48,Diverse Power
Troup,1,1,17839,04-26-2025 14:22:47,Diverse Power
Troup,1,1,17839,04-26-2025 14:37:49,Diverse Power
Chambers,2,2,681,04-26-2025 20:37:45,Diverse Power
Chambers,2,2,681,04-26-2025 20:52:45,Diverse Power
Chambers,2,2,681,04-26-2025 21:07:45,Diverse Power
Chambers,2,2,681,04-26-2025 21:22:47,Diverse Power
Harris,1,1,8314,04-27-2025 03:22:43,Diverse Power
Harris,1,1,8314,04-27-2025 03:37:44,Diverse Power
Troup,1,1,17839,04-27-2025 03:52:44,Diverse Power
Harris,1,1,8314,04-27-2025 03:52:44,Diverse Power
Troup,1,1,17839,04-27-2025 04:07:44,Diverse Power
Troup,1,1,17839,04-27-2025 04:22:43,Diverse Power
Troup,1,1,17839,04-27-2025 04:37:46,Diverse Power
Troup,2,2,17838,04-27-2025 23:22:50,Diverse Power
Troup,2,2,17838,04-27-2025 23:37:46,Diverse Power
Troup,2,2,17838,04-27-2025 23:52:47,Diverse Power
Troup,2,2,17838,04-28-2025 00:07:45,Diverse Power
Troup,2,2,17838,04-28-2025 00:22:43,Diverse Power
Troup,2,2,17838,04-28-2025 00:37:43,Diverse Power
Troup,2,2,17838,04-28-2025 00:52:43,Diverse Power
Troup,2,2,17838,04-28-2025 01:07:47,Diverse Power
Troup,5,5,17838,04-28-2025 01:22:46,Diverse Power
Troup,2,2,17838,04-28-2025 01:37:43,Diverse Power
Troup,2,2,17838,04-28-2025 01:52:47,Diverse Power
Troup,5,5,17838,04-28-2025 02:07:46,Diverse Power
Troup,5,5,17838,04-28-2025 02:22:47,Diverse Power
Troup,5,5,17838,04-28-2025 02:37:44,Diverse Power
Troup,5,5,17838,04-28-2025 02:52:44,Diverse Power
Troup,2,2,17838,04-28-2025 03:07:44,Diverse Power
Troup,2,2,17838,04-28-2025 03:22:53,Diverse Power
Troup,2,2,17838,04-28-2025 03:37:42,Diverse Power
Harris,15,15,8314,04-28-2025 13:37:47,Diverse Power
Harris,15,15,8314,04-28-2025 13:52:48,Diverse Power
Harris,15,15,8314,04-28-2025 14:07:50,Diverse Power
Harris,15,15,8314,04-28-2025 14:22:49,Diverse Power
Calhoun,1,1,1376,04-28-2025 18:07:49,Diverse Power
Calhoun,1,1,1376,04-28-2025 18:22:46,Diverse Power
Calhoun,1,1,1376,04-28-2025 18:37:48,Diverse Power
Calhoun,1,1,1376,04-28-2025 18:52:45,Diverse Power
Calhoun,1,1,1376,04-28-2025 19:07:44,Diverse Power
Calhoun,1,1,1376,04-28-2025 19:22:47,Diverse Power
Calhoun,1,1,1376,04-28-2025 19:37:44,Diverse Power
Calhoun,1,1,1376,04-28-2025 19:52:44,Diverse Power
Troup,9,9,17833,04-29-2025 12:07:40,Diverse Power
Troup,9,9,17833,04-29-2025 12:22:41,Diverse Power
Quitman,3,3,1302,04-29-2025 14:07:52,Diverse Power
Quitman,3,3,1302,04-29-2025 14:22:47,Diverse Power
Quitman,3,3,1302,04-29-2025 14:37:47,Diverse Power
Calhoun,1,1,1375,04-29-2025 14:37:47,Diverse Power
Quitman,3,3,1302,04-29-2025 14:52:51,Diverse Power
Calhoun,1,1,1375,04-29-2025 14:52:51,Diverse Power
Troup,30,30,17833,04-29-2025 15:07:48,Diverse Power
Calhoun,1,1,1375,04-29-2025 15:07:48,Diverse Power
Randolph,2,2,1736,04-29-2025 15:22:45,Diverse Power
Troup,30,30,17833,04-29-2025 15:22:45,Diverse Power
Calhoun,1,1,1375,04-29-2025 15:22:45,Diverse Power
Randolph,2,2,1736,04-29-2025 15:37:46,Diverse Power
Troup,30,30,17833,04-29-2025 15:37:46,Diverse Power
Calhoun,1,1,1375,04-29-2025 15:37:46,Diverse Power
Randolph,2,2,1736,04-29-2025 15:52:50,Diverse Power
Troup,30,30,17833,04-29-2025 15:52:50,Diverse Power
Calhoun,1,1,1375,04-29-2025 15:52:50,Diverse Power
Randolph,2,2,1736,04-29-2025 16:07:46,Diverse Power
Randolph,2,2,1736,04-29-2025 16:22:45,Diverse Power
Randolph,2,2,1736,04-29-2025 16:37:45,Diverse Power
Randolph,2,2,1736,04-29-2025 16:52:47,Diverse Power
Randolph,2,2,1736,04-29-2025 17:07:47,Diverse Power
Randolph,2,2,1736,04-29-2025 17:22:47,Diverse Power
Randolph,2,2,1736,04-29-2025 17:37:48,Diverse Power
Randolph,2,2,1736,04-29-2025 17:52:50,Diverse Power
Randolph,2,2,1736,04-29-2025 18:07:48,Diverse Power
Randolph,2,2,1736,04-29-2025 18:23:07,Diverse Power
Randolph,2,2,1736,04-29-2025 18:37:45,Diverse Power
Randolph,2,2,1736,04-29-2025 18:53:03,Diverse Power
Troup,1,1,17834,04-29-2025 22:37:42,Diverse Power
Troup,1,1,17834,04-29-2025 22:52:45,Diverse Power
Troup,1,1,17834,04-29-2025 23:07:42,Diverse Power
Troup,1,1,17834,04-29-2025 23:22:40,Diverse Power
Troup,1,1,17834,04-29-2025 23:37:43,Diverse Power
Troup,1,1,17834,04-29-2025 23:52:45,Diverse Power
Troup,1,1,17834,04-30-2025 00:07:44,Diverse Power
Troup,1,1,17834,04-30-2025 00:22:46,Diverse Power
Troup,1,1,17834,04-30-2025 00:37:41,Diverse Power
Troup,1,1,17834,04-30-2025 00:52:48,Diverse Power
Troup,1,1,17834,04-30-2025 01:07:54,Diverse Power
Harris,2,2,8315,04-30-2025 01:07:54,Diverse Power
Troup,1,1,17834,04-30-2025 01:22:56,Diverse Power
Harris,2,2,8315,04-30-2025 01:22:56,Diverse Power
Troup,1,1,17834,04-30-2025 01:37:42,Diverse Power
Harris,2,2,8315,04-30-2025 01:37:42,Diverse Power
Troup,1,1,17834,04-30-2025 01:52:45,Diverse Power
Randolph,1,1,1736,04-30-2025 13:52:48,Diverse Power
Randolph,1,1,1736,04-30-2025 14:07:51,Diverse Power
Randolph,1,1,1736,04-30-2025 14:22:47,Diverse Power
Randolph,1,1,1736,04-30-2025 14:37:46,Diverse Power
Randolph,1,1,1736,04-30-2025 14:52:51,Diverse Power
Randolph,1,1,1736,04-30-2025 15:07:54,Diverse Power
Randolph,1,1,1736,04-30-2025 15:22:51,Diverse Power
Harris,9,9,8314,04-30-2025 15:37:52,Diverse Power
Harris,9,9,8314,04-30-2025 15:52:45,Diverse Power
Harris,1,1,8314,04-30-2025 16:07:48,Diverse Power
Harris,1,1,8314,04-30-2025 16:22:48,Diverse Power
Harris,1,1,8314,04-30-2025 16:37:55,Diverse Power
Harris,1,1,8314,04-30-2025 16:52:48,Diverse Power
Harris,1,1,8313,04-30-2025 17:07:53,Diverse Power
Harris,1,1,8313,04-30-2025 17:22:53,Diverse Power
Harris,1,1,8313,04-30-2025 17:37:57,Diverse Power
Harris,1,1,8313,04-30-2025 17:52:54,Diverse Power
Harris,1,1,8313,04-30-2025 18:08:01,Diverse Power
Harris,1,1,8313,04-30-2025 18:22:53,Diverse Power
Harris,1,1,8313,04-30-2025 18:37:46,Diverse Power
Harris,1,1,8313,04-30-2025 18:52:44,Diverse Power
Troup,1,1,17833,04-30-2025 22:52:45,Diverse Power
Troup,1,1,17832,05-01-2025 13:07:48,Diverse Power
Troup,1,1,17832,05-01-2025 13:22:47,Diverse Power
Troup,1,1,17832,05-01-2025 13:37:47,Diverse Power
Troup,1,1,17832,05-01-2025 13:52:45,Diverse Power
Harris,1,1,8312,05-01-2025 13:52:45,Diverse Power
Troup,1,1,17832,05-01-2025 14:07:48,Diverse Power
Harris,1,1,8312,05-01-2025 14:07:48,Diverse Power
Troup,1,1,17832,05-01-2025 14:22:51,Diverse Power
Harris,1,1,8312,05-01-2025 14:22:51,Diverse Power
Troup,1,1,17832,05-01-2025 14:37:47,Diverse Power
Harris,1,1,8312,05-01-2025 14:37:47,Diverse Power
Troup,1,1,17832,05-01-2025 14:52:51,Diverse Power
Harris,1,1,8312,05-01-2025 14:52:51,Diverse Power
Troup,1,1,17832,05-01-2025 15:07:48,Diverse Power
Harris,1,1,8312,05-01-2025 15:07:48,Diverse Power
Troup,1,1,17832,05-01-2025 15:22:53,Diverse Power
Harris,1,1,8312,05-01-2025 15:22:53,Diverse Power
Troup,1,1,17832,05-01-2025 15:37:46,Diverse Power
Harris,1,1,8312,05-01-2025 15:37:46,Diverse Power
Troup,1,1,17832,05-01-2025 15:52:51,Diverse Power
Harris,1,1,8312,05-01-2025 15:52:51,Diverse Power
Troup,28,28,17832,05-01-2025 16:07:54,Diverse Power
Harris,1,1,8312,05-01-2025 16:07:54,Diverse Power
Troup,28,28,17832,05-01-2025 16:22:51,Diverse Power
Harris,1,1,8312,05-01-2025 16:22:51,Diverse Power
Troup,29,29,17832,05-01-2025 16:37:50,Diverse Power
Harris,1,1,8312,05-01-2025 16:37:50,Diverse Power
Troup,2,2,17833,05-01-2025 16:52:47,Diverse Power
Harris,1,1,8312,05-01-2025 16:52:47,Diverse Power
Troup,1,1,17833,05-01-2025 17:07:47,Diverse Power
Harris,1,1,8312,05-01-2025 17:07:47,Diverse Power
Troup,1,1,17833,05-01-2025 17:22:50,Diverse Power
Harris,1,1,8312,05-01-2025 17:22:50,Diverse Power
Troup,1,1,17833,05-01-2025 17:37:44,Diverse Power
Harris,1,1,8312,05-01-2025 17:37:44,Diverse Power
Troup,1,1,17833,05-01-2025 17:52:44,Diverse Power
Harris,1,1,8312,05-01-2025 17:52:44,Diverse Power
Troup,4,4,17834,05-01-2025 23:37:46,Diverse Power
Harris,1,1,8310,05-02-2025 14:07:51,Diverse Power
Calhoun,13,13,1374,05-02-2025 14:22:52,Diverse Power
Harris,3,3,8310,05-02-2025 14:22:52,Diverse Power
Harris,3,3,8310,05-02-2025 14:37:53,Diverse Power
Harris,3,3,8310,05-02-2025 14:52:59,Diverse Power
Calhoun,2,2,1374,05-02-2025 15:07:50,Diverse Power
Harris,3,3,8311,05-02-2025 15:07:50,Diverse Power
Calhoun,2,2,1374,05-02-2025 15:22:49,Diverse Power
Calhoun,2,2,1374,05-02-2025 15:37:41,Diverse Power
Calhoun,2,2,1374,05-02-2025 15:52:48,Diverse Power
Harris,1,1,8312,05-02-2025 19:52:45,Diverse Power
Meriwether,1,1,2428,05-03-2025 03:22:46,Diverse Power
Meriwether,1,1,2429,05-03-2025 03:37:47,Diverse Power
Harris,15,15,8313,05-03-2025 03:37:47,Diverse Power
Harris,15,15,8313,05-03-2025 03:52:48,Diverse Power
Harris,15,15,8313,05-03-2025 04:07:47,Diverse Power
Harris,15,15,8313,05-03-2025 04:22:47,Diverse Power
Harris,15,15,8313,05-03-2025 04:37:43,Diverse Power
Harris,15,15,8313,05-03-2025 04:52:44,Diverse Power
Harris,15,15,8313,05-03-2025 05:07:45,Diverse Power
Troup,3,3,17829,05-03-2025 17:37:50,Diverse Power
Harris,2,2,8313,05-03-2025 18:07:50,Diverse Power
Harris,2,2,8313,05-03-2025 18:22:50,Diverse Power
Troup,3,3,17829,05-03-2025 18:37:51,Diverse Power
Harris,2,2,8313,05-03-2025 18:37:51,Diverse Power
Troup,3,3,17829,05-03-2025 18:52:50,Diverse Power
Harris,2,2,8313,05-03-2025 18:52:50,Diverse Power
Harris,2,2,8313,05-03-2025 19:07:50,Diverse Power
Troup,1,1,17829,05-04-2025 00:08:00,Diverse Power
Troup,1,1,17829,05-04-2025 00:23:03,Diverse Power
Troup,1,0,17829,05-04-2025 00:37:58,Diverse Power
Troup,1,0,17829,05-04-2025 00:53:00,Diverse Power
Troup,1,1,17829,05-04-2025 01:08:05,Diverse Power
Harris,26,26,8313,05-04-2025 01:08:05,Diverse Power
Troup,1,1,17829,05-04-2025 01:23:00,Diverse Power
Harris,88,88,8313,05-04-2025 01:23:00,Diverse Power
Troup,1,1,17829,05-04-2025 01:38:02,Diverse Power
Chambers,2,2,682,05-04-2025 01:38:02,Diverse Power
Harris,88,88,8313,05-04-2025 01:38:02,Diverse Power
Troup,1,1,17829,05-04-2025 01:53:01,Diverse Power
Chambers,2,2,682,05-04-2025 01:53:01,Diverse Power
Harris,88,88,8313,05-04-2025 01:53:01,Diverse Power
Chambers,2,2,682,05-04-2025 02:08:02,Diverse Power
Harris,88,88,8313,05-04-2025 02:08:02,Diverse Power
Chambers,2,2,682,05-04-2025 02:22:51,Diverse Power
Harris,88,88,8313,05-04-2025 02:22:51,Diverse Power
Meriwether,12,12,2429,05-04-2025 02:38:00,Diverse Power
Harris,88,88,8313,05-04-2025 02:38:00,Diverse Power
Meriwether,12,12,2429,05-04-2025 02:53:01,Diverse Power
Harris,89,89,8313,05-04-2025 02:53:01,Diverse Power
Meriwether,12,12,2429,05-04-2025 03:07:59,Diverse Power
Harris,90,90,8313,05-04-2025 03:07:59,Diverse Power
Meriwether,12,12,2429,05-04-2025 03:23:01,Diverse Power
Harris,90,90,8313,05-04-2025 03:23:01,Diverse Power
Meriwether,12,12,2429,05-04-2025 03:37:57,Diverse Power
Harris,90,90,8313,05-04-2025 03:37:57,Diverse Power
Meriwether,12,12,2429,05-04-2025 03:52:51,Diverse Power
Harris,90,90,8313,05-04-2025 03:52:51,Diverse Power
Meriwether,10,7,2429,05-04-2025 04:07:49,Diverse Power
Harris,90,90,8313,05-04-2025 04:07:49,Diverse Power
Meriwether,10,6,2429,05-04-2025 04:22:51,Diverse Power
Harris,92,92,8313,05-04-2025 04:22:51,Diverse Power
Meriwether,6,6,2429,05-04-2025 04:37:50,Diverse Power
Harris,92,92,8313,05-04-2025 04:37:50,Diverse Power
Meriwether,6,0,2429,05-04-2025 04:52:49,Diverse Power
Harris,90,90,8313,05-04-2025 04:52:49,Diverse Power
Meriwether,6,0,2429,05-04-2025 05:07:49,Diverse Power
Harris,90,90,8313,05-04-2025 05:07:49,Diverse Power
Meriwether,1,0,2429,05-04-2025 05:22:48,Diverse Power
Harris,90,90,8313,05-04-2025 05:22:48,Diverse Power
Harris,90,25,8313,05-04-2025 05:37:48,Diverse Power
Harris,90,24,8313,05-04-2025 05:52:50,Diverse Power
Harris,24,24,8313,05-04-2025 06:07:48,Diverse Power
Harris,16,16,8313,05-04-2025 06:22:48,Diverse Power
Harris,16,16,8313,05-04-2025 06:37:47,Diverse Power
Harris,16,16,8313,05-04-2025 06:52:45,Diverse Power
Harris,16,16,8313,05-04-2025 07:07:45,Diverse Power
Harris,16,16,8313,05-04-2025 07:22:46,Diverse Power
Harris,15,15,8313,05-04-2025 07:37:45,Diverse Power
Harris,15,15,8313,05-04-2025 07:52:45,Diverse Power
Harris,15,15,8313,05-04-2025 08:07:46,Diverse Power
Harris,15,15,8313,05-04-2025 08:22:46,Diverse Power
Harris,15,15,8313,05-04-2025 08:37:45,Diverse Power
Harris,15,15,8313,05-04-2025 08:52:42,Diverse Power
Harris,15,15,8313,05-04-2025 09:07:42,Diverse Power
Harris,15,15,8313,05-04-2025 09:22:44,Diverse Power
Harris,15,15,8313,05-04-2025 09:37:43,Diverse Power
Harris,15,15,8313,05-04-2025 09:52:44,Diverse Power
Harris,15,15,8313,05-04-2025 10:07:43,Diverse Power
Harris,15,15,8313,05-04-2025 10:22:44,Diverse Power
Harris,15,15,8313,05-04-2025 10:37:42,Diverse Power
Harris,2,2,8313,05-04-2025 11:37:46,Diverse Power
Clay,3,3,978,05-04-2025 12:37:46,Diverse Power
Quitman,24,24,1304,05-04-2025 12:52:45,Diverse Power
Troup,1,1,17829,05-04-2025 12:52:45,Diverse Power
Clay,76,76,978,05-04-2025 12:52:45,Diverse Power
Quitman,24,24,1304,05-04-2025 13:07:48,Diverse Power
Troup,1,1,17829,05-04-2025 13:07:48,Diverse Power
Clay,76,76,978,05-04-2025 13:07:48,Diverse Power
Quitman,24,24,1304,05-04-2025 13:22:47,Diverse Power
Troup,1,1,17829,05-04-2025 13:22:47,Diverse Power
Clay,76,76,978,05-04-2025 13:22:47,Diverse Power
Quitman,24,24,1304,05-04-2025 13:37:48,Diverse Power
Troup,1,1,17829,05-04-2025 13:37:48,Diverse Power
Clay,76,76,978,05-04-2025 13:37:48,Diverse Power
Troup,1,1,17829,05-04-2025 13:52:49,Diverse Power
Meriwether,1,1,2430,05-04-2025 20:07:51,Diverse Power
Randolph,45,45,1736,05-05-2025 14:52:50,Diverse Power
Calhoun,136,136,1374,05-05-2025 14:52:50,Diverse Power
Troup,2,2,17831,05-05-2025 18:22:47,Diverse Power
Troup,2,2,17831,05-05-2025 18:37:52,Diverse Power
Harris,1,1,8305,05-06-2025 00:07:50,Diverse Power
Harris,1,1,8305,05-06-2025 00:22:45,Diverse Power
Harris,1,0,8305,05-06-2025 00:37:46,Diverse Power
Troup,1,1,17831,05-06-2025 03:37:43,Diverse Power
Troup,1,1,17831,05-06-2025 03:52:43,Diverse Power
Muscogee,19,19,2720,05-06-2025 13:52:50,Diverse Power
Muscogee,19,19,2720,05-06-2025 14:07:50,Diverse Power
Muscogee,19,19,2720,05-06-2025 14:22:48,Diverse Power
Meriwether,39,39,2426,05-06-2025 14:37:49,Diverse Power
Meriwether,39,39,2426,05-06-2025 14:52:50,Diverse Power
Troup,1,1,17815,05-06-2025 15:07:48,Diverse Power
Meriwether,39,39,2426,05-06-2025 15:07:48,Diverse Power
Troup,1,1,17815,05-06-2025 15:22:48,Diverse Power
Meriwether,39,39,2426,05-06-2025 15:22:48,Diverse Power
Troup,1,1,17815,05-06-2025 15:37:47,Diverse Power
Meriwether,39,39,2425,05-06-2025 15:37:47,Diverse Power
Troup,1,0,17815,05-06-2025 15:52:48,Diverse Power
Meriwether,39,0,2425,05-06-2025 15:52:48,Diverse Power
Harris,1,1,8297,05-06-2025 21:37:47,Diverse Power
Harris,1,1,8297,05-06-2025 21:52:50,Diverse Power
Harris,1,1,8297,05-06-2025 22:07:51,Diverse Power
Harris,1,1,8297,05-06-2025 22:22:44,Diverse Power
Harris,1,1,8297,05-06-2025 22:37:43,Diverse Power
Harris,1,1,8299,05-06-2025 22:52:48,Diverse Power
Harris,1,0,8299,05-06-2025 23:07:45,Diverse Power
Troup,12,12,17793,05-07-2025 13:37:50,Diverse Power
Troup,12,12,17786,05-07-2025 13:52:55,Diverse Power
Troup,12,12,17776,05-07-2025 14:07:56,Diverse Power
Meriwether,1,1,2427,05-07-2025 14:07:56,Diverse Power
Troup,12,12,17772,05-07-2025 14:22:53,Diverse Power
Troup,12,12,17757,05-07-2025 14:37:55,Diverse Power
Troup,12,12,17749,05-07-2025 14:52:57,Diverse Power
Troup,2,2,17762,05-07-2025 16:22:52,Diverse Power
Harris,1,1,8301,05-07-2025 20:07:43,Diverse Power
Harris,1,1,8301,05-07-2025 20:22:45,Diverse Power
Harris,1,1,8301,05-07-2025 20:37:45,Diverse Power
Harris,1,1,8301,05-07-2025 20:52:43,Diverse Power
Harris,1,0,8302,05-07-2025 21:07:46,Diverse Power
Clay,2,2,977,05-08-2025 00:07:50,Diverse Power
Clay,2,2,977,05-08-2025 00:22:51,Diverse Power
Clay,2,2,977,05-08-2025 00:37:48,Diverse Power
Clay,2,2,977,05-08-2025 00:52:50,Diverse Power
Clay,2,2,977,05-08-2025 01:07:45,Diverse Power
Clay,2,2,977,05-08-2025 01:22:46,Diverse Power
Clay,2,2,977,05-08-2025 01:37:43,Diverse Power
Harris,3,3,8303,05-08-2025 13:07:50,Diverse Power
Troup,5,5,17781,05-08-2025 13:22:50,Diverse Power
Harris,3,3,8303,05-08-2025 13:22:50,Diverse Power
Troup,11,11,17761,05-08-2025 13:37:51,Diverse Power
Harris,3,3,8303,05-08-2025 13:37:51,Diverse Power
Troup,11,11,17756,05-08-2025 13:52:52,Diverse Power
Troup,5,5,17744,05-08-2025 14:08:00,Diverse Power
Troup,5,5,17733,05-08-2025 14:23:01,Diverse Power
Troup,5,5,17736,05-08-2025 14:37:57,Diverse Power
Troup,5,5,17733,05-08-2025 14:52:58,Diverse Power
Troup,5,5,17730,05-08-2025 15:07:53,Diverse Power
Troup,5,5,17732,05-08-2025 15:22:52,Diverse Power
Troup,5,5,17739,05-08-2025 15:37:52,Diverse Power
Troup,5,5,17743,05-08-2025 15:52:53,Diverse Power
Troup,5,5,17746,05-08-2025 16:07:53,Diverse Power
Troup,5,5,17749,05-08-2025 16:22:52,Diverse Power
Troup,2,2,17749,05-08-2025 16:37:51,Diverse Power
Troup,2,2,17753,05-08-2025 16:52:52,Diverse Power
Harris,37,37,8303,05-08-2025 17:07:48,Diverse Power
Harris,38,38,8303,05-08-2025 17:22:48,Diverse Power
Harris,37,37,8303,05-08-2025 17:37:49,Diverse Power
Harris,37,37,8303,05-08-2025 17:52:48,Diverse Power
Harris,37,37,8303,05-08-2025 18:07:47,Diverse Power
Harris,37,37,8303,05-08-2025 18:22:48,Diverse Power
Harris,37,37,8303,05-08-2025 18:37:45,Diverse Power
Harris,37,37,8303,05-08-2025 18:52:45,Diverse Power
Harris,37,37,8303,05-08-2025 19:07:52,Diverse Power
Harris,37,37,8303,05-08-2025 19:22:49,Diverse Power
Harris,37,37,8303,05-08-2025 19:37:46,Diverse Power
Harris,37,37,8303,05-08-2025 19:52:46,Diverse Power
Troup,2,2,17778,05-08-2025 20:07:46,Diverse Power
Harris,37,37,8303,05-08-2025 20:07:46,Diverse Power
Harris,37,37,8303,05-08-2025 20:22:47,Diverse Power
Calhoun,2,2,1373,05-08-2025 22:07:52,Diverse Power
Meriwether,1,1,2431,05-08-2025 22:07:52,Diverse Power
Calhoun,2,2,1373,05-08-2025 22:22:51,Diverse Power
Meriwether,1,1,2431,05-08-2025 22:22:51,Diverse Power
Chambers,2,2,681,05-08-2025 22:22:51,Diverse Power
Troup,2,2,17790,05-08-2025 22:37:49,Diverse Power
Calhoun,2,2,1373,05-08-2025 22:37:49,Diverse Power
Meriwether,1,1,2431,05-08-2025 22:37:49,Diverse Power
Chambers,2,2,681,05-08-2025 22:37:49,Diverse Power
Calhoun,2,2,1373,05-08-2025 22:52:51,Diverse Power
Meriwether,1,1,2431,05-08-2025 22:52:51,Diverse Power
Calhoun,2,2,1373,05-08-2025 23:07:53,Diverse Power
Meriwether,1,1,2431,05-08-2025 23:07:53,Diverse Power
Calhoun,2,2,1373,05-08-2025 23:22:53,Diverse Power
Calhoun,2,2,1373,05-08-2025 23:37:50,Diverse Power
Calhoun,2,2,1373,05-08-2025 23:52:52,Diverse Power
Harris,2,2,8304,05-09-2025 15:22:46,Diverse Power
Harris,2,2,8304,05-09-2025 15:37:47,Diverse Power
Harris,3,3,8306,05-09-2025 18:37:47,Diverse Power
Harris,3,3,8306,05-09-2025 18:52:45,Diverse Power
Harris,3,3,8306,05-09-2025 19:07:46,Diverse Power
Harris,3,3,8306,05-09-2025 19:22:45,Diverse Power
Harris,3,3,8306,05-09-2025 19:37:43,Diverse Power
Calhoun,7,7,1371,05-10-2025 08:07:45,Diverse Power
Calhoun,7,7,1371,05-10-2025 08:22:46,Diverse Power
Calhoun,7,7,1371,05-10-2025 08:37:46,Diverse Power
Calhoun,7,7,1371,05-10-2025 08:52:46,Diverse Power
Harris,1,1,8309,05-10-2025 10:37:49,Diverse Power
Harris,1,1,8309,05-10-2025 10:52:46,Diverse Power
Harris,1,1,8309,05-10-2025 11:07:45,Diverse Power
Harris,1,1,8309,05-10-2025 11:22:46,Diverse Power
Harris,28,28,8309,05-10-2025 15:37:43,Diverse Power
Harris,28,28,8309,05-10-2025 15:52:44,Diverse Power
Troup,8,8,17809,05-10-2025 16:07:44,Diverse Power
Harris,28,28,8309,05-10-2025 16:07:44,Diverse Power
Troup,67,67,17809,05-10-2025 16:22:44,Diverse Power
Harris,28,28,8309,05-10-2025 16:22:44,Diverse Power
Troup,59,59,17809,05-10-2025 16:37:48,Diverse Power
Troup,59,59,17809,05-10-2025 16:52:48,Diverse Power
Troup,59,59,17809,05-10-2025 17:07:49,Diverse Power
Troup,39,39,17809,05-10-2025 17:22:52,Diverse Power
Troup,39,39,17809,05-10-2025 17:37:51,Diverse Power
Troup,39,39,17809,05-10-2025 17:52:54,Diverse Power
Troup,57,57,17809,05-10-2025 18:07:52,Diverse Power
Troup,57,57,17809,05-10-2025 18:22:51,Diverse Power
Troup,3,0,17809,05-10-2025 18:37:48,Diverse Power
Randolph,1,1,1736,05-10-2025 19:07:48,Diverse Power
Calhoun,5,5,1371,05-10-2025 19:07:48,Diverse Power
Randolph,10,10,1736,05-10-2025 19:22:52,Diverse Power
Troup,2,2,17809,05-10-2025 19:22:52,Diverse Power
Calhoun,5,5,1371,05-10-2025 19:22:52,Diverse Power
Harris,493,493,8309,05-10-2025 19:22:52,Diverse Power
Randolph,10,10,1736,05-10-2025 19:37:49,Diverse Power
Troup,57,57,17809,05-10-2025 19:37:49,Diverse Power
Harris,614,614,8309,05-10-2025 19:37:49,Diverse Power
Randolph,10,10,1736,05-10-2025 19:52:46,Diverse Power
Troup,57,57,17809,05-10-2025 19:52:46,Diverse Power
Harris,614,614,8309,05-10-2025 19:52:46,Diverse Power
Randolph,2,2,1736,05-10-2025 20:07:51,Diverse Power
Troup,57,57,17809,05-10-2025 20:07:51,Diverse Power
Harris,615,615,8309,05-10-2025 20:07:51,Diverse Power
Randolph,2,2,1736,05-10-2025 20:22:50,Diverse Power
Troup,57,57,17809,05-10-2025 20:22:50,Diverse Power
Harris,614,614,8309,05-10-2025 20:22:50,Diverse Power
Harris,614,614,8309,05-10-2025 20:37:48,Diverse Power
Troup,1,1,17809,05-10-2025 20:52:49,Diverse Power
Harris,614,614,8309,05-10-2025 20:52:49,Diverse Power
Troup,1,1,17809,05-10-2025 21:07:50,Diverse Power
Harris,614,614,8309,05-10-2025 21:07:50,Diverse Power
Troup,1,1,17809,05-10-2025 21:22:54,Diverse Power
Harris,215,215,8309,05-10-2025 21:22:54,Diverse Power
Troup,1,1,17809,05-10-2025 21:37:52,Diverse Power
Harris,400,400,8309,05-10-2025 21:37:52,Diverse Power
Troup,1,1,17809,05-10-2025 21:52:48,Diverse Power
Harris,400,400,8309,05-10-2025 21:52:48,Diverse Power
Troup,1,1,17809,05-10-2025 22:07:49,Diverse Power
Harris,400,400,8309,05-10-2025 22:07:49,Diverse Power
Troup,1,1,17810,05-10-2025 22:22:47,Diverse Power
Harris,400,400,8309,05-10-2025 22:22:47,Diverse Power
Troup,1,1,17810,05-10-2025 22:37:49,Diverse Power
Harris,400,400,8309,05-10-2025 22:37:49,Diverse Power
Troup,1,1,17810,05-10-2025 22:52:50,Diverse Power
Harris,400,400,8309,05-10-2025 22:52:50,Diverse Power
Troup,1,1,17810,05-10-2025 23:07:53,Diverse Power
Harris,400,400,8309,05-10-2025 23:07:53,Diverse Power
Quitman,1,1,1303,05-10-2025 23:22:48,Diverse Power
Troup,1,1,17810,05-10-2025 23:22:48,Diverse Power
Harris,400,400,8309,05-10-2025 23:22:48,Diverse Power
Quitman,1,1,1303,05-10-2025 23:37:50,Diverse Power
Troup,1,1,17810,05-10-2025 23:37:50,Diverse Power
Harris,400,400,8309,05-10-2025 23:37:50,Diverse Power
Quitman,1,1,1303,05-10-2025 23:52:51,Diverse Power
Troup,1,1,17810,05-10-2025 23:52:51,Diverse Power
Quitman,1,1,1303,05-11-2025 00:07:52,Diverse Power
Troup,1,1,17810,05-11-2025 00:07:52,Diverse Power
Quitman,1,1,1303,05-11-2025 00:22:52,Diverse Power
Troup,1,1,17810,05-11-2025 00:22:52,Diverse Power
Troup,39,39,17810,05-11-2025 01:22:50,Diverse Power
Troup,51,51,17810,05-11-2025 01:37:49,Diverse Power
Troup,52,52,17810,05-11-2025 01:52:45,Diverse Power
Troup,51,51,17810,05-11-2025 02:07:45,Diverse Power
Troup,51,51,17810,05-11-2025 02:22:46,Diverse Power
Troup,2,2,17810,05-11-2025 06:37:43,Diverse Power
Troup,2,2,17810,05-11-2025 06:52:41,Diverse Power
Harris,233,233,8309,05-11-2025 06:52:41,Diverse Power
Troup,2,2,17810,05-11-2025 07:07:44,Diverse Power
Harris,233,233,8309,05-11-2025 07:07:44,Diverse Power
Harris,233,233,8309,05-11-2025 07:22:44,Diverse Power
Harris,233,233,8309,05-11-2025 07:37:43,Diverse Power
Harris,233,233,8309,05-11-2025 07:52:50,Diverse Power
Harris,233,233,8309,05-11-2025 08:07:50,Diverse Power
Harris,233,233,8309,05-11-2025 08:22:50,Diverse Power
Harris,233,233,8309,05-11-2025 08:37:50,Diverse Power
Harris,233,233,8309,05-11-2025 08:52:51,Diverse Power
Harris,233,233,8309,05-11-2025 09:07:52,Diverse Power
Harris,233,233,8309,05-11-2025 09:22:53,Diverse Power
Harris,233,233,8309,05-11-2025 09:37:53,Diverse Power
Harris,233,233,8309,05-11-2025 09:52:51,Diverse Power
Harris,233,233,8309,05-11-2025 10:07:51,Diverse Power
Harris,233,233,8309,05-11-2025 10:22:53,Diverse Power
Clay,7,7,972,05-11-2025 15:37:57,Diverse Power
Randolph,1,1,1736,05-11-2025 15:52:56,Diverse Power
Clay,1,1,972,05-11-2025 15:52:56,Diverse Power
Randolph,8,8,1736,05-11-2025 18:07:49,Diverse Power
Randolph,8,8,1736,05-11-2025 18:22:48,Diverse Power
Randolph,8,8,1736,05-11-2025 18:37:50,Diverse Power
Randolph,8,8,1736,05-11-2025 18:52:44,Diverse Power
Troup,1,1,17810,05-11-2025 19:22:51,Diverse Power
Troup,462,462,17810,05-11-2025 19:37:50,Diverse Power
Troup,462,462,17810,05-11-2025 19:52:47,Diverse Power
Troup,462,462,17810,05-11-2025 20:07:50,Diverse Power
Troup,462,462,17810,05-11-2025 20:22:48,Diverse Power
Troup,463,463,17810,05-11-2025 20:37:52,Diverse Power
Troup,463,463,17810,05-11-2025 20:52:49,Diverse Power
Troup,463,463,17810,05-11-2025 21:07:50,Diverse Power
Troup,463,463,17810,05-11-2025 21:22:50,Diverse Power
Troup,463,463,17810,05-11-2025 21:37:53,Diverse Power
Troup,463,463,17810,05-11-2025 21:52:48,Diverse Power
Troup,463,463,17810,05-11-2025 22:07:50,Diverse Power
Troup,463,95,17810,05-11-2025 22:22:48,Diverse Power
Troup,1,1,17810,05-11-2025 22:37:49,Diverse Power
Troup,1,1,17810,05-11-2025 22:52:47,Diverse Power
Harris,2,2,8309,05-12-2025 10:52:56,Diverse Power
Harris,2,2,8309,05-12-2025 11:07:58,Diverse Power
Harris,2,2,8309,05-12-2025 11:22:54,Diverse Power
Harris,2,2,8309,05-12-2025 11:37:54,Diverse Power
Harris,2,2,8309,05-12-2025 11:52:53,Diverse Power
Troup,2,2,17808,05-12-2025 12:37:50,Diverse Power
Troup,2,2,17808,05-12-2025 12:52:50,Diverse Power
Troup,2,2,17802,05-12-2025 13:07:53,Diverse Power
Troup,2,2,17793,05-12-2025 13:22:51,Diverse Power
Troup,2,2,17788,05-12-2025 13:37:55,Diverse Power
Troup,2,2,17784,05-12-2025 13:52:52,Diverse Power
Troup,2,2,17777,05-12-2025 14:07:49,Diverse Power
Troup,7,7,17782,05-12-2025 14:22:51,Diverse Power
Troup,7,7,17785,05-12-2025 14:37:51,Diverse Power
Troup,7,7,17786,05-12-2025 14:52:55,Diverse Power
Troup,17,17,17786,05-12-2025 15:07:53,Diverse Power
Troup,17,17,17787,05-12-2025 15:22:55,Diverse Power
Troup,17,17,17788,05-12-2025 15:37:54,Diverse Power
Troup,17,17,17788,05-12-2025 15:52:54,Diverse Power
Troup,17,17,17789,05-12-2025 16:07:53,Diverse Power
Troup,17,17,17790,05-12-2025 16:22:49,Diverse Power
Troup,17,17,17793,05-12-2025 16:37:50,Diverse Power
Troup,17,17,17792,05-12-2025 16:52:48,Diverse Power
Troup,2,2,17791,05-12-2025 17:07:50,Diverse Power
Muscogee,1,1,2726,05-12-2025 17:37:50,Diverse Power
Muscogee,1,1,2726,05-12-2025 17:52:51,Diverse Power
Muscogee,1,1,2726,05-12-2025 18:07:49,Diverse Power
Muscogee,1,1,2726,05-12-2025 18:22:49,Diverse Power
Muscogee,1,1,2726,05-12-2025 18:37:50,Diverse Power
Muscogee,1,1,2726,05-12-2025 18:52:53,Diverse Power
Troup,3,3,17798,05-12-2025 19:22:53,Diverse Power
Troup,1,1,17799,05-12-2025 19:37:55,Diverse Power
Troup,1,1,17800,05-12-2025 19:52:54,Diverse Power
Troup,1,1,17801,05-12-2025 20:07:56,Diverse Power
Calhoun,3,3,1372,05-12-2025 23:37:52,Diverse Power
Calhoun,3,3,1372,05-12-2025 23:52:49,Diverse Power
Troup,1,1,17807,05-13-2025 12:52:47,Diverse Power
Troup,1,1,17807,05-13-2025 13:07:51,Diverse Power
Heard,2,2,475,05-14-2025 10:22:44,Diverse Power
Heard,2,2,475,05-14-2025 10:37:45,Diverse Power
Heard,2,2,475,05-14-2025 10:52:45,Diverse Power
Heard,2,2,475,05-14-2025 11:07:45,Diverse Power
Heard,2,2,475,05-14-2025 11:22:47,Diverse Power
Heard,2,2,475,05-14-2025 11:37:47,Diverse Power
Heard,2,2,475,05-14-2025 11:52:45,Diverse Power
Heard,2,2,475,05-14-2025 12:07:44,Diverse Power
Heard,2,2,475,05-14-2025 12:22:44,Diverse Power
Meriwether,1,1,2427,05-15-2025 14:37:51,Diverse Power
Meriwether,1,1,2427,05-15-2025 14:52:54,Diverse Power
Meriwether,1,1,2427,05-15-2025 15:07:44,Diverse Power
Meriwether,1,1,2427,05-15-2025 15:22:48,Diverse Power
Calhoun,1,1,1374,05-15-2025 23:37:49,Diverse Power
Calhoun,1,1,1374,05-15-2025 23:52:45,Diverse Power
Troup,3,3,17821,05-16-2025 14:37:47,Diverse Power
Troup,3,3,17821,05-16-2025 14:52:49,Diverse Power
Troup,3,3,17821,05-16-2025 15:07:53,Diverse Power
Troup,5,5,17821,05-16-2025 15:22:47,Diverse Power
Troup,2,2,17821,05-16-2025 15:37:48,Diverse Power
Troup,2,2,17822,05-16-2025 15:52:51,Diverse Power
Harris,2,2,8311,05-16-2025 15:52:51,Diverse Power
Troup,2,2,17822,05-16-2025 16:07:52,Diverse Power
Harris,2,2,8311,05-16-2025 16:07:52,Diverse Power
Troup,2,2,17822,05-16-2025 16:22:54,Diverse Power
Harris,2,2,8311,05-16-2025 16:22:54,Diverse Power
Troup,2,2,17822,05-16-2025 16:37:53,Diverse Power
Harris,2,2,8311,05-16-2025 16:37:53,Diverse Power
Harris,2,2,8311,05-16-2025 16:52:49,Diverse Power
Harris,2,2,8311,05-16-2025 17:07:50,Diverse Power
Troup,2,2,17823,05-17-2025 12:37:55,Diverse Power
Troup,2,2,17823,05-17-2025 12:52:56,Diverse Power
Troup,2,2,17823,05-17-2025 13:07:59,Diverse Power
Harris,1,1,8313,05-17-2025 14:37:55,Diverse Power
Harris,4,4,8313,05-17-2025 14:52:59,Diverse Power
Harris,4,4,8313,05-17-2025 15:07:54,Diverse Power
Harris,4,4,8313,05-17-2025 15:22:52,Diverse Power
Harris,4,4,8313,05-17-2025 15:37:52,Diverse Power
Harris,1,1,8313,05-17-2025 15:52:52,Diverse Power
Harris,1,1,8313,05-17-2025 16:07:54,Diverse Power
Harris,1,1,8313,05-17-2025 16:22:51,Diverse Power
Harris,1,1,8313,05-17-2025 16:37:51,Diverse Power
Harris,1,1,8313,05-17-2025 16:52:48,Diverse Power
Troup,1,1,17823,05-17-2025 17:07:48,Diverse Power
Harris,1,1,8313,05-17-2025 17:07:48,Diverse Power
Troup,52,52,17823,05-17-2025 17:22:46,Diverse Power
Harris,1,1,8313,05-17-2025 17:22:46,Diverse Power
Troup,52,52,17823,05-17-2025 17:37:45,Diverse Power
Harris,1,1,8313,05-17-2025 17:37:45,Diverse Power
Troup,51,51,17823,05-17-2025 17:52:46,Diverse Power
Meriwether,1,1,2429,05-17-2025 17:52:46,Diverse Power
Harris,1,1,8313,05-17-2025 17:52:46,Diverse Power
Troup,51,51,17823,05-17-2025 18:07:54,Diverse Power
Meriwether,1,1,2429,05-17-2025 18:07:54,Diverse Power
Harris,1,1,8313,05-17-2025 18:07:54,Diverse Power
Troup,51,51,17823,05-17-2025 18:22:53,Diverse Power
Meriwether,1,1,2429,05-17-2025 18:22:53,Diverse Power
Harris,1,1,8313,05-17-2025 18:22:53,Diverse Power
Troup,51,51,17823,05-17-2025 18:37:49,Diverse Power
Meriwether,1,1,2429,05-17-2025 18:37:49,Diverse Power
Harris,1,1,8313,05-17-2025 18:37:49,Diverse Power
Meriwether,1,1,2429,05-17-2025 18:52:53,Diverse Power
Meriwether,1,1,2429,05-17-2025 19:07:48,Diverse Power
Meriwether,1,1,2429,05-17-2025 19:22:50,Diverse Power
Meriwether,1,1,2429,05-17-2025 19:37:46,Diverse Power
Troup,19,19,17823,05-18-2025 13:22:54,Diverse Power
Troup,1575,1575,17823,05-18-2025 13:38:51,Diverse Power
Meriwether,5,5,2429,05-18-2025 13:38:51,Diverse Power
Chambers,287,287,682,05-18-2025 13:38:51,Diverse Power
Harris,376,376,8313,05-18-2025 13:38:51,Diverse Power
Troup,1823,1823,17823,05-18-2025 13:52:54,Diverse Power
Meriwether,35,35,2429,05-18-2025 13:52:54,Diverse Power
Chambers,287,287,682,05-18-2025 13:52:54,Diverse Power
Harris,450,450,8313,05-18-2025 13:52:54,Diverse Power
Troup,1492,1492,17823,05-18-2025 14:07:54,Diverse Power
Meriwether,91,91,2429,05-18-2025 14:07:54,Diverse Power
Chambers,285,285,682,05-18-2025 14:07:54,Diverse Power
Harris,536,536,8313,05-18-2025 14:07:54,Diverse Power
Troup,1055,1055,17823,05-18-2025 14:22:55,Diverse Power
Meriwether,137,137,2429,05-18-2025 14:22:55,Diverse Power
Chambers,108,108,682,05-18-2025 14:22:55,Diverse Power
Harris,538,538,8313,05-18-2025 14:22:55,Diverse Power
Troup,1111,1111,17823,05-18-2025 14:37:50,Diverse Power
Meriwether,140,140,2429,05-18-2025 14:37:50,Diverse Power
Chambers,12,12,682,05-18-2025 14:37:50,Diverse Power
Harris,538,538,8313,05-18-2025 14:37:50,Diverse Power
Troup,1154,1123,17823,05-18-2025 14:53:56,Diverse Power
Meriwether,189,189,2429,05-18-2025 14:53:56,Diverse Power
Chambers,12,12,682,05-18-2025 14:53:56,Diverse Power
Harris,864,864,8313,05-18-2025 14:53:56,Diverse Power
Troup,1113,1082,17823,05-18-2025 15:07:52,Diverse Power
Meriwether,234,234,2429,05-18-2025 15:07:52,Diverse Power
Chambers,12,12,682,05-18-2025 15:07:52,Diverse Power
Harris,864,864,8313,05-18-2025 15:07:52,Diverse Power
Troup,952,921,17823,05-18-2025 15:22:50,Diverse Power
Meriwether,236,236,2429,05-18-2025 15:22:50,Diverse Power
Chambers,12,12,682,05-18-2025 15:22:50,Diverse Power
Harris,771,771,8313,05-18-2025 15:22:50,Diverse Power
Troup,924,891,17823,05-18-2025 15:37:50,Diverse Power
Meriwether,238,220,2429,05-18-2025 15:37:50,Diverse Power
Chambers,12,12,682,05-18-2025 15:37:50,Diverse Power
Harris,773,773,8313,05-18-2025 15:37:50,Diverse Power
Troup,872,838,17823,05-18-2025 15:52:50,Diverse Power
Meriwether,236,219,2429,05-18-2025 15:52:50,Diverse Power
Chambers,12,12,682,05-18-2025 15:52:50,Diverse Power
Harris,773,773,8313,05-18-2025 15:52:50,Diverse Power
Troup,811,777,17823,05-18-2025 16:07:49,Diverse Power
Meriwether,236,219,2429,05-18-2025 16:07:49,Diverse Power
Chambers,12,12,682,05-18-2025 16:07:49,Diverse Power
Harris,773,773,8313,05-18-2025 16:07:49,Diverse Power
Troup,580,580,17823,05-18-2025 16:22:48,Diverse Power
Meriwether,222,222,2429,05-18-2025 16:22:48,Diverse Power
Chambers,12,12,682,05-18-2025 16:22:48,Diverse Power
Harris,687,687,8313,05-18-2025 16:22:48,Diverse Power
Troup,567,567,17823,05-18-2025 16:37:48,Diverse Power
Meriwether,226,226,2429,05-18-2025 16:37:48,Diverse Power
Chambers,12,12,682,05-18-2025 16:37:48,Diverse Power
Harris,687,530,8313,05-18-2025 16:37:48,Diverse Power
Heard,1,1,479,05-18-2025 16:52:50,Diverse Power
Troup,542,542,17823,05-18-2025 16:52:50,Diverse Power
Meriwether,226,226,2429,05-18-2025 16:52:50,Diverse Power
Chambers,12,12,682,05-18-2025 16:52:50,Diverse Power
Harris,253,97,8313,05-18-2025 16:52:50,Diverse Power
Heard,1,1,479,05-18-2025 17:07:50,Diverse Power
Troup,557,513,17823,05-18-2025 17:07:50,Diverse Power
Meriwether,226,226,2429,05-18-2025 17:07:50,Diverse Power
Chambers,12,12,682,05-18-2025 17:07:50,Diverse Power
Harris,253,97,8313,05-18-2025 17:07:50,Diverse Power
Heard,1,1,479,05-18-2025 17:22:48,Diverse Power
Troup,519,475,17823,05-18-2025 17:22:48,Diverse Power
Meriwether,196,196,2429,05-18-2025 17:22:48,Diverse Power
Chambers,12,12,682,05-18-2025 17:22:48,Diverse Power
Harris,253,97,8313,05-18-2025 17:22:48,Diverse Power
Heard,1,1,479,05-18-2025 17:37:48,Diverse Power
Troup,511,337,17823,05-18-2025 17:37:48,Diverse Power
Meriwether,196,196,2429,05-18-2025 17:37:48,Diverse Power
Chambers,11,11,682,05-18-2025 17:37:48,Diverse Power
Harris,524,524,8313,05-18-2025 17:37:48,Diverse Power
Heard,1,1,479,05-18-2025 17:52:48,Diverse Power
Troup,274,274,17823,05-18-2025 17:52:48,Diverse Power
Muscogee,2,2,2725,05-18-2025 17:52:48,Diverse Power
Meriwether,194,194,2429,05-18-2025 17:52:48,Diverse Power
Chambers,10,10,682,05-18-2025 17:52:48,Diverse Power
Harris,524,524,8313,05-18-2025 17:52:48,Diverse Power
Heard,1,1,479,05-18-2025 18:07:50,Diverse Power
Troup,269,264,17823,05-18-2025 18:07:50,Diverse Power
Muscogee,2,2,2725,05-18-2025 18:07:50,Diverse Power
Meriwether,193,193,2429,05-18-2025 18:07:50,Diverse Power
Chambers,10,10,682,05-18-2025 18:07:50,Diverse Power
Harris,524,524,8313,05-18-2025 18:07:50,Diverse Power
Heard,1,1,479,05-18-2025 18:22:48,Diverse Power
Troup,349,216,17823,05-18-2025 18:22:48,Diverse Power
Muscogee,2,2,2725,05-18-2025 18:22:48,Diverse Power
Meriwether,210,210,2429,05-18-2025 18:22:48,Diverse Power
Chambers,10,10,682,05-18-2025 18:22:48,Diverse Power
Harris,524,524,8313,05-18-2025 18:22:48,Diverse Power
Heard,1,1,479,05-18-2025 18:37:46,Diverse Power
Troup,258,257,17823,05-18-2025 18:37:46,Diverse Power
Muscogee,2,2,2725,05-18-2025 18:37:46,Diverse Power
Meriwether,193,193,2429,05-18-2025 18:37:46,Diverse Power
Chambers,10,10,682,05-18-2025 18:37:46,Diverse Power
Harris,524,524,8313,05-18-2025 18:37:46,Diverse Power
Heard,1,1,479,05-18-2025 18:52:46,Diverse Power
Troup,259,259,17823,05-18-2025 18:52:46,Diverse Power
Muscogee,2,2,2725,05-18-2025 18:52:46,Diverse Power
Meriwether,193,193,2429,05-18-2025 18:52:46,Diverse Power
Chambers,11,11,682,05-18-2025 18:52:46,Diverse Power
Harris,524,524,8313,05-18-2025 18:52:46,Diverse Power
Heard,1,1,479,05-18-2025 19:07:45,Diverse Power
Troup,93,93,17823,05-18-2025 19:07:45,Diverse Power
Muscogee,2,2,2725,05-18-2025 19:07:45,Diverse Power
Meriwether,193,193,2429,05-18-2025 19:07:45,Diverse Power
Chambers,10,10,682,05-18-2025 19:07:45,Diverse Power
Harris,524,524,8313,05-18-2025 19:07:45,Diverse Power
Heard,1,1,479,05-18-2025 19:22:47,Diverse Power
Troup,77,77,17824,05-18-2025 19:22:47,Diverse Power
Muscogee,2,2,2725,05-18-2025 19:22:47,Diverse Power
Meriwether,193,193,2429,05-18-2025 19:22:47,Diverse Power
Chambers,10,10,682,05-18-2025 19:22:47,Diverse Power
Harris,524,524,8313,05-18-2025 19:22:47,Diverse Power
Heard,1,1,479,05-18-2025 19:37:46,Diverse Power
Troup,77,77,17824,05-18-2025 19:37:46,Diverse Power
Muscogee,2,2,2725,05-18-2025 19:37:46,Diverse Power
Meriwether,193,193,2429,05-18-2025 19:37:46,Diverse Power
Chambers,10,10,682,05-18-2025 19:37:46,Diverse Power
Harris,524,524,8313,05-18-2025 19:37:46,Diverse Power
Heard,1,1,479,05-18-2025 19:52:46,Diverse Power
Troup,66,66,17824,05-18-2025 19:52:46,Diverse Power
Muscogee,2,2,2725,05-18-2025 19:52:46,Diverse Power
Meriwether,177,177,2429,05-18-2025 19:52:46,Diverse Power
Chambers,10,10,682,05-18-2025 19:52:46,Diverse Power
Harris,524,524,8313,05-18-2025 19:52:46,Diverse Power
Heard,1,1,479,05-18-2025 20:07:48,Diverse Power
Troup,60,60,17824,05-18-2025 20:07:48,Diverse Power
Muscogee,2,2,2725,05-18-2025 20:07:48,Diverse Power
Meriwether,127,127,2429,05-18-2025 20:07:48,Diverse Power
Chambers,10,10,682,05-18-2025 20:07:48,Diverse Power
Harris,524,524,8313,05-18-2025 20:07:48,Diverse Power
Heard,1,1,479,05-18-2025 20:22:48,Diverse Power
Troup,37,37,17824,05-18-2025 20:22:48,Diverse Power
Muscogee,2,2,2725,05-18-2025 20:22:48,Diverse Power
Meriwether,127,119,2429,05-18-2025 20:22:48,Diverse Power
Chambers,10,10,682,05-18-2025 20:22:48,Diverse Power
Harris,96,96,8313,05-18-2025 20:22:48,Diverse Power
Heard,1,1,479,05-18-2025 20:37:49,Diverse Power
Troup,35,35,17824,05-18-2025 20:37:49,Diverse Power
Muscogee,2,2,2725,05-18-2025 20:37:49,Diverse Power
Meriwether,119,119,2429,05-18-2025 20:37:49,Diverse Power
Chambers,10,10,682,05-18-2025 20:37:49,Diverse Power
Harris,96,96,8313,05-18-2025 20:37:49,Diverse Power
Heard,1,1,479,05-18-2025 20:52:50,Diverse Power
Troup,33,33,17824,05-18-2025 20:52:50,Diverse Power
Muscogee,2,2,2725,05-18-2025 20:52:50,Diverse Power
Meriwether,118,118,2429,05-18-2025 20:52:50,Diverse Power
Chambers,10,10,682,05-18-2025 20:52:50,Diverse Power
Harris,95,95,8313,05-18-2025 20:52:50,Diverse Power
Heard,1,1,479,05-18-2025 21:07:52,Diverse Power
Troup,33,33,17824,05-18-2025 21:07:52,Diverse Power
Muscogee,2,2,2725,05-18-2025 21:07:52,Diverse Power
Meriwether,119,119,2429,05-18-2025 21:07:52,Diverse Power
Chambers,10,10,682,05-18-2025 21:07:52,Diverse Power
Harris,95,95,8313,05-18-2025 21:07:52,Diverse Power
Heard,1,1,479,05-18-2025 21:22:54,Diverse Power
Troup,33,29,17824,05-18-2025 21:22:54,Diverse Power
Muscogee,2,2,2725,05-18-2025 21:22:54,Diverse Power
Meriwether,120,120,2429,05-18-2025 21:22:54,Diverse Power
Chambers,11,11,682,05-18-2025 21:22:54,Diverse Power
Harris,94,93,8313,05-18-2025 21:22:54,Diverse Power
Heard,1,1,479,05-18-2025 21:37:51,Diverse Power
Troup,33,26,17824,05-18-2025 21:37:51,Diverse Power
Muscogee,2,2,2725,05-18-2025 21:37:51,Diverse Power
Meriwether,119,119,2429,05-18-2025 21:37:51,Diverse Power
Chambers,11,11,682,05-18-2025 21:37:51,Diverse Power
Harris,87,86,8313,05-18-2025 21:37:51,Diverse Power
Heard,1,1,479,05-18-2025 21:52:50,Diverse Power
Troup,28,25,17824,05-18-2025 21:52:50,Diverse Power
Muscogee,2,2,2725,05-18-2025 21:52:50,Diverse Power
Meriwether,98,98,2429,05-18-2025 21:52:50,Diverse Power
Chambers,10,10,682,05-18-2025 21:52:50,Diverse Power
Harris,16,15,8313,05-18-2025 21:52:50,Diverse Power
Heard,1,1,479,05-18-2025 22:07:57,Diverse Power
Troup,28,25,17824,05-18-2025 22:07:57,Diverse Power
Muscogee,2,2,2725,05-18-2025 22:07:57,Diverse Power
Meriwether,95,95,2429,05-18-2025 22:07:57,Diverse Power
Chambers,10,10,682,05-18-2025 22:07:57,Diverse Power
Harris,16,15,8313,05-18-2025 22:07:57,Diverse Power
Heard,1,1,479,05-18-2025 22:22:55,Diverse Power
Troup,30,27,17824,05-18-2025 22:22:55,Diverse Power
Muscogee,2,2,2725,05-18-2025 22:22:55,Diverse Power
Meriwether,92,92,2429,05-18-2025 22:22:55,Diverse Power
Chambers,11,11,682,05-18-2025 22:22:55,Diverse Power
Harris,16,15,8313,05-18-2025 22:22:55,Diverse Power
Heard,1,1,479,05-18-2025 22:37:58,Diverse Power
Troup,40,37,17824,05-18-2025 22:37:58,Diverse Power
Muscogee,2,2,2725,05-18-2025 22:37:58,Diverse Power
Meriwether,91,91,2429,05-18-2025 22:37:58,Diverse Power
Chambers,10,10,682,05-18-2025 22:37:58,Diverse Power
Harris,15,14,8313,05-18-2025 22:37:58,Diverse Power
Heard,1,1,479,05-18-2025 22:52:56,Diverse Power
Troup,40,37,17824,05-18-2025 22:52:56,Diverse Power
Muscogee,2,2,2725,05-18-2025 22:52:56,Diverse Power
Meriwether,90,90,2429,05-18-2025 22:52:56,Diverse Power
Chambers,10,10,682,05-18-2025 22:52:56,Diverse Power
Harris,20,19,8313,05-18-2025 22:52:56,Diverse Power
Heard,1,1,479,05-18-2025 23:07:58,Diverse Power
Troup,31,28,17824,05-18-2025 23:07:58,Diverse Power
Muscogee,2,2,2725,05-18-2025 23:07:58,Diverse Power
Meriwether,90,90,2429,05-18-2025 23:07:58,Diverse Power
Chambers,10,10,682,05-18-2025 23:07:58,Diverse Power
Harris,20,19,8313,05-18-2025 23:07:58,Diverse Power
Heard,1,1,479,05-18-2025 23:22:55,Diverse Power
Troup,24,24,17824,05-18-2025 23:22:55,Diverse Power
Muscogee,2,2,2725,05-18-2025 23:22:55,Diverse Power
Meriwether,84,84,2429,05-18-2025 23:22:55,Diverse Power
Chambers,10,10,682,05-18-2025 23:22:55,Diverse Power
Harris,20,19,8313,05-18-2025 23:22:55,Diverse Power
Heard,1,1,479,05-18-2025 23:37:54,Diverse Power
Troup,24,24,17824,05-18-2025 23:37:54,Diverse Power
Muscogee,2,2,2725,05-18-2025 23:37:54,Diverse Power
Meriwether,84,84,2429,05-18-2025 23:37:54,Diverse Power
Chambers,10,10,682,05-18-2025 23:37:54,Diverse Power
Harris,20,19,8313,05-18-2025 23:37:54,Diverse Power
Heard,1,1,479,05-18-2025 23:52:56,Diverse Power
Troup,25,25,17824,05-18-2025 23:52:56,Diverse Power
Muscogee,2,2,2725,05-18-2025 23:52:56,Diverse Power
Meriwether,146,127,2429,05-18-2025 23:52:56,Diverse Power
Chambers,10,10,682,05-18-2025 23:52:56,Diverse Power
Harris,15,14,8313,05-18-2025 23:52:56,Diverse Power
Heard,1,1,479,05-19-2025 00:07:53,Diverse Power
Troup,29,28,17824,05-19-2025 00:07:53,Diverse Power
Muscogee,2,2,2725,05-19-2025 00:07:53,Diverse Power
Meriwether,145,126,2429,05-19-2025 00:07:53,Diverse Power
Chambers,10,10,682,05-19-2025 00:07:53,Diverse Power
Harris,15,14,8313,05-19-2025 00:07:53,Diverse Power
Heard,1,1,479,05-19-2025 00:28:50,Diverse Power
Troup,46,46,17824,05-19-2025 00:28:50,Diverse Power
Muscogee,2,2,2725,05-19-2025 00:28:50,Diverse Power
Meriwether,32,11,2429,05-19-2025 00:28:50,Diverse Power
Chambers,10,10,682,05-19-2025 00:28:50,Diverse Power
Harris,23,23,8313,05-19-2025 00:28:50,Diverse Power
Heard,1,1,479,05-19-2025 00:37:50,Diverse Power
Troup,46,46,17824,05-19-2025 00:37:50,Diverse Power
Muscogee,2,2,2725,05-19-2025 00:37:50,Diverse Power
Meriwether,32,11,2429,05-19-2025 00:37:50,Diverse Power
Chambers,10,10,682,05-19-2025 00:37:50,Diverse Power
Harris,23,23,8313,05-19-2025 00:37:50,Diverse Power
Heard,1,1,479,05-19-2025 00:52:49,Diverse Power
Troup,46,46,17824,05-19-2025 00:52:49,Diverse Power
Muscogee,2,2,2725,05-19-2025 00:52:49,Diverse Power
Meriwether,27,6,2429,05-19-2025 00:52:49,Diverse Power
Chambers,12,12,682,05-19-2025 00:52:49,Diverse Power
Harris,23,23,8313,05-19-2025 00:52:49,Diverse Power
Heard,1,1,479,05-19-2025 01:08:48,Diverse Power
Troup,46,46,17824,05-19-2025 01:08:48,Diverse Power
Muscogee,2,2,2725,05-19-2025 01:08:48,Diverse Power
Meriwether,25,4,2429,05-19-2025 01:08:48,Diverse Power
Chambers,12,12,682,05-19-2025 01:08:48,Diverse Power
Harris,23,23,8313,05-19-2025 01:08:48,Diverse Power
Heard,1,1,479,05-19-2025 01:22:46,Diverse Power
Troup,44,44,17824,05-19-2025 01:22:46,Diverse Power
Meriwether,24,3,2429,05-19-2025 01:22:46,Diverse Power
Chambers,12,12,682,05-19-2025 01:22:46,Diverse Power
Harris,15,7,8313,05-19-2025 01:22:46,Diverse Power
Heard,1,1,479,05-19-2025 01:37:51,Diverse Power
Troup,44,44,17824,05-19-2025 01:37:51,Diverse Power
Meriwether,24,3,2429,05-19-2025 01:37:51,Diverse Power
Chambers,12,12,682,05-19-2025 01:37:51,Diverse Power
Harris,15,7,8313,05-19-2025 01:37:51,Diverse Power
Heard,1,1,479,05-19-2025 01:52:48,Diverse Power
Troup,44,44,17824,05-19-2025 01:52:48,Diverse Power
Meriwether,24,3,2429,05-19-2025 01:52:48,Diverse Power
Chambers,12,12,682,05-19-2025 01:52:48,Diverse Power
Harris,15,6,8313,05-19-2025 01:52:48,Diverse Power
Heard,1,1,479,05-19-2025 02:07:46,Diverse Power
Troup,44,34,17824,05-19-2025 02:07:46,Diverse Power
Meriwether,24,3,2429,05-19-2025 02:07:46,Diverse Power
Chambers,12,12,682,05-19-2025 02:07:46,Diverse Power
Harris,14,6,8313,05-19-2025 02:07:46,Diverse Power
Heard,1,1,479,05-19-2025 02:22:45,Diverse Power
Troup,44,34,17824,05-19-2025 02:22:45,Diverse Power
Meriwether,24,3,2429,05-19-2025 02:22:45,Diverse Power
Chambers,12,12,682,05-19-2025 02:22:45,Diverse Power
Harris,14,6,8313,05-19-2025 02:22:45,Diverse Power
Heard,1,1,479,05-19-2025 02:37:45,Diverse Power
Troup,44,34,17824,05-19-2025 02:37:45,Diverse Power
Meriwether,24,3,2429,05-19-2025 02:37:45,Diverse Power
Chambers,2,2,682,05-19-2025 02:37:45,Diverse Power
Harris,14,6,8313,05-19-2025 02:37:45,Diverse Power
Heard,1,1,479,05-19-2025 02:52:44,Diverse Power
Troup,44,34,17824,05-19-2025 02:52:44,Diverse Power
Meriwether,24,3,2429,05-19-2025 02:52:44,Diverse Power
Chambers,2,2,682,05-19-2025 02:52:44,Diverse Power
Harris,14,6,8313,05-19-2025 02:52:44,Diverse Power
Heard,1,1,479,05-19-2025 03:07:57,Diverse Power
Troup,44,32,17824,05-19-2025 03:07:57,Diverse Power
Meriwether,24,3,2429,05-19-2025 03:07:57,Diverse Power
Chambers,2,2,682,05-19-2025 03:07:57,Diverse Power
Harris,14,6,8313,05-19-2025 03:07:57,Diverse Power
Heard,1,1,479,05-19-2025 03:22:45,Diverse Power
Troup,32,30,17824,05-19-2025 03:22:45,Diverse Power
Meriwether,24,3,2429,05-19-2025 03:22:45,Diverse Power
Harris,14,6,8313,05-19-2025 03:22:45,Diverse Power
Troup,32,30,17824,05-19-2025 03:37:46,Diverse Power
Meriwether,23,2,2429,05-19-2025 03:37:46,Diverse Power
Harris,14,6,8313,05-19-2025 03:37:46,Diverse Power
Meriwether,21,0,2429,05-19-2025 03:52:45,Diverse Power
Harris,14,6,8313,05-19-2025 03:52:45,Diverse Power
Troup,2,2,17824,05-19-2025 04:07:47,Diverse Power
Meriwether,21,0,2429,05-19-2025 04:07:47,Diverse Power
Harris,8,0,8313,05-19-2025 04:07:47,Diverse Power
Troup,2,2,17824,05-19-2025 04:22:46,Diverse Power
Meriwether,21,0,2429,05-19-2025 04:22:46,Diverse Power
Harris,8,0,8313,05-19-2025 04:22:46,Diverse Power
Troup,2,2,17824,05-19-2025 04:37:46,Diverse Power
Meriwether,21,0,2429,05-19-2025 04:37:46,Diverse Power
Harris,8,0,8313,05-19-2025 04:37:46,Diverse Power
Troup,2,2,17824,05-19-2025 04:52:47,Diverse Power
Meriwether,21,0,2429,05-19-2025 04:52:47,Diverse Power
Harris,8,0,8313,05-19-2025 04:52:47,Diverse Power
Troup,2,2,17824,05-19-2025 05:07:43,Diverse Power
Meriwether,21,0,2429,05-19-2025 05:07:43,Diverse Power
Harris,8,0,8313,05-19-2025 05:07:43,Diverse Power
Troup,2,2,17824,05-19-2025 05:22:45,Diverse Power
Meriwether,21,0,2429,05-19-2025 05:22:45,Diverse Power
Harris,8,0,8313,05-19-2025 05:22:45,Diverse Power
Troup,2,2,17824,05-19-2025 05:37:43,Diverse Power
Meriwether,21,0,2429,05-19-2025 05:37:43,Diverse Power
Harris,8,0,8313,05-19-2025 05:37:43,Diverse Power
Troup,2,2,17824,05-19-2025 05:52:44,Diverse Power
Meriwether,21,0,2429,05-19-2025 05:52:44,Diverse Power
Harris,8,0,8313,05-19-2025 05:52:44,Diverse Power
Troup,2,2,17824,05-19-2025 06:07:44,Diverse Power
Meriwether,21,0,2429,05-19-2025 06:07:44,Diverse Power
Harris,8,0,8313,05-19-2025 06:07:44,Diverse Power
Troup,2,2,17824,05-19-2025 06:22:46,Diverse Power
Meriwether,21,0,2429,05-19-2025 06:22:46,Diverse Power
Harris,8,0,8313,05-19-2025 06:22:46,Diverse Power
Troup,2,2,17824,05-19-2025 06:37:43,Diverse Power
Meriwether,21,0,2429,05-19-2025 06:37:43,Diverse Power
Harris,8,0,8313,05-19-2025 06:37:43,Diverse Power
Meriwether,21,0,2429,05-19-2025 06:52:44,Diverse Power
Harris,8,0,8313,05-19-2025 06:52:44,Diverse Power
Meriwether,21,0,2429,05-19-2025 07:07:45,Diverse Power
Harris,8,0,8313,05-19-2025 07:07:45,Diverse Power
Meriwether,21,0,2429,05-19-2025 07:22:47,Diverse Power
Harris,8,0,8313,05-19-2025 07:22:47,Diverse Power
Meriwether,21,0,2429,05-19-2025 07:37:44,Diverse Power
Harris,1,1,8311,05-19-2025 14:52:48,Diverse Power
Harris,1,1,8311,05-19-2025 15:07:49,Diverse Power
Troup,1,1,17823,05-19-2025 15:22:52,Diverse Power
Harris,1,1,8311,05-19-2025 15:22:52,Diverse Power
Harris,1,1,8311,05-19-2025 15:37:50,Diverse Power
Harris,1,1,8312,05-19-2025 15:52:48,Diverse Power
Harris,1,1,8312,05-19-2025 16:07:50,Diverse Power
Harris,1,1,8312,05-19-2025 16:22:48,Diverse Power
Harris,1,1,8311,05-19-2025 16:37:44,Diverse Power
Harris,1,1,8312,05-19-2025 16:52:44,Diverse Power
Troup,1,1,17818,05-19-2025 17:07:47,Diverse Power
Harris,1,1,8312,05-19-2025 17:07:47,Diverse Power
Harris,1,1,8312,05-19-2025 17:22:46,Diverse Power
Harris,1,1,8312,05-19-2025 17:37:43,Diverse Power
Harris,1,1,8312,05-19-2025 17:52:49,Diverse Power
Harris,1,1,8312,05-19-2025 18:07:46,Diverse Power
Chambers,3,3,682,05-19-2025 18:22:54,Diverse Power
Harris,1,1,8312,05-19-2025 18:22:54,Diverse Power
Chambers,14,14,682,05-19-2025 18:37:46,Diverse Power
Harris,1,1,8312,05-19-2025 18:37:46,Diverse Power
Chambers,14,14,682,05-19-2025 18:52:47,Diverse Power
Harris,1,1,8312,05-19-2025 18:52:47,Diverse Power
Chambers,14,14,682,05-19-2025 19:07:50,Diverse Power
Troup,2,2,17819,05-19-2025 19:52:46,Diverse Power
Harris,3,3,8313,05-19-2025 19:52:46,Diverse Power
Troup,2,2,17819,05-19-2025 20:07:52,Diverse Power
Harris,3,3,8313,05-19-2025 20:07:52,Diverse Power
Troup,2,2,17820,05-19-2025 20:22:47,Diverse Power
Troup,2,2,17820,05-19-2025 20:37:47,Diverse Power
Troup,2,2,17820,05-19-2025 20:52:47,Diverse Power
Troup,2,2,17820,05-19-2025 21:07:51,Diverse Power
Troup,2,2,17820,05-19-2025 21:22:53,Diverse Power
Troup,2,2,17820,05-19-2025 21:37:53,Diverse Power
Harris,1,1,8313,05-19-2025 22:52:49,Diverse Power
Troup,1,1,17820,05-19-2025 23:22:46,Diverse Power
Troup,1,1,17820,05-19-2025 23:37:52,Diverse Power
Troup,12,12,17820,05-20-2025 10:22:43,Diverse Power
Troup,12,12,17820,05-20-2025 10:37:45,Diverse Power
Troup,12,12,17820,05-20-2025 10:52:42,Diverse Power
Troup,12,12,17820,05-20-2025 11:07:45,Diverse Power
Troup,12,12,17820,05-20-2025 11:22:44,Diverse Power
Meriwether,1,1,2429,05-20-2025 12:22:45,Diverse Power
Meriwether,1,1,2429,05-20-2025 12:37:45,Diverse Power
Meriwether,1,1,2429,05-20-2025 12:52:45,Diverse Power
Meriwether,1,1,2429,05-20-2025 13:07:43,Diverse Power
Meriwether,1,1,2429,05-20-2025 13:22:45,Diverse Power
Meriwether,1,1,2429,05-20-2025 13:37:47,Diverse Power
Meriwether,1,1,2429,05-20-2025 13:52:45,Diverse Power
Meriwether,1,1,2429,05-20-2025 14:07:46,Diverse Power
Troup,4,4,17817,05-20-2025 14:37:46,Diverse Power
Troup,4,4,17817,05-20-2025 14:52:48,Diverse Power
Troup,4,4,17817,05-20-2025 15:07:48,Diverse Power
Troup,4,4,17817,05-20-2025 15:22:49,Diverse Power
Troup,4,4,17817,05-20-2025 15:37:49,Diverse Power
Troup,4,4,17817,05-20-2025 15:52:50,Diverse Power
Troup,4,4,17817,05-20-2025 16:07:49,Diverse Power
Troup,4,4,17817,05-20-2025 16:22:49,Diverse Power
Troup,4,4,17817,05-20-2025 16:37:49,Diverse Power
Troup,4,4,17817,05-20-2025 16:52:46,Diverse Power
Troup,4,4,17817,05-20-2025 17:07:47,Diverse Power
Troup,4,4,17817,05-20-2025 17:22:47,Diverse Power
Harris,1,1,8313,05-20-2025 19:37:43,Diverse Power
Harris,1,1,8313,05-20-2025 19:52:44,Diverse Power
Harris,1,1,8313,05-20-2025 20:07:45,Diverse Power
Troup,2,2,17816,05-20-2025 20:22:45,Diverse Power
Harris,1,1,8313,05-20-2025 20:22:45,Diverse Power
Troup,2,2,17816,05-20-2025 20:37:47,Diverse Power
Harris,1,1,8313,05-20-2025 20:37:47,Diverse Power
Troup,2,2,17816,05-20-2025 20:52:45,Diverse Power
Harris,1,1,8313,05-20-2025 20:52:45,Diverse Power
Troup,2,2,17816,05-20-2025 21:07:48,Diverse Power
Harris,1,1,8313,05-20-2025 21:07:48,Diverse Power
Troup,2,2,17816,05-20-2025 21:22:50,Diverse Power
Troup,2,2,17816,05-20-2025 21:37:51,Diverse Power
Troup,8,8,17816,05-21-2025 03:22:44,Diverse Power
Harris,1657,1657,8313,05-21-2025 03:22:44,Diverse Power
Troup,8,8,17816,05-21-2025 03:37:47,Diverse Power
Harris,1657,1657,8313,05-21-2025 03:37:47,Diverse Power
Troup,8,8,17816,05-21-2025 03:52:45,Diverse Power
Harris,1657,1657,8313,05-21-2025 03:52:45,Diverse Power
Troup,8,8,17816,05-21-2025 04:07:46,Diverse Power
Harris,1657,1657,8313,05-21-2025 04:07:46,Diverse Power
Troup,8,8,17816,05-21-2025 04:22:45,Diverse Power
Harris,1657,1657,8313,05-21-2025 04:22:45,Diverse Power
Troup,8,8,17816,05-21-2025 04:37:47,Diverse Power
Harris,1657,1657,8313,05-21-2025 04:37:47,Diverse Power
Troup,8,8,17816,05-21-2025 04:52:47,Diverse Power
Harris,1657,1657,8313,05-21-2025 04:52:47,Diverse Power
Troup,8,8,17816,05-21-2025 05:07:47,Diverse Power
Harris,1657,1657,8313,05-21-2025 05:07:47,Diverse Power
Troup,2,2,17816,05-21-2025 11:37:47,Diverse Power
Troup,13,13,17816,05-21-2025 11:52:46,Diverse Power
Troup,13,13,17816,05-21-2025 12:07:48,Diverse Power
Troup,18,18,17816,05-21-2025 12:22:51,Diverse Power
Troup,13,13,17816,05-21-2025 12:37:48,Diverse Power
Chambers,2,2,682,05-21-2025 12:37:48,Diverse Power
Harris,3,3,8313,05-21-2025 12:37:48,Diverse Power
Troup,13,13,17816,05-21-2025 12:52:47,Diverse Power
Chambers,2,2,682,05-21-2025 12:52:47,Diverse Power
Harris,3,3,8313,05-21-2025 12:52:47,Diverse Power
Troup,13,13,17816,05-21-2025 13:07:48,Diverse Power
Chambers,2,2,682,05-21-2025 13:07:48,Diverse Power
Harris,3,3,8313,05-21-2025 13:07:48,Diverse Power
Troup,14,14,17816,05-21-2025 13:22:47,Diverse Power
Harris,3,3,8313,05-21-2025 13:22:47,Diverse Power
Troup,14,14,17816,05-21-2025 13:37:52,Diverse Power
Harris,3,3,8313,05-21-2025 13:37:52,Diverse Power
Troup,16,16,17816,05-21-2025 13:52:50,Diverse Power
Harris,3,3,8313,05-21-2025 13:52:50,Diverse Power
Troup,16,16,17816,05-21-2025 14:07:59,Diverse Power
Harris,3,3,8313,05-21-2025 14:07:59,Diverse Power
Troup,24,24,17816,05-21-2025 14:22:56,Diverse Power
Harris,3,3,8313,05-21-2025 14:22:56,Diverse Power
Troup,24,24,17816,05-21-2025 14:37:59,Diverse Power
Harris,3,3,8312,05-21-2025 14:37:59,Diverse Power
Troup,8,8,17816,05-21-2025 14:52:58,Diverse Power
Harris,3,3,8313,05-21-2025 14:52:58,Diverse Power
Troup,8,8,17816,05-21-2025 15:07:56,Diverse Power
Harris,3,3,8313,05-21-2025 15:07:56,Diverse Power
Troup,1,1,17816,05-21-2025 15:22:54,Diverse Power
Harris,3,3,8313,05-21-2025 15:22:54,Diverse Power
Troup,1,1,17816,05-21-2025 15:37:55,Diverse Power
Harris,3,3,8313,05-21-2025 15:37:55,Diverse Power
Troup,1,1,17816,05-21-2025 15:52:58,Diverse Power
Harris,3,3,8312,05-21-2025 15:52:58,Diverse Power
Troup,1,1,17816,05-21-2025 16:08:06,Diverse Power
Harris,3,3,8312,05-21-2025 16:08:06,Diverse Power
Troup,1,1,17816,05-21-2025 16:22:56,Diverse Power
Harris,3,3,8312,05-21-2025 16:22:56,Diverse Power
Troup,1,1,17816,05-21-2025 16:37:56,Diverse Power
Harris,3,3,8312,05-21-2025 16:37:56,Diverse Power
Troup,1,1,17816,05-21-2025 16:52:58,Diverse Power
Harris,3,3,8312,05-21-2025 16:52:58,Diverse Power
Troup,1,1,17816,05-21-2025 17:08:22,Diverse Power
Harris,3,3,8312,05-21-2025 17:08:22,Diverse Power
Troup,1,1,17816,05-21-2025 17:22:56,Diverse Power
Harris,3,3,8312,05-21-2025 17:22:56,Diverse Power
Troup,1,1,17816,05-21-2025 17:37:52,Diverse Power
Harris,3,3,8312,05-21-2025 17:37:52,Diverse Power
Troup,1,1,17816,05-21-2025 17:52:57,Diverse Power
Harris,3,3,8312,05-21-2025 17:52:57,Diverse Power
Troup,1,1,17816,05-21-2025 18:07:56,Diverse Power
Harris,3,3,8312,05-21-2025 18:07:56,Diverse Power
Troup,1,1,17815,05-21-2025 19:22:52,Diverse Power
Troup,1,1,17815,05-21-2025 19:37:54,Diverse Power
Troup,1,1,17815,05-21-2025 19:52:51,Diverse Power
Troup,1,1,17815,05-21-2025 20:07:44,Diverse Power
Troup,1,1,17815,05-21-2025 20:22:48,Diverse Power
Troup,1,1,17815,05-21-2025 20:37:48,Diverse Power
Troup,3,3,17815,05-21-2025 20:52:47,Diverse Power
Troup,3,3,17815,05-21-2025 21:07:50,Diverse Power
Troup,3,3,17815,05-21-2025 21:22:49,Diverse Power
Troup,3,3,17815,05-21-2025 21:37:51,Diverse Power
Troup,2,2,17815,05-21-2025 21:52:46,Diverse Power
Troup,2,2,17815,05-21-2025 22:07:48,Diverse Power
Troup,2,2,17816,05-21-2025 22:22:46,Diverse Power
Troup,2,2,17816,05-21-2025 22:37:46,Diverse Power
Troup,2,2,17816,05-21-2025 22:52:44,Diverse Power
Meriwether,1,1,2429,05-22-2025 11:22:45,Diverse Power
Meriwether,1,0,2429,05-22-2025 11:37:44,Diverse Power
Harris,1,1,8314,05-22-2025 12:22:47,Diverse Power
Quitman,1,1,1309,05-22-2025 13:22:48,Diverse Power
Calhoun,1,1,1375,05-22-2025 13:22:48,Diverse Power
Quitman,5,5,1309,05-22-2025 13:37:45,Diverse Power
Calhoun,1,1,1375,05-22-2025 13:37:45,Diverse Power
Quitman,5,5,1309,05-22-2025 13:52:43,Diverse Power
Calhoun,1,1,1375,05-22-2025 13:52:43,Diverse Power
Quitman,5,5,1309,05-22-2025 14:07:44,Diverse Power
Calhoun,1,1,1375,05-22-2025 14:07:44,Diverse Power
Quitman,5,5,1309,05-22-2025 14:22:49,Diverse Power
Calhoun,1,1,1375,05-22-2025 14:22:49,Diverse Power
Quitman,5,5,1309,05-22-2025 14:37:49,Diverse Power
Calhoun,1,1,1375,05-22-2025 14:37:49,Diverse Power
Quitman,5,5,1309,05-22-2025 14:52:51,Diverse Power
Calhoun,1,1,1375,05-22-2025 14:52:51,Diverse Power
Calhoun,1,1,1375,05-22-2025 15:07:45,Diverse Power
Calhoun,1,1,1375,05-22-2025 15:22:45,Diverse Power
Calhoun,1,1,1375,05-22-2025 15:37:48,Diverse Power
Calhoun,1,1,1375,05-22-2025 15:52:46,Diverse Power
Calhoun,1,1,1375,05-22-2025 16:07:46,Diverse Power
Calhoun,1,1,1375,05-22-2025 16:22:44,Diverse Power
Calhoun,1,1,1375,05-22-2025 16:37:43,Diverse Power
Calhoun,1,1,1375,05-22-2025 16:52:45,Diverse Power
Calhoun,1,1,1375,05-22-2025 17:07:45,Diverse Power
Calhoun,1,1,1375,05-22-2025 17:22:49,Diverse Power
Calhoun,1,1,1375,05-22-2025 17:37:46,Diverse Power
Calhoun,1,1,1375,05-22-2025 17:52:46,Diverse Power
Calhoun,1,1,1375,05-22-2025 18:07:45,Diverse Power
Calhoun,1,1,1375,05-22-2025 18:22:43,Diverse Power
Calhoun,1,1,1375,05-22-2025 18:37:43,Diverse Power
Meriwether,1,1,2429,05-22-2025 18:37:43,Diverse Power
Calhoun,1,1,1375,05-22-2025 18:52:45,Diverse Power
Meriwether,3,3,2429,05-22-2025 18:52:45,Diverse Power
Calhoun,1,1,1375,05-22-2025 19:07:48,Diverse Power
Meriwether,21,21,2429,05-22-2025 19:07:48,Diverse Power
Calhoun,1,1,1375,05-22-2025 19:22:49,Diverse Power
Calhoun,1,1,1375,05-22-2025 19:37:47,Diverse Power
Calhoun,1,1,1375,05-22-2025 19:52:47,Diverse Power
Meriwether,21,21,2429,05-22-2025 19:52:47,Diverse Power
Harris,4,4,8314,05-22-2025 19:52:47,Diverse Power
Calhoun,1,1,1375,05-22-2025 20:07:45,Diverse Power
Meriwether,21,21,2429,05-22-2025 20:07:45,Diverse Power
Harris,4,4,8314,05-22-2025 20:07:45,Diverse Power
Calhoun,1,1,1375,05-22-2025 20:22:45,Diverse Power
Meriwether,21,21,2429,05-22-2025 20:22:45,Diverse Power
Calhoun,1,1,1375,05-22-2025 20:37:45,Diverse Power
Meriwether,21,21,2429,05-22-2025 20:37:45,Diverse Power
Calhoun,1,1,1375,05-22-2025 20:52:44,Diverse Power
Troup,3,3,17816,05-22-2025 21:07:44,Diverse Power
Calhoun,1,1,1375,05-22-2025 21:07:44,Diverse Power
Heard,2,2,479,05-23-2025 04:37:43,Diverse Power
Heard,2,2,479,05-23-2025 04:52:42,Diverse Power
Heard,2,2,479,05-23-2025 05:07:42,Diverse Power
Heard,2,2,479,05-23-2025 05:22:42,Diverse Power
Heard,2,2,479,05-23-2025 05:37:43,Diverse Power
Heard,2,2,479,05-23-2025 05:52:42,Diverse Power
Heard,2,2,479,05-23-2025 06:07:42,Diverse Power
Heard,2,2,479,05-23-2025 06:22:43,Diverse Power
Heard,2,2,479,05-23-2025 06:37:43,Diverse Power
Harris,1,1,8314,05-23-2025 15:22:44,Diverse Power
Harris,1,1,8314,05-23-2025 15:37:44,Diverse Power
Harris,2,2,8314,05-23-2025 15:52:45,Diverse Power
Harris,2,2,8314,05-23-2025 16:07:45,Diverse Power
Harris,2,2,8314,05-23-2025 16:22:44,Diverse Power
Harris,2,2,8314,05-23-2025 16:37:43,Diverse Power
Harris,2,0,8314,05-23-2025 16:52:43,Diverse Power
Troup,3,3,17819,05-23-2025 18:07:44,Diverse Power
Meriwether,2,2,2430,05-24-2025 03:37:42,Diverse Power
Meriwether,2,2,2430,05-24-2025 03:52:42,Diverse Power
Meriwether,2,2,2430,05-24-2025 04:07:42,Diverse Power
Meriwether,2,2,2430,05-24-2025 04:22:42,Diverse Power
Meriwether,2,2,2430,05-24-2025 04:37:42,Diverse Power
Randolph,2,2,1740,05-24-2025 11:22:42,Diverse Power
Randolph,2,2,1740,05-24-2025 11:37:44,Diverse Power
Randolph,2,2,1740,05-24-2025 11:52:46,Diverse Power
Randolph,2,2,1740,05-24-2025 12:07:45,Diverse Power
Randolph,2,2,1740,05-24-2025 12:22:45,Diverse Power
Randolph,2,2,1740,05-24-2025 12:37:45,Diverse Power
Randolph,2,2,1740,05-24-2025 12:52:43,Diverse Power
Troup,2,2,17820,05-24-2025 17:22:58,Diverse Power
Troup,2,2,17820,05-24-2025 17:37:58,Diverse Power
Troup,2,2,17820,05-24-2025 17:52:57,Diverse Power
Harris,1,1,8314,05-25-2025 17:37:48,Diverse Power
Harris,1,1,8314,05-25-2025 17:52:46,Diverse Power
Harris,1,1,8314,05-25-2025 18:07:47,Diverse Power
Harris,1,1,8314,05-25-2025 18:22:46,Diverse Power
Harris,1,1,8314,05-25-2025 18:37:45,Diverse Power
Harris,1,1,8314,05-25-2025 18:52:46,Diverse Power
Harris,1,1,8314,05-25-2025 19:07:45,Diverse Power
Harris,1,1,8314,05-25-2025 19:22:44,Diverse Power
Harris,1,1,8314,05-25-2025 19:37:46,Diverse Power
Harris,1,1,8314,05-25-2025 19:52:46,Diverse Power
Harris,1,1,8314,05-25-2025 20:07:49,Diverse Power
Troup,2,2,17820,05-25-2025 20:22:46,Diverse Power
Troup,2,2,17820,05-25-2025 20:37:46,Diverse Power
Troup,2,2,17820,05-25-2025 20:52:46,Diverse Power
Troup,2,2,17820,05-25-2025 21:07:46,Diverse Power
Troup,2,2,17820,05-25-2025 21:22:42,Diverse Power
Troup,2,2,17820,05-25-2025 21:37:41,Diverse Power
Troup,2,2,17820,05-25-2025 21:52:40,Diverse Power
Troup,2,2,17820,05-25-2025 22:07:42,Diverse Power
Troup,2,2,17820,05-25-2025 22:22:47,Diverse Power
Muscogee,121,121,2727,05-26-2025 02:37:49,Diverse Power
Muscogee,121,121,2727,05-26-2025 02:52:46,Diverse Power
Muscogee,121,121,2727,05-26-2025 03:07:47,Diverse Power
Muscogee,121,121,2727,05-26-2025 03:22:46,Diverse Power
Muscogee,121,121,2727,05-26-2025 03:37:45,Diverse Power
Muscogee,121,121,2727,05-26-2025 03:52:54,Diverse Power
Muscogee,121,0,2727,05-26-2025 04:07:45,Diverse Power
Meriwether,1,1,2430,05-26-2025 07:07:53,Diverse Power
Meriwether,16,16,2430,05-26-2025 07:22:50,Diverse Power
Meriwether,16,16,2430,05-26-2025 07:37:49,Diverse Power
Meriwether,16,16,2430,05-26-2025 07:52:49,Diverse Power
Meriwether,16,16,2430,05-26-2025 08:07:51,Diverse Power
Meriwether,16,16,2430,05-26-2025 08:22:55,Diverse Power
Meriwether,16,16,2430,05-26-2025 08:37:49,Diverse Power
Meriwether,16,0,2430,05-26-2025 08:52:50,Diverse Power
Troup,3,3,17820,05-26-2025 09:37:47,Diverse Power
Troup,3,3,17820,05-26-2025 09:52:52,Diverse Power
Harris,31,31,8314,05-26-2025 09:52:52,Diverse Power
Troup,3,3,17820,05-26-2025 10:07:43,Diverse Power
Harris,31,31,8314,05-26-2025 10:07:43,Diverse Power
Troup,3,3,17820,05-26-2025 10:22:52,Diverse Power
Harris,31,31,8314,05-26-2025 10:22:52,Diverse Power
Troup,3,3,17820,05-26-2025 10:37:48,Diverse Power
Harris,31,31,8314,05-26-2025 10:37:48,Diverse Power
Harris,31,31,8314,05-26-2025 10:52:49,Diverse Power
Harris,31,31,8314,05-26-2025 11:07:48,Diverse Power
Harris,31,31,8314,05-26-2025 11:22:49,Diverse Power
Harris,31,31,8314,05-26-2025 11:37:56,Diverse Power
Harris,1,1,8314,05-26-2025 12:07:54,Diverse Power
Harris,1,1,8314,05-26-2025 12:22:53,Diverse Power
Harris,1,1,8314,05-26-2025 12:37:51,Diverse Power
Troup,2,2,17820,05-26-2025 12:52:49,Diverse Power
Troup,2,2,17820,05-26-2025 13:07:48,Diverse Power
Clay,9,9,975,05-26-2025 13:22:50,Diverse Power
Clay,9,9,975,05-26-2025 13:37:49,Diverse Power
Chambers,2,2,682,05-26-2025 13:37:49,Diverse Power
Harris,15,15,8314,05-26-2025 13:37:49,Diverse Power
Clay,9,9,975,05-26-2025 13:52:53,Diverse Power
Chambers,2,2,682,05-26-2025 13:52:53,Diverse Power
Harris,15,15,8314,05-26-2025 13:52:53,Diverse Power
Chambers,2,2,682,05-26-2025 14:07:50,Diverse Power
Harris,15,15,8314,05-26-2025 14:07:50,Diverse Power
Chambers,2,2,682,05-26-2025 14:22:50,Diverse Power
Harris,15,15,8314,05-26-2025 14:22:50,Diverse Power
Troup,2,2,17820,05-26-2025 14:37:51,Diverse Power
Chambers,2,2,682,05-26-2025 14:37:51,Diverse Power
Harris,15,15,8314,05-26-2025 14:37:51,Diverse Power
Troup,2,2,17820,05-26-2025 14:52:51,Diverse Power
Troup,2,2,17820,05-26-2025 15:07:54,Diverse Power
Troup,1,1,17820,05-26-2025 16:07:50,Diverse Power
Randolph,3,3,1740,05-26-2025 19:07:50,Diverse Power
Randolph,6,6,1740,05-26-2025 19:22:51,Diverse Power
Randolph,6,6,1740,05-26-2025 19:37:50,Diverse Power
Randolph,6,6,1740,05-26-2025 19:52:47,Diverse Power
Randolph,6,6,1740,05-26-2025 20:07:50,Diverse Power
Randolph,2,2,1740,05-26-2025 20:22:49,Diverse Power
Clay,7,7,975,05-26-2025 20:22:49,Diverse Power
Randolph,2,2,1740,05-26-2025 20:37:50,Diverse Power
Clay,7,7,975,05-26-2025 20:37:50,Diverse Power
Clay,7,7,975,05-26-2025 20:52:44,Diverse Power
Clay,7,7,975,05-26-2025 21:07:46,Diverse Power
Clay,7,7,975,05-26-2025 21:22:46,Diverse Power
Clay,7,7,975,05-26-2025 21:37:46,Diverse Power
Clay,7,7,975,05-26-2025 21:52:44,Diverse Power
Clay,7,7,975,05-26-2025 22:07:45,Diverse Power
Harris,6,6,8314,05-27-2025 00:22:49,Diverse Power
Harris,6,6,8314,05-27-2025 00:37:48,Diverse Power
Harris,7,7,8314,05-27-2025 00:52:48,Diverse Power
Harris,9,9,8314,05-27-2025 01:07:48,Diverse Power
Troup,1,1,17820,05-27-2025 01:22:51,Diverse Power
Harris,9,9,8314,05-27-2025 01:22:51,Diverse Power
Troup,1,1,17820,05-27-2025 01:37:52,Diverse Power
Harris,80,79,8314,05-27-2025 01:37:52,Diverse Power
Harris,73,73,8314,05-27-2025 01:52:53,Diverse Power
Harris,73,73,8314,05-27-2025 02:07:53,Diverse Power
Harris,73,73,8314,05-27-2025 02:22:55,Diverse Power
Muscogee,2,2,2727,05-27-2025 02:38:00,Diverse Power
Harris,73,73,8314,05-27-2025 02:38:00,Diverse Power
Muscogee,15,15,2727,05-27-2025 02:52:57,Diverse Power
Harris,73,73,8314,05-27-2025 02:52:57,Diverse Power
Muscogee,15,15,2727,05-27-2025 03:07:55,Diverse Power
Harris,73,73,8314,05-27-2025 03:07:55,Diverse Power
Muscogee,15,15,2727,05-27-2025 03:22:57,Diverse Power
Troup,12,12,17820,05-27-2025 03:37:57,Diverse Power
Muscogee,15,15,2727,05-27-2025 03:37:57,Diverse Power
Troup,23,23,17820,05-27-2025 03:52:55,Diverse Power
Muscogee,15,15,2727,05-27-2025 03:52:55,Diverse Power
Troup,23,23,17820,05-27-2025 04:07:53,Diverse Power
Troup,14,14,17820,05-27-2025 04:22:50,Diverse Power
Troup,14,14,17820,05-27-2025 04:37:50,Diverse Power
Troup,14,14,17820,05-27-2025 04:52:47,Diverse Power
Troup,14,14,17820,05-27-2025 05:07:46,Diverse Power
Troup,14,14,17820,05-27-2025 05:22:48,Diverse Power
Troup,14,14,17820,05-27-2025 05:37:45,Diverse Power
Troup,14,14,17820,05-27-2025 05:52:45,Diverse Power
Troup,14,14,17820,05-27-2025 06:07:45,Diverse Power
Troup,1,1,17819,05-27-2025 12:52:49,Diverse Power
Muscogee,4,4,2727,05-27-2025 12:52:49,Diverse Power
Chambers,2,2,682,05-27-2025 12:52:49,Diverse Power
Harris,2,2,8314,05-27-2025 12:52:49,Diverse Power
Troup,1,1,17819,05-27-2025 13:07:51,Diverse Power
Muscogee,2,2,2727,05-27-2025 13:07:51,Diverse Power
Chambers,2,2,682,05-27-2025 13:07:51,Diverse Power
Harris,8,8,8314,05-27-2025 13:07:51,Diverse Power
Troup,1,1,17819,05-27-2025 13:22:51,Diverse Power
Muscogee,2,2,2727,05-27-2025 13:22:51,Diverse Power
Chambers,2,2,682,05-27-2025 13:22:51,Diverse Power
Harris,8,8,8314,05-27-2025 13:22:51,Diverse Power
Troup,1,1,17819,05-27-2025 13:37:55,Diverse Power
Muscogee,2,2,2727,05-27-2025 13:37:55,Diverse Power
Clay,1,1,975,05-27-2025 13:37:55,Diverse Power
Chambers,2,2,682,05-27-2025 13:37:55,Diverse Power
Harris,8,8,8314,05-27-2025 13:37:55,Diverse Power
Randolph,45,45,1740,05-27-2025 13:52:55,Diverse Power
Troup,1,1,17819,05-27-2025 13:52:55,Diverse Power
Calhoun,136,136,1375,05-27-2025 13:52:55,Diverse Power
Clay,1,1,975,05-27-2025 13:52:55,Diverse Power
Chambers,2,2,682,05-27-2025 13:52:55,Diverse Power
Randolph,45,45,1740,05-27-2025 14:07:56,Diverse Power
Muscogee,3,3,2727,05-27-2025 14:07:56,Diverse Power
Calhoun,136,136,1375,05-27-2025 14:07:56,Diverse Power
Clay,1,1,975,05-27-2025 14:07:56,Diverse Power
Chambers,2,2,682,05-27-2025 14:07:56,Diverse Power
Randolph,45,45,1740,05-27-2025 14:22:52,Diverse Power
Muscogee,3,3,2727,05-27-2025 14:22:52,Diverse Power
Calhoun,136,136,1375,05-27-2025 14:22:52,Diverse Power
Clay,1,1,975,05-27-2025 14:22:52,Diverse Power
Chambers,2,2,682,05-27-2025 14:22:52,Diverse Power
Calhoun,1,1,1375,05-27-2025 14:37:57,Diverse Power
Clay,1,1,975,05-27-2025 14:37:57,Diverse Power
Chambers,2,2,682,05-27-2025 14:37:57,Diverse Power
Troup,2,2,17817,05-27-2025 14:52:52,Diverse Power
Clay,1,1,975,05-27-2025 14:52:52,Diverse Power
Troup,3,3,17817,05-27-2025 15:07:55,Diverse Power
Clay,1,1,975,05-27-2025 15:07:55,Diverse Power
Troup,3,3,17817,05-27-2025 15:22:55,Diverse Power
Clay,1,1,975,05-27-2025 15:22:55,Diverse Power
Harris,2,2,8314,05-27-2025 15:22:55,Diverse Power
Troup,3,3,17817,05-27-2025 15:37:54,Diverse Power
Clay,1,1,975,05-27-2025 15:37:54,Diverse Power
Harris,2,2,8314,05-27-2025 15:37:54,Diverse Power
Troup,4,4,17817,05-27-2025 15:52:51,Diverse Power
Clay,1,1,975,05-27-2025 15:52:51,Diverse Power
Harris,2,2,8315,05-27-2025 15:52:51,Diverse Power
Troup,2,2,17817,05-27-2025 16:08:17,Diverse Power
Clay,1,1,975,05-27-2025 16:08:17,Diverse Power
Harris,2,2,8315,05-27-2025 16:08:17,Diverse Power
Troup,2,2,17817,05-27-2025 16:23:01,Diverse Power
Clay,1,1,975,05-27-2025 16:23:01,Diverse Power
Harris,2,2,8315,05-27-2025 16:23:01,Diverse Power
Clay,1,1,975,05-27-2025 16:37:58,Diverse Power
Harris,2,2,8315,05-27-2025 16:37:58,Diverse Power
Clay,1,1,975,05-27-2025 16:52:54,Diverse Power
Harris,2,2,8315,05-27-2025 16:52:54,Diverse Power
Troup,3,3,17817,05-27-2025 17:08:06,Diverse Power
Clay,1,1,975,05-27-2025 17:08:06,Diverse Power
Meriwether,1,1,2430,05-27-2025 17:08:06,Diverse Power
Harris,2,2,8315,05-27-2025 17:08:06,Diverse Power
Troup,3,3,17817,05-27-2025 17:23:02,Diverse Power
Clay,1,1,975,05-27-2025 17:23:02,Diverse Power
Meriwether,1,1,2430,05-27-2025 17:23:02,Diverse Power
Troup,3,3,17817,05-27-2025 17:37:58,Diverse Power
Clay,1,1,975,05-27-2025 17:37:58,Diverse Power
Meriwether,1,1,2430,05-27-2025 17:37:58,Diverse Power
Troup,41,41,17816,05-27-2025 17:52:57,Diverse Power
Clay,2,2,975,05-27-2025 17:52:57,Diverse Power
Meriwether,1,1,2430,05-27-2025 17:52:57,Diverse Power
Troup,40,40,17816,05-27-2025 18:08:51,Diverse Power
Meriwether,1,1,2430,05-27-2025 18:08:51,Diverse Power
Troup,40,40,17816,05-27-2025 18:23:03,Diverse Power
Meriwether,1,1,2430,05-27-2025 18:23:03,Diverse Power
Troup,40,40,17816,05-27-2025 18:38:01,Diverse Power
Meriwether,1,1,2430,05-27-2025 18:38:01,Diverse Power
Troup,40,40,17814,05-27-2025 18:53:04,Diverse Power
Meriwether,1,1,2430,05-27-2025 18:53:04,Diverse Power
Troup,40,40,17814,05-27-2025 19:08:13,Diverse Power
Meriwether,1,1,2430,05-27-2025 19:08:13,Diverse Power
Troup,40,40,17814,05-27-2025 19:23:01,Diverse Power
Meriwether,1,1,2430,05-27-2025 19:23:01,Diverse Power
Troup,40,40,17814,05-27-2025 19:37:55,Diverse Power
Meriwether,1,1,2430,05-27-2025 19:37:55,Diverse Power
Troup,37,37,17814,05-27-2025 19:52:55,Diverse Power
Harris,24,24,8315,05-27-2025 19:52:55,Diverse Power
Harris,36,36,8315,05-27-2025 20:07:59,Diverse Power
Harris,45,45,8315,05-27-2025 20:22:52,Diverse Power
Harris,45,45,8315,05-27-2025 20:37:52,Diverse Power
Quitman,15,15,1309,05-27-2025 20:52:58,Diverse Power
Troup,7,7,17815,05-27-2025 20:52:58,Diverse Power
Meriwether,39,39,2430,05-27-2025 20:52:58,Diverse Power
Harris,21,21,8315,05-27-2025 20:52:58,Diverse Power
Quitman,15,15,1309,05-27-2025 21:08:01,Diverse Power
Randolph,175,175,1740,05-27-2025 21:08:01,Diverse Power
Troup,7,7,17815,05-27-2025 21:08:01,Diverse Power
Meriwether,39,39,2430,05-27-2025 21:08:01,Diverse Power
Harris,21,21,8315,05-27-2025 21:08:01,Diverse Power
Quitman,15,15,1309,05-27-2025 21:22:50,Diverse Power
Randolph,221,221,1740,05-27-2025 21:22:50,Diverse Power
Troup,7,7,17815,05-27-2025 21:22:50,Diverse Power
Meriwether,39,39,2430,05-27-2025 21:22:50,Diverse Power
Harris,21,21,8315,05-27-2025 21:22:50,Diverse Power
Quitman,15,15,1309,05-27-2025 21:37:46,Diverse Power
Randolph,221,221,1740,05-27-2025 21:37:46,Diverse Power
Troup,7,7,17815,05-27-2025 21:37:46,Diverse Power
Meriwether,39,39,2430,05-27-2025 21:37:46,Diverse Power
Harris,21,21,8315,05-27-2025 21:37:46,Diverse Power
Quitman,15,15,1309,05-27-2025 21:52:45,Diverse Power
Randolph,221,221,1740,05-27-2025 21:52:45,Diverse Power
Troup,7,7,17815,05-27-2025 21:52:45,Diverse Power
Meriwether,39,39,2430,05-27-2025 21:52:45,Diverse Power
Harris,22,22,8315,05-27-2025 21:52:45,Diverse Power
Quitman,15,15,1309,05-27-2025 22:07:46,Diverse Power
Randolph,221,221,1740,05-27-2025 22:07:46,Diverse Power
Troup,7,7,17815,05-27-2025 22:07:46,Diverse Power
Meriwether,39,39,2430,05-27-2025 22:07:46,Diverse Power
Harris,22,22,8315,05-27-2025 22:07:46,Diverse Power
Quitman,15,15,1309,05-27-2025 22:22:43,Diverse Power
Randolph,221,221,1740,05-27-2025 22:22:43,Diverse Power
Troup,7,0,17815,05-27-2025 22:22:43,Diverse Power
Meriwether,39,34,2430,05-27-2025 22:22:43,Diverse Power
Harris,22,22,8315,05-27-2025 22:22:43,Diverse Power
Quitman,15,15,1309,05-27-2025 22:37:42,Diverse Power
Randolph,221,46,1740,05-27-2025 22:37:42,Diverse Power
Troup,7,0,17815,05-27-2025 22:37:42,Diverse Power
Meriwether,39,34,2430,05-27-2025 22:37:42,Diverse Power
Harris,22,13,8315,05-27-2025 22:37:42,Diverse Power
Quitman,15,15,1309,05-27-2025 22:52:40,Diverse Power
Randolph,46,46,1740,05-27-2025 22:52:40,Diverse Power
Troup,67,67,17815,05-27-2025 22:52:40,Diverse Power
Meriwether,89,89,2430,05-27-2025 22:52:40,Diverse Power
Harris,88,79,8315,05-27-2025 22:52:40,Diverse Power
Quitman,1,1,1309,05-27-2025 23:07:43,Diverse Power
Troup,67,67,17815,05-27-2025 23:07:43,Diverse Power
Meriwether,89,89,2430,05-27-2025 23:07:43,Diverse Power
Harris,78,78,8315,05-27-2025 23:07:43,Diverse Power
Quitman,1,0,1309,05-27-2025 23:22:44,Diverse Power
Troup,67,67,17815,05-27-2025 23:22:44,Diverse Power
Meriwether,89,89,2430,05-27-2025 23:22:44,Diverse Power
Harris,78,78,8315,05-27-2025 23:22:44,Diverse Power
Troup,67,67,17815,05-27-2025 23:37:45,Diverse Power
Meriwether,89,89,2430,05-27-2025 23:37:45,Diverse Power
Harris,78,78,8315,05-27-2025 23:37:45,Diverse Power
Troup,67,0,17815,05-27-2025 23:52:48,Diverse Power
Muscogee,2,2,2728,05-27-2025 23:52:48,Diverse Power
Meriwether,89,1,2430,05-27-2025 23:52:48,Diverse Power
Harris,78,78,8315,05-27-2025 23:52:48,Diverse Power
Troup,67,0,17815,05-28-2025 00:07:52,Diverse Power
Muscogee,2,2,2728,05-28-2025 00:07:52,Diverse Power
Meriwether,89,1,2430,05-28-2025 00:07:52,Diverse Power
Harris,78,78,8315,05-28-2025 00:07:52,Diverse Power
Troup,67,0,17815,05-28-2025 00:22:47,Diverse Power
Muscogee,2,2,2728,05-28-2025 00:22:47,Diverse Power
Meriwether,89,1,2430,05-28-2025 00:22:47,Diverse Power
Harris,86,86,8315,05-28-2025 00:22:47,Diverse Power
Troup,67,0,17815,05-28-2025 00:39:43,Diverse Power
Muscogee,2,2,2728,05-28-2025 00:39:43,Diverse Power
Meriwether,89,1,2430,05-28-2025 00:39:43,Diverse Power
Harris,74,74,8315,05-28-2025 00:39:43,Diverse Power
Troup,67,0,17815,05-28-2025 00:45:46,Diverse Power
Muscogee,2,2,2728,05-28-2025 00:45:46,Diverse Power
Meriwether,89,1,2430,05-28-2025 00:45:46,Diverse Power
Harris,74,74,8315,05-28-2025 00:45:46,Diverse Power
Troup,67,0,17815,05-28-2025 00:52:47,Diverse Power
Muscogee,2,2,2728,05-28-2025 00:52:47,Diverse Power
Meriwether,89,1,2430,05-28-2025 00:52:47,Diverse Power
Harris,74,74,8315,05-28-2025 00:52:47,Diverse Power
Troup,67,0,17815,05-28-2025 00:52:38,Diverse Power
Muscogee,2,2,2728,05-28-2025 00:52:38,Diverse Power
Meriwether,89,1,2430,05-28-2025 00:52:38,Diverse Power
Harris,74,74,8315,05-28-2025 00:52:38,Diverse Power
Troup,67,0,17815,05-28-2025 01:07:44,Diverse Power
Muscogee,2,2,2728,05-28-2025 01:07:44,Diverse Power
Meriwether,89,1,2430,05-28-2025 01:07:44,Diverse Power
Harris,74,74,8315,05-28-2025 01:07:44,Diverse Power
Troup,67,0,17815,05-28-2025 01:22:45,Diverse Power
Muscogee,2,2,2728,05-28-2025 01:22:45,Diverse Power
Meriwether,89,1,2430,05-28-2025 01:22:45,Diverse Power
Harris,74,74,8315,05-28-2025 01:22:45,Diverse Power
Muscogee,2,2,2728,05-28-2025 01:37:47,Diverse Power
Harris,74,74,8315,05-28-2025 01:37:47,Diverse Power
Muscogee,2,2,2728,05-28-2025 01:52:42,Diverse Power
Harris,74,74,8315,05-28-2025 01:52:42,Diverse Power
Muscogee,2,2,2728,05-28-2025 02:07:42,Diverse Power
Harris,74,74,8315,05-28-2025 02:07:42,Diverse Power
Muscogee,2,2,2728,05-28-2025 02:22:42,Diverse Power
Harris,74,74,8315,05-28-2025 02:22:42,Diverse Power
Muscogee,2,2,2728,05-28-2025 02:37:46,Diverse Power
Harris,74,74,8315,05-28-2025 02:37:46,Diverse Power
Muscogee,2,2,2728,05-28-2025 02:52:42,Diverse Power
Harris,74,74,8315,05-28-2025 02:52:42,Diverse Power
Muscogee,2,2,2728,05-28-2025 03:07:45,Diverse Power
Harris,74,74,8315,05-28-2025 03:07:45,Diverse Power
Troup,2,2,17815,05-28-2025 03:22:44,Diverse Power
Muscogee,2,2,2728,05-28-2025 03:22:44,Diverse Power
Harris,74,74,8315,05-28-2025 03:22:44,Diverse Power
Muscogee,2,2,2728,05-28-2025 03:37:48,Diverse Power
Harris,74,74,8315,05-28-2025 03:37:48,Diverse Power
Muscogee,2,2,2728,05-28-2025 03:52:50,Diverse Power
Harris,8,8,8315,05-28-2025 03:52:50,Diverse Power
Muscogee,2,2,2728,05-28-2025 04:07:52,Diverse Power
Harris,8,8,8315,05-28-2025 04:07:52,Diverse Power
Muscogee,2,2,2728,05-28-2025 04:22:44,Diverse Power
Harris,8,8,8315,05-28-2025 04:22:44,Diverse Power
Muscogee,2,2,2728,05-28-2025 04:37:42,Diverse Power
Meriwether,3,3,2430,05-28-2025 04:37:42,Diverse Power
Harris,8,8,8315,05-28-2025 04:37:42,Diverse Power
Muscogee,2,2,2728,05-28-2025 04:52:50,Diverse Power
Meriwether,3,3,2430,05-28-2025 04:52:50,Diverse Power
Harris,8,8,8315,05-28-2025 04:52:50,Diverse Power
Muscogee,2,0,2728,05-28-2025 05:07:50,Diverse Power
Meriwether,3,3,2430,05-28-2025 05:07:50,Diverse Power
Harris,8,0,8315,05-28-2025 05:07:50,Diverse Power
Meriwether,3,3,2430,05-28-2025 05:22:48,Diverse Power
Meriwether,3,3,2430,05-28-2025 05:37:50,Diverse Power
Meriwether,3,3,2430,05-28-2025 05:52:48,Diverse Power
Meriwether,3,3,2430,05-28-2025 06:07:49,Diverse Power
Meriwether,3,3,2430,05-28-2025 06:22:49,Diverse Power
Meriwether,3,3,2430,05-28-2025 06:37:49,Diverse Power
Harris,1,1,8315,05-28-2025 10:52:45,Diverse Power
Harris,1,1,8315,05-28-2025 11:07:47,Diverse Power
Harris,1,1,8315,05-28-2025 11:22:45,Diverse Power
Harris,1,1,8315,05-28-2025 11:37:46,Diverse Power
Harris,1,0,8315,05-28-2025 11:52:50,Diverse Power
Harris,1,0,8315,05-28-2025 12:07:50,Diverse Power
Troup,3,3,17815,05-28-2025 12:37:51,Diverse Power
Muscogee,2,2,2728,05-28-2025 12:37:51,Diverse Power
Troup,3,3,17815,05-28-2025 12:52:50,Diverse Power
Muscogee,2,2,2728,05-28-2025 12:52:50,Diverse Power
Troup,3,3,17815,05-28-2025 13:07:50,Diverse Power
Muscogee,2,2,2728,05-28-2025 13:07:50,Diverse Power
Muscogee,2,2,2728,05-28-2025 13:22:51,Diverse Power
Muscogee,2,2,2728,05-28-2025 13:37:54,Diverse Power
Muscogee,2,2,2728,05-28-2025 13:52:45,Diverse Power
Muscogee,2,2,2728,05-28-2025 14:07:52,Diverse Power
Muscogee,2,2,2728,05-28-2025 14:22:48,Diverse Power
Muscogee,2,2,2728,05-28-2025 14:37:45,Diverse Power
Muscogee,2,2,2728,05-28-2025 14:52:51,Diverse Power
Muscogee,2,2,2727,05-28-2025 15:08:00,Diverse Power
Muscogee,2,2,2727,05-28-2025 15:23:23,Diverse Power
Harris,2,2,8315,05-28-2025 15:23:23,Diverse Power
Muscogee,2,2,2727,05-28-2025 15:37:55,Diverse Power
Harris,2,2,8315,05-28-2025 15:37:55,Diverse Power
Muscogee,2,2,2727,05-28-2025 15:52:57,Diverse Power
Harris,2,2,8315,05-28-2025 15:52:57,Diverse Power
Muscogee,2,2,2727,05-28-2025 16:08:09,Diverse Power
Harris,2,2,8315,05-28-2025 16:08:09,Diverse Power
Muscogee,2,2,2727,05-28-2025 16:22:54,Diverse Power
Harris,2,2,8315,05-28-2025 16:22:54,Diverse Power
Muscogee,2,0,2727,05-28-2025 16:37:50,Diverse Power
Harris,2,2,8315,05-28-2025 16:37:50,Diverse Power
Harris,2,2,8315,05-28-2025 16:52:51,Diverse Power
Harris,2,2,8315,05-28-2025 17:07:49,Diverse Power
Harris,2,2,8315,05-28-2025 17:22:51,Diverse Power
Harris,2,2,8315,05-28-2025 17:37:54,Diverse Power
Harris,37,37,8315,05-28-2025 17:52:51,Diverse Power
Harris,37,37,8315,05-28-2025 18:07:51,Diverse Power
Harris,37,37,8315,05-28-2025 18:22:50,Diverse Power
Harris,37,2,8315,05-28-2025 18:37:53,Diverse Power
Harris,2,2,8315,05-28-2025 18:52:51,Diverse Power
Harris,2,0,8315,05-28-2025 19:07:57,Diverse Power
Calhoun,12,12,1374,05-29-2025 12:22:44,Diverse Power
Harris,2,2,8315,05-29-2025 12:22:44,Diverse Power
Harris,2,2,8315,05-29-2025 12:37:43,Diverse Power
Harris,2,2,8315,05-29-2025 12:52:45,Diverse Power
Harris,2,2,8315,05-29-2025 13:07:46,Diverse Power
Troup,1,1,17813,05-29-2025 13:22:46,Diverse Power
Harris,2,2,8315,05-29-2025 13:22:46,Diverse Power
Harris,2,2,8315,05-29-2025 13:37:47,Diverse Power
Troup,29,29,17813,05-29-2025 13:52:47,Diverse Power
Harris,2,2,8315,05-29-2025 13:52:47,Diverse Power
Troup,29,29,17813,05-29-2025 14:07:48,Diverse Power
Harris,2,2,8315,05-29-2025 14:07:48,Diverse Power
Troup,29,29,17813,05-29-2025 14:22:45,Diverse Power
Harris,2,2,8316,05-29-2025 14:22:45,Diverse Power
Troup,29,29,17813,05-29-2025 14:37:51,Diverse Power
Harris,2,2,8316,05-29-2025 14:37:51,Diverse Power
Harris,2,2,8316,05-29-2025 14:52:42,Diverse Power
Harris,2,2,8316,05-29-2025 15:07:47,Diverse Power
Harris,2,2,8316,05-29-2025 15:22:47,Diverse Power
Troup,2,2,17814,05-29-2025 16:22:53,Diverse Power
Troup,2,2,17814,05-29-2025 16:37:53,Diverse Power
Troup,694,694,17812,05-29-2025 17:52:46,Diverse Power
Troup,694,694,17812,05-29-2025 18:07:58,Diverse Power
Troup,694,694,17812,05-29-2025 18:22:59,Diverse Power
Troup,694,694,17812,05-29-2025 18:37:53,Diverse Power
Troup,694,694,17812,05-29-2025 18:52:55,Diverse Power
Troup,695,695,17812,05-29-2025 19:08:03,Diverse Power
Troup,696,696,17812,05-29-2025 19:22:56,Diverse Power
Troup,696,2,17812,05-29-2025 19:37:52,Diverse Power
Troup,696,0,17812,05-29-2025 19:52:51,Diverse Power
Troup,696,0,17812,05-29-2025 20:07:53,Diverse Power
Troup,257,257,17813,05-29-2025 20:52:52,Diverse Power
Chambers,83,83,682,05-29-2025 20:52:52,Diverse Power
Troup,257,257,17813,05-29-2025 21:07:53,Diverse Power
Chambers,83,83,682,05-29-2025 21:07:53,Diverse Power
Troup,260,3,17813,05-29-2025 21:22:51,Diverse Power
Chambers,83,0,682,05-29-2025 21:22:51,Diverse Power
Troup,257,0,17813,05-29-2025 21:37:48,Diverse Power
Chambers,83,0,682,05-29-2025 21:37:48,Diverse Power
Troup,1,1,17814,05-29-2025 22:52:40,Diverse Power
Troup,1,1,17814,05-29-2025 23:07:42,Diverse Power
Troup,1,1,17814,05-29-2025 23:22:44,Diverse Power
Troup,1,1,17814,05-29-2025 23:37:43,Diverse Power
Troup,1,1,17814,05-29-2025 23:52:41,Diverse Power
Troup,1,1,17814,05-30-2025 00:07:42,Diverse Power
Calhoun,3,3,1374,05-30-2025 06:22:40,Diverse Power
Calhoun,15,15,1374,05-30-2025 06:37:40,Diverse Power
Calhoun,15,15,1374,05-30-2025 06:52:40,Diverse Power
Calhoun,15,15,1374,05-30-2025 07:07:40,Diverse Power
Calhoun,15,15,1374,05-30-2025 07:22:40,Diverse Power
Calhoun,15,15,1374,05-30-2025 07:37:40,Diverse Power
Troup,1,1,17814,05-30-2025 09:52:43,Diverse Power
Troup,8,8,17814,05-30-2025 10:07:43,Diverse Power
Troup,8,8,17814,05-30-2025 10:22:40,Diverse Power
Troup,8,8,17814,05-30-2025 10:37:40,Diverse Power
Troup,8,8,17814,05-30-2025 10:52:40,Diverse Power
Troup,8,8,17814,05-30-2025 11:07:41,Diverse Power
Troup,8,8,17814,05-30-2025 11:22:42,Diverse Power
Troup,8,8,17814,05-30-2025 11:37:42,Diverse Power
Troup,8,8,17814,05-30-2025 11:52:41,Diverse Power
Troup,8,8,17812,05-30-2025 12:08:45,Diverse Power
Troup,8,8,17811,05-30-2025 12:22:46,Diverse Power
Quitman,15,15,1308,05-30-2025 15:52:52,Diverse Power
Quitman,15,15,1308,05-30-2025 16:07:51,Diverse Power
Quitman,15,15,1308,05-30-2025 16:22:49,Diverse Power
Quitman,15,15,1308,05-30-2025 16:37:48,Diverse Power
Quitman,15,15,1308,05-30-2025 16:52:51,Diverse Power
Quitman,15,15,1308,05-30-2025 17:07:55,Diverse Power
Quitman,15,15,1308,05-30-2025 17:22:47,Diverse Power
Quitman,15,15,1308,05-30-2025 17:37:46,Diverse Power
Quitman,15,15,1308,05-30-2025 17:52:51,Diverse Power
Quitman,15,15,1308,05-30-2025 18:07:59,Diverse Power
Quitman,15,15,1308,05-30-2025 18:22:48,Diverse Power
Quitman,15,15,1308,05-30-2025 18:37:47,Diverse Power
Quitman,15,15,1308,05-30-2025 18:52:48,Diverse Power
Quitman,15,15,1308,05-30-2025 19:07:50,Diverse Power
Troup,5,5,17815,05-31-2025 11:52:44,Diverse Power
Troup,29,29,17815,05-31-2025 12:07:44,Diverse Power
Troup,29,29,17815,05-31-2025 12:22:44,Diverse Power
Troup,29,29,17815,05-31-2025 12:37:43,Diverse Power
Troup,1,1,17815,05-31-2025 12:52:42,Diverse Power
Troup,1,1,17815,05-31-2025 13:07:43,Diverse Power
Troup,1,1,17815,05-31-2025 13:22:43,Diverse Power
Harris,26,26,8316,05-31-2025 18:07:47,Diverse Power
Harris,3,3,8316,05-31-2025 18:22:48,Diverse Power
Harris,3,3,8316,05-31-2025 18:37:46,Diverse Power
Harris,3,3,8316,05-31-2025 18:52:47,Diverse Power
Harris,3,0,8316,05-31-2025 19:07:47,Diverse Power
Troup,2,2,17815,06-01-2025 08:07:42,Diverse Power
Troup,2,2,17815,06-01-2025 08:22:42,Diverse Power
Troup,2,2,17815,06-01-2025 08:37:44,Diverse Power
Troup,2,2,17815,06-01-2025 08:52:40,Diverse Power
Troup,2,2,17815,06-01-2025 09:07:40,Diverse Power
Troup,2,2,17815,06-01-2025 09:22:39,Diverse Power
Troup,2,2,17815,06-01-2025 09:37:41,Diverse Power
Troup,2,2,17815,06-01-2025 09:52:44,Diverse Power
Troup,2,2,17815,06-01-2025 10:07:41,Diverse Power
Troup,2,2,17815,06-01-2025 10:22:42,Diverse Power
Troup,2,2,17815,06-01-2025 10:37:40,Diverse Power
Troup,2,2,17815,06-01-2025 10:52:40,Diverse Power
Troup,2,2,17815,06-01-2025 11:07:40,Diverse Power
Troup,7,7,17815,06-01-2025 11:22:41,Diverse Power
Troup,7,7,17815,06-01-2025 11:37:39,Diverse Power
Troup,7,7,17815,06-01-2025 11:52:40,Diverse Power
Troup,7,7,17815,06-01-2025 12:07:40,Diverse Power
Troup,7,7,17815,06-01-2025 12:22:41,Diverse Power
Troup,7,7,17815,06-01-2025 12:37:42,Diverse Power
Harris,2,2,8316,06-01-2025 12:37:42,Diverse Power
Troup,7,7,17815,06-01-2025 12:52:41,Diverse Power
Harris,2,2,8316,06-01-2025 12:52:41,Diverse Power
Troup,7,7,17815,06-01-2025 13:07:42,Diverse Power
Harris,2,2,8316,06-01-2025 13:07:42,Diverse Power
Troup,7,7,17815,06-01-2025 13:22:43,Diverse Power
Harris,2,2,8316,06-01-2025 13:22:43,Diverse Power
Troup,7,7,17815,06-01-2025 13:37:45,Diverse Power
Harris,2,2,8316,06-01-2025 13:37:45,Diverse Power
Troup,8,8,17815,06-01-2025 13:52:46,Diverse Power
Harris,2,2,8316,06-01-2025 13:52:46,Diverse Power
Troup,8,8,17815,06-01-2025 14:07:46,Diverse Power
Harris,2,2,8316,06-01-2025 14:07:46,Diverse Power
Troup,8,8,17815,06-01-2025 14:22:46,Diverse Power
Harris,2,2,8316,06-01-2025 14:22:46,Diverse Power
Troup,8,8,17815,06-01-2025 14:37:44,Diverse Power
Harris,2,2,8316,06-01-2025 14:37:44,Diverse Power
Troup,8,8,17815,06-01-2025 14:52:43,Diverse Power
Troup,8,8,17815,06-01-2025 15:07:43,Diverse Power
Troup,1,1,17815,06-01-2025 15:22:44,Diverse Power
Troup,1,1,17815,06-01-2025 18:22:40,Diverse Power
Troup,1,1,17815,06-01-2025 18:37:40,Diverse Power
Troup,1,1,17815,06-01-2025 18:52:40,Diverse Power
Troup,1,1,17815,06-01-2025 19:07:40,Diverse Power
Troup,1,1,17815,06-01-2025 19:22:40,Diverse Power
Troup,1,1,17815,06-01-2025 19:37:40,Diverse Power
Troup,1,1,17815,06-01-2025 19:52:40,Diverse Power
Troup,1,1,17815,06-01-2025 20:07:44,Diverse Power
Troup,1,1,17815,06-01-2025 20:22:44,Diverse Power
Troup,1,1,17815,06-01-2025 20:37:45,Diverse Power
Troup,1,1,17815,06-01-2025 20:52:46,Diverse Power
Troup,1,1,17815,06-01-2025 21:07:46,Diverse Power
Troup,1,1,17815,06-01-2025 21:22:45,Diverse Power
Troup,1,1,17815,06-01-2025 21:37:44,Diverse Power
Troup,1,1,17815,06-01-2025 21:52:45,Diverse Power
Troup,1,1,17815,06-01-2025 22:07:43,Diverse Power
Troup,1,1,17815,06-01-2025 22:22:45,Diverse Power
Troup,1,1,17815,06-01-2025 22:37:42,Diverse Power
Troup,1,1,17815,06-02-2025 04:22:44,Diverse Power
Troup,1,1,17815,06-02-2025 04:37:43,Diverse Power
Troup,1,1,17815,06-02-2025 04:52:42,Diverse Power
Troup,1,1,17815,06-02-2025 05:07:42,Diverse Power
Troup,1,1,17815,06-02-2025 05:22:43,Diverse Power
Troup,1,1,17815,06-02-2025 05:37:42,Diverse Power
Troup,1,1,17815,06-02-2025 05:52:42,Diverse Power
Muscogee,2,2,2726,06-02-2025 08:07:42,Diverse Power
Harris,1,1,8316,06-02-2025 12:07:44,Diverse Power
Harris,10,10,8316,06-02-2025 12:22:44,Diverse Power
Harris,10,10,8316,06-02-2025 12:37:43,Diverse Power
Harris,10,10,8316,06-02-2025 12:52:46,Diverse Power
Harris,10,10,8316,06-02-2025 13:07:45,Diverse Power
Harris,10,10,8316,06-02-2025 13:22:44,Diverse Power
Harris,10,10,8316,06-02-2025 13:37:47,Diverse Power
Meriwether,4,4,2432,06-02-2025 13:52:48,Diverse Power
Meriwether,4,4,2432,06-02-2025 14:07:47,Diverse Power
Meriwether,4,4,2432,06-02-2025 14:22:48,Diverse Power
Meriwether,4,4,2432,06-02-2025 14:37:46,Diverse Power
Meriwether,4,4,2432,06-02-2025 14:52:48,Diverse Power
Meriwether,4,4,2432,06-02-2025 15:07:48,Diverse Power
Meriwether,4,4,2432,06-02-2025 15:22:49,Diverse Power
Meriwether,4,4,2432,06-02-2025 15:37:48,Diverse Power
Meriwether,4,4,2432,06-02-2025 15:52:48,Diverse Power
Meriwether,4,4,2432,06-02-2025 16:07:45,Diverse Power
Meriwether,4,4,2432,06-02-2025 16:22:43,Diverse Power
Meriwether,4,4,2432,06-02-2025 16:37:45,Diverse Power
Meriwether,4,4,2432,06-02-2025 16:52:45,Diverse Power
Meriwether,4,4,2432,06-02-2025 17:08:08,Diverse Power
Meriwether,4,4,2432,06-02-2025 17:22:42,Diverse Power
Meriwether,4,4,2432,06-02-2025 17:37:44,Diverse Power
Meriwether,4,4,2432,06-02-2025 17:52:43,Diverse Power
Meriwether,4,4,2432,06-02-2025 18:07:44,Diverse Power
Meriwether,4,4,2432,06-02-2025 18:22:43,Diverse Power
Meriwether,4,4,2432,06-02-2025 18:37:42,Diverse Power
Troup,2,2,17809,06-02-2025 18:52:43,Diverse Power
Meriwether,4,4,2432,06-02-2025 18:52:43,Diverse Power
Troup,2,2,17809,06-02-2025 19:07:43,Diverse Power
Meriwether,4,4,2432,06-02-2025 19:07:43,Diverse Power
Troup,1,1,17809,06-02-2025 19:22:43,Diverse Power
Meriwether,4,4,2432,06-02-2025 19:22:43,Diverse Power
Troup,1,1,17809,06-02-2025 19:37:45,Diverse Power
Meriwether,4,4,2432,06-02-2025 19:37:45,Diverse Power
Troup,1,1,17809,06-02-2025 19:52:45,Diverse Power
Meriwether,4,4,2432,06-02-2025 19:52:45,Diverse Power
Troup,1,1,17808,06-02-2025 20:07:43,Diverse Power
Meriwether,4,4,2432,06-02-2025 20:07:43,Diverse Power
Meriwether,4,4,2432,06-02-2025 20:22:43,Diverse Power
Meriwether,4,4,2432,06-02-2025 20:37:45,Diverse Power
Meriwether,4,4,2432,06-02-2025 20:52:46,Diverse Power
Meriwether,4,4,2432,06-02-2025 21:07:47,Diverse Power
Meriwether,4,4,2432,06-02-2025 21:24:03,Diverse Power
Meriwether,4,4,2432,06-02-2025 21:38:00,Diverse Power
Troup,2,2,17808,06-02-2025 22:22:43,Diverse Power
Troup,2,2,17808,06-02-2025 22:37:45,Diverse Power
Troup,1,1,17808,06-03-2025 08:52:44,Diverse Power
Troup,1,1,17808,06-03-2025 09:07:45,Diverse Power
Troup,1,1,17808,06-03-2025 09:22:44,Diverse Power
Harris,1,1,8315,06-03-2025 12:07:46,Diverse Power
Harris,1,1,8315,06-03-2025 12:22:44,Diverse Power
Harris,1,1,8315,06-03-2025 12:37:41,Diverse Power
Harris,1,1,8315,06-03-2025 12:52:40,Diverse Power
Harris,1,1,8315,06-03-2025 13:07:40,Diverse Power
Harris,1,1,8315,06-03-2025 13:22:42,Diverse Power
Harris,1,1,8315,06-03-2025 13:37:42,Diverse Power
Harris,1,1,8315,06-03-2025 13:52:46,Diverse Power
Harris,1,1,8315,06-03-2025 14:07:46,Diverse Power
Harris,1,1,8315,06-03-2025 14:22:49,Diverse Power
Harris,1,1,8315,06-03-2025 14:37:46,Diverse Power
Harris,1,1,8315,06-03-2025 14:52:47,Diverse Power
Harris,1,1,8315,06-03-2025 15:07:45,Diverse Power
Harris,1,1,8315,06-03-2025 15:22:48,Diverse Power
Harris,1,1,8315,06-03-2025 15:37:46,Diverse Power
Harris,1,1,8315,06-03-2025 15:52:43,Diverse Power
Harris,1,1,8315,06-03-2025 16:07:51,Diverse Power
Harris,1,1,8315,06-03-2025 16:22:50,Diverse Power
Calhoun,1,1,1375,06-03-2025 18:22:49,Diverse Power
Calhoun,1,1,1375,06-03-2025 18:37:56,Diverse Power
Calhoun,1,1,1375,06-03-2025 18:52:46,Diverse Power
Calhoun,1,1,1375,06-03-2025 19:07:47,Diverse Power
Calhoun,1,1,1375,06-03-2025 19:22:44,Diverse Power
Calhoun,1,1,1375,06-03-2025 19:37:43,Diverse Power
Calhoun,1,1,1375,06-03-2025 19:52:43,Diverse Power
Calhoun,1,1,1375,06-03-2025 20:07:44,Diverse Power
Meriwether,2,2,2428,06-03-2025 20:07:44,Diverse Power
Calhoun,1,1,1375,06-03-2025 20:22:44,Diverse Power
Meriwether,2,2,2428,06-03-2025 20:22:44,Diverse Power
Calhoun,1,1,1375,06-03-2025 20:37:40,Diverse Power
Meriwether,2,2,2428,06-03-2025 20:37:40,Diverse Power
Calhoun,1,1,1375,06-03-2025 20:52:39,Diverse Power
Meriwether,2,2,2428,06-03-2025 20:52:39,Diverse Power
Meriwether,2,2,2428,06-03-2025 21:07:42,Diverse Power
Muscogee,2,2,2725,06-03-2025 23:37:40,Diverse Power
Muscogee,2,2,2725,06-03-2025 23:52:41,Diverse Power
Muscogee,2,2,2725,06-04-2025 00:07:42,Diverse Power
Muscogee,2,2,2725,06-04-2025 00:22:40,Diverse Power
Muscogee,2,2,2725,06-04-2025 00:37:40,Diverse Power
Muscogee,2,2,2704,06-04-2025 13:22:45,Diverse Power
Muscogee,2,2,2702,06-04-2025 13:37:44,Diverse Power
Muscogee,2,2,2705,06-04-2025 13:52:45,Diverse Power
Calhoun,1,1,1375,06-04-2025 14:22:46,Diverse Power
Calhoun,1,1,1375,06-04-2025 14:37:44,Diverse Power
Calhoun,1,1,1375,06-04-2025 14:52:46,Diverse Power
Calhoun,1,1,1375,06-04-2025 15:07:50,Diverse Power
Troup,3,3,17801,06-04-2025 15:37:49,Diverse Power
Harris,46,46,8305,06-04-2025 21:25:28,Diverse Power
Harris,46,46,8305,06-04-2025 21:30:37,Diverse Power
Harris,46,46,8305,06-04-2025 21:38:17,Diverse Power
Harris,46,46,8305,06-04-2025 21:52:53,Diverse Power
Harris,46,46,8305,06-04-2025 22:07:54,Diverse Power
Harris,46,46,8305,06-04-2025 22:22:53,Diverse Power
Harris,46,46,8306,06-04-2025 22:37:50,Diverse Power
Harris,46,46,8306,06-04-2025 22:52:50,Diverse Power
Harris,46,46,8306,06-04-2025 23:07:48,Diverse Power
Harris,46,46,8306,06-04-2025 23:22:49,Diverse Power
Harris,46,46,8306,06-04-2025 23:37:48,Diverse Power
Meriwether,3,3,2425,06-04-2025 23:52:46,Diverse Power
Harris,46,46,8306,06-04-2025 23:52:46,Diverse Power
Meriwether,3,3,2425,06-05-2025 00:07:46,Diverse Power
Harris,46,46,8306,06-05-2025 00:07:46,Diverse Power
Meriwether,3,3,2425,06-05-2025 00:22:50,Diverse Power
Harris,46,46,8306,06-05-2025 00:22:50,Diverse Power
Meriwether,3,3,2425,06-05-2025 00:37:45,Diverse Power
Harris,46,46,8306,06-05-2025 00:37:45,Diverse Power
Meriwether,3,3,2425,06-05-2025 00:52:51,Diverse Power
Meriwether,3,3,2425,06-05-2025 01:07:47,Diverse Power
Meriwether,3,3,2425,06-05-2025 01:22:48,Diverse Power
Meriwether,3,3,2425,06-05-2025 01:37:48,Diverse Power
Meriwether,3,3,2425,06-05-2025 01:52:44,Diverse Power
Meriwether,3,3,2425,06-05-2025 02:07:42,Diverse Power
Meriwether,3,3,2425,06-05-2025 02:22:42,Diverse Power
Meriwether,3,3,2425,06-05-2025 02:37:47,Diverse Power
Meriwether,3,3,2425,06-05-2025 02:52:47,Diverse Power
Meriwether,3,3,2425,06-05-2025 03:07:44,Diverse Power
Troup,1,1,17805,06-05-2025 06:07:42,Diverse Power
Troup,1,1,17805,06-05-2025 06:22:40,Diverse Power
Troup,1,1,17805,06-05-2025 06:37:41,Diverse Power
Troup,1,1,17805,06-05-2025 06:52:41,Diverse Power
Meriwether,1,1,2420,06-05-2025 13:37:44,Diverse Power
Meriwether,1,1,2419,06-05-2025 13:52:46,Diverse Power
Meriwether,1,1,2421,06-05-2025 14:07:46,Diverse Power
Meriwether,1,1,2421,06-05-2025 14:22:48,Diverse Power
Meriwether,1,1,2421,06-05-2025 14:37:48,Diverse Power
Meriwether,1,1,2424,06-05-2025 14:52:44,Diverse Power
Meriwether,1,1,2424,06-05-2025 15:07:47,Diverse Power
Meriwether,1,1,2424,06-05-2025 15:22:45,Diverse Power
Meriwether,1,1,2424,06-05-2025 15:37:46,Diverse Power
Meriwether,1,1,2425,06-05-2025 15:52:47,Diverse Power
Harris,38,38,8294,06-05-2025 21:22:43,Diverse Power
Harris,38,38,8294,06-05-2025 21:37:44,Diverse Power
Harris,38,38,8294,06-05-2025 21:52:42,Diverse Power
Harris,38,38,8295,06-05-2025 22:07:46,Diverse Power
Harris,5,5,8296,06-05-2025 22:22:42,Diverse Power
Troup,4,4,17803,06-05-2025 22:37:40,Diverse Power
Harris,5,5,8296,06-05-2025 22:37:40,Diverse Power
Harris,5,5,8299,06-05-2025 22:52:42,Diverse Power
Harris,1,1,8299,06-05-2025 23:22:44,Diverse Power
Harris,1,1,8299,06-05-2025 23:37:44,Diverse Power
Harris,1,1,8301,06-05-2025 23:52:45,Diverse Power
Harris,1,1,8301,06-06-2025 00:07:47,Diverse Power
Harris,1,1,8301,06-06-2025 00:22:46,Diverse Power
Harris,1,1,8301,06-06-2025 00:37:44,Diverse Power
Harris,1,1,8301,06-06-2025 00:52:45,Diverse Power
Harris,1,1,8301,06-06-2025 01:07:46,Diverse Power
Harris,1,1,8303,06-06-2025 12:52:44,Diverse Power
Harris,1,1,8303,06-06-2025 13:07:45,Diverse Power
Harris,1,1,8303,06-06-2025 13:22:45,Diverse Power
Harris,1,1,8303,06-06-2025 13:37:46,Diverse Power
Troup,1,1,17774,06-06-2025 22:07:48,Diverse Power
Troup,3,3,17775,06-06-2025 22:37:44,Diverse Power
Troup,15,15,17778,06-07-2025 00:52:47,Diverse Power
Troup,2,2,17781,06-07-2025 10:37:41,Diverse Power
Troup,2,2,17781,06-07-2025 10:52:42,Diverse Power
Troup,2,2,17781,06-07-2025 11:07:42,Diverse Power
Troup,2,2,17781,06-07-2025 11:22:43,Diverse Power
Troup,2,2,17781,06-07-2025 11:37:43,Diverse Power
Troup,2,2,17781,06-07-2025 11:52:44,Diverse Power
Troup,2,2,17781,06-07-2025 12:07:44,Diverse Power
Troup,2,0,17782,06-07-2025 12:22:43,Diverse Power
Harris,1,1,8308,06-07-2025 17:22:42,Diverse Power
Harris,1,1,8308,06-07-2025 17:37:42,Diverse Power
Harris,1,1,8308,06-07-2025 17:52:42,Diverse Power
Troup,1,1,17785,06-07-2025 19:22:45,Diverse Power
Troup,1,1,17785,06-07-2025 19:37:45,Diverse Power
Troup,1,1,17785,06-07-2025 19:52:47,Diverse Power
Troup,11,11,17786,06-07-2025 20:38:03,Diverse Power
Troup,2,2,17786,06-07-2025 22:07:55,Diverse Power
Troup,36,36,17786,06-07-2025 22:22:52,Diverse Power
Troup,36,36,17786,06-07-2025 22:37:52,Diverse Power
Meriwether,7,7,2428,06-07-2025 22:37:52,Diverse Power
Troup,36,34,17786,06-07-2025 22:52:53,Diverse Power
Meriwether,7,7,2428,06-07-2025 22:52:53,Diverse Power
Troup,34,34,17786,06-07-2025 23:07:49,Diverse Power
Meriwether,7,7,2428,06-07-2025 23:07:49,Diverse Power
Meriwether,7,7,2428,06-07-2025 23:22:47,Diverse Power
Meriwether,7,7,2428,06-07-2025 23:37:51,Diverse Power
Meriwether,7,7,2428,06-07-2025 23:52:49,Diverse Power
Meriwether,7,7,2428,06-08-2025 00:07:50,Diverse Power
Meriwether,7,7,2428,06-08-2025 00:22:51,Diverse Power
Meriwether,7,7,2428,06-08-2025 00:37:47,Diverse Power
Meriwether,7,7,2428,06-08-2025 00:52:49,Diverse Power
Meriwether,7,7,2428,06-08-2025 01:07:46,Diverse Power
Meriwether,7,7,2428,06-08-2025 01:22:45,Diverse Power
Troup,2,2,17786,06-08-2025 08:37:44,Diverse Power
Troup,2,2,17786,06-08-2025 08:52:45,Diverse Power
Troup,2,2,17786,06-08-2025 09:07:48,Diverse Power
Chambers,2,2,679,06-08-2025 09:52:52,Diverse Power
Chambers,2,2,679,06-08-2025 10:07:51,Diverse Power
Chambers,2,2,679,06-08-2025 10:22:52,Diverse Power
Chambers,2,2,679,06-08-2025 10:37:52,Diverse Power
Troup,53,53,17786,06-08-2025 10:52:53,Diverse Power
Chambers,2,2,679,06-08-2025 10:52:53,Diverse Power
Troup,109,109,17786,06-08-2025 11:07:54,Diverse Power
Chambers,2,2,679,06-08-2025 11:07:54,Diverse Power
Troup,120,120,17786,06-08-2025 11:22:53,Diverse Power
Chambers,7,7,679,06-08-2025 11:22:53,Diverse Power
Harris,110,110,8308,06-08-2025 11:22:53,Diverse Power
Troup,122,122,17786,06-08-2025 11:37:53,Diverse Power
Chambers,8,8,679,06-08-2025 11:37:53,Diverse Power
Harris,123,123,8308,06-08-2025 11:37:53,Diverse Power
Troup,126,126,17786,06-08-2025 11:52:53,Diverse Power
Chambers,6,6,679,06-08-2025 11:52:53,Diverse Power
Harris,123,123,8308,06-08-2025 11:52:53,Diverse Power
Troup,126,126,17786,06-08-2025 12:07:45,Diverse Power
Muscogee,13,13,2725,06-08-2025 12:07:45,Diverse Power
Chambers,6,6,679,06-08-2025 12:07:45,Diverse Power
Harris,123,123,8308,06-08-2025 12:07:45,Diverse Power
Troup,115,6,17786,06-08-2025 12:22:45,Diverse Power
Muscogee,13,13,2725,06-08-2025 12:22:45,Diverse Power
Harris,15,15,8308,06-08-2025 12:22:45,Diverse Power
Troup,6,6,17786,06-08-2025 12:37:44,Diverse Power
Muscogee,13,13,2725,06-08-2025 12:37:44,Diverse Power
Harris,15,15,8308,06-08-2025 12:37:44,Diverse Power
Troup,6,6,17786,06-08-2025 12:52:46,Diverse Power
Muscogee,39,39,2725,06-08-2025 12:52:46,Diverse Power
Harris,19,19,8308,06-08-2025 12:52:46,Diverse Power
Muscogee,39,39,2725,06-08-2025 13:07:51,Diverse Power
Harris,19,19,8308,06-08-2025 13:07:51,Diverse Power
Muscogee,31,31,2725,06-08-2025 13:22:50,Diverse Power
Harris,19,19,8308,06-08-2025 13:22:50,Diverse Power
Muscogee,31,31,2725,06-08-2025 13:37:50,Diverse Power
Harris,4,4,8308,06-08-2025 13:37:50,Diverse Power
Randolph,38,38,1738,06-08-2025 13:52:53,Diverse Power
Troup,2,2,17786,06-08-2025 13:52:53,Diverse Power
Muscogee,5,5,2725,06-08-2025 13:52:53,Diverse Power
Clay,45,45,975,06-08-2025 13:52:53,Diverse Power
Randolph,38,38,1738,06-08-2025 14:07:53,Diverse Power
Muscogee,5,5,2725,06-08-2025 14:07:53,Diverse Power
Clay,45,45,975,06-08-2025 14:07:53,Diverse Power
Randolph,38,38,1738,06-08-2025 14:22:53,Diverse Power
Muscogee,5,5,2725,06-08-2025 14:22:53,Diverse Power
Clay,45,45,975,06-08-2025 14:22:53,Diverse Power
Randolph,38,38,1738,06-08-2025 14:37:55,Diverse Power
Muscogee,5,0,2725,06-08-2025 14:37:55,Diverse Power
Clay,45,45,975,06-08-2025 14:37:55,Diverse Power
Randolph,38,38,1738,06-08-2025 14:52:51,Diverse Power
Clay,45,45,975,06-08-2025 14:52:51,Diverse Power
Randolph,38,38,1738,06-08-2025 15:07:52,Diverse Power
Clay,45,45,975,06-08-2025 15:07:52,Diverse Power
Randolph,38,38,1738,06-08-2025 15:22:49,Diverse Power
Clay,45,45,975,06-08-2025 15:22:49,Diverse Power
Randolph,38,38,1738,06-08-2025 15:37:49,Diverse Power
Clay,45,45,975,06-08-2025 15:37:49,Diverse Power
Randolph,38,38,1738,06-08-2025 15:52:46,Diverse Power
Clay,45,45,975,06-08-2025 15:52:46,Diverse Power
Randolph,38,38,1738,06-08-2025 16:07:44,Diverse Power
Troup,1,1,17787,06-08-2025 16:07:44,Diverse Power
Clay,45,45,975,06-08-2025 16:07:44,Diverse Power
Randolph,38,0,1738,06-08-2025 16:22:46,Diverse Power
Troup,1,1,17787,06-08-2025 16:22:46,Diverse Power
Clay,45,1,975,06-08-2025 16:22:46,Diverse Power
Randolph,12,12,1738,06-08-2025 16:37:48,Diverse Power
Troup,13,13,17787,06-08-2025 16:37:48,Diverse Power
Clay,22,22,975,06-08-2025 16:37:48,Diverse Power
Randolph,12,12,1738,06-08-2025 16:52:50,Diverse Power
Troup,1,1,17787,06-08-2025 16:52:50,Diverse Power
Calhoun,2,2,1374,06-08-2025 16:52:50,Diverse Power
Clay,22,22,975,06-08-2025 16:52:50,Diverse Power
Randolph,12,12,1738,06-08-2025 17:07:51,Diverse Power
Troup,1,1,17787,06-08-2025 17:07:51,Diverse Power
Calhoun,2,2,1374,06-08-2025 17:07:51,Diverse Power
Clay,22,22,975,06-08-2025 17:07:51,Diverse Power
Randolph,12,12,1738,06-08-2025 17:22:52,Diverse Power
Troup,1,1,17787,06-08-2025 17:22:52,Diverse Power
Calhoun,2,0,1374,06-08-2025 17:22:52,Diverse Power
Clay,22,21,975,06-08-2025 17:22:52,Diverse Power
Randolph,12,12,1738,06-08-2025 17:38:56,Diverse Power
Troup,1,1,17787,06-08-2025 17:38:56,Diverse Power
Calhoun,2,2,1374,06-08-2025 17:38:56,Diverse Power
Clay,21,21,975,06-08-2025 17:38:56,Diverse Power
Harris,7,0,8308,06-08-2025 17:38:56,Diverse Power
Randolph,12,12,1738,06-08-2025 17:52:48,Diverse Power
Troup,1,1,17787,06-08-2025 17:52:48,Diverse Power
Clay,21,21,975,06-08-2025 17:52:48,Diverse Power
Randolph,12,12,1738,06-08-2025 18:07:47,Diverse Power
Troup,1,0,17787,06-08-2025 18:07:47,Diverse Power
Clay,21,21,975,06-08-2025 18:07:47,Diverse Power
Randolph,12,12,1738,06-08-2025 18:22:48,Diverse Power
Troup,1,0,17787,06-08-2025 18:22:48,Diverse Power
Clay,21,21,975,06-08-2025 18:22:48,Diverse Power
Randolph,12,12,1738,06-08-2025 18:37:49,Diverse Power
Troup,1,0,17787,06-08-2025 18:37:49,Diverse Power
Clay,21,21,975,06-08-2025 18:37:49,Diverse Power
Troup,4,4,17787,06-08-2025 19:07:43,Diverse Power
Troup,4,4,17787,06-08-2025 19:22:51,Diverse Power
Troup,4,4,17787,06-08-2025 19:37:53,Diverse Power
Troup,6,6,17787,06-08-2025 19:52:53,Diverse Power
Troup,6,6,17787,06-08-2025 20:07:56,Diverse Power
Troup,2,2,17787,06-08-2025 20:22:57,Diverse Power
Troup,2,2,17787,06-08-2025 20:37:55,Diverse Power
Randolph,1,1,1738,06-08-2025 21:53:00,Diverse Power
Randolph,1,1,1738,06-08-2025 22:07:59,Diverse Power
Randolph,1,1,1738,06-08-2025 22:23:01,Diverse Power
Troup,1,1,17787,06-08-2025 22:23:01,Diverse Power
Randolph,1,0,1738,06-08-2025 22:37:56,Diverse Power
Troup,1,1,17787,06-08-2025 22:37:56,Diverse Power
Calhoun,3,3,1374,06-08-2025 22:37:56,Diverse Power
Troup,1,1,17787,06-08-2025 22:52:51,Diverse Power
Troup,1,1,17787,06-08-2025 23:07:49,Diverse Power
Troup,1,1,17787,06-08-2025 23:22:47,Diverse Power
Troup,1,1,17787,06-08-2025 23:37:46,Diverse Power
Troup,1,1,17787,06-08-2025 23:52:48,Diverse Power
Meriwether,2,2,2428,06-09-2025 00:52:49,Diverse Power
Meriwether,1,1,2428,06-09-2025 01:07:46,Diverse Power
Meriwether,1,1,2428,06-09-2025 01:22:45,Diverse Power
Meriwether,1,1,2428,06-09-2025 01:37:45,Diverse Power
Meriwether,1,1,2428,06-09-2025 01:52:46,Diverse Power
Meriwether,1,1,2428,06-09-2025 02:07:46,Diverse Power
Meriwether,1,1,2428,06-09-2025 02:22:49,Diverse Power
Meriwether,1,1,2428,06-09-2025 02:37:50,Diverse Power
Troup,5,5,17726,06-09-2025 15:07:55,Diverse Power
Troup,22,22,17729,06-09-2025 15:22:55,Diverse Power
Troup,22,22,17730,06-09-2025 15:37:57,Diverse Power
Troup,2,2,17767,06-09-2025 21:07:57,Diverse Power
Troup,2,2,17767,06-09-2025 21:22:58,Diverse Power
Troup,2,2,17767,06-09-2025 21:38:02,Diverse Power
Troup,2,2,17772,06-09-2025 21:53:02,Diverse Power
Troup,2,2,17772,06-09-2025 22:07:53,Diverse Power
Troup,2,2,17772,06-09-2025 22:22:52,Diverse Power
Troup,2,2,17772,06-09-2025 22:37:59,Diverse Power
Troup,2,2,17772,06-09-2025 22:52:57,Diverse Power
Troup,2,2,17772,06-09-2025 23:07:59,Diverse Power
Troup,2,2,17772,06-09-2025 23:22:53,Diverse Power
Troup,2,2,17772,06-09-2025 23:37:52,Diverse Power
Troup,2,2,17773,06-09-2025 23:52:54,Diverse Power
Troup,2,2,17775,06-10-2025 00:07:55,Diverse Power
Troup,2,2,17776,06-10-2025 00:22:57,Diverse Power
Troup,2,2,17776,06-10-2025 00:37:58,Diverse Power
Troup,3,3,17776,06-10-2025 01:38:03,Diverse Power
Troup,1,1,17777,06-10-2025 01:53:01,Diverse Power
Troup,1,1,17777,06-10-2025 02:08:10,Diverse Power
Troup,1,1,17777,06-10-2025 02:23:07,Diverse Power
Troup,1,1,17777,06-10-2025 02:38:07,Diverse Power
Troup,2,2,17777,06-10-2025 02:53:07,Diverse Power
Harris,81,81,8308,06-10-2025 02:53:07,Diverse Power
Troup,2,2,17777,06-10-2025 03:08:03,Diverse Power
Harris,7,7,8308,06-10-2025 03:08:03,Diverse Power
Troup,2,2,17778,06-10-2025 03:22:55,Diverse Power
Harris,7,7,8308,06-10-2025 03:22:55,Diverse Power
Troup,2,2,17778,06-10-2025 03:37:57,Diverse Power
Harris,7,7,8308,06-10-2025 03:37:57,Diverse Power
Troup,2,2,17778,06-10-2025 03:52:58,Diverse Power
Harris,3,3,8308,06-10-2025 03:52:58,Diverse Power
Troup,2,2,17778,06-10-2025 04:07:57,Diverse Power
Harris,3,3,8308,06-10-2025 04:07:57,Diverse Power
Troup,1,1,17778,06-10-2025 10:22:49,Diverse Power
Chambers,2,2,680,06-10-2025 10:22:49,Diverse Power
Troup,6,6,17777,06-10-2025 13:00:48,Diverse Power
Randolph,1,1,1732,06-10-2025 13:10:07,Diverse Power
Troup,6,6,17777,06-10-2025 13:10:07,Diverse Power
Randolph,1,1,1732,06-10-2025 13:22:53,Diverse Power
Troup,6,6,17777,06-10-2025 13:22:53,Diverse Power
Randolph,1,1,1732,06-10-2025 13:37:57,Diverse Power
Troup,6,6,17777,06-10-2025 13:37:57,Diverse Power
Randolph,1,1,1733,06-10-2025 13:52:55,Diverse Power
Troup,6,6,17777,06-10-2025 13:52:55,Diverse Power
Randolph,1,1,1733,06-10-2025 14:08:00,Diverse Power
Troup,6,6,17777,06-10-2025 14:08:00,Diverse Power
Randolph,1,1,1733,06-10-2025 14:22:58,Diverse Power
Troup,6,6,17777,06-10-2025 14:22:58,Diverse Power
Randolph,1,1,1733,06-10-2025 14:38:03,Diverse Power
Troup,6,6,17777,06-10-2025 14:38:03,Diverse Power
Randolph,1,1,1733,06-10-2025 14:52:56,Diverse Power
Troup,6,6,17777,06-10-2025 14:52:56,Diverse Power
Randolph,1,1,1733,06-10-2025 15:07:56,Diverse Power
Troup,6,6,17777,06-10-2025 15:07:56,Diverse Power
Randolph,1,1,1733,06-10-2025 15:23:01,Diverse Power
Troup,6,6,17777,06-10-2025 15:23:01,Diverse Power
Randolph,1,1,1733,06-10-2025 15:37:58,Diverse Power
Troup,6,6,17778,06-10-2025 15:37:58,Diverse Power
Harris,2,2,8308,06-10-2025 15:37:58,Diverse Power
Randolph,1,1,1733,06-10-2025 15:52:59,Diverse Power
Troup,6,6,17778,06-10-2025 15:52:59,Diverse Power
Harris,2,2,8308,06-10-2025 15:52:59,Diverse Power
Randolph,1,1,1733,06-10-2025 16:07:58,Diverse Power
Troup,6,6,17778,06-10-2025 16:07:58,Diverse Power
Harris,2,2,8308,06-10-2025 16:07:58,Diverse Power
Harris,2,2,8308,06-10-2025 16:22:59,Diverse Power
Harris,2,2,8308,06-10-2025 16:38:00,Diverse Power
Clay,1,1,975,06-10-2025 16:52:56,Diverse Power
Harris,2,2,8308,06-10-2025 16:52:56,Diverse Power
Clay,1,1,975,06-10-2025 17:07:53,Diverse Power
Harris,2,2,8308,06-10-2025 17:07:53,Diverse Power
Clay,1,1,975,06-10-2025 17:22:55,Diverse Power
Clay,1,1,975,06-10-2025 17:37:55,Diverse Power
Clay,1,1,975,06-10-2025 17:53:00,Diverse Power
Troup,5,5,17781,06-10-2025 18:08:07,Diverse Power
Clay,1,1,975,06-10-2025 18:08:07,Diverse Power
Troup,3,3,17781,06-10-2025 18:23:17,Diverse Power
Clay,1,1,975,06-10-2025 18:23:17,Diverse Power
Troup,3,3,17781,06-10-2025 18:37:53,Diverse Power
Clay,1,1,975,06-10-2025 18:37:53,Diverse Power
Clay,7,7,976,06-10-2025 22:37:49,Diverse Power
Randolph,9,9,1735,06-10-2025 22:52:49,Diverse Power
Calhoun,24,24,1368,06-10-2025 22:52:49,Diverse Power
Clay,7,7,976,06-10-2025 22:52:49,Diverse Power
Randolph,9,9,1735,06-10-2025 23:07:48,Diverse Power
Calhoun,24,24,1368,06-10-2025 23:07:48,Diverse Power
Clay,7,7,976,06-10-2025 23:07:48,Diverse Power
Randolph,9,9,1735,06-10-2025 23:22:51,Diverse Power
Calhoun,24,24,1368,06-10-2025 23:22:51,Diverse Power
Clay,7,7,976,06-10-2025 23:22:51,Diverse Power
Randolph,9,9,1735,06-10-2025 23:37:54,Diverse Power
Calhoun,24,24,1368,06-10-2025 23:37:54,Diverse Power
Clay,7,7,976,06-10-2025 23:37:54,Diverse Power
Randolph,9,9,1735,06-10-2025 23:52:48,Diverse Power
Calhoun,24,24,1368,06-10-2025 23:52:48,Diverse Power
Randolph,9,9,1735,06-11-2025 00:07:48,Diverse Power
Calhoun,24,24,1368,06-11-2025 00:07:48,Diverse Power
Randolph,9,9,1735,06-11-2025 00:22:46,Diverse Power
Calhoun,24,24,1368,06-11-2025 00:22:46,Diverse Power
Randolph,9,9,1735,06-11-2025 00:37:48,Diverse Power
Calhoun,24,24,1368,06-11-2025 00:37:48,Diverse Power
Randolph,9,9,1735,06-11-2025 00:52:45,Diverse Power
Calhoun,24,24,1368,06-11-2025 00:52:45,Diverse Power
Troup,3,3,17783,06-11-2025 03:07:53,Diverse Power
Troup,4,4,17783,06-11-2025 03:22:50,Diverse Power
Troup,4,4,17783,06-11-2025 03:37:48,Diverse Power
Troup,4,4,17783,06-11-2025 03:52:50,Diverse Power
Troup,4,4,17783,06-11-2025 04:07:49,Diverse Power
Troup,4,4,17783,06-11-2025 04:22:48,Diverse Power
Troup,4,4,17783,06-11-2025 04:37:49,Diverse Power
Troup,4,4,17783,06-11-2025 04:52:48,Diverse Power
Troup,4,4,17783,06-11-2025 05:07:47,Diverse Power
Troup,4,4,17783,06-11-2025 05:22:50,Diverse Power
Troup,4,4,17783,06-11-2025 05:37:46,Diverse Power
Troup,3,3,17783,06-11-2025 05:52:45,Diverse Power
Troup,22,22,17783,06-11-2025 06:52:43,Diverse Power
Troup,22,22,17783,06-11-2025 07:07:44,Diverse Power
Troup,22,22,17783,06-11-2025 07:22:43,Diverse Power
Troup,22,22,17783,06-11-2025 07:37:45,Diverse Power
Troup,22,22,17783,06-11-2025 07:52:44,Diverse Power
Troup,22,22,17783,06-11-2025 08:07:46,Diverse Power
Troup,22,22,17783,06-11-2025 08:22:44,Diverse Power
Troup,22,22,17783,06-11-2025 08:37:43,Diverse Power
Troup,2,2,17783,06-11-2025 08:52:44,Diverse Power
Troup,2,2,17783,06-11-2025 09:07:44,Diverse Power
Heard,1,1,480,06-11-2025 11:52:43,Diverse Power
Harris,2,2,8308,06-11-2025 11:52:43,Diverse Power
Harris,2,2,8308,06-11-2025 12:07:42,Diverse Power
Harris,3,3,8309,06-11-2025 12:22:42,Diverse Power
Harris,2,2,8309,06-11-2025 12:37:43,Diverse Power
Meriwether,1,1,2424,06-11-2025 15:22:50,Diverse Power
Meriwether,1,1,2424,06-11-2025 15:37:52,Diverse Power
Harris,1,1,8303,06-11-2025 15:37:52,Diverse Power
Meriwether,1,1,2426,06-11-2025 15:52:52,Diverse Power
Harris,1,1,8303,06-11-2025 15:52:52,Diverse Power
Meriwether,1,1,2426,06-11-2025 16:07:48,Diverse Power
Harris,1,1,8302,06-11-2025 16:07:48,Diverse Power
Meriwether,1,1,2426,06-11-2025 16:22:50,Diverse Power
Harris,1,1,8302,06-11-2025 16:22:50,Diverse Power
Meriwether,1,1,2426,06-11-2025 16:37:51,Diverse Power
Harris,1,1,8303,06-11-2025 16:37:51,Diverse Power
Meriwether,1,1,2426,06-11-2025 16:52:51,Diverse Power
Meriwether,1,1,2426,06-11-2025 17:07:52,Diverse Power
Meriwether,1,1,2426,06-11-2025 17:22:51,Diverse Power
Meriwether,1,1,2426,06-11-2025 17:37:53,Diverse Power
Meriwether,1,1,2426,06-11-2025 17:52:54,Diverse Power
Meriwether,1,1,2426,06-11-2025 18:07:51,Diverse Power
Meriwether,1,1,2426,06-11-2025 18:22:50,Diverse Power
Meriwether,1,1,2426,06-11-2025 18:37:50,Diverse Power
Meriwether,1,1,2426,06-11-2025 18:52:54,Diverse Power
Meriwether,1,1,2426,06-11-2025 19:07:52,Diverse Power
Meriwether,1,1,2426,06-11-2025 19:22:53,Diverse Power
Harris,4,4,8304,06-11-2025 19:22:53,Diverse Power
Meriwether,1,1,2426,06-11-2025 19:37:53,Diverse Power
Harris,4,4,8304,06-11-2025 19:37:53,Diverse Power
Muscogee,3,3,2728,06-11-2025 22:37:50,Diverse Power
Clay,1,1,976,06-11-2025 22:37:50,Diverse Power
Muscogee,3,3,2728,06-11-2025 22:52:48,Diverse Power
Muscogee,3,3,2728,06-11-2025 23:07:52,Diverse Power
Harris,2,2,8305,06-12-2025 00:22:46,Diverse Power
Randolph,7,7,1736,06-12-2025 01:07:49,Diverse Power
Randolph,7,7,1736,06-12-2025 01:22:47,Diverse Power
Randolph,7,7,1736,06-12-2025 01:37:47,Diverse Power
Randolph,7,7,1736,06-12-2025 01:52:45,Diverse Power
Randolph,7,7,1736,06-12-2025 02:07:46,Diverse Power
Randolph,7,7,1736,06-12-2025 02:22:48,Diverse Power
Randolph,7,7,1736,06-12-2025 02:37:47,Diverse Power
Randolph,7,7,1736,06-12-2025 02:52:46,Diverse Power
Randolph,7,7,1736,06-12-2025 03:07:46,Diverse Power
Troup,1,1,17785,06-12-2025 16:07:46,Diverse Power
Meriwether,16,16,2426,06-12-2025 16:22:46,Diverse Power
Meriwether,16,16,2426,06-12-2025 16:37:44,Diverse Power
Troup,2,2,17785,06-12-2025 16:52:46,Diverse Power
Meriwether,16,16,2426,06-12-2025 16:52:46,Diverse Power
Troup,2,2,17785,06-12-2025 17:07:45,Diverse Power
Meriwether,16,16,2426,06-12-2025 17:07:45,Diverse Power
Troup,2,2,17785,06-12-2025 17:22:45,Diverse Power
Meriwether,16,16,2426,06-12-2025 17:22:45,Diverse Power
Troup,2,2,17785,06-12-2025 17:37:46,Diverse Power
Meriwether,16,16,2426,06-12-2025 17:37:46,Diverse Power
Troup,2,2,17785,06-12-2025 17:52:48,Diverse Power
Troup,1,1,17786,06-12-2025 20:52:42,Diverse Power
Troup,64,64,17786,06-12-2025 21:07:43,Diverse Power
Troup,64,64,17786,06-12-2025 21:22:45,Diverse Power
Troup,64,64,17786,06-12-2025 21:37:46,Diverse Power
Troup,64,64,17786,06-12-2025 21:52:48,Diverse Power
Troup,28,28,17786,06-12-2025 22:07:48,Diverse Power
Troup,28,28,17786,06-12-2025 22:22:47,Diverse Power
Troup,28,28,17790,06-12-2025 22:37:48,Diverse Power
Troup,28,28,17790,06-12-2025 22:52:45,Diverse Power
Troup,28,28,17790,06-12-2025 23:07:43,Diverse Power
Troup,28,28,17790,06-12-2025 23:22:41,Diverse Power
Meriwether,1,1,2426,06-13-2025 01:07:46,Diverse Power
Meriwether,1,1,2426,06-13-2025 01:22:48,Diverse Power
Meriwether,1,1,2426,06-13-2025 01:37:50,Diverse Power
Meriwether,1,1,2426,06-13-2025 01:52:47,Diverse Power
Harris,273,273,8305,06-13-2025 02:37:45,Diverse Power
Harris,273,273,8305,06-13-2025 02:52:46,Diverse Power
Harris,273,273,8305,06-13-2025 03:07:48,Diverse Power
Harris,273,273,8305,06-13-2025 03:22:46,Diverse Power
Harris,273,273,8305,06-13-2025 03:37:46,Diverse Power
Harris,195,195,8305,06-13-2025 03:52:47,Diverse Power
Harris,195,195,8305,06-13-2025 04:07:48,Diverse Power
Harris,195,195,8305,06-13-2025 04:22:49,Diverse Power
Harris,195,195,8305,06-13-2025 04:37:49,Diverse Power
Harris,195,195,8305,06-13-2025 04:52:47,Diverse Power
Harris,195,195,8305,06-13-2025 05:07:48,Diverse Power
Harris,195,195,8305,06-13-2025 05:22:50,Diverse Power
Harris,195,195,8305,06-13-2025 05:37:48,Diverse Power
Troup,8,8,17790,06-13-2025 12:37:47,Diverse Power
Troup,8,8,17789,06-13-2025 12:52:46,Diverse Power
Troup,8,8,17785,06-13-2025 13:07:47,Diverse Power
Troup,8,8,17785,06-13-2025 13:22:50,Diverse Power
Troup,8,8,17786,06-13-2025 13:37:49,Diverse Power
Troup,8,8,17789,06-13-2025 13:52:50,Diverse Power
Clay,1,1,975,06-13-2025 14:37:53,Diverse Power
Clay,1,1,975,06-13-2025 14:52:50,Diverse Power
Clay,1,1,975,06-13-2025 15:07:51,Diverse Power
Clay,1,1,975,06-13-2025 15:22:53,Diverse Power
Harris,6,6,8304,06-13-2025 15:37:54,Diverse Power
Harris,6,6,8304,06-13-2025 15:52:50,Diverse Power
Harris,6,6,8304,06-13-2025 16:07:52,Diverse Power
Harris,6,6,8304,06-13-2025 16:22:49,Diverse Power
Heard,477,477,479,06-13-2025 16:37:48,Diverse Power
Troup,23,23,17789,06-13-2025 16:37:48,Diverse Power
Meriwether,2,2,2426,06-13-2025 16:37:48,Diverse Power
Heard,477,477,479,06-13-2025 16:52:51,Diverse Power
Troup,28,28,17789,06-13-2025 16:52:51,Diverse Power
Meriwether,2,2,2426,06-13-2025 16:52:51,Diverse Power
Troup,16,16,17789,06-13-2025 17:07:46,Diverse Power
Meriwether,2,2,2426,06-13-2025 17:07:46,Diverse Power
Troup,46,46,17789,06-13-2025 17:22:50,Diverse Power
Troup,30,30,17789,06-13-2025 17:37:50,Diverse Power
Troup,30,30,17789,06-13-2025 17:52:44,Diverse Power
Harris,2,2,8308,06-13-2025 23:23:08,Diverse Power
Harris,2,2,8308,06-13-2025 23:38:04,Diverse Power
Harris,2,2,8308,06-13-2025 23:53:03,Diverse Power
Harris,2,2,8308,06-14-2025 00:08:02,Diverse Power
Harris,2,2,8308,06-14-2025 00:23:01,Diverse Power
Meriwether,3,3,2427,06-14-2025 11:37:44,Diverse Power
Meriwether,3,3,2427,06-14-2025 11:52:43,Diverse Power
Meriwether,3,3,2427,06-14-2025 12:07:44,Diverse Power
Troup,1,1,17790,06-14-2025 13:52:47,Diverse Power
Troup,1,1,17790,06-14-2025 14:07:46,Diverse Power
Troup,1,1,17790,06-14-2025 14:22:44,Diverse Power
Troup,1,1,17790,06-14-2025 14:37:45,Diverse Power
Quitman,13,13,1310,06-14-2025 14:52:41,Diverse Power
Quitman,13,13,1310,06-14-2025 15:07:47,Diverse Power
Quitman,13,13,1310,06-14-2025 15:22:46,Diverse Power
Quitman,13,13,1310,06-14-2025 15:37:47,Diverse Power
Quitman,13,13,1310,06-14-2025 15:52:46,Diverse Power
Quitman,13,13,1310,06-14-2025 16:07:43,Diverse Power
Quitman,13,13,1310,06-14-2025 16:22:48,Diverse Power
Quitman,13,13,1310,06-14-2025 16:37:50,Diverse Power
Quitman,13,13,1310,06-14-2025 16:52:55,Diverse Power
Quitman,13,13,1310,06-14-2025 17:07:53,Diverse Power
Clay,2,2,975,06-14-2025 19:07:47,Diverse Power
Clay,2,2,975,06-14-2025 19:22:50,Diverse Power
Clay,9,9,975,06-14-2025 19:37:54,Diverse Power
Clay,9,9,975,06-14-2025 19:52:50,Diverse Power
Clay,9,9,975,06-14-2025 20:07:49,Diverse Power
Clay,9,9,975,06-14-2025 20:22:50,Diverse Power
Clay,9,9,975,06-14-2025 20:37:52,Diverse Power
Clay,7,7,975,06-14-2025 20:52:55,Diverse Power
Clay,2,2,975,06-14-2025 21:07:54,Diverse Power
Clay,2,0,975,06-14-2025 21:22:58,Diverse Power
Clay,2,0,975,06-14-2025 21:37:59,Diverse Power
Clay,2,0,975,06-14-2025 21:52:55,Diverse Power
Clay,2,0,975,06-14-2025 22:07:54,Diverse Power
Troup,537,537,17790,06-14-2025 23:52:50,Diverse Power
Chambers,23,23,680,06-14-2025 23:52:50,Diverse Power
Troup,1424,1424,17790,06-15-2025 00:07:51,Diverse Power
Meriwether,39,39,2427,06-15-2025 00:07:51,Diverse Power
Chambers,117,117,680,06-15-2025 00:07:51,Diverse Power
Troup,1665,1665,17790,06-15-2025 00:22:49,Diverse Power
Meriwether,117,117,2427,06-15-2025 00:22:49,Diverse Power
Chambers,116,116,680,06-15-2025 00:22:49,Diverse Power
Troup,1682,1682,17790,06-15-2025 00:37:48,Diverse Power
Meriwether,134,134,2427,06-15-2025 00:37:48,Diverse Power
Chambers,116,116,680,06-15-2025 00:37:48,Diverse Power
Troup,1682,1682,17790,06-15-2025 00:52:49,Diverse Power
Meriwether,134,134,2427,06-15-2025 00:52:49,Diverse Power
Chambers,116,116,680,06-15-2025 00:52:49,Diverse Power
Troup,1714,1714,17790,06-15-2025 01:07:48,Diverse Power
Meriwether,134,134,2427,06-15-2025 01:07:48,Diverse Power
Chambers,116,116,680,06-15-2025 01:07:48,Diverse Power
Troup,1716,1716,17790,06-15-2025 01:22:48,Diverse Power
Meriwether,136,136,2427,06-15-2025 01:22:48,Diverse Power
Chambers,116,116,680,06-15-2025 01:22:48,Diverse Power
Troup,1182,1182,17790,06-15-2025 01:37:49,Diverse Power
Meriwether,143,143,2427,06-15-2025 01:37:49,Diverse Power
Chambers,118,118,680,06-15-2025 01:37:49,Diverse Power
Troup,1184,1184,17790,06-15-2025 01:52:47,Diverse Power
Meriwether,143,143,2427,06-15-2025 01:52:47,Diverse Power
Chambers,118,118,680,06-15-2025 01:52:47,Diverse Power
Troup,1183,1183,17790,06-15-2025 02:07:46,Diverse Power
Meriwether,143,143,2427,06-15-2025 02:07:46,Diverse Power
Chambers,118,118,680,06-15-2025 02:07:46,Diverse Power
Troup,1153,1153,17790,06-15-2025 02:22:48,Diverse Power
Meriwether,144,144,2427,06-15-2025 02:22:48,Diverse Power
Chambers,118,118,680,06-15-2025 02:22:48,Diverse Power
Troup,1155,1155,17790,06-15-2025 02:37:47,Diverse Power
Meriwether,145,145,2427,06-15-2025 02:37:47,Diverse Power
Chambers,118,118,680,06-15-2025 02:37:47,Diverse Power
Troup,1155,1155,17790,06-15-2025 02:52:52,Diverse Power
Meriwether,148,148,2427,06-15-2025 02:52:52,Diverse Power
Chambers,118,118,680,06-15-2025 02:52:52,Diverse Power
Troup,691,691,17790,06-15-2025 03:07:53,Diverse Power
Meriwether,158,158,2427,06-15-2025 03:07:53,Diverse Power
Chambers,118,118,680,06-15-2025 03:07:53,Diverse Power
Troup,674,674,17790,06-15-2025 03:22:54,Diverse Power
Meriwether,158,158,2427,06-15-2025 03:22:54,Diverse Power
Chambers,118,118,680,06-15-2025 03:22:54,Diverse Power
Troup,620,620,17790,06-15-2025 03:37:52,Diverse Power
Meriwether,158,158,2427,06-15-2025 03:37:52,Diverse Power
Chambers,118,118,680,06-15-2025 03:37:52,Diverse Power
Troup,620,620,17790,06-15-2025 03:52:55,Diverse Power
Meriwether,158,158,2427,06-15-2025 03:52:55,Diverse Power
Chambers,118,118,680,06-15-2025 03:52:55,Diverse Power
Troup,618,618,17790,06-15-2025 04:07:52,Diverse Power
Meriwether,158,158,2427,06-15-2025 04:07:52,Diverse Power
Chambers,118,118,680,06-15-2025 04:07:52,Diverse Power
Troup,24,24,17790,06-15-2025 04:22:55,Diverse Power
Meriwether,42,42,2427,06-15-2025 04:22:55,Diverse Power
Chambers,118,118,680,06-15-2025 04:22:55,Diverse Power
Troup,24,24,17790,06-15-2025 04:37:55,Diverse Power
Meriwether,42,42,2427,06-15-2025 04:37:55,Diverse Power
Chambers,118,118,680,06-15-2025 04:37:55,Diverse Power
Troup,24,24,17790,06-15-2025 04:52:54,Diverse Power
Meriwether,24,24,2427,06-15-2025 04:52:54,Diverse Power
Chambers,118,118,680,06-15-2025 04:52:54,Diverse Power
Troup,24,24,17790,06-15-2025 05:07:51,Diverse Power
Meriwether,24,24,2427,06-15-2025 05:07:51,Diverse Power
Chambers,118,118,680,06-15-2025 05:07:51,Diverse Power
Troup,54,54,17790,06-15-2025 05:22:57,Diverse Power
Meriwether,8,8,2427,06-15-2025 05:22:57,Diverse Power
Chambers,118,118,680,06-15-2025 05:22:57,Diverse Power
Troup,54,54,17790,06-15-2025 05:37:56,Diverse Power
Meriwether,4,4,2427,06-15-2025 05:37:56,Diverse Power
Chambers,118,118,680,06-15-2025 05:37:56,Diverse Power
Troup,55,55,17790,06-15-2025 05:52:58,Diverse Power
Meriwether,4,4,2427,06-15-2025 05:52:58,Diverse Power
Chambers,118,118,680,06-15-2025 05:52:58,Diverse Power
Troup,53,53,17790,06-15-2025 06:07:56,Diverse Power
Meriwether,2,2,2427,06-15-2025 06:07:56,Diverse Power
Chambers,118,118,680,06-15-2025 06:07:56,Diverse Power
Troup,53,53,17790,06-15-2025 06:22:53,Diverse Power
Meriwether,2,2,2427,06-15-2025 06:22:53,Diverse Power
Chambers,118,118,680,06-15-2025 06:22:53,Diverse Power
Troup,50,49,17790,06-15-2025 06:37:53,Diverse Power
Meriwether,2,2,2427,06-15-2025 06:37:53,Diverse Power
Chambers,118,118,680,06-15-2025 06:37:53,Diverse Power
Troup,31,31,17790,06-15-2025 06:52:53,Diverse Power
Meriwether,1,1,2427,06-15-2025 06:52:53,Diverse Power
Chambers,118,118,680,06-15-2025 06:52:53,Diverse Power
Troup,31,31,17790,06-15-2025 07:07:54,Diverse Power
Meriwether,1,1,2427,06-15-2025 07:07:54,Diverse Power
Chambers,118,118,680,06-15-2025 07:07:54,Diverse Power
Troup,31,31,17790,06-15-2025 07:22:52,Diverse Power
Meriwether,1,1,2427,06-15-2025 07:22:52,Diverse Power
Chambers,118,118,680,06-15-2025 07:22:52,Diverse Power
Troup,30,30,17790,06-15-2025 07:37:54,Diverse Power
Chambers,2,2,680,06-15-2025 07:37:54,Diverse Power
Chambers,2,2,680,06-15-2025 07:52:52,Diverse Power
Meriwether,28,28,2427,06-15-2025 12:07:52,Diverse Power
Meriwether,11,11,2427,06-15-2025 12:22:50,Diverse Power
Troup,1,1,17790,06-15-2025 12:37:50,Diverse Power
Meriwether,11,11,2427,06-15-2025 12:37:50,Diverse Power
Troup,1,1,17790,06-15-2025 12:52:49,Diverse Power
Meriwether,11,11,2427,06-15-2025 12:52:49,Diverse Power
Troup,1,1,17790,06-15-2025 13:07:49,Diverse Power
Meriwether,11,11,2427,06-15-2025 13:07:49,Diverse Power
Troup,1,1,17790,06-15-2025 13:22:49,Diverse Power
Meriwether,11,11,2427,06-15-2025 13:22:49,Diverse Power
Troup,1,1,17790,06-15-2025 13:37:51,Diverse Power
Meriwether,11,11,2427,06-15-2025 13:37:51,Diverse Power
Meriwether,11,11,2427,06-15-2025 13:52:51,Diverse Power
Meriwether,11,11,2427,06-15-2025 14:07:47,Diverse Power
Meriwether,3,3,2427,06-15-2025 14:22:47,Diverse Power
Troup,3,3,17790,06-15-2025 16:52:51,Diverse Power
Clay,1,1,975,06-15-2025 17:07:50,Diverse Power
Troup,3,3,17790,06-15-2025 19:07:48,Diverse Power
Troup,2,2,17790,06-15-2025 21:07:48,Diverse Power
Troup,2,2,17790,06-15-2025 21:22:46,Diverse Power
Troup,1,1,17790,06-15-2025 21:52:43,Diverse Power
Troup,1,1,17790,06-15-2025 22:07:40,Diverse Power
Troup,1,1,17790,06-15-2025 22:22:42,Diverse Power
Troup,1,1,17791,06-16-2025 11:37:42,Diverse Power
Troup,1,1,17791,06-16-2025 11:52:40,Diverse Power
Troup,1,1,17791,06-16-2025 12:07:40,Diverse Power
Randolph,1,1,1737,06-16-2025 14:07:51,Diverse Power
Randolph,1,1,1737,06-16-2025 14:22:48,Diverse Power
Randolph,1,1,1737,06-16-2025 14:37:53,Diverse Power
Randolph,1,1,1737,06-16-2025 14:52:52,Diverse Power
Troup,1,1,17792,06-16-2025 14:52:52,Diverse Power
Randolph,1,1,1737,06-16-2025 15:07:56,Diverse Power
Troup,15,15,17793,06-16-2025 15:37:48,Diverse Power
Troup,4,4,17793,06-16-2025 15:52:52,Diverse Power
Troup,4,4,17794,06-16-2025 16:07:51,Diverse Power
Harris,1,1,8306,06-16-2025 18:37:58,Diverse Power
Muscogee,1,1,2728,06-16-2025 20:37:56,Diverse Power
Muscogee,1,1,2728,06-16-2025 20:52:52,Diverse Power
Troup,2,2,17799,06-16-2025 21:22:52,Diverse Power
Harris,1,1,8308,06-16-2025 22:53:00,Diverse Power
Harris,1,1,8308,06-16-2025 23:08:04,Diverse Power
Harris,1,1,8308,06-16-2025 23:22:51,Diverse Power
Harris,1,1,8308,06-16-2025 23:37:52,Diverse Power
Harris,1,1,8308,06-16-2025 23:52:53,Diverse Power
Harris,1,1,8308,06-17-2025 00:07:57,Diverse Power
Harris,1,1,8308,06-17-2025 00:22:58,Diverse Power
Troup,1,1,17801,06-17-2025 00:37:49,Diverse Power
Troup,1,1,17801,06-17-2025 00:52:58,Diverse Power
Troup,1,1,17801,06-17-2025 01:08:02,Diverse Power
Troup,1,1,17801,06-17-2025 01:23:04,Diverse Power
Troup,4,4,17801,06-17-2025 01:38:06,Diverse Power
Troup,4,3,17801,06-17-2025 01:52:57,Diverse Power
Troup,3,3,17801,06-17-2025 02:08:00,Diverse Power
Troup,3,3,17801,06-17-2025 02:23:08,Diverse Power
Harris,2,2,8307,06-17-2025 05:52:51,Diverse Power
Harris,2,2,8307,06-17-2025 06:07:52,Diverse Power
Harris,2,2,8307,06-17-2025 06:22:50,Diverse Power
Troup,1,1,17801,06-17-2025 06:37:48,Diverse Power
Harris,2,2,8307,06-17-2025 06:37:48,Diverse Power
Harris,2,2,8307,06-17-2025 06:52:49,Diverse Power
Harris,2,2,8307,06-17-2025 07:07:46,Diverse Power
Harris,2,2,8307,06-17-2025 07:22:45,Diverse Power
Harris,2,2,8307,06-17-2025 07:37:48,Diverse Power
Harris,2,2,8307,06-17-2025 07:52:42,Diverse Power
Harris,2,2,8307,06-17-2025 08:07:41,Diverse Power
Harris,2,2,8307,06-17-2025 08:22:41,Diverse Power
Calhoun,2,2,1368,06-17-2025 12:22:44,Diverse Power
Calhoun,2,2,1368,06-17-2025 12:37:43,Diverse Power
Calhoun,2,2,1368,06-17-2025 12:52:48,Diverse Power
Calhoun,2,2,1368,06-17-2025 13:07:51,Diverse Power
Calhoun,2,2,1368,06-17-2025 13:22:45,Diverse Power
Meriwether,9,9,2426,06-17-2025 13:22:45,Diverse Power
Troup,4,4,17801,06-17-2025 13:37:49,Diverse Power
Calhoun,2,2,1368,06-17-2025 13:37:49,Diverse Power
Meriwether,3,3,2426,06-17-2025 13:37:49,Diverse Power
Troup,4,4,17801,06-17-2025 13:52:48,Diverse Power
Calhoun,2,2,1368,06-17-2025 13:52:48,Diverse Power
Meriwether,4,4,2426,06-17-2025 13:52:48,Diverse Power
Harris,6,6,8307,06-17-2025 13:52:48,Diverse Power
Troup,4,4,17801,06-17-2025 14:07:50,Diverse Power
Muscogee,1,1,2728,06-17-2025 14:07:50,Diverse Power
Calhoun,2,2,1368,06-17-2025 14:07:50,Diverse Power
Meriwether,4,4,2426,06-17-2025 14:07:50,Diverse Power
Harris,6,6,8307,06-17-2025 14:07:50,Diverse Power
Troup,4,4,17800,06-17-2025 14:22:54,Diverse Power
Muscogee,1,1,2728,06-17-2025 14:22:54,Diverse Power
Calhoun,2,2,1368,06-17-2025 14:22:54,Diverse Power
Meriwether,4,4,2426,06-17-2025 14:22:54,Diverse Power
Harris,6,6,8307,06-17-2025 14:22:54,Diverse Power
Troup,4,4,17799,06-17-2025 14:37:56,Diverse Power
Muscogee,1,1,2728,06-17-2025 14:37:56,Diverse Power
Calhoun,2,2,1368,06-17-2025 14:37:56,Diverse Power
Meriwether,4,4,2426,06-17-2025 14:37:56,Diverse Power
Harris,6,6,8307,06-17-2025 14:37:56,Diverse Power
Troup,3,3,17799,06-17-2025 14:52:52,Diverse Power
Muscogee,1,1,2728,06-17-2025 14:52:52,Diverse Power
Calhoun,2,2,1368,06-17-2025 14:52:52,Diverse Power
Meriwether,4,4,2426,06-17-2025 14:52:52,Diverse Power
Harris,6,6,8307,06-17-2025 14:52:52,Diverse Power
Troup,3,1,17799,06-17-2025 15:07:55,Diverse Power
Muscogee,1,1,2728,06-17-2025 15:07:55,Diverse Power
Calhoun,2,2,1368,06-17-2025 15:07:55,Diverse Power
Meriwether,4,4,2426,06-17-2025 15:07:55,Diverse Power
Harris,6,6,8307,06-17-2025 15:07:55,Diverse Power
Troup,1,1,17799,06-17-2025 15:22:56,Diverse Power
Muscogee,1,1,2728,06-17-2025 15:22:56,Diverse Power
Calhoun,2,2,1368,06-17-2025 15:22:56,Diverse Power
Meriwether,4,4,2426,06-17-2025 15:22:56,Diverse Power
Harris,6,6,8307,06-17-2025 15:22:56,Diverse Power
Troup,1,0,17799,06-17-2025 15:37:57,Diverse Power
Muscogee,1,1,2728,06-17-2025 15:37:57,Diverse Power
Calhoun,2,2,1368,06-17-2025 15:37:57,Diverse Power
Meriwether,4,4,2426,06-17-2025 15:37:57,Diverse Power
Harris,6,6,8307,06-17-2025 15:37:57,Diverse Power
Troup,1,0,17799,06-17-2025 15:52:53,Diverse Power
Muscogee,1,1,2728,06-17-2025 15:52:53,Diverse Power
Calhoun,2,2,1368,06-17-2025 15:52:53,Diverse Power
Meriwether,4,4,2426,06-17-2025 15:52:53,Diverse Power
Harris,6,6,8307,06-17-2025 15:52:53,Diverse Power
Muscogee,1,1,2728,06-17-2025 16:07:56,Diverse Power
Calhoun,2,2,1368,06-17-2025 16:07:56,Diverse Power
Meriwether,2,2,2426,06-17-2025 16:07:56,Diverse Power
Muscogee,1,1,2728,06-17-2025 16:23:02,Diverse Power
Calhoun,2,2,1368,06-17-2025 16:23:02,Diverse Power
Meriwether,2,2,2426,06-17-2025 16:23:02,Diverse Power
Muscogee,1,1,2728,06-17-2025 16:37:57,Diverse Power
Calhoun,2,2,1368,06-17-2025 16:37:57,Diverse Power
Meriwether,2,2,2426,06-17-2025 16:37:57,Diverse Power
Muscogee,1,1,2728,06-17-2025 16:52:51,Diverse Power
Calhoun,2,2,1368,06-17-2025 16:52:51,Diverse Power
Meriwether,2,2,2426,06-17-2025 16:52:51,Diverse Power
Muscogee,1,1,2728,06-17-2025 17:07:51,Diverse Power
Meriwether,2,2,2426,06-17-2025 17:07:51,Diverse Power
Muscogee,1,1,2728,06-17-2025 17:22:50,Diverse Power
Meriwether,2,2,2426,06-17-2025 17:22:50,Diverse Power
Muscogee,1,1,2728,06-17-2025 17:37:58,Diverse Power
Meriwether,21,21,2426,06-17-2025 17:37:58,Diverse Power
Troup,1,1,17799,06-17-2025 17:52:55,Diverse Power
Muscogee,1,1,2728,06-17-2025 17:52:55,Diverse Power
Meriwether,2,2,2426,06-17-2025 17:52:55,Diverse Power
Troup,1,1,17799,06-17-2025 18:07:57,Diverse Power
Muscogee,1,1,2728,06-17-2025 18:07:57,Diverse Power
Meriwether,2,2,2426,06-17-2025 18:07:57,Diverse Power
Muscogee,1,1,2728,06-17-2025 18:22:55,Diverse Power
Meriwether,2,2,2426,06-17-2025 18:22:55,Diverse Power
Muscogee,1,1,2728,06-17-2025 18:37:59,Diverse Power
Meriwether,2,2,2426,06-17-2025 18:37:59,Diverse Power
Muscogee,1,1,2728,06-17-2025 18:52:56,Diverse Power
Clay,39,39,975,06-17-2025 18:52:56,Diverse Power
Meriwether,2,2,2426,06-17-2025 18:52:56,Diverse Power
Clay,39,39,975,06-17-2025 19:07:59,Diverse Power
Clay,39,39,975,06-17-2025 19:22:56,Diverse Power
Clay,39,39,975,06-17-2025 19:38:02,Diverse Power
Clay,39,39,975,06-17-2025 19:52:56,Diverse Power
Troup,3,3,17800,06-17-2025 20:08:05,Diverse Power
Clay,39,39,975,06-17-2025 20:08:05,Diverse Power
Troup,3,3,17800,06-17-2025 20:23:03,Diverse Power
Clay,39,39,975,06-17-2025 20:23:03,Diverse Power
Troup,3,3,17800,06-17-2025 20:38:06,Diverse Power
Troup,6,6,17800,06-17-2025 20:53:07,Diverse Power
Randolph,11,11,1737,06-17-2025 21:08:08,Diverse Power
Troup,71,71,17800,06-17-2025 21:08:08,Diverse Power
Randolph,11,11,1737,06-17-2025 21:23:08,Diverse Power
Troup,75,75,17800,06-17-2025 21:23:08,Diverse Power
Randolph,11,11,1737,06-17-2025 21:38:04,Diverse Power
Troup,72,72,17800,06-17-2025 21:38:04,Diverse Power
Harris,1,1,8307,06-17-2025 21:38:04,Diverse Power
Quitman,1,1,1311,06-17-2025 21:53:03,Diverse Power
Randolph,11,11,1737,06-17-2025 21:53:03,Diverse Power
Troup,72,72,17800,06-17-2025 21:53:03,Diverse Power
Harris,1,1,8307,06-17-2025 21:53:03,Diverse Power
Quitman,1,1,1311,06-17-2025 22:07:59,Diverse Power
Randolph,11,11,1737,06-17-2025 22:07:59,Diverse Power
Troup,6,6,17800,06-17-2025 22:07:59,Diverse Power
Chambers,3,3,680,06-17-2025 22:07:59,Diverse Power
Harris,1,1,8307,06-17-2025 22:07:59,Diverse Power
Quitman,1,1,1311,06-17-2025 22:22:57,Diverse Power
Randolph,11,11,1737,06-17-2025 22:22:57,Diverse Power
Troup,7,7,17800,06-17-2025 22:22:57,Diverse Power
Harris,1,1,8307,06-17-2025 22:22:57,Diverse Power
Quitman,1,1,1311,06-17-2025 22:37:57,Diverse Power
Troup,7,7,17801,06-17-2025 22:37:57,Diverse Power
Harris,1,1,8307,06-17-2025 22:37:57,Diverse Power
Quitman,1,1,1311,06-17-2025 22:52:55,Diverse Power
Troup,7,7,17801,06-17-2025 22:52:55,Diverse Power
Harris,1,1,8307,06-17-2025 22:52:55,Diverse Power
Troup,6,6,17801,06-17-2025 23:07:58,Diverse Power
Harris,1,1,8307,06-17-2025 23:07:58,Diverse Power
Harris,1,1,8307,06-17-2025 23:23:00,Diverse Power
Randolph,19,19,1737,06-17-2025 23:37:57,Diverse Power
Chambers,3,3,680,06-17-2025 23:37:57,Diverse Power
Harris,1,1,8307,06-17-2025 23:37:57,Diverse Power
Randolph,19,19,1737,06-17-2025 23:52:55,Diverse Power
Chambers,3,3,680,06-17-2025 23:52:55,Diverse Power
Harris,1,1,8307,06-17-2025 23:52:55,Diverse Power
Randolph,19,0,1737,06-18-2025 00:07:53,Diverse Power
Chambers,3,3,680,06-18-2025 00:07:53,Diverse Power
Harris,1,1,8307,06-18-2025 00:07:53,Diverse Power
Chambers,3,3,680,06-18-2025 00:22:52,Diverse Power
Troup,1,1,17801,06-18-2025 00:37:50,Diverse Power
Chambers,3,3,680,06-18-2025 00:37:50,Diverse Power
Troup,1,1,17801,06-18-2025 00:52:49,Diverse Power
Chambers,3,3,680,06-18-2025 00:52:49,Diverse Power
Troup,1,1,17801,06-18-2025 01:07:51,Diverse Power
Chambers,3,3,680,06-18-2025 01:07:51,Diverse Power
Heard,1,1,479,06-18-2025 01:22:47,Diverse Power
Troup,1,1,17801,06-18-2025 01:22:47,Diverse Power
Chambers,3,3,680,06-18-2025 01:22:47,Diverse Power
Heard,1,1,479,06-18-2025 01:37:43,Diverse Power
Troup,1,1,17801,06-18-2025 01:37:43,Diverse Power
Heard,1,1,479,06-18-2025 01:52:42,Diverse Power
Troup,2,2,17801,06-18-2025 02:22:41,Diverse Power
Troup,2,2,17801,06-18-2025 02:37:41,Diverse Power
Troup,2,2,17801,06-18-2025 02:52:43,Diverse Power
Heard,1,1,479,06-18-2025 04:07:49,Diverse Power
Heard,1,1,479,06-18-2025 04:22:46,Diverse Power
Heard,1,1,479,06-18-2025 04:37:45,Diverse Power
Troup,2,2,17801,06-18-2025 12:07:48,Diverse Power
Troup,2,2,17801,06-18-2025 12:22:46,Diverse Power
Troup,2,2,17801,06-18-2025 12:37:46,Diverse Power
Troup,2,2,17801,06-18-2025 12:52:47,Diverse Power
Troup,2,2,17799,06-18-2025 13:37:47,Diverse Power
Troup,2,2,17799,06-18-2025 13:52:47,Diverse Power
Troup,2,2,17799,06-18-2025 14:07:49,Diverse Power
Troup,2,2,17799,06-18-2025 14:22:51,Diverse Power
Troup,2,2,17799,06-18-2025 14:37:53,Diverse Power
Troup,3,3,17799,06-18-2025 17:22:51,Diverse Power
Troup,4,4,17799,06-18-2025 17:37:49,Diverse Power
Calhoun,15,15,1368,06-18-2025 17:37:49,Diverse Power
Troup,4,4,17799,06-18-2025 17:52:51,Diverse Power
Calhoun,15,15,1368,06-18-2025 17:52:51,Diverse Power
Troup,4,4,17799,06-18-2025 18:07:55,Diverse Power
Calhoun,15,15,1368,06-18-2025 18:07:55,Diverse Power
Troup,3,3,17799,06-18-2025 18:22:59,Diverse Power
Calhoun,15,15,1368,06-18-2025 18:22:59,Diverse Power
Troup,3,3,17799,06-18-2025 18:38:00,Diverse Power
Calhoun,15,15,1368,06-18-2025 18:38:00,Diverse Power
Troup,3,3,17799,06-18-2025 18:53:01,Diverse Power
Calhoun,15,15,1368,06-18-2025 18:53:01,Diverse Power
Troup,1,1,17798,06-18-2025 19:07:53,Diverse Power
Calhoun,15,15,1368,06-18-2025 19:07:53,Diverse Power
Troup,1,1,17798,06-18-2025 19:22:52,Diverse Power
Calhoun,15,15,1368,06-18-2025 19:22:52,Diverse Power
Calhoun,15,15,1368,06-18-2025 19:37:51,Diverse Power
Calhoun,15,15,1368,06-18-2025 19:52:51,Diverse Power
Harris,2,2,8305,06-18-2025 22:38:03,Diverse Power
Harris,2,2,8305,06-18-2025 22:52:59,Diverse Power
Harris,2,2,8305,06-18-2025 23:08:01,Diverse Power
Harris,2,2,8305,06-18-2025 23:22:57,Diverse Power
Harris,2,2,8305,06-18-2025 23:37:52,Diverse Power
Quitman,3,3,1311,06-19-2025 00:07:50,Diverse Power
Quitman,3,3,1311,06-19-2025 00:22:50,Diverse Power
Quitman,3,3,1311,06-19-2025 00:37:45,Diverse Power
Calhoun,1,1,1368,06-19-2025 00:37:45,Diverse Power
Quitman,3,3,1311,06-19-2025 00:52:45,Diverse Power
Calhoun,1,1,1368,06-19-2025 00:52:45,Diverse Power
Quitman,3,3,1311,06-19-2025 01:07:44,Diverse Power
Quitman,3,3,1311,06-19-2025 01:22:48,Diverse Power
Quitman,4,4,1311,06-19-2025 01:37:45,Diverse Power
Quitman,4,4,1311,06-19-2025 01:52:44,Diverse Power
Quitman,1,1,1311,06-19-2025 02:07:46,Diverse Power
Meriwether,622,622,2426,06-19-2025 13:22:48,Diverse Power
Meriwether,4,4,2426,06-19-2025 14:22:51,Diverse Power
Meriwether,4,4,2426,06-19-2025 14:37:50,Diverse Power
Meriwether,4,4,2426,06-19-2025 14:52:51,Diverse Power
Meriwether,4,4,2426,06-19-2025 15:07:53,Diverse Power
Meriwether,4,4,2426,06-19-2025 15:22:57,Diverse Power
Troup,1,1,17799,06-19-2025 15:37:56,Diverse Power
Meriwether,15,15,2426,06-19-2025 15:37:56,Diverse Power
Troup,1,1,17799,06-19-2025 15:52:53,Diverse Power
Meriwether,15,15,2426,06-19-2025 15:52:53,Diverse Power
Troup,1,1,17799,06-19-2025 16:07:56,Diverse Power
Meriwether,15,15,2426,06-19-2025 16:07:56,Diverse Power
Troup,1,1,17799,06-19-2025 16:22:53,Diverse Power
Meriwether,15,15,2426,06-19-2025 16:22:53,Diverse Power
Troup,1,1,17799,06-19-2025 16:37:55,Diverse Power
Meriwether,15,15,2426,06-19-2025 16:37:55,Diverse Power
Troup,1,1,17799,06-19-2025 16:52:58,Diverse Power
Meriwether,15,15,2426,06-19-2025 16:52:58,Diverse Power
Troup,1,1,17799,06-19-2025 17:08:05,Diverse Power
Meriwether,15,15,2426,06-19-2025 17:08:05,Diverse Power
Troup,1,1,17798,06-19-2025 17:22:56,Diverse Power
Meriwether,15,15,2426,06-19-2025 17:22:56,Diverse Power
Meriwether,4,4,2426,06-19-2025 17:37:57,Diverse Power
Meriwether,4,4,2426,06-19-2025 17:53:01,Diverse Power
Meriwether,4,4,2426,06-19-2025 18:07:58,Diverse Power
Troup,1,1,17798,06-19-2025 18:37:59,Diverse Power
Meriwether,3,3,2426,06-19-2025 19:07:55,Diverse Power
Meriwether,3,3,2426,06-19-2025 19:22:55,Diverse Power
Randolph,5,5,1736,06-19-2025 19:37:50,Diverse Power
Randolph,5,5,1736,06-19-2025 19:52:53,Diverse Power
Randolph,5,5,1736,06-19-2025 20:07:55,Diverse Power
Randolph,5,5,1736,06-19-2025 20:22:57,Diverse Power
Randolph,5,5,1736,06-19-2025 20:38:00,Diverse Power
Calhoun,3,3,1368,06-19-2025 23:37:50,Diverse Power
Calhoun,3,3,1368,06-19-2025 23:52:49,Diverse Power
Calhoun,3,3,1368,06-20-2025 00:07:52,Diverse Power
Calhoun,3,3,1368,06-20-2025 00:22:46,Diverse Power
Calhoun,3,3,1368,06-20-2025 00:37:44,Diverse Power
Troup,3,3,17796,06-20-2025 14:22:49,Diverse Power
Troup,3,3,17796,06-20-2025 14:37:51,Diverse Power
Troup,3,3,17796,06-20-2025 14:52:48,Diverse Power
Troup,3,3,17796,06-20-2025 15:07:42,Diverse Power
Troup,3,3,17796,06-20-2025 15:22:44,Diverse Power
Troup,3,3,17796,06-20-2025 15:37:46,Diverse Power
Troup,3,3,17796,06-20-2025 15:52:46,Diverse Power
Randolph,1,1,1735,06-20-2025 16:22:47,Diverse Power
Quitman,1,1,1312,06-21-2025 01:22:43,Diverse Power
Harris,1,1,8305,06-21-2025 19:37:48,Diverse Power
Harris,1,1,8305,06-21-2025 19:52:50,Diverse Power
Harris,1,1,8305,06-21-2025 20:07:46,Diverse Power
Harris,1,1,8305,06-21-2025 20:22:46,Diverse Power
Harris,1,1,8305,06-21-2025 20:37:48,Diverse Power
Harris,1,1,8305,06-21-2025 20:52:45,Diverse Power
Harris,1,1,8305,06-21-2025 21:07:47,Diverse Power
Harris,1,1,8305,06-21-2025 21:22:47,Diverse Power
Harris,1,1,8305,06-21-2025 21:37:50,Diverse Power
Harris,1,1,8305,06-21-2025 21:52:51,Diverse Power
Troup,128,128,17796,06-21-2025 23:37:58,Diverse Power
Troup,211,211,17796,06-21-2025 23:52:57,Diverse Power
Troup,211,211,17796,06-22-2025 00:07:56,Diverse Power
Troup,270,270,17796,06-22-2025 00:22:57,Diverse Power
Troup,5,5,17796,06-22-2025 08:37:45,Diverse Power
Chambers,87,87,681,06-22-2025 08:37:45,Diverse Power
Troup,16,16,17796,06-22-2025 08:52:45,Diverse Power
Chambers,102,102,681,06-22-2025 08:52:45,Diverse Power
Troup,11,11,17796,06-22-2025 09:07:44,Diverse Power
Chambers,40,40,681,06-22-2025 09:07:44,Diverse Power
Troup,11,11,17796,06-22-2025 09:22:45,Diverse Power
Chambers,40,40,681,06-22-2025 09:22:45,Diverse Power
Troup,16,16,17796,06-22-2025 09:37:46,Diverse Power
Chambers,130,130,681,06-22-2025 09:37:46,Diverse Power
Troup,16,16,17796,06-22-2025 09:52:46,Diverse Power
Chambers,130,130,681,06-22-2025 09:52:46,Diverse Power
Troup,16,16,17796,06-22-2025 10:07:45,Diverse Power
Chambers,130,130,681,06-22-2025 10:07:45,Diverse Power
Troup,16,5,17796,06-22-2025 10:22:44,Diverse Power
Chambers,130,90,681,06-22-2025 10:22:44,Diverse Power
Troup,16,5,17796,06-22-2025 10:37:43,Diverse Power
Chambers,130,90,681,06-22-2025 10:37:43,Diverse Power
Troup,16,5,17796,06-22-2025 10:52:40,Diverse Power
Chambers,130,90,681,06-22-2025 10:52:40,Diverse Power
Troup,16,5,17796,06-22-2025 11:07:40,Diverse Power
Chambers,130,90,681,06-22-2025 11:07:40,Diverse Power
Troup,16,5,17796,06-22-2025 11:22:40,Diverse Power
Chambers,130,90,681,06-22-2025 11:22:40,Diverse Power
Troup,16,5,17796,06-22-2025 11:37:43,Diverse Power
Chambers,130,90,681,06-22-2025 11:37:43,Diverse Power
Troup,16,5,17796,06-22-2025 11:52:43,Diverse Power
Chambers,130,90,681,06-22-2025 11:52:43,Diverse Power
Troup,16,5,17796,06-22-2025 12:07:42,Diverse Power
Chambers,130,90,681,06-22-2025 12:07:42,Diverse Power
Troup,16,5,17796,06-22-2025 12:22:47,Diverse Power
Chambers,130,90,681,06-22-2025 12:22:47,Diverse Power
Troup,16,5,17796,06-22-2025 12:37:45,Diverse Power
Chambers,130,90,681,06-22-2025 12:37:45,Diverse Power
Troup,16,5,17796,06-22-2025 12:52:46,Diverse Power
Chambers,130,90,681,06-22-2025 12:52:46,Diverse Power
Troup,16,5,17796,06-22-2025 13:07:48,Diverse Power
Chambers,130,90,681,06-22-2025 13:07:48,Diverse Power
Chambers,1,1,681,06-22-2025 13:37:47,Diverse Power
Calhoun,1,1,1368,06-22-2025 16:37:44,Diverse Power
Quitman,36,36,1312,06-22-2025 20:22:48,Diverse Power
Quitman,19,19,1312,06-22-2025 20:37:47,Diverse Power
Quitman,19,19,1312,06-22-2025 20:52:47,Diverse Power
Quitman,19,19,1312,06-22-2025 21:07:46,Diverse Power
Quitman,19,19,1312,06-22-2025 21:22:46,Diverse Power
Harris,1,1,8304,06-23-2025 11:37:44,Diverse Power
Harris,2,2,8304,06-23-2025 13:37:45,Diverse Power
Harris,2,2,8304,06-23-2025 13:52:47,Diverse Power
Harris,2,2,8304,06-23-2025 14:07:51,Diverse Power
Harris,2,2,8304,06-23-2025 14:22:53,Diverse Power
Harris,2,2,8305,06-23-2025 14:37:57,Diverse Power
Harris,2,2,8305,06-23-2025 14:52:56,Diverse Power
Harris,2,2,8305,06-23-2025 15:07:57,Diverse Power
Harris,2,2,8305,06-23-2025 15:22:55,Diverse Power
Harris,2,2,8305,06-23-2025 15:37:51,Diverse Power
Harris,2,2,8305,06-23-2025 15:52:52,Diverse Power
Troup,9,9,17795,06-23-2025 16:07:56,Diverse Power
Harris,2,2,8305,06-23-2025 16:07:56,Diverse Power
Troup,9,9,17795,06-23-2025 16:22:54,Diverse Power
Harris,2,2,8305,06-23-2025 16:22:54,Diverse Power
Troup,9,9,17795,06-23-2025 16:37:56,Diverse Power
Harris,2,2,8305,06-23-2025 16:37:56,Diverse Power
Troup,9,9,17795,06-23-2025 16:52:48,Diverse Power
Harris,2,2,8305,06-23-2025 16:52:48,Diverse Power
Troup,9,1,17795,06-23-2025 17:07:53,Diverse Power
Harris,2,2,8305,06-23-2025 17:07:53,Diverse Power
Troup,9,1,17795,06-23-2025 17:22:51,Diverse Power
Harris,2,2,8305,06-23-2025 17:22:51,Diverse Power
Troup,9,1,17795,06-23-2025 17:37:55,Diverse Power
Harris,2,2,8305,06-23-2025 17:37:55,Diverse Power
Troup,9,1,17795,06-23-2025 17:52:54,Diverse Power
Harris,2,2,8305,06-23-2025 17:52:54,Diverse Power
Troup,9,1,17795,06-23-2025 18:07:54,Diverse Power
Muscogee,4,4,2725,06-23-2025 18:07:54,Diverse Power
Harris,2,2,8305,06-23-2025 18:07:54,Diverse Power
Troup,9,1,17795,06-23-2025 18:22:57,Diverse Power
Muscogee,4,4,2725,06-23-2025 18:22:57,Diverse Power
Harris,2,2,8305,06-23-2025 18:22:57,Diverse Power
Troup,9,1,17795,06-23-2025 18:37:53,Diverse Power
Muscogee,4,4,2725,06-23-2025 18:37:53,Diverse Power
Harris,2,2,8305,06-23-2025 18:37:53,Diverse Power
Muscogee,4,4,2725,06-23-2025 18:52:55,Diverse Power
Harris,2,2,8305,06-23-2025 18:52:55,Diverse Power
Muscogee,4,4,2725,06-23-2025 19:07:48,Diverse Power
Harris,2,2,8305,06-23-2025 19:07:48,Diverse Power
Muscogee,4,4,2725,06-23-2025 19:22:51,Diverse Power
Harris,2,2,8305,06-23-2025 19:22:51,Diverse Power
Troup,27,27,17790,06-24-2025 06:07:45,Diverse Power
Troup,27,27,17790,06-24-2025 06:22:44,Diverse Power
Troup,27,27,17790,06-24-2025 06:37:43,Diverse Power
Harris,1,1,8306,06-24-2025 08:37:42,Diverse Power
Harris,1,1,8306,06-24-2025 08:52:40,Diverse Power
Troup,1,1,17866,06-24-2025 12:37:43,Diverse Power
Troup,1,1,17866,06-24-2025 12:52:43,Diverse Power
Troup,1,1,17866,06-24-2025 13:07:47,Diverse Power
Troup,1,1,17866,06-24-2025 13:22:49,Diverse Power
Troup,1,1,17866,06-24-2025 13:37:55,Diverse Power
Troup,1,1,17866,06-24-2025 13:52:56,Diverse Power
Troup,2,2,17866,06-24-2025 15:37:51,Diverse Power
Troup,2,2,17866,06-24-2025 15:52:50,Diverse Power
Calhoun,2,2,1380,06-24-2025 15:52:50,Diverse Power
Troup,2,2,17866,06-24-2025 16:07:53,Diverse Power
Calhoun,2,2,1380,06-24-2025 16:07:53,Diverse Power
Troup,2,2,17866,06-24-2025 16:22:53,Diverse Power
Calhoun,2,2,1380,06-24-2025 16:22:53,Diverse Power
Troup,2,2,17867,06-24-2025 16:37:53,Diverse Power
Calhoun,2,2,1380,06-24-2025 16:37:53,Diverse Power
Troup,2,2,17867,06-24-2025 16:52:53,Diverse Power
Calhoun,2,2,1380,06-24-2025 16:52:53,Diverse Power
Troup,3,3,17867,06-24-2025 17:07:47,Diverse Power
Calhoun,2,2,1380,06-24-2025 17:07:47,Diverse Power
Troup,2,2,17867,06-24-2025 17:22:51,Diverse Power
Calhoun,2,2,1380,06-24-2025 17:22:51,Diverse Power
Troup,2,2,17867,06-24-2025 17:37:52,Diverse Power
Calhoun,2,2,1380,06-24-2025 17:37:52,Diverse Power
Troup,2,2,17867,06-24-2025 17:52:49,Diverse Power
Calhoun,2,2,1380,06-24-2025 17:52:49,Diverse Power
Troup,2,2,17867,06-24-2025 18:07:51,Diverse Power
Calhoun,2,2,1380,06-24-2025 18:07:51,Diverse Power
Troup,2,2,17867,06-24-2025 18:22:44,Diverse Power
Calhoun,2,2,1380,06-24-2025 18:22:44,Diverse Power
Troup,2,2,17867,06-24-2025 18:37:49,Diverse Power
Calhoun,2,2,1380,06-24-2025 18:37:49,Diverse Power
Troup,2,2,17867,06-24-2025 18:52:48,Diverse Power
Calhoun,2,2,1380,06-24-2025 18:52:48,Diverse Power
Troup,2,2,17868,06-24-2025 19:07:49,Diverse Power
Calhoun,2,2,1380,06-24-2025 19:07:49,Diverse Power
Troup,2,2,17868,06-24-2025 19:22:43,Diverse Power
Calhoun,2,2,1380,06-24-2025 19:22:43,Diverse Power
Troup,2,2,17868,06-24-2025 19:37:44,Diverse Power
Calhoun,2,2,1380,06-24-2025 19:37:44,Diverse Power
Troup,2,2,17868,06-24-2025 19:52:42,Diverse Power
Calhoun,2,2,1380,06-24-2025 19:52:42,Diverse Power
Calhoun,2,2,1380,06-24-2025 20:07:46,Diverse Power
Calhoun,2,2,1380,06-24-2025 20:22:44,Diverse Power
Calhoun,2,2,1380,06-24-2025 20:37:45,Diverse Power
Calhoun,2,2,1380,06-24-2025 20:52:47,Diverse Power
Calhoun,2,2,1380,06-24-2025 21:07:48,Diverse Power
Calhoun,2,2,1380,06-24-2025 21:22:46,Diverse Power
Troup,1,1,17869,06-24-2025 22:37:46,Diverse Power
Troup,1,1,17869,06-24-2025 22:52:44,Diverse Power
Troup,2,2,17869,06-25-2025 13:07:46,Diverse Power
Harris,2,2,8372,06-25-2025 13:07:46,Diverse Power
Troup,2,2,17869,06-25-2025 13:22:45,Diverse Power
Harris,2,2,8372,06-25-2025 13:22:45,Diverse Power
Troup,2,2,17869,06-25-2025 13:37:49,Diverse Power
Harris,2,2,8372,06-25-2025 13:37:49,Diverse Power
Troup,2,2,17869,06-25-2025 13:52:54,Diverse Power
Harris,3,3,8372,06-25-2025 13:52:54,Diverse Power
Troup,2,2,17869,06-25-2025 14:07:54,Diverse Power
Harris,2,2,8372,06-25-2025 14:07:54,Diverse Power
Troup,2,2,17869,06-25-2025 14:22:49,Diverse Power
Harris,5,5,8372,06-25-2025 14:22:49,Diverse Power
Troup,2,2,17869,06-25-2025 14:37:48,Diverse Power
Harris,5,5,8372,06-25-2025 14:37:48,Diverse Power
Troup,2,2,17869,06-25-2025 14:52:45,Diverse Power
Harris,5,5,8372,06-25-2025 14:52:45,Diverse Power
Troup,2,2,17869,06-25-2025 15:07:43,Diverse Power
Harris,5,5,8372,06-25-2025 15:07:43,Diverse Power
Troup,2,2,17870,06-25-2025 15:22:43,Diverse Power
Harris,5,5,8372,06-25-2025 15:22:43,Diverse Power
Troup,2,2,17870,06-25-2025 15:37:48,Diverse Power
Harris,5,5,8372,06-25-2025 15:37:48,Diverse Power
Troup,2,2,17870,06-25-2025 15:52:51,Diverse Power
Harris,5,5,8372,06-25-2025 15:52:51,Diverse Power
Troup,2,2,17870,06-25-2025 16:07:52,Diverse Power
Harris,5,5,8372,06-25-2025 16:07:52,Diverse Power
Troup,2,2,17870,06-25-2025 16:22:51,Diverse Power
Harris,5,5,8372,06-25-2025 16:22:51,Diverse Power
Troup,2,2,17870,06-25-2025 16:37:52,Diverse Power
Harris,5,5,8372,06-25-2025 16:37:52,Diverse Power
Troup,2,2,17871,06-25-2025 16:52:50,Diverse Power
Harris,5,5,8372,06-25-2025 16:52:50,Diverse Power
Troup,2,2,17871,06-25-2025 17:07:49,Diverse Power
Harris,5,5,8372,06-25-2025 17:07:49,Diverse Power
Troup,2,2,17871,06-25-2025 17:22:47,Diverse Power
Harris,5,5,8372,06-25-2025 17:22:47,Diverse Power
Troup,2,2,17871,06-25-2025 17:37:46,Diverse Power
Harris,5,5,8372,06-25-2025 17:37:46,Diverse Power
Troup,2,2,17871,06-25-2025 17:52:47,Diverse Power
Harris,5,5,8372,06-25-2025 17:52:47,Diverse Power
Troup,2,2,17871,06-25-2025 18:07:51,Diverse Power
Harris,5,5,8373,06-25-2025 18:07:51,Diverse Power
Troup,2,2,17871,06-25-2025 18:22:45,Diverse Power
Harris,5,5,8373,06-25-2025 18:22:45,Diverse Power
Harris,2,2,8373,06-25-2025 18:37:45,Diverse Power
Harris,2,2,8373,06-25-2025 18:52:44,Diverse Power
Quitman,12,12,1319,06-25-2025 19:07:48,Diverse Power
Clay,6,6,980,06-25-2025 19:07:48,Diverse Power
Harris,2,2,8373,06-25-2025 19:07:48,Diverse Power
Quitman,12,12,1319,06-25-2025 19:22:50,Diverse Power
Clay,6,6,980,06-25-2025 19:22:50,Diverse Power
Harris,2,2,8373,06-25-2025 19:22:50,Diverse Power
Quitman,12,12,1319,06-25-2025 19:37:49,Diverse Power
Clay,6,6,980,06-25-2025 19:37:49,Diverse Power
Harris,2,2,8373,06-25-2025 19:37:49,Diverse Power
Quitman,12,12,1319,06-25-2025 19:52:49,Diverse Power
Troup,2,2,17871,06-25-2025 19:52:49,Diverse Power
Clay,6,6,980,06-25-2025 19:52:49,Diverse Power
Harris,2,2,8373,06-25-2025 19:52:49,Diverse Power
Quitman,12,0,1319,06-25-2025 20:07:51,Diverse Power
Troup,2,2,17872,06-25-2025 20:07:51,Diverse Power
Clay,6,0,980,06-25-2025 20:07:51,Diverse Power
Harris,2,2,8373,06-25-2025 20:07:51,Diverse Power
Troup,2,2,17872,06-25-2025 20:22:48,Diverse Power
Troup,2,2,17871,06-25-2025 21:22:46,Diverse Power
Troup,2,2,17871,06-25-2025 21:37:48,Diverse Power
Troup,2,2,17871,06-25-2025 21:52:47,Diverse Power
Quitman,35,35,1319,06-26-2025 01:07:54,Diverse Power
Quitman,35,35,1319,06-26-2025 01:22:55,Diverse Power
Quitman,35,35,1319,06-26-2025 01:37:57,Diverse Power
Quitman,35,35,1319,06-26-2025 01:52:54,Diverse Power
Quitman,35,35,1319,06-26-2025 02:07:57,Diverse Power
Quitman,35,35,1319,06-26-2025 02:22:58,Diverse Power
Quitman,35,35,1319,06-26-2025 02:37:58,Diverse Power
Quitman,35,35,1319,06-26-2025 02:52:51,Diverse Power
Quitman,35,35,1319,06-26-2025 03:07:49,Diverse Power
Quitman,35,35,1319,06-26-2025 03:22:51,Diverse Power
Quitman,35,35,1319,06-26-2025 03:37:49,Diverse Power
Quitman,35,35,1319,06-26-2025 03:52:49,Diverse Power
Troup,3,3,17872,06-26-2025 05:37:48,Diverse Power
Troup,6,6,17872,06-26-2025 05:52:47,Diverse Power
Troup,203,203,17872,06-26-2025 06:07:50,Diverse Power
Meriwether,4,4,2449,06-26-2025 06:07:50,Diverse Power
Harris,294,294,8373,06-26-2025 06:07:50,Diverse Power
Troup,313,313,17872,06-26-2025 06:22:50,Diverse Power
Meriwether,6,6,2449,06-26-2025 06:22:50,Diverse Power
Harris,366,366,8373,06-26-2025 06:22:50,Diverse Power
Troup,1395,1395,17872,06-26-2025 06:37:53,Diverse Power
Meriwether,6,6,2449,06-26-2025 06:37:53,Diverse Power
Chambers,1,1,687,06-26-2025 06:37:53,Diverse Power
Harris,420,420,8373,06-26-2025 06:37:53,Diverse Power
Troup,1410,1410,17872,06-26-2025 06:52:49,Diverse Power
Meriwether,6,6,2449,06-26-2025 06:52:49,Diverse Power
Chambers,57,57,687,06-26-2025 06:52:49,Diverse Power
Harris,420,420,8373,06-26-2025 06:52:49,Diverse Power
Troup,876,876,17872,06-26-2025 07:07:55,Diverse Power
Meriwether,6,6,2449,06-26-2025 07:07:55,Diverse Power
Chambers,57,57,687,06-26-2025 07:07:55,Diverse Power
Harris,420,420,8373,06-26-2025 07:07:55,Diverse Power
Troup,881,881,17872,06-26-2025 07:22:50,Diverse Power
Meriwether,6,6,2449,06-26-2025 07:22:50,Diverse Power
Chambers,57,57,687,06-26-2025 07:22:50,Diverse Power
Harris,420,420,8373,06-26-2025 07:22:50,Diverse Power
Troup,878,878,17872,06-26-2025 07:37:47,Diverse Power
Meriwether,6,6,2449,06-26-2025 07:37:47,Diverse Power
Chambers,57,57,687,06-26-2025 07:37:47,Diverse Power
Harris,420,420,8373,06-26-2025 07:37:47,Diverse Power
Troup,878,787,17872,06-26-2025 07:52:48,Diverse Power
Meriwether,6,6,2449,06-26-2025 07:52:48,Diverse Power
Chambers,57,57,687,06-26-2025 07:52:48,Diverse Power
Harris,420,420,8373,06-26-2025 07:52:48,Diverse Power
Troup,790,790,17872,06-26-2025 08:07:49,Diverse Power
Meriwether,6,6,2449,06-26-2025 08:07:49,Diverse Power
Chambers,59,59,687,06-26-2025 08:07:49,Diverse Power
Harris,420,420,8373,06-26-2025 08:07:49,Diverse Power
Troup,788,788,17872,06-26-2025 08:22:52,Diverse Power
Meriwether,6,6,2449,06-26-2025 08:22:52,Diverse Power
Chambers,66,66,687,06-26-2025 08:22:52,Diverse Power
Harris,420,420,8373,06-26-2025 08:22:52,Diverse Power
Troup,257,257,17872,06-26-2025 08:37:52,Diverse Power
Meriwether,6,6,2449,06-26-2025 08:37:52,Diverse Power
Chambers,66,66,687,06-26-2025 08:37:52,Diverse Power
Harris,420,420,8373,06-26-2025 08:37:52,Diverse Power
Troup,248,248,17872,06-26-2025 08:52:51,Diverse Power
Meriwether,6,6,2449,06-26-2025 08:52:51,Diverse Power
Harris,420,420,8373,06-26-2025 08:52:51,Diverse Power
Troup,252,55,17872,06-26-2025 09:07:55,Diverse Power
Meriwether,6,6,2449,06-26-2025 09:07:55,Diverse Power
Harris,420,136,8373,06-26-2025 09:07:55,Diverse Power
Troup,252,55,17872,06-26-2025 09:22:53,Diverse Power
Meriwether,6,6,2449,06-26-2025 09:22:53,Diverse Power
Harris,420,136,8373,06-26-2025 09:22:53,Diverse Power
Troup,238,41,17871,06-26-2025 09:37:51,Diverse Power
Meriwether,6,6,2449,06-26-2025 09:37:51,Diverse Power
Harris,420,136,8373,06-26-2025 09:37:51,Diverse Power
Troup,238,41,17871,06-26-2025 09:52:55,Diverse Power
Meriwether,6,6,2449,06-26-2025 09:52:55,Diverse Power
Harris,420,136,8373,06-26-2025 09:52:55,Diverse Power
Troup,238,41,17871,06-26-2025 10:07:58,Diverse Power
Meriwether,6,6,2449,06-26-2025 10:07:58,Diverse Power
Harris,420,136,8373,06-26-2025 10:07:58,Diverse Power
Troup,237,40,17871,06-26-2025 10:22:58,Diverse Power
Meriwether,6,6,2449,06-26-2025 10:22:58,Diverse Power
Harris,436,152,8373,06-26-2025 10:22:58,Diverse Power
Troup,245,46,17871,06-26-2025 10:38:00,Diverse Power
Meriwether,6,6,2449,06-26-2025 10:38:00,Diverse Power
Harris,436,152,8373,06-26-2025 10:38:00,Diverse Power
Troup,245,30,17871,06-26-2025 10:52:59,Diverse Power
Meriwether,8,5,2449,06-26-2025 10:52:59,Diverse Power
Harris,436,152,8373,06-26-2025 10:52:59,Diverse Power
Troup,217,17,17871,06-26-2025 11:07:58,Diverse Power
Meriwether,5,5,2449,06-26-2025 11:07:58,Diverse Power
Harris,436,152,8373,06-26-2025 11:07:58,Diverse Power
Troup,214,17,17871,06-26-2025 11:22:55,Diverse Power
Meriwether,5,5,2449,06-26-2025 11:22:55,Diverse Power
Harris,436,152,8373,06-26-2025 11:22:55,Diverse Power
Troup,207,10,17871,06-26-2025 11:37:55,Diverse Power
Meriwether,5,5,2449,06-26-2025 11:37:55,Diverse Power
Harris,299,15,8373,06-26-2025 11:37:55,Diverse Power
Troup,207,10,17871,06-26-2025 11:52:55,Diverse Power
Meriwether,5,5,2449,06-26-2025 11:52:55,Diverse Power
Harris,299,15,8373,06-26-2025 11:52:55,Diverse Power
Troup,206,9,17871,06-26-2025 12:08:00,Diverse Power
Meriwether,5,5,2449,06-26-2025 12:08:00,Diverse Power
Harris,299,14,8373,06-26-2025 12:08:00,Diverse Power
Troup,206,7,17871,06-26-2025 12:22:59,Diverse Power
Meriwether,5,2,2449,06-26-2025 12:22:59,Diverse Power
Harris,299,13,8373,06-26-2025 12:22:59,Diverse Power
Troup,229,30,17871,06-26-2025 12:38:06,Diverse Power
Meriwether,5,2,2449,06-26-2025 12:38:06,Diverse Power
Harris,300,12,8373,06-26-2025 12:38:06,Diverse Power
Troup,230,31,17871,06-26-2025 12:52:58,Diverse Power
Meriwether,2,0,2449,06-26-2025 12:52:58,Diverse Power
Harris,298,12,8373,06-26-2025 12:52:58,Diverse Power
Troup,227,30,17871,06-26-2025 13:07:55,Diverse Power
Harris,296,12,8373,06-26-2025 13:07:55,Diverse Power
Troup,229,32,17871,06-26-2025 13:23:04,Diverse Power
Harris,296,12,8373,06-26-2025 13:23:04,Diverse Power
Troup,227,30,17871,06-26-2025 13:38:08,Diverse Power
Harris,296,1,8373,06-26-2025 13:38:08,Diverse Power
Troup,227,24,17871,06-26-2025 13:53:08,Diverse Power
Harris,296,1,8373,06-26-2025 13:53:08,Diverse Power
Troup,1,0,17871,06-26-2025 14:08:10,Diverse Power
Harris,1,1,8373,06-26-2025 14:08:10,Diverse Power
Troup,2,2,17870,06-26-2025 14:23:10,Diverse Power
Harris,1,1,8373,06-26-2025 14:23:10,Diverse Power
Troup,2,2,17869,06-26-2025 14:38:14,Diverse Power
Harris,1,1,8373,06-26-2025 14:38:14,Diverse Power
Troup,2,2,17869,06-26-2025 14:53:03,Diverse Power
Meriwether,4,4,2449,06-26-2025 14:53:03,Diverse Power
Troup,2,2,17869,06-26-2025 15:08:07,Diverse Power
Meriwether,4,4,2449,06-26-2025 15:08:07,Diverse Power
Harris,32,32,8372,06-26-2025 15:08:07,Diverse Power
Troup,2,0,17869,06-26-2025 15:23:03,Diverse Power
Meriwether,4,4,2449,06-26-2025 15:23:03,Diverse Power
Harris,32,32,8372,06-26-2025 15:23:03,Diverse Power
Meriwether,5,5,2449,06-26-2025 15:37:56,Diverse Power
Harris,32,32,8372,06-26-2025 15:37:56,Diverse Power
Meriwether,6,6,2449,06-26-2025 15:52:55,Diverse Power
Harris,32,32,8372,06-26-2025 15:52:55,Diverse Power
Quitman,1,1,1319,06-26-2025 16:07:54,Diverse Power
Meriwether,3,3,2449,06-26-2025 16:07:54,Diverse Power
Harris,32,32,8372,06-26-2025 16:07:54,Diverse Power
Quitman,1,1,1319,06-26-2025 16:22:51,Diverse Power
Meriwether,3,3,2449,06-26-2025 16:22:51,Diverse Power
Harris,32,32,8372,06-26-2025 16:22:51,Diverse Power
Meriwether,3,3,2449,06-26-2025 16:37:49,Diverse Power
Harris,32,0,8372,06-26-2025 16:37:49,Diverse Power
Meriwether,2,2,2449,06-26-2025 16:52:48,Diverse Power
Harris,32,0,8372,06-26-2025 16:52:48,Diverse Power
Troup,4,4,17869,06-26-2025 17:07:52,Diverse Power
Meriwether,2,2,2449,06-26-2025 17:07:52,Diverse Power
Troup,4,4,17870,06-26-2025 17:22:46,Diverse Power
Meriwether,2,2,2449,06-26-2025 17:22:46,Diverse Power
Troup,6,6,17870,06-26-2025 17:37:46,Diverse Power
Meriwether,2,2,2449,06-26-2025 17:37:46,Diverse Power
Troup,6,6,17870,06-26-2025 17:52:47,Diverse Power
Meriwether,2,2,2449,06-26-2025 17:52:47,Diverse Power
Troup,6,6,17870,06-26-2025 18:07:46,Diverse Power
Meriwether,2,2,2449,06-26-2025 18:07:46,Diverse Power
Troup,6,6,17870,06-26-2025 18:22:52,Diverse Power
Meriwether,2,2,2449,06-26-2025 18:22:52,Diverse Power
Quitman,1,1,1320,06-26-2025 19:07:53,Diverse Power
Quitman,1,1,1320,06-26-2025 19:22:49,Diverse Power
Troup,2,2,17870,06-26-2025 19:22:49,Diverse Power
Troup,23,23,17871,06-26-2025 20:37:41,Diverse Power
Harris,1,1,8372,06-26-2025 21:22:41,Diverse Power
Harris,1,1,8372,06-26-2025 21:37:45,Diverse Power
Quitman,29,29,1320,06-26-2025 21:52:43,Diverse Power
Randolph,17,17,1739,06-26-2025 21:52:43,Diverse Power
Harris,1,1,8372,06-26-2025 21:52:43,Diverse Power
Quitman,29,29,1320,06-26-2025 22:07:45,Diverse Power
Randolph,17,17,1739,06-26-2025 22:07:45,Diverse Power
Harris,1,1,8372,06-26-2025 22:07:45,Diverse Power
Quitman,29,29,1320,06-26-2025 22:22:44,Diverse Power
Randolph,17,17,1739,06-26-2025 22:22:44,Diverse Power
Harris,1,1,8372,06-26-2025 22:22:44,Diverse Power
Harris,1,1,8372,06-26-2025 22:37:46,Diverse Power
Harris,1,1,8372,06-26-2025 22:52:45,Diverse Power
Harris,1,1,8372,06-26-2025 23:07:47,Diverse Power
Troup,324,324,17874,06-27-2025 02:37:43,Diverse Power
Troup,444,444,17874,06-27-2025 02:52:42,Diverse Power
Troup,444,444,17874,06-27-2025 03:07:45,Diverse Power
Troup,444,444,17874,06-27-2025 03:22:42,Diverse Power
Troup,444,444,17874,06-27-2025 03:37:40,Diverse Power
Troup,444,444,17874,06-27-2025 03:52:41,Diverse Power
Troup,1,1,17874,06-27-2025 04:07:42,Diverse Power
Troup,1,1,17874,06-27-2025 04:22:43,Diverse Power
Troup,3,3,17874,06-27-2025 07:37:40,Diverse Power
Troup,7,7,17874,06-27-2025 07:52:40,Diverse Power
Troup,7,7,17874,06-27-2025 08:07:40,Diverse Power
Troup,7,7,17874,06-27-2025 08:22:40,Diverse Power
Troup,7,7,17874,06-27-2025 08:37:40,Diverse Power
Troup,7,7,17874,06-27-2025 08:52:40,Diverse Power
Troup,7,7,17874,06-27-2025 09:07:40,Diverse Power
Troup,7,7,17874,06-27-2025 09:22:41,Diverse Power
Troup,7,7,17874,06-27-2025 09:37:40,Diverse Power
Harris,2,2,8371,06-27-2025 15:52:55,Diverse Power
Harris,2,2,8371,06-27-2025 16:07:53,Diverse Power
Harris,2,2,8371,06-27-2025 16:23:00,Diverse Power
Harris,2,2,8371,06-27-2025 16:37:50,Diverse Power
Harris,2,2,8371,06-27-2025 16:58:59,Diverse Power
Troup,1,1,17871,06-27-2025 19:07:49,Diverse Power
Harris,1,1,8370,06-27-2025 22:07:45,Diverse Power
Harris,1,1,8370,06-27-2025 22:22:45,Diverse Power
Harris,1,1,8372,06-27-2025 22:37:47,Diverse Power
Harris,1,1,8372,06-27-2025 22:52:43,Diverse Power
Harris,1,1,8372,06-27-2025 23:07:43,Diverse Power
Harris,1,1,8372,06-27-2025 23:22:43,Diverse Power
Harris,1,1,8372,06-28-2025 08:37:49,Diverse Power
Harris,1,1,8372,06-28-2025 08:52:49,Diverse Power
Harris,1,1,8372,06-28-2025 09:07:52,Diverse Power
Harris,1,1,8372,06-28-2025 09:22:52,Diverse Power
Harris,1,1,8372,06-28-2025 09:37:51,Diverse Power
Harris,1,1,8372,06-28-2025 09:52:51,Diverse Power
Harris,1,1,8372,06-28-2025 10:07:52,Diverse Power
Harris,1,1,8372,06-28-2025 10:22:48,Diverse Power
Harris,1,1,8372,06-28-2025 10:37:46,Diverse Power
Harris,1,1,8372,06-28-2025 10:52:49,Diverse Power
Harris,1,1,8372,06-28-2025 11:07:47,Diverse Power
Harris,1,1,8372,06-28-2025 11:22:47,Diverse Power
Harris,1,1,8372,06-28-2025 11:37:48,Diverse Power
Harris,1,1,8372,06-28-2025 11:52:46,Diverse Power
Harris,1,1,8372,06-28-2025 12:07:45,Diverse Power
Harris,1,1,8372,06-28-2025 12:22:48,Diverse Power
Harris,1,1,8372,06-28-2025 12:37:46,Diverse Power
Harris,1,1,8372,06-28-2025 12:52:45,Diverse Power
Harris,4,4,8372,06-28-2025 13:07:46,Diverse Power
Harris,4,4,8372,06-28-2025 13:22:47,Diverse Power
Harris,4,4,8372,06-28-2025 13:37:45,Diverse Power
Harris,4,4,8372,06-28-2025 13:52:45,Diverse Power
Harris,4,4,8372,06-28-2025 14:07:45,Diverse Power
Harris,4,4,8372,06-28-2025 14:22:46,Diverse Power
Harris,4,4,8372,06-28-2025 14:37:45,Diverse Power
Harris,4,4,8372,06-28-2025 14:52:48,Diverse Power
Randolph,30,30,1737,06-28-2025 15:22:47,Diverse Power
Calhoun,70,70,1380,06-28-2025 15:22:47,Diverse Power
Calhoun,2,2,1380,06-28-2025 15:37:48,Diverse Power
Harris,2,2,8372,06-28-2025 17:07:47,Diverse Power
Calhoun,1,1,1380,06-28-2025 18:07:47,Diverse Power
Calhoun,1,1,1380,06-28-2025 18:22:43,Diverse Power
Meriwether,1,1,2450,06-28-2025 18:22:43,Diverse Power
Harris,2,2,8372,06-28-2025 18:22:43,Diverse Power
Calhoun,1,1,1380,06-28-2025 18:37:44,Diverse Power
Meriwether,1,1,2450,06-28-2025 18:37:44,Diverse Power
Meriwether,1,1,2450,06-28-2025 18:52:40,Diverse Power
Troup,1,1,17873,06-28-2025 20:37:45,Diverse Power
Troup,1,1,17873,06-28-2025 20:52:45,Diverse Power
Troup,1,1,17873,06-28-2025 21:07:47,Diverse Power
Troup,1,1,17873,06-28-2025 21:22:47,Diverse Power
Troup,18,18,17873,06-28-2025 21:37:46,Diverse Power
Troup,27,27,17873,06-28-2025 21:52:51,Diverse Power
Heard,11,11,481,06-28-2025 22:07:53,Diverse Power
Troup,27,27,17873,06-28-2025 22:07:53,Diverse Power
Heard,11,11,481,06-28-2025 22:22:48,Diverse Power
Troup,27,17,17873,06-28-2025 22:22:48,Diverse Power
Heard,11,11,481,06-28-2025 22:37:51,Diverse Power
Troup,20,20,17873,06-28-2025 22:37:51,Diverse Power
Heard,11,11,481,06-28-2025 22:52:48,Diverse Power
Troup,5,5,17873,06-28-2025 22:52:48,Diverse Power
Heard,11,11,481,06-28-2025 23:07:49,Diverse Power
Troup,6,6,17873,06-28-2025 23:07:49,Diverse Power
Heard,11,11,481,06-28-2025 23:22:45,Diverse Power
Troup,10,10,17873,06-28-2025 23:22:45,Diverse Power
Heard,11,11,481,06-28-2025 23:37:47,Diverse Power
Troup,6,6,17873,06-28-2025 23:37:47,Diverse Power
Heard,11,11,481,06-28-2025 23:52:47,Diverse Power
Troup,6,6,17873,06-28-2025 23:52:47,Diverse Power
Heard,11,11,481,06-29-2025 00:07:50,Diverse Power
Troup,6,6,17873,06-29-2025 00:07:50,Diverse Power
Heard,11,11,481,06-29-2025 00:22:49,Diverse Power
Troup,6,6,17873,06-29-2025 00:22:49,Diverse Power
Heard,11,11,481,06-29-2025 00:37:51,Diverse Power
Troup,6,6,17873,06-29-2025 00:37:51,Diverse Power
Heard,11,11,481,06-29-2025 00:52:50,Diverse Power
Troup,6,6,17873,06-29-2025 00:52:50,Diverse Power
Heard,11,11,481,06-29-2025 01:07:50,Diverse Power
Troup,8,8,17873,06-29-2025 01:07:50,Diverse Power
Heard,11,11,481,06-29-2025 01:22:48,Diverse Power
Troup,8,8,17873,06-29-2025 01:22:48,Diverse Power
Heard,11,11,481,06-29-2025 01:37:48,Diverse Power
Troup,6,6,17873,06-29-2025 01:37:48,Diverse Power
Heard,11,11,481,06-29-2025 01:52:51,Diverse Power
Troup,6,6,17873,06-29-2025 01:52:51,Diverse Power
Heard,11,11,481,06-29-2025 02:07:47,Diverse Power
Troup,6,6,17873,06-29-2025 02:07:47,Diverse Power
Heard,11,11,481,06-29-2025 02:22:45,Diverse Power
Troup,6,6,17873,06-29-2025 02:22:45,Diverse Power
Heard,11,11,481,06-29-2025 02:37:44,Diverse Power
Troup,6,6,17873,06-29-2025 02:37:44,Diverse Power
Heard,11,11,481,06-29-2025 02:52:42,Diverse Power
Troup,6,6,17873,06-29-2025 02:52:42,Diverse Power
Heard,11,11,481,06-29-2025 03:07:44,Diverse Power
Troup,2,2,17873,06-29-2025 03:07:44,Diverse Power
Heard,11,11,481,06-29-2025 03:22:46,Diverse Power
Troup,1,1,17873,06-29-2025 03:22:46,Diverse Power
Heard,11,11,481,06-29-2025 03:37:47,Diverse Power
Randolph,1,1,1737,06-29-2025 03:37:47,Diverse Power
Troup,1,1,17873,06-29-2025 03:37:47,Diverse Power
Heard,11,11,481,06-29-2025 03:52:48,Diverse Power
Randolph,1,1,1737,06-29-2025 03:52:48,Diverse Power
Troup,1,1,17873,06-29-2025 03:52:48,Diverse Power
Randolph,1,1,1737,06-29-2025 04:07:49,Diverse Power
Randolph,1,1,1737,06-29-2025 04:22:47,Diverse Power
Troup,3,3,17873,06-29-2025 05:37:48,Diverse Power
Troup,5,5,17873,06-29-2025 05:52:45,Diverse Power
Troup,5,5,17873,06-29-2025 06:07:46,Diverse Power
Troup,5,5,17873,06-29-2025 06:22:46,Diverse Power
Troup,5,5,17873,06-29-2025 06:37:47,Diverse Power
Troup,1,1,17873,06-29-2025 10:07:44,Diverse Power
Troup,1,1,17873,06-29-2025 10:22:46,Diverse Power
Troup,1,1,17873,06-29-2025 10:37:47,Diverse Power
Troup,1,1,17873,06-29-2025 10:53:01,Diverse Power
Troup,1,1,17873,06-29-2025 11:07:47,Diverse Power
Troup,1,1,17873,06-29-2025 11:22:46,Diverse Power
Troup,1,1,17873,06-29-2025 11:37:46,Diverse Power
Troup,1,1,17873,06-29-2025 11:52:44,Diverse Power
Troup,3,3,17873,06-29-2025 12:07:47,Diverse Power
Troup,3,3,17873,06-29-2025 12:22:45,Diverse Power
Troup,4,4,17873,06-29-2025 12:37:46,Diverse Power
Troup,4,4,17873,06-29-2025 12:52:46,Diverse Power
Troup,4,4,17873,06-29-2025 13:07:46,Diverse Power
Troup,4,1,17873,06-29-2025 13:22:47,Diverse Power
Troup,1,1,17873,06-29-2025 13:37:47,Diverse Power
Harris,4,4,8372,06-29-2025 13:37:47,Diverse Power
Troup,1,1,17873,06-29-2025 13:52:47,Diverse Power
Harris,5,5,8372,06-29-2025 13:52:47,Diverse Power
Harris,7,7,8372,06-29-2025 14:07:50,Diverse Power
Harris,7,7,8372,06-29-2025 14:22:48,Diverse Power
Harris,7,7,8372,06-29-2025 14:37:46,Diverse Power
Harris,7,7,8372,06-29-2025 14:52:46,Diverse Power
Calhoun,1,1,1380,06-29-2025 15:07:49,Diverse Power
Harris,4,4,8372,06-29-2025 15:07:49,Diverse Power
Calhoun,1,1,1380,06-29-2025 15:22:50,Diverse Power
Harris,4,4,8372,06-29-2025 15:22:50,Diverse Power
Harris,4,4,8372,06-29-2025 15:37:49,Diverse Power
Harris,4,0,8372,06-29-2025 15:52:50,Diverse Power
Heard,1,1,481,06-29-2025 18:07:52,Diverse Power
Troup,30,30,17873,06-29-2025 18:07:52,Diverse Power
Heard,1,1,481,06-29-2025 18:22:50,Diverse Power
Troup,30,30,17873,06-29-2025 18:22:50,Diverse Power
Heard,1,1,481,06-29-2025 18:37:49,Diverse Power
Troup,30,30,17873,06-29-2025 18:37:49,Diverse Power
Heard,1,1,481,06-29-2025 18:52:51,Diverse Power
Troup,30,30,17873,06-29-2025 18:52:51,Diverse Power
Troup,30,30,17873,06-29-2025 19:07:48,Diverse Power
Troup,30,30,17873,06-29-2025 19:22:48,Diverse Power
Troup,30,30,17873,06-29-2025 19:37:46,Diverse Power
Meriwether,3,3,2450,06-29-2025 19:37:46,Diverse Power
Troup,30,11,17873,06-29-2025 19:52:47,Diverse Power
Meriwether,3,3,2450,06-29-2025 19:52:47,Diverse Power
Troup,22,1,17873,06-29-2025 20:07:51,Diverse Power
Meriwether,3,3,2450,06-29-2025 20:07:51,Diverse Power
Troup,20,1,17873,06-29-2025 20:22:48,Diverse Power
Meriwether,3,3,2450,06-29-2025 20:22:48,Diverse Power
Troup,20,1,17873,06-29-2025 20:37:46,Diverse Power
Meriwether,3,3,2450,06-29-2025 20:37:46,Diverse Power
Troup,20,1,17873,06-29-2025 20:52:50,Diverse Power
Meriwether,3,1,2450,06-29-2025 20:52:50,Diverse Power
Troup,20,1,17873,06-29-2025 21:07:51,Diverse Power
Troup,20,1,17873,06-29-2025 21:22:52,Diverse Power
Troup,20,1,17873,06-29-2025 21:37:51,Diverse Power
Troup,20,1,17873,06-29-2025 21:52:51,Diverse Power
Troup,20,1,17873,06-29-2025 22:07:59,Diverse Power
Troup,20,1,17873,06-29-2025 22:22:52,Diverse Power
Troup,20,1,17873,06-29-2025 22:37:59,Diverse Power
Troup,20,1,17873,06-29-2025 22:52:57,Diverse Power
Troup,20,1,17873,06-29-2025 23:08:01,Diverse Power
Troup,20,1,17873,06-29-2025 23:22:58,Diverse Power
Troup,20,1,17873,06-29-2025 23:38:01,Diverse Power
Troup,20,1,17873,06-29-2025 23:52:58,Diverse Power
Troup,20,1,17873,06-30-2025 00:07:57,Diverse Power
Troup,20,1,17873,06-30-2025 00:22:54,Diverse Power
Troup,20,1,17873,06-30-2025 00:37:54,Diverse Power
Troup,20,1,17873,06-30-2025 00:52:54,Diverse Power
Troup,20,1,17873,06-30-2025 01:07:53,Diverse Power
Troup,20,1,17873,06-30-2025 01:22:55,Diverse Power
Troup,20,1,17873,06-30-2025 01:37:49,Diverse Power
Troup,20,1,17873,06-30-2025 01:52:49,Diverse Power
Troup,20,1,17873,06-30-2025 02:07:47,Diverse Power
Troup,20,1,17873,06-30-2025 02:22:47,Diverse Power
Troup,20,1,17873,06-30-2025 02:37:47,Diverse Power
Troup,20,1,17873,06-30-2025 02:52:47,Diverse Power
Troup,20,1,17873,06-30-2025 03:07:47,Diverse Power
Troup,20,1,17873,06-30-2025 03:22:48,Diverse Power
Troup,20,1,17873,06-30-2025 03:37:45,Diverse Power
Troup,20,1,17873,06-30-2025 03:52:47,Diverse Power
Troup,20,1,17873,06-30-2025 04:07:51,Diverse Power
Troup,20,1,17873,06-30-2025 04:22:52,Diverse Power
Troup,20,1,17873,06-30-2025 04:37:49,Diverse Power
Troup,20,1,17873,06-30-2025 04:52:48,Diverse Power
Troup,20,1,17873,06-30-2025 05:07:46,Diverse Power
Troup,20,1,17873,06-30-2025 05:22:59,Diverse Power
Troup,20,1,17873,06-30-2025 05:37:47,Diverse Power
Troup,20,1,17873,06-30-2025 05:52:48,Diverse Power
Troup,20,1,17873,06-30-2025 06:07:47,Diverse Power
Troup,20,1,17873,06-30-2025 06:22:48,Diverse Power
Troup,20,1,17873,06-30-2025 06:37:48,Diverse Power
Troup,20,1,17873,06-30-2025 06:52:46,Diverse Power
Troup,20,1,17873,06-30-2025 07:07:46,Diverse Power
Troup,20,1,17873,06-30-2025 07:22:46,Diverse Power
Troup,20,1,17873,06-30-2025 07:37:46,Diverse Power
Troup,20,1,17873,06-30-2025 07:52:45,Diverse Power
Troup,20,1,17873,06-30-2025 08:07:47,Diverse Power
Troup,20,1,17873,06-30-2025 08:22:45,Diverse Power
Troup,20,1,17873,06-30-2025 08:37:45,Diverse Power
Troup,20,1,17873,06-30-2025 08:52:45,Diverse Power
Troup,20,1,17873,06-30-2025 09:07:46,Diverse Power
Troup,20,1,17873,06-30-2025 09:22:42,Diverse Power
Troup,20,1,17873,06-30-2025 09:37:43,Diverse Power
Troup,20,1,17873,06-30-2025 09:52:40,Diverse Power
Troup,20,1,17873,06-30-2025 10:07:41,Diverse Power
Troup,20,1,17873,06-30-2025 10:22:40,Diverse Power
Troup,20,1,17873,06-30-2025 10:37:41,Diverse Power
Troup,20,1,17873,06-30-2025 10:52:40,Diverse Power
Troup,20,1,17873,06-30-2025 11:07:41,Diverse Power
Troup,21,2,17873,06-30-2025 11:22:43,Diverse Power
Troup,22,3,17873,06-30-2025 11:37:40,Diverse Power
Troup,22,3,17873,06-30-2025 11:52:40,Diverse Power
Troup,22,3,17873,06-30-2025 12:07:43,Diverse Power
Troup,22,3,17873,06-30-2025 12:22:43,Diverse Power
Troup,20,1,17873,06-30-2025 12:37:46,Diverse Power
Troup,20,1,17873,06-30-2025 12:52:46,Diverse Power
Troup,2,2,17869,07-01-2025 00:07:55,Diverse Power
Troup,2,2,17869,07-01-2025 00:22:51,Diverse Power
Troup,2,2,17869,07-01-2025 00:37:52,Diverse Power
Troup,2,2,17869,07-01-2025 00:52:53,Diverse Power
Chambers,11,11,687,07-01-2025 12:37:52,Diverse Power
Chambers,11,11,687,07-01-2025 12:52:53,Diverse Power
Chambers,11,11,687,07-01-2025 13:07:51,Diverse Power
Chambers,11,11,687,07-01-2025 13:22:50,Diverse Power
Chambers,11,11,687,07-01-2025 13:37:52,Diverse Power
Chambers,11,11,687,07-01-2025 13:52:53,Diverse Power
Chambers,11,11,687,07-01-2025 14:07:57,Diverse Power
Chambers,11,11,687,07-01-2025 14:22:53,Diverse Power
Meriwether,13,13,2450,07-01-2025 14:37:54,Diverse Power
Chambers,11,11,687,07-01-2025 14:37:54,Diverse Power
Meriwether,13,13,2450,07-01-2025 14:52:54,Diverse Power
Chambers,11,11,687,07-01-2025 14:52:54,Diverse Power
Meriwether,13,13,2450,07-01-2025 15:07:56,Diverse Power
Chambers,11,11,687,07-01-2025 15:07:56,Diverse Power
Meriwether,13,13,2450,07-01-2025 15:22:57,Diverse Power
Chambers,11,11,687,07-01-2025 15:22:57,Diverse Power
Meriwether,13,13,2450,07-01-2025 15:37:56,Diverse Power
Chambers,11,11,687,07-01-2025 15:37:56,Diverse Power
Meriwether,13,0,2450,07-01-2025 15:52:56,Diverse Power
Chambers,11,11,686,07-01-2025 15:52:56,Diverse Power
Chambers,11,11,686,07-01-2025 16:07:56,Diverse Power
Chambers,11,11,686,07-01-2025 16:22:58,Diverse Power
Chambers,11,11,686,07-01-2025 16:37:55,Diverse Power
Harris,1,1,8368,07-01-2025 16:37:55,Diverse Power
Chambers,11,11,686,07-01-2025 16:52:50,Diverse Power
Harris,1,1,8368,07-01-2025 16:52:50,Diverse Power
Chambers,11,11,686,07-01-2025 17:07:52,Diverse Power
Harris,1,1,8368,07-01-2025 17:07:52,Diverse Power
Chambers,11,11,686,07-01-2025 17:22:47,Diverse Power
Harris,1,1,8368,07-01-2025 17:22:47,Diverse Power
Chambers,11,11,686,07-01-2025 17:37:50,Diverse Power
Harris,1,1,8368,07-01-2025 17:37:50,Diverse Power
Chambers,11,11,686,07-01-2025 17:52:50,Diverse Power
Harris,1,1,8368,07-01-2025 17:52:50,Diverse Power
Chambers,11,11,686,07-01-2025 18:07:50,Diverse Power
Harris,1,1,8368,07-01-2025 18:07:50,Diverse Power
Chambers,11,11,686,07-01-2025 18:22:52,Diverse Power
Chambers,11,11,686,07-01-2025 18:37:50,Diverse Power
Randolph,1,1,1737,07-01-2025 19:07:46,Diverse Power
Randolph,1,1,1737,07-01-2025 19:22:48,Diverse Power
Meriwether,1,1,2449,07-01-2025 19:22:48,Diverse Power
Randolph,1,1,1737,07-01-2025 19:37:48,Diverse Power
Meriwether,1,1,2449,07-01-2025 19:37:48,Diverse Power
Randolph,1,1,1737,07-01-2025 19:52:47,Diverse Power
Randolph,1,1,1737,07-01-2025 20:07:47,Diverse Power
Randolph,1,1,1737,07-01-2025 20:22:46,Diverse Power
Randolph,1,1,1737,07-01-2025 20:37:48,Diverse Power
Randolph,1,1,1737,07-01-2025 20:52:46,Diverse Power
Randolph,1,1,1737,07-01-2025 21:07:49,Diverse Power
Meriwether,2,2,2449,07-01-2025 21:07:49,Diverse Power
Randolph,1,1,1737,07-01-2025 21:22:51,Diverse Power
Randolph,1,1,1737,07-01-2025 21:37:45,Diverse Power
Randolph,1,1,1737,07-01-2025 21:52:48,Diverse Power
Troup,2,2,17869,07-01-2025 22:37:56,Diverse Power
Troup,5,5,17869,07-01-2025 22:52:48,Diverse Power
Troup,9,9,17869,07-01-2025 23:07:49,Diverse Power
Meriwether,21,21,2449,07-01-2025 23:07:49,Diverse Power
Troup,14,14,17869,07-01-2025 23:22:47,Diverse Power
Meriwether,23,23,2449,07-01-2025 23:22:47,Diverse Power
Troup,13,13,17869,07-01-2025 23:37:50,Diverse Power
Meriwether,23,23,2449,07-01-2025 23:37:50,Diverse Power
Troup,13,13,17869,07-01-2025 23:52:49,Diverse Power
Meriwether,23,23,2449,07-01-2025 23:52:49,Diverse Power
Troup,15,15,17869,07-02-2025 00:07:50,Diverse Power
Meriwether,23,23,2449,07-02-2025 00:07:50,Diverse Power
Troup,15,15,17869,07-02-2025 00:22:55,Diverse Power
Meriwether,23,23,2449,07-02-2025 00:22:55,Diverse Power
Troup,91,91,17869,07-02-2025 00:37:55,Diverse Power
Meriwether,23,23,2449,07-02-2025 00:37:55,Diverse Power
Troup,91,91,17869,07-02-2025 00:52:49,Diverse Power
Meriwether,23,23,2449,07-02-2025 00:52:49,Diverse Power
Troup,91,91,17869,07-02-2025 01:07:52,Diverse Power
Meriwether,23,23,2449,07-02-2025 01:07:52,Diverse Power
Troup,91,91,17869,07-02-2025 01:22:49,Diverse Power
Meriwether,23,23,2449,07-02-2025 01:22:49,Diverse Power
Troup,89,89,17869,07-02-2025 01:37:44,Diverse Power
Meriwether,3,3,2449,07-02-2025 01:37:44,Diverse Power
Troup,90,90,17869,07-02-2025 01:52:40,Diverse Power
Meriwether,3,3,2449,07-02-2025 01:52:40,Diverse Power
Troup,90,90,17869,07-02-2025 02:07:43,Diverse Power
Meriwether,2,2,2449,07-02-2025 02:07:43,Diverse Power
Harris,1,1,8371,07-02-2025 02:07:43,Diverse Power
Troup,88,85,17869,07-02-2025 02:22:45,Diverse Power
Meriwether,2,2,2449,07-02-2025 02:22:45,Diverse Power
Troup,85,85,17869,07-02-2025 02:37:50,Diverse Power
Meriwether,2,2,2449,07-02-2025 02:37:50,Diverse Power
Troup,80,80,17869,07-02-2025 02:52:47,Diverse Power
Troup,80,80,17869,07-02-2025 03:07:46,Diverse Power
Troup,80,80,17869,07-02-2025 03:22:45,Diverse Power
Troup,5,5,17869,07-02-2025 03:37:46,Diverse Power
Troup,5,5,17869,07-02-2025 03:52:46,Diverse Power
Troup,3,3,17869,07-02-2025 04:07:44,Diverse Power
Meriwether,12,12,2449,07-02-2025 04:07:44,Diverse Power
Troup,3,3,17869,07-02-2025 04:22:44,Diverse Power
Meriwether,12,12,2449,07-02-2025 04:22:44,Diverse Power
Troup,3,3,17869,07-02-2025 04:37:44,Diverse Power
Meriwether,12,12,2449,07-02-2025 04:37:44,Diverse Power
Troup,3,3,17869,07-02-2025 04:52:43,Diverse Power
Meriwether,12,12,2449,07-02-2025 04:52:43,Diverse Power
Troup,1,1,17869,07-02-2025 05:07:44,Diverse Power
Meriwether,12,12,2449,07-02-2025 05:07:44,Diverse Power
Troup,1,1,17869,07-02-2025 05:22:44,Diverse Power
Meriwether,12,12,2449,07-02-2025 05:22:44,Diverse Power
Troup,1,1,17869,07-02-2025 05:37:43,Diverse Power
Meriwether,12,12,2449,07-02-2025 05:37:43,Diverse Power
Troup,1,1,17869,07-02-2025 05:52:44,Diverse Power
Meriwether,12,12,2449,07-02-2025 05:52:44,Diverse Power
Troup,1,0,17869,07-02-2025 06:07:43,Diverse Power
Meriwether,12,12,2449,07-02-2025 06:07:43,Diverse Power
Meriwether,12,12,2449,07-02-2025 06:22:43,Diverse Power
Meriwether,12,12,2449,07-02-2025 06:37:43,Diverse Power
Meriwether,3,3,2449,07-02-2025 07:37:45,Diverse Power
Meriwether,155,155,2449,07-02-2025 07:52:44,Diverse Power
Meriwether,155,155,2449,07-02-2025 08:07:45,Diverse Power
Meriwether,155,155,2449,07-02-2025 08:22:45,Diverse Power
Meriwether,155,155,2449,07-02-2025 08:37:45,Diverse Power
Meriwether,155,155,2449,07-02-2025 08:52:45,Diverse Power
Meriwether,155,155,2449,07-02-2025 09:07:43,Diverse Power
Meriwether,155,155,2449,07-02-2025 09:22:43,Diverse Power
Meriwether,155,155,2449,07-02-2025 09:37:43,Diverse Power
Troup,2,2,17869,07-02-2025 09:52:42,Diverse Power
Meriwether,155,155,2449,07-02-2025 09:52:42,Diverse Power
Troup,2,2,17869,07-02-2025 10:07:40,Diverse Power
Meriwether,155,155,2449,07-02-2025 10:07:40,Diverse Power
Troup,2,2,17869,07-02-2025 10:22:40,Diverse Power
Meriwether,155,155,2449,07-02-2025 10:22:40,Diverse Power
Meriwether,155,155,2449,07-02-2025 10:37:41,Diverse Power
Meriwether,155,155,2449,07-02-2025 10:52:42,Diverse Power
Harris,7,7,8371,07-02-2025 12:22:47,Diverse Power
Harris,7,7,8371,07-02-2025 12:37:46,Diverse Power
Harris,7,7,8371,07-02-2025 12:52:50,Diverse Power
Harris,7,7,8372,07-02-2025 13:07:48,Diverse Power
Troup,1,1,17868,07-02-2025 13:22:50,Diverse Power
Harris,7,7,8372,07-02-2025 13:22:50,Diverse Power
Randolph,2,2,1737,07-02-2025 13:37:50,Diverse Power
Randolph,2,2,1737,07-02-2025 13:52:52,Diverse Power
Randolph,2,2,1737,07-02-2025 14:07:54,Diverse Power
Randolph,2,2,1737,07-02-2025 14:22:52,Diverse Power
Troup,1,1,17867,07-02-2025 14:22:52,Diverse Power
Randolph,2,2,1737,07-02-2025 14:37:48,Diverse Power
Troup,1,1,17867,07-02-2025 14:37:48,Diverse Power
Randolph,2,2,1737,07-02-2025 14:52:45,Diverse Power
Troup,1,1,17867,07-02-2025 14:52:45,Diverse Power
Randolph,2,2,1737,07-02-2025 15:07:46,Diverse Power
Troup,1,1,17866,07-02-2025 15:07:46,Diverse Power
Randolph,2,2,1737,07-02-2025 15:22:44,Diverse Power
Troup,1,1,17866,07-02-2025 15:22:44,Diverse Power
Randolph,2,2,1737,07-02-2025 15:37:50,Diverse Power
Troup,1,1,17866,07-02-2025 15:37:50,Diverse Power
Randolph,2,2,1737,07-02-2025 15:52:45,Diverse Power
Troup,1,1,17866,07-02-2025 15:52:45,Diverse Power
Randolph,2,2,1737,07-02-2025 16:07:44,Diverse Power
Troup,1,1,17866,07-02-2025 16:07:44,Diverse Power
Randolph,2,2,1737,07-02-2025 16:22:45,Diverse Power
Troup,1,1,17866,07-02-2025 16:22:45,Diverse Power
Randolph,2,2,1737,07-02-2025 16:37:50,Diverse Power
Randolph,2,2,1737,07-02-2025 16:52:47,Diverse Power
Randolph,6,6,1737,07-02-2025 17:07:43,Diverse Power
Troup,1,1,17866,07-02-2025 17:07:43,Diverse Power
Randolph,6,6,1737,07-02-2025 17:22:46,Diverse Power
Troup,1,1,17866,07-02-2025 17:22:46,Diverse Power
Randolph,6,6,1737,07-02-2025 17:37:44,Diverse Power
Troup,1,1,17866,07-02-2025 17:37:44,Diverse Power
Randolph,6,6,1737,07-02-2025 17:52:43,Diverse Power
Troup,1,1,17866,07-02-2025 17:52:43,Diverse Power
Randolph,6,6,1737,07-02-2025 18:07:46,Diverse Power
Troup,1,1,17866,07-02-2025 18:07:46,Diverse Power
Randolph,6,6,1737,07-02-2025 18:22:49,Diverse Power
Troup,1,1,17866,07-02-2025 18:22:49,Diverse Power
Randolph,6,6,1736,07-02-2025 18:37:44,Diverse Power
Randolph,2,2,1737,07-02-2025 18:52:45,Diverse Power
Randolph,2,2,1737,07-02-2025 19:07:47,Diverse Power
Randolph,2,2,1737,07-02-2025 19:22:47,Diverse Power
Randolph,2,2,1737,07-02-2025 19:37:47,Diverse Power
Randolph,2,2,1737,07-02-2025 19:52:47,Diverse Power
Randolph,2,2,1737,07-02-2025 20:07:45,Diverse Power
Randolph,2,2,1737,07-02-2025 20:22:45,Diverse Power
Randolph,2,2,1737,07-02-2025 20:37:42,Diverse Power
Randolph,2,2,1737,07-02-2025 21:07:43,Diverse Power
Randolph,2,2,1737,07-02-2025 21:22:42,Diverse Power
Randolph,2,2,1737,07-02-2025 21:37:43,Diverse Power
Meriwether,4,4,2449,07-02-2025 22:07:42,Diverse Power
Meriwether,4,4,2449,07-02-2025 22:22:43,Diverse Power
Meriwether,4,4,2449,07-02-2025 22:37:43,Diverse Power
Meriwether,2,2,2449,07-02-2025 22:52:45,Diverse Power
Meriwether,2,2,2449,07-02-2025 23:07:43,Diverse Power
Meriwether,2,2,2449,07-02-2025 23:22:43,Diverse Power
Meriwether,2,2,2449,07-02-2025 23:37:43,Diverse Power
Troup,29,29,17869,07-03-2025 11:37:40,Diverse Power
Troup,29,29,17869,07-03-2025 11:52:40,Diverse Power
Troup,29,29,17869,07-03-2025 12:07:40,Diverse Power
Troup,29,29,17869,07-03-2025 12:22:41,Diverse Power
Heard,1,1,480,07-03-2025 13:37:41,Diverse Power
Heard,1,1,480,07-03-2025 13:52:40,Diverse Power
Heard,1,1,481,07-03-2025 14:07:44,Diverse Power
Heard,1,1,481,07-03-2025 14:22:46,Diverse Power
Harris,6,6,8377,07-04-2025 02:07:45,Diverse Power
Harris,6,6,8377,07-04-2025 02:22:47,Diverse Power
Harris,6,6,8377,07-04-2025 02:37:44,Diverse Power
Harris,6,6,8377,07-04-2025 02:52:44,Diverse Power
Harris,6,6,8377,07-04-2025 03:07:46,Diverse Power
Harris,6,6,8377,07-04-2025 03:22:42,Diverse Power
Harris,6,6,8377,07-04-2025 03:37:42,Diverse Power
Harris,6,6,8377,07-04-2025 03:52:44,Diverse Power
Harris,6,6,8377,07-04-2025 04:07:46,Diverse Power
Harris,6,6,8377,07-04-2025 04:22:44,Diverse Power
Harris,6,6,8377,07-04-2025 04:37:44,Diverse Power
Harris,6,6,8377,07-04-2025 04:52:45,Diverse Power
Troup,2,2,17868,07-04-2025 20:07:48,Diverse Power
Troup,2,2,17868,07-04-2025 20:22:49,Diverse Power
Troup,2,2,17868,07-04-2025 20:37:50,Diverse Power
Troup,2,2,17868,07-04-2025 20:52:50,Diverse Power
Troup,2,2,17868,07-04-2025 21:07:51,Diverse Power
Troup,2,2,17868,07-04-2025 21:22:52,Diverse Power
Troup,2,2,17868,07-04-2025 21:37:54,Diverse Power
Troup,2,2,17868,07-04-2025 21:52:54,Diverse Power
Troup,2,2,17868,07-04-2025 22:07:54,Diverse Power
Troup,2,2,17868,07-04-2025 22:22:50,Diverse Power
Troup,2,2,17869,07-04-2025 22:37:49,Diverse Power
Troup,2,2,17869,07-04-2025 22:52:52,Diverse Power
Troup,2,2,17869,07-04-2025 23:07:52,Diverse Power
Troup,2,2,17869,07-04-2025 23:23:04,Diverse Power
Troup,24,24,17869,07-05-2025 02:07:51,Diverse Power
Troup,24,24,17869,07-05-2025 02:22:48,Diverse Power
Troup,24,24,17869,07-05-2025 02:37:50,Diverse Power
Troup,24,24,17869,07-05-2025 02:52:49,Diverse Power
Troup,24,24,17869,07-05-2025 03:07:48,Diverse Power
Troup,24,24,17869,07-05-2025 03:22:49,Diverse Power
Troup,8,8,17869,07-05-2025 07:22:52,Diverse Power
Troup,8,8,17869,07-05-2025 07:37:50,Diverse Power
Troup,8,8,17869,07-05-2025 07:52:52,Diverse Power
Troup,8,8,17869,07-05-2025 08:07:51,Diverse Power
Troup,8,8,17869,07-05-2025 08:22:48,Diverse Power
Troup,8,0,17869,07-05-2025 08:37:49,Diverse Power
Troup,2,2,17869,07-05-2025 09:37:48,Diverse Power
Troup,2,2,17869,07-05-2025 09:52:48,Diverse Power
Troup,2,2,17869,07-05-2025 10:07:51,Diverse Power
Troup,2,0,17869,07-05-2025 10:22:48,Diverse Power
Randolph,1,1,1738,07-05-2025 18:22:44,Diverse Power
Heard,1,1,482,07-06-2025 15:37:46,Diverse Power
Heard,1,1,482,07-06-2025 15:52:47,Diverse Power
Heard,1,1,482,07-06-2025 16:07:47,Diverse Power
Heard,1,1,482,07-06-2025 16:22:46,Diverse Power
Heard,1,1,482,07-06-2025 16:37:41,Diverse Power
Heard,1,1,482,07-06-2025 16:52:42,Diverse Power
Heard,1,1,482,07-06-2025 17:07:41,Diverse Power
Heard,1,1,482,07-06-2025 17:22:42,Diverse Power
Meriwether,1,1,2444,07-07-2025 13:37:51,Diverse Power
Meriwether,1,1,2444,07-07-2025 13:52:50,Diverse Power
Meriwether,1,1,2444,07-07-2025 14:07:47,Diverse Power
Meriwether,1,1,2444,07-07-2025 14:22:49,Diverse Power
Meriwether,1,1,2444,07-07-2025 14:37:50,Diverse Power
Meriwether,1,1,2444,07-07-2025 14:52:50,Diverse Power
Randolph,1,1,1738,07-07-2025 15:07:49,Diverse Power
Randolph,1,1,1738,07-07-2025 15:22:47,Diverse Power
Randolph,1,1,1738,07-07-2025 15:37:50,Diverse Power
Randolph,1,1,1738,07-07-2025 15:52:44,Diverse Power
Randolph,1,1,1738,07-07-2025 16:07:46,Diverse Power
Randolph,1,1,1738,07-07-2025 16:22:46,Diverse Power
Randolph,1,1,1738,07-07-2025 16:37:43,Diverse Power
Randolph,1,1,1738,07-07-2025 16:52:44,Diverse Power
Randolph,1,1,1738,07-07-2025 17:07:45,Diverse Power
Randolph,1,1,1738,07-07-2025 17:22:45,Diverse Power
Randolph,1,1,1738,07-07-2025 17:37:44,Diverse Power
Randolph,1,1,1738,07-07-2025 17:52:43,Diverse Power
Randolph,1,1,1738,07-07-2025 18:07:44,Diverse Power
Randolph,1,1,1738,07-07-2025 18:52:46,Diverse Power
Randolph,1,1,1738,07-07-2025 19:07:47,Diverse Power
Randolph,1,1,1738,07-07-2025 19:22:45,Diverse Power
Randolph,1,1,1738,07-07-2025 19:37:52,Diverse Power
Harris,1,1,8364,07-07-2025 21:07:40,Diverse Power
Meriwether,2,2,2444,07-08-2025 01:52:42,Diverse Power
Meriwether,2,2,2444,07-08-2025 02:07:45,Diverse Power
Troup,3,3,17858,07-08-2025 15:37:49,Diverse Power
Troup,3,3,17858,07-08-2025 15:52:52,Diverse Power
Troup,3,3,17859,07-08-2025 16:07:56,Diverse Power
Troup,3,3,17859,07-08-2025 16:22:59,Diverse Power
Troup,3,3,17859,07-08-2025 16:37:51,Diverse Power
Troup,3,3,17859,07-08-2025 16:52:53,Diverse Power
Troup,3,3,17860,07-08-2025 17:07:55,Diverse Power
Troup,3,3,17860,07-08-2025 17:22:56,Diverse Power
Troup,3,3,17863,07-08-2025 17:37:51,Diverse Power
Troup,3,3,17863,07-08-2025 17:52:51,Diverse Power
Troup,3,3,17863,07-08-2025 18:07:50,Diverse Power
Calhoun,1,1,1379,07-08-2025 21:07:44,Diverse Power
Calhoun,1,1,1379,07-08-2025 21:22:44,Diverse Power
Calhoun,1,1,1379,07-08-2025 21:37:50,Diverse Power
Troup,6,6,17865,07-08-2025 21:52:46,Diverse Power
Harris,1,1,8353,07-09-2025 00:07:54,Diverse Power
Harris,1,1,8352,07-09-2025 09:37:42,Diverse Power
Harris,1,1,8352,07-09-2025 09:52:43,Diverse Power
Harris,1,1,8352,07-09-2025 10:07:42,Diverse Power
Harris,1,1,8352,07-09-2025 10:22:42,Diverse Power
Harris,1,1,8352,07-09-2025 10:37:40,Diverse Power
Harris,1,1,8352,07-09-2025 10:52:41,Diverse Power
Harris,1,1,8352,07-09-2025 11:07:40,Diverse Power
Harris,1,1,8352,07-09-2025 11:22:41,Diverse Power
Harris,1,1,8352,07-09-2025 11:37:41,Diverse Power
Randolph,2,2,1740,07-09-2025 14:07:50,Diverse Power
Randolph,2,2,1740,07-09-2025 14:22:50,Diverse Power
Randolph,2,2,1740,07-09-2025 14:37:50,Diverse Power
Randolph,2,2,1740,07-09-2025 14:52:51,Diverse Power
Randolph,2,2,1740,07-09-2025 15:07:51,Diverse Power
Calhoun,1,1,1379,07-09-2025 15:07:51,Diverse Power
Randolph,2,2,1740,07-09-2025 15:22:51,Diverse Power
Calhoun,1,1,1379,07-09-2025 15:22:51,Diverse Power
Randolph,2,2,1740,07-09-2025 15:37:53,Diverse Power
Calhoun,1,1,1379,07-09-2025 15:37:53,Diverse Power
Randolph,2,2,1739,07-09-2025 15:52:53,Diverse Power
Calhoun,1,1,1379,07-09-2025 15:52:53,Diverse Power
Randolph,2,2,1739,07-09-2025 16:07:44,Diverse Power
Calhoun,1,1,1379,07-09-2025 16:07:44,Diverse Power
Randolph,2,2,1739,07-09-2025 16:22:45,Diverse Power
Calhoun,1,1,1379,07-09-2025 16:22:45,Diverse Power
Randolph,2,2,1739,07-09-2025 16:37:45,Diverse Power
Randolph,2,2,1739,07-09-2025 16:52:50,Diverse Power
Calhoun,1,1,1379,07-09-2025 19:22:55,Diverse Power
Calhoun,1,1,1379,07-09-2025 19:37:55,Diverse Power
Calhoun,1,1,1379,07-09-2025 19:52:54,Diverse Power
Harris,1,1,8354,07-09-2025 21:22:57,Diverse Power
Clay,16,16,979,07-09-2025 22:07:55,Diverse Power
Clay,16,16,979,07-09-2025 22:22:54,Diverse Power
Clay,16,16,979,07-09-2025 22:37:51,Diverse Power
Clay,16,16,979,07-09-2025 22:52:52,Diverse Power
Clay,16,16,979,07-09-2025 23:07:51,Diverse Power
Clay,16,16,979,07-09-2025 23:22:52,Diverse Power
Clay,16,16,979,07-09-2025 23:37:51,Diverse Power
Clay,16,16,979,07-09-2025 23:52:51,Diverse Power
Clay,16,16,979,07-10-2025 00:07:50,Diverse Power
Clay,16,16,979,07-10-2025 00:22:50,Diverse Power
Clay,16,16,979,07-10-2025 00:37:51,Diverse Power
Clay,16,16,979,07-10-2025 00:52:46,Diverse Power
Clay,16,16,979,07-10-2025 01:07:46,Diverse Power
Clay,16,16,979,07-10-2025 01:22:43,Diverse Power
Harris,9,9,8355,07-10-2025 11:22:44,Diverse Power
Harris,9,9,8355,07-10-2025 11:37:43,Diverse Power
Harris,9,9,8355,07-10-2025 11:52:43,Diverse Power
Harris,9,9,8355,07-10-2025 12:07:43,Diverse Power
Troup,2,2,17771,07-10-2025 14:22:53,Diverse Power
Troup,2,2,17781,07-10-2025 14:37:54,Diverse Power
Troup,2,2,17795,07-10-2025 16:37:45,Diverse Power
Troup,2,2,17796,07-10-2025 16:52:43,Diverse Power
Harris,2,2,8355,07-10-2025 16:52:43,Diverse Power
Troup,2,2,17797,07-10-2025 17:07:44,Diverse Power
Harris,2,2,8355,07-10-2025 17:07:44,Diverse Power
Troup,2,2,17798,07-10-2025 17:22:42,Diverse Power
Harris,2,2,8355,07-10-2025 17:22:42,Diverse Power
Troup,2,2,17798,07-10-2025 17:37:42,Diverse Power
Troup,2,2,17798,07-10-2025 17:52:45,Diverse Power
Troup,2,2,17799,07-10-2025 18:07:45,Diverse Power
Troup,2,2,17799,07-10-2025 18:22:46,Diverse Power
Troup,2,2,17800,07-10-2025 18:37:47,Diverse Power
Troup,3,3,17801,07-10-2025 18:52:46,Diverse Power
Meriwether,106,106,2443,07-10-2025 19:07:46,Diverse Power
Meriwether,25,25,2443,07-10-2025 19:22:43,Diverse Power
Meriwether,27,27,2443,07-10-2025 19:37:42,Diverse Power
Meriwether,27,27,2443,07-10-2025 19:52:42,Diverse Power
Meriwether,27,27,2443,07-10-2025 20:07:46,Diverse Power
Meriwether,26,24,2443,07-10-2025 20:22:47,Diverse Power
Quitman,13,13,1321,07-10-2025 20:37:46,Diverse Power
Meriwether,23,23,2443,07-10-2025 20:37:46,Diverse Power
Quitman,13,13,1321,07-10-2025 20:52:48,Diverse Power
Meriwether,5,5,2443,07-10-2025 20:52:48,Diverse Power
Quitman,13,13,1321,07-10-2025 21:07:47,Diverse Power
Meriwether,2,2,2443,07-10-2025 21:07:47,Diverse Power
Quitman,13,13,1321,07-10-2025 21:22:48,Diverse Power
Troup,1,1,17806,07-10-2025 21:22:48,Diverse Power
Meriwether,2,2,2443,07-10-2025 21:22:48,Diverse Power
Quitman,13,13,1321,07-10-2025 21:37:47,Diverse Power
Quitman,13,13,1321,07-10-2025 21:52:47,Diverse Power
Quitman,13,13,1321,07-10-2025 22:07:45,Diverse Power
Troup,1,1,17808,07-10-2025 22:07:45,Diverse Power
Quitman,13,13,1321,07-10-2025 22:22:43,Diverse Power
Quitman,13,0,1321,07-10-2025 22:37:46,Diverse Power
Harris,1,1,8355,07-10-2025 22:37:46,Diverse Power
Quitman,13,0,1321,07-10-2025 22:52:48,Diverse Power
Harris,1,1,8355,07-10-2025 22:52:48,Diverse Power
Harris,1,1,8355,07-10-2025 23:07:46,Diverse Power
Harris,1,1,8355,07-10-2025 23:22:47,Diverse Power
Harris,1,1,8355,07-11-2025 12:07:42,Diverse Power
Harris,1,1,8355,07-11-2025 12:22:43,Diverse Power
Harris,1,1,8356,07-11-2025 12:37:43,Diverse Power
Harris,1,1,8356,07-11-2025 12:52:42,Diverse Power
Harris,1,1,8356,07-11-2025 13:07:41,Diverse Power
Harris,1,1,8356,07-11-2025 13:22:42,Diverse Power
Harris,1,1,8356,07-11-2025 13:37:45,Diverse Power
Harris,1,1,8356,07-11-2025 13:52:48,Diverse Power
Harris,1,1,8356,07-11-2025 14:07:51,Diverse Power
Harris,1,1,8356,07-11-2025 14:22:49,Diverse Power
Harris,1,1,8356,07-11-2025 14:37:47,Diverse Power
Meriwether,1,1,2442,07-11-2025 14:52:47,Diverse Power
Harris,1,1,8356,07-11-2025 14:52:47,Diverse Power
Harris,1,1,8356,07-11-2025 15:07:51,Diverse Power
Harris,1,1,8356,07-11-2025 15:22:51,Diverse Power
Harris,1,1,8356,07-11-2025 15:37:52,Diverse Power
Harris,1,1,8356,07-11-2025 15:52:50,Diverse Power
Harris,1,1,8356,07-11-2025 16:07:49,Diverse Power
Harris,1,1,8356,07-11-2025 16:22:49,Diverse Power
Harris,1,1,8356,07-11-2025 16:37:48,Diverse Power
Meriwether,1,1,2442,07-11-2025 16:52:49,Diverse Power
Harris,1,1,8356,07-11-2025 16:52:49,Diverse Power
Meriwether,1,1,2442,07-11-2025 17:07:45,Diverse Power
Harris,47,47,8356,07-11-2025 17:07:45,Diverse Power
Meriwether,1,1,2442,07-11-2025 17:22:45,Diverse Power
Harris,48,48,8356,07-11-2025 17:22:45,Diverse Power
Meriwether,1,1,2442,07-11-2025 17:37:45,Diverse Power
Harris,92,92,8356,07-11-2025 17:37:45,Diverse Power
Meriwether,1,1,2442,07-11-2025 17:52:46,Diverse Power
Harris,92,92,8356,07-11-2025 17:52:46,Diverse Power
Meriwether,1,1,2443,07-11-2025 18:07:44,Diverse Power
Harris,92,92,8356,07-11-2025 18:07:44,Diverse Power
Meriwether,1,1,2443,07-11-2025 18:22:44,Diverse Power
Harris,92,92,8356,07-11-2025 18:22:44,Diverse Power
Meriwether,1,1,2443,07-11-2025 18:37:48,Diverse Power
Harris,51,51,8356,07-11-2025 18:37:48,Diverse Power
Meriwether,1,1,2443,07-11-2025 18:52:48,Diverse Power
Harris,59,59,8357,07-11-2025 18:52:48,Diverse Power
Meriwether,1,1,2443,07-11-2025 19:07:47,Diverse Power
Harris,72,72,8357,07-11-2025 19:07:47,Diverse Power
Meriwether,1,1,2443,07-11-2025 19:22:48,Diverse Power
Harris,66,66,8357,07-11-2025 19:22:48,Diverse Power
Meriwether,1,1,2443,07-11-2025 19:37:44,Diverse Power
Harris,66,66,8357,07-11-2025 19:37:44,Diverse Power
Meriwether,1,1,2443,07-11-2025 19:52:42,Diverse Power
Harris,66,66,8357,07-11-2025 19:52:42,Diverse Power
Harris,65,65,8357,07-11-2025 20:07:44,Diverse Power
Harris,67,28,8357,07-11-2025 20:22:48,Diverse Power
Harris,66,27,8357,07-11-2025 20:37:51,Diverse Power
Randolph,1,1,1739,07-11-2025 20:52:50,Diverse Power
Harris,66,27,8357,07-11-2025 20:52:50,Diverse Power
Randolph,1,1,1739,07-11-2025 21:07:48,Diverse Power
Harris,66,27,8357,07-11-2025 21:07:48,Diverse Power
Randolph,1,1,1739,07-11-2025 21:22:48,Diverse Power
Muscogee,9,9,2750,07-11-2025 21:22:48,Diverse Power
Harris,66,27,8357,07-11-2025 21:22:48,Diverse Power
Randolph,1,1,1739,07-11-2025 21:37:49,Diverse Power
Muscogee,9,9,2750,07-11-2025 21:37:49,Diverse Power
Harris,66,27,8356,07-11-2025 21:37:49,Diverse Power
Randolph,1,1,1739,07-11-2025 21:52:46,Diverse Power
Muscogee,9,9,2750,07-11-2025 21:52:46,Diverse Power
Harris,20,20,8356,07-11-2025 21:52:46,Diverse Power
Randolph,1,1,1739,07-11-2025 22:07:44,Diverse Power
Muscogee,9,9,2750,07-11-2025 22:07:44,Diverse Power
Harris,20,20,8356,07-11-2025 22:07:44,Diverse Power
Randolph,1,1,1739,07-11-2025 22:22:46,Diverse Power
Troup,2,2,17822,07-11-2025 22:22:46,Diverse Power
Muscogee,9,9,2750,07-11-2025 22:22:46,Diverse Power
Harris,20,20,8357,07-11-2025 22:22:46,Diverse Power
Randolph,1,1,1739,07-11-2025 22:37:51,Diverse Power
Troup,2,2,17822,07-11-2025 22:37:51,Diverse Power
Muscogee,9,9,2750,07-11-2025 22:37:51,Diverse Power
Harris,10,10,8357,07-11-2025 22:37:51,Diverse Power
Randolph,1,1,1739,07-11-2025 22:52:53,Diverse Power
Troup,2,2,17822,07-11-2025 22:52:53,Diverse Power
Muscogee,9,9,2750,07-11-2025 22:52:53,Diverse Power
Harris,10,10,8357,07-11-2025 22:52:53,Diverse Power
Randolph,1,1,1739,07-11-2025 23:07:54,Diverse Power
Muscogee,9,9,2750,07-11-2025 23:07:54,Diverse Power
Harris,10,10,8357,07-11-2025 23:07:54,Diverse Power
Randolph,1,1,1739,07-11-2025 23:22:51,Diverse Power
Muscogee,9,9,2750,07-11-2025 23:22:51,Diverse Power
Harris,3,1,8357,07-11-2025 23:22:51,Diverse Power
Randolph,1,1,1739,07-11-2025 23:37:51,Diverse Power
Muscogee,9,9,2750,07-11-2025 23:37:51,Diverse Power
Harris,3,3,8357,07-11-2025 23:37:51,Diverse Power
Randolph,1,1,1739,07-11-2025 23:52:52,Diverse Power
Muscogee,9,9,2750,07-11-2025 23:52:52,Diverse Power
Harris,3,3,8357,07-11-2025 23:52:52,Diverse Power
Randolph,1,1,1739,07-12-2025 00:07:49,Diverse Power
Muscogee,9,9,2750,07-12-2025 00:07:49,Diverse Power
Harris,3,3,8357,07-12-2025 00:07:49,Diverse Power
Randolph,1,1,1739,07-12-2025 00:22:47,Diverse Power
Muscogee,9,9,2750,07-12-2025 00:22:47,Diverse Power
Harris,3,3,8357,07-12-2025 00:22:47,Diverse Power
Randolph,1,1,1739,07-12-2025 00:37:45,Diverse Power
Muscogee,9,9,2750,07-12-2025 00:37:45,Diverse Power
Harris,2,2,8357,07-12-2025 00:37:45,Diverse Power
Randolph,1,1,1739,07-12-2025 00:52:47,Diverse Power
Randolph,1,1,1739,07-12-2025 01:07:49,Diverse Power
Randolph,1,1,1739,07-12-2025 01:22:48,Diverse Power
Harris,1,1,8357,07-12-2025 01:22:48,Diverse Power
Randolph,1,1,1739,07-12-2025 01:37:45,Diverse Power
Harris,1,1,8357,07-12-2025 01:37:45,Diverse Power
Randolph,1,1,1739,07-12-2025 01:52:46,Diverse Power
Randolph,1,1,1739,07-12-2025 02:07:52,Diverse Power
Randolph,1,1,1739,07-12-2025 02:22:53,Diverse Power
Randolph,1,1,1739,07-12-2025 02:37:51,Diverse Power
Troup,50,50,17823,07-12-2025 08:52:40,Diverse Power
Troup,93,93,17823,07-12-2025 09:07:40,Diverse Power
Troup,93,93,17823,07-12-2025 09:22:41,Diverse Power
Troup,93,93,17823,07-12-2025 09:37:40,Diverse Power
Troup,93,93,17823,07-12-2025 09:52:42,Diverse Power
Troup,93,93,17823,07-12-2025 10:07:41,Diverse Power
Troup,93,93,17823,07-12-2025 10:22:40,Diverse Power
Troup,93,93,17823,07-12-2025 10:37:44,Diverse Power
Troup,93,93,17823,07-12-2025 10:52:41,Diverse Power
Troup,93,93,17823,07-12-2025 11:07:41,Diverse Power
Troup,93,93,17823,07-12-2025 11:22:40,Diverse Power
Troup,93,93,17823,07-12-2025 11:37:40,Diverse Power
Troup,93,93,17823,07-12-2025 11:52:40,Diverse Power
Troup,93,93,17823,07-12-2025 12:07:41,Diverse Power
Troup,93,93,17823,07-12-2025 12:22:44,Diverse Power
Troup,93,93,17823,07-12-2025 12:37:42,Diverse Power
Troup,93,93,17823,07-12-2025 12:52:42,Diverse Power
Troup,93,93,17823,07-12-2025 13:07:43,Diverse Power
Troup,3,3,17823,07-12-2025 14:52:49,Diverse Power
Troup,3,3,17823,07-12-2025 15:22:49,Diverse Power
Troup,3,3,17823,07-12-2025 15:37:51,Diverse Power
Troup,3,3,17823,07-12-2025 15:52:51,Diverse Power
Troup,3,3,17823,07-12-2025 16:07:49,Diverse Power
Troup,1,1,17824,07-13-2025 11:07:43,Diverse Power
Troup,16,16,17824,07-13-2025 11:22:42,Diverse Power
Troup,16,16,17824,07-13-2025 11:37:43,Diverse Power
Troup,17,17,17824,07-13-2025 12:07:45,Diverse Power
Troup,17,17,17824,07-13-2025 12:22:44,Diverse Power
Troup,17,17,17824,07-13-2025 12:37:43,Diverse Power
Troup,17,17,17824,07-13-2025 12:52:45,Diverse Power
Calhoun,1,1,1373,07-13-2025 12:52:45,Diverse Power
Calhoun,1,1,1373,07-13-2025 13:07:43,Diverse Power
Calhoun,1,1,1373,07-13-2025 13:22:45,Diverse Power
Calhoun,1,1,1373,07-13-2025 13:37:43,Diverse Power
Calhoun,1,1,1373,07-13-2025 13:52:44,Diverse Power
Calhoun,1,1,1373,07-13-2025 14:07:45,Diverse Power
Harris,2,2,8357,07-13-2025 14:07:45,Diverse Power
Calhoun,1,1,1373,07-13-2025 14:22:45,Diverse Power
Calhoun,1,1,1373,07-13-2025 14:37:46,Diverse Power
Calhoun,1,1,1373,07-13-2025 14:52:47,Diverse Power
Harris,1,1,8357,07-13-2025 15:07:49,Diverse Power
Calhoun,26,26,1373,07-13-2025 15:22:44,Diverse Power
Calhoun,26,26,1373,07-13-2025 15:37:43,Diverse Power
Calhoun,26,26,1373,07-13-2025 15:52:43,Diverse Power
Calhoun,26,26,1373,07-13-2025 16:07:42,Diverse Power
Calhoun,26,26,1373,07-13-2025 16:22:42,Diverse Power
Calhoun,26,26,1373,07-13-2025 16:37:43,Diverse Power
Calhoun,26,26,1373,07-13-2025 16:52:42,Diverse Power
Calhoun,26,26,1373,07-13-2025 17:07:42,Diverse Power
Calhoun,26,26,1373,07-13-2025 17:22:45,Diverse Power
Calhoun,1,1,1373,07-14-2025 18:07:58,Diverse Power
Calhoun,1,1,1373,07-14-2025 18:22:55,Diverse Power
Calhoun,1,1,1373,07-14-2025 18:37:56,Diverse Power
Calhoun,1,1,1373,07-14-2025 18:52:57,Diverse Power
Troup,3,3,17824,07-14-2025 21:07:49,Diverse Power
Troup,2,2,17825,07-14-2025 23:07:47,Diverse Power
Troup,2,2,17825,07-14-2025 23:22:45,Diverse Power
Troup,2,2,17825,07-14-2025 23:37:48,Diverse Power
Troup,2,2,17825,07-14-2025 23:52:47,Diverse Power
Troup,2,2,17825,07-15-2025 00:07:47,Diverse Power
Troup,3,3,17825,07-15-2025 14:07:51,Diverse Power
Troup,3,3,17825,07-15-2025 14:22:45,Diverse Power
Troup,3,3,17825,07-15-2025 14:37:49,Diverse Power
Harris,38,38,8354,07-15-2025 14:37:49,Diverse Power
Troup,3,3,17825,07-15-2025 14:52:46,Diverse Power
Harris,38,38,8354,07-15-2025 14:52:46,Diverse Power
Troup,3,3,17825,07-15-2025 15:07:52,Diverse Power
Harris,38,38,8354,07-15-2025 15:07:52,Diverse Power
Troup,3,3,17825,07-15-2025 15:22:49,Diverse Power
Troup,3,3,17825,07-15-2025 15:37:46,Diverse Power
Troup,3,3,17825,07-15-2025 15:52:45,Diverse Power
Troup,3,3,17825,07-15-2025 16:07:46,Diverse Power
Troup,3,3,17825,07-15-2025 16:22:44,Diverse Power
Troup,3,3,17825,07-15-2025 16:37:44,Diverse Power
Troup,3,3,17825,07-15-2025 16:52:44,Diverse Power
Troup,3,3,17825,07-15-2025 17:07:46,Diverse Power
Troup,3,3,17825,07-15-2025 17:22:46,Diverse Power
Troup,24,24,17825,07-15-2025 18:07:50,Diverse Power
Muscogee,427,427,2750,07-15-2025 21:22:42,Diverse Power
Harris,254,254,8352,07-15-2025 21:22:42,Diverse Power
Muscogee,445,445,2750,07-15-2025 21:37:41,Diverse Power
Harris,254,254,8352,07-15-2025 21:37:41,Diverse Power
Muscogee,427,427,2750,07-15-2025 21:52:43,Diverse Power
Harris,254,254,8352,07-15-2025 21:52:43,Diverse Power
Muscogee,427,427,2750,07-15-2025 22:07:46,Diverse Power
Harris,254,254,8352,07-15-2025 22:07:46,Diverse Power
Muscogee,26,26,2751,07-15-2025 22:22:47,Diverse Power
Harris,4,4,8352,07-15-2025 22:22:47,Diverse Power
Muscogee,26,26,2751,07-15-2025 22:37:45,Diverse Power
Harris,4,4,8352,07-15-2025 22:37:45,Diverse Power
Muscogee,26,26,2751,07-15-2025 22:52:46,Diverse Power
Harris,4,4,8352,07-15-2025 22:52:46,Diverse Power
Muscogee,26,26,2751,07-15-2025 23:07:50,Diverse Power
Harris,4,4,8352,07-15-2025 23:07:50,Diverse Power
Randolph,6,6,1739,07-16-2025 12:07:44,Diverse Power
Randolph,6,6,1739,07-16-2025 12:22:45,Diverse Power
Randolph,6,6,1739,07-16-2025 12:37:44,Diverse Power
Troup,21,21,17826,07-16-2025 12:52:41,Diverse Power
Calhoun,2,2,1373,07-16-2025 12:52:41,Diverse Power
Meriwether,1,1,2443,07-16-2025 12:52:41,Diverse Power
Calhoun,2,2,1373,07-16-2025 13:22:46,Diverse Power
Calhoun,2,2,1373,07-16-2025 13:37:46,Diverse Power
Calhoun,2,2,1373,07-16-2025 13:52:45,Diverse Power
Calhoun,2,2,1373,07-16-2025 14:07:48,Diverse Power
Calhoun,2,2,1373,07-16-2025 14:22:45,Diverse Power
Calhoun,164,164,1373,07-16-2025 14:37:46,Diverse Power
Terrell,7,7,7,07-16-2025 14:37:46,Diverse Power
Harris,1,1,8351,07-16-2025 19:22:40,Diverse Power
Harris,1,1,8351,07-16-2025 19:37:41,Diverse Power
Harris,1,1,8351,07-16-2025 19:52:43,Diverse Power
Harris,1,1,8351,07-16-2025 20:07:44,Diverse Power
Harris,1,1,8351,07-16-2025 20:22:44,Diverse Power
Harris,1,1,8351,07-16-2025 20:37:44,Diverse Power
Harris,1,1,8351,07-16-2025 20:52:49,Diverse Power
Meriwether,2,2,2442,07-16-2025 22:37:56,Diverse Power
Meriwether,2,2,2442,07-16-2025 23:07:54,Diverse Power
Troup,1,1,17827,07-17-2025 15:22:51,Diverse Power
Troup,948,948,17827,07-17-2025 15:37:56,Diverse Power
Troup,948,948,17827,07-17-2025 15:52:43,Diverse Power
Troup,1,1,17828,07-17-2025 16:37:53,Diverse Power
Troup,2,2,17828,07-17-2025 16:52:56,Diverse Power
Troup,2,2,17828,07-17-2025 17:07:55,Diverse Power
Troup,2,2,17828,07-17-2025 17:22:51,Diverse Power
Troup,2,2,17829,07-17-2025 17:37:57,Diverse Power
Troup,2,2,17829,07-17-2025 17:52:56,Diverse Power
Troup,2,2,17829,07-17-2025 18:07:57,Diverse Power
Troup,2,2,17830,07-17-2025 18:37:53,Diverse Power
Troup,36,36,17830,07-17-2025 18:52:45,Diverse Power
Troup,36,36,17830,07-17-2025 19:07:57,Diverse Power
Troup,47,47,17831,07-17-2025 19:22:53,Diverse Power
Troup,47,47,17831,07-17-2025 19:37:55,Diverse Power
Troup,47,47,17831,07-17-2025 19:52:54,Diverse Power
Troup,47,47,17831,07-17-2025 20:07:54,Diverse Power
Troup,11,11,17831,07-17-2025 20:22:55,Diverse Power
Troup,11,11,17831,07-17-2025 20:37:54,Diverse Power
Troup,11,11,17831,07-17-2025 20:52:51,Diverse Power
Troup,11,11,17831,07-17-2025 21:07:50,Diverse Power
Troup,11,11,17831,07-17-2025 21:22:46,Diverse Power
Troup,11,1,17831,07-17-2025 21:37:44,Diverse Power
Troup,12,2,17831,07-17-2025 21:52:46,Diverse Power
Troup,12,2,17831,07-17-2025 22:07:46,Diverse Power
Heard,2,2,484,07-17-2025 22:22:45,Diverse Power
Troup,192,182,17831,07-17-2025 22:22:45,Diverse Power
Heard,2,2,484,07-17-2025 22:37:45,Diverse Power
Troup,192,182,17831,07-17-2025 22:37:45,Diverse Power
Heard,2,0,484,07-17-2025 22:52:45,Diverse Power
Troup,192,93,17831,07-17-2025 22:52:45,Diverse Power
Heard,2,0,484,07-17-2025 23:07:42,Diverse Power
Troup,193,94,17831,07-17-2025 23:07:42,Diverse Power
Heard,2,0,484,07-17-2025 23:22:45,Diverse Power
Troup,182,93,17831,07-17-2025 23:22:45,Diverse Power
Heard,2,0,484,07-17-2025 23:37:42,Diverse Power
Troup,180,91,17831,07-17-2025 23:37:42,Diverse Power
Heard,2,2,484,07-17-2025 23:52:44,Diverse Power
Troup,180,180,17831,07-17-2025 23:52:44,Diverse Power
Heard,2,2,484,07-18-2025 00:07:44,Diverse Power
Troup,180,180,17831,07-18-2025 00:07:44,Diverse Power
Troup,1,1,17829,07-18-2025 17:22:48,Diverse Power
Troup,1,1,17829,07-18-2025 17:37:48,Diverse Power
Troup,1,1,17829,07-18-2025 17:52:50,Diverse Power
Calhoun,3,3,1374,07-18-2025 17:52:50,Diverse Power
Troup,1,1,17829,07-18-2025 18:07:50,Diverse Power
Calhoun,3,3,1374,07-18-2025 18:07:50,Diverse Power
Troup,1,1,17829,07-18-2025 18:22:52,Diverse Power
Calhoun,3,3,1374,07-18-2025 18:22:52,Diverse Power
Troup,1,1,17829,07-18-2025 18:37:53,Diverse Power
Calhoun,3,3,1374,07-18-2025 18:37:53,Diverse Power
Troup,1,1,17831,07-18-2025 18:52:54,Diverse Power
Calhoun,3,3,1374,07-18-2025 18:52:54,Diverse Power
Troup,1,1,17831,07-18-2025 19:07:51,Diverse Power
Calhoun,3,3,1374,07-18-2025 19:07:51,Diverse Power
Troup,1,1,17831,07-18-2025 19:22:50,Diverse Power
Calhoun,3,3,1374,07-18-2025 19:22:50,Diverse Power
Troup,4,4,17831,07-18-2025 19:37:47,Diverse Power
Calhoun,3,3,1374,07-18-2025 19:37:47,Diverse Power
Troup,7,7,17831,07-18-2025 19:52:48,Diverse Power
Calhoun,3,3,1374,07-18-2025 19:52:48,Diverse Power
Troup,10,10,17831,07-18-2025 20:07:48,Diverse Power
Calhoun,3,3,1374,07-18-2025 20:07:48,Diverse Power
Troup,10,10,17831,07-18-2025 20:22:49,Diverse Power
Calhoun,3,3,1374,07-18-2025 20:22:49,Diverse Power
Heard,1,1,484,07-18-2025 20:37:48,Diverse Power
Troup,10,10,17831,07-18-2025 20:37:48,Diverse Power
Calhoun,3,3,1374,07-18-2025 20:37:48,Diverse Power
Heard,1,1,484,07-18-2025 20:52:46,Diverse Power
Calhoun,3,3,1374,07-18-2025 20:52:46,Diverse Power
Harris,5,5,8354,07-18-2025 20:52:46,Diverse Power
Heard,1,1,484,07-18-2025 21:07:48,Diverse Power
Calhoun,3,3,1374,07-18-2025 21:07:48,Diverse Power
Harris,5,5,8354,07-18-2025 21:07:48,Diverse Power
Heard,1,1,484,07-18-2025 21:22:51,Diverse Power
Calhoun,3,3,1374,07-18-2025 21:22:51,Diverse Power
Harris,5,5,8354,07-18-2025 21:22:51,Diverse Power
Calhoun,3,3,1374,07-18-2025 21:37:52,Diverse Power
Harris,5,5,8354,07-18-2025 21:37:52,Diverse Power
Troup,4,4,17833,07-19-2025 05:22:44,Diverse Power
Troup,4,4,17833,07-19-2025 05:37:43,Diverse Power
Troup,4,4,17833,07-19-2025 05:52:43,Diverse Power
Troup,4,4,17833,07-19-2025 06:07:43,Diverse Power
Troup,4,4,17833,07-19-2025 06:22:42,Diverse Power
Troup,1,1,17833,07-19-2025 18:52:48,Diverse Power
Troup,1,1,17833,07-19-2025 19:07:47,Diverse Power
Troup,1,1,17833,07-19-2025 19:22:48,Diverse Power
Troup,1,1,17833,07-19-2025 19:37:49,Diverse Power
Quitman,17,17,1315,07-19-2025 19:52:47,Diverse Power
Troup,1,1,17833,07-19-2025 19:52:47,Diverse Power
Quitman,17,17,1315,07-19-2025 20:07:47,Diverse Power
Troup,1,1,17833,07-19-2025 20:07:47,Diverse Power
Quitman,17,17,1315,07-19-2025 20:22:43,Diverse Power
Troup,1,1,17833,07-19-2025 20:22:43,Diverse Power
Quitman,17,17,1315,07-19-2025 20:37:43,Diverse Power
Troup,1,1,17833,07-19-2025 20:37:43,Diverse Power
Troup,1,1,17833,07-19-2025 20:52:47,Diverse Power
Troup,1,1,17833,07-19-2025 21:07:44,Diverse Power
Harris,2,2,8354,07-19-2025 21:22:43,Diverse Power
Troup,1,1,17833,07-19-2025 21:37:42,Diverse Power
Harris,2,2,8354,07-19-2025 21:37:42,Diverse Power
Troup,1,1,17833,07-19-2025 21:52:43,Diverse Power
Troup,1,1,17833,07-19-2025 22:07:43,Diverse Power
Troup,1,1,17833,07-19-2025 22:22:48,Diverse Power
Troup,1,1,17833,07-19-2025 22:37:49,Diverse Power
Troup,1,1,17833,07-19-2025 22:52:48,Diverse Power
Troup,1,1,17833,07-19-2025 23:07:47,Diverse Power
Troup,1,1,17833,07-19-2025 23:22:48,Diverse Power
Troup,1,1,17833,07-19-2025 23:37:48,Diverse Power
Troup,129,129,17833,07-20-2025 20:07:52,Diverse Power
Troup,129,129,17833,07-20-2025 20:22:51,Diverse Power
Troup,129,129,17833,07-20-2025 20:37:53,Diverse Power
Troup,129,129,17833,07-20-2025 20:52:48,Diverse Power
Troup,129,129,17833,07-20-2025 21:07:50,Diverse Power
Harris,2,2,8354,07-21-2025 05:22:49,Diverse Power
Harris,2,2,8354,07-21-2025 05:37:48,Diverse Power
Harris,1,1,8354,07-21-2025 19:37:49,Diverse Power
Harris,1,1,8354,07-21-2025 19:52:50,Diverse Power
Harris,1,1,8354,07-21-2025 20:08:12,Diverse Power
Harris,1,1,8354,07-21-2025 20:22:45,Diverse Power
Harris,1,1,8354,07-21-2025 20:37:43,Diverse Power
Harris,1,1,8354,07-21-2025 20:52:45,Diverse Power
Harris,1,1,8354,07-21-2025 21:07:43,Diverse Power
Troup,65,65,17833,07-22-2025 00:52:45,Diverse Power
Troup,65,65,17833,07-22-2025 01:07:45,Diverse Power
Troup,65,65,17833,07-22-2025 01:22:44,Diverse Power
Troup,65,65,17833,07-22-2025 01:37:44,Diverse Power
Troup,65,28,17833,07-22-2025 01:52:45,Diverse Power
Troup,65,28,17833,07-22-2025 02:07:44,Diverse Power
Calhoun,1,1,1374,07-22-2025 15:22:46,Diverse Power
Calhoun,1,1,1374,07-22-2025 15:37:53,Diverse Power
Troup,3,3,17833,07-22-2025 15:52:51,Diverse Power
Calhoun,1,1,1374,07-22-2025 15:52:51,Diverse Power
Randolph,175,175,1738,07-22-2025 16:07:51,Diverse Power
Troup,3,3,17834,07-22-2025 16:07:51,Diverse Power
Calhoun,1,1,1374,07-22-2025 16:07:51,Diverse Power
Randolph,175,175,1738,07-22-2025 16:22:51,Diverse Power
Troup,3,3,17834,07-22-2025 16:22:51,Diverse Power
Calhoun,1,1,1374,07-22-2025 16:22:51,Diverse Power
Randolph,175,175,1738,07-22-2025 16:37:48,Diverse Power
Troup,3,3,17834,07-22-2025 16:37:48,Diverse Power
Calhoun,1,1,1374,07-22-2025 16:37:48,Diverse Power
Troup,3,3,17834,07-22-2025 16:53:03,Diverse Power
Calhoun,1,1,1374,07-22-2025 16:53:03,Diverse Power
Troup,3,3,17834,07-22-2025 17:07:51,Diverse Power
Calhoun,1,1,1374,07-22-2025 17:07:51,Diverse Power
Troup,3,3,17834,07-22-2025 17:22:50,Diverse Power
Calhoun,1,1,1374,07-22-2025 17:22:50,Diverse Power
Troup,3,3,17834,07-22-2025 17:37:49,Diverse Power
Calhoun,1,1,1374,07-22-2025 17:37:49,Diverse Power
Calhoun,1,1,1373,07-22-2025 17:52:48,Diverse Power
Harris,2,2,8354,07-22-2025 17:52:48,Diverse Power
Calhoun,1,1,1373,07-22-2025 18:07:58,Diverse Power
Harris,2,2,8354,07-22-2025 18:07:58,Diverse Power
Calhoun,1,1,1373,07-22-2025 18:22:49,Diverse Power
Calhoun,1,1,1373,07-22-2025 18:38:11,Diverse Power
Calhoun,2,2,1373,07-22-2025 18:53:10,Diverse Power
Calhoun,2,2,1373,07-22-2025 19:07:56,Diverse Power
Randolph,7,7,1738,07-22-2025 21:52:53,Diverse Power
Randolph,7,7,1738,07-22-2025 22:07:52,Diverse Power
Randolph,7,7,1738,07-22-2025 22:22:53,Diverse Power
Randolph,7,7,1738,07-22-2025 22:37:54,Diverse Power
Randolph,7,7,1738,07-22-2025 22:52:59,Diverse Power
Randolph,1,1,1738,07-23-2025 00:22:56,Diverse Power
Randolph,1,1,1738,07-23-2025 00:38:03,Diverse Power
Randolph,3,3,1738,07-23-2025 16:08:04,Diverse Power
Randolph,1,1,1737,07-23-2025 22:22:44,Diverse Power
Randolph,1,1,1737,07-23-2025 22:37:43,Diverse Power
Randolph,1,1,1737,07-23-2025 22:52:44,Diverse Power
Randolph,1,1,1737,07-23-2025 23:07:46,Diverse Power
Troup,2,2,17836,07-24-2025 12:07:42,Diverse Power
Troup,2,2,17836,07-24-2025 12:22:41,Diverse Power
Troup,2,2,17836,07-24-2025 12:37:42,Diverse Power
Troup,2,2,17836,07-24-2025 12:52:45,Diverse Power
Troup,2,2,17836,07-24-2025 13:07:51,Diverse Power
Troup,2,2,17836,07-24-2025 13:22:46,Diverse Power
Troup,2,2,17836,07-24-2025 13:37:49,Diverse Power
Troup,2,2,17836,07-24-2025 13:52:51,Diverse Power
Troup,2,2,17836,07-24-2025 14:07:54,Diverse Power
Troup,2,2,17836,07-24-2025 14:22:51,Diverse Power
Chambers,2,2,687,07-24-2025 19:52:44,Diverse Power
Chambers,2,2,687,07-24-2025 20:07:40,Diverse Power
Chambers,2,2,687,07-24-2025 20:22:43,Diverse Power
Chambers,2,2,687,07-24-2025 20:37:40,Diverse Power
Chambers,2,2,687,07-24-2025 20:52:41,Diverse Power
Chambers,2,2,687,07-24-2025 21:07:40,Diverse Power
Randolph,75,75,1736,07-24-2025 21:22:41,Diverse Power
Chambers,2,2,687,07-24-2025 21:22:41,Diverse Power
Randolph,5,5,1736,07-24-2025 21:37:40,Diverse Power
Calhoun,2,2,1375,07-24-2025 21:37:40,Diverse Power
Chambers,2,2,687,07-24-2025 21:37:40,Diverse Power
Randolph,4,4,1736,07-24-2025 21:52:40,Diverse Power
Randolph,5,5,1736,07-24-2025 22:07:40,Diverse Power
Randolph,1,1,1736,07-24-2025 22:22:40,Diverse Power
Randolph,1,1,1736,07-24-2025 22:37:40,Diverse Power
Randolph,1,1,1736,07-24-2025 22:52:41,Diverse Power
Randolph,46,46,1736,07-25-2025 00:22:45,Diverse Power
Randolph,46,46,1736,07-25-2025 00:37:43,Diverse Power
Harris,33,33,8354,07-25-2025 00:37:43,Diverse Power
Randolph,46,1,1736,07-25-2025 00:52:43,Diverse Power
Harris,33,33,8354,07-25-2025 00:52:43,Diverse Power
Randolph,46,1,1736,07-25-2025 01:07:44,Diverse Power
Harris,33,33,8354,07-25-2025 01:07:44,Diverse Power
Harris,34,34,8354,07-25-2025 01:22:44,Diverse Power
Harris,33,33,8354,07-25-2025 01:37:40,Diverse Power
Harris,33,33,8354,07-25-2025 01:52:41,Diverse Power
Harris,33,33,8354,07-25-2025 02:07:40,Diverse Power
Harris,33,33,8354,07-25-2025 02:22:42,Diverse Power
Harris,33,33,8354,07-25-2025 02:37:43,Diverse Power
Harris,33,33,8354,07-25-2025 02:52:42,Diverse Power
Harris,33,33,8354,07-25-2025 03:07:40,Diverse Power
Harris,33,33,8354,07-25-2025 03:22:40,Diverse Power
Harris,33,33,8354,07-25-2025 03:37:40,Diverse Power
Harris,1,1,8354,07-25-2025 03:52:43,Diverse Power
Harris,9,9,8354,07-25-2025 04:07:43,Diverse Power
Harris,9,9,8354,07-25-2025 04:22:45,Diverse Power
Troup,2,2,17834,07-25-2025 11:37:41,Diverse Power
Troup,2,2,17834,07-25-2025 11:52:39,Diverse Power
Troup,2,2,17834,07-25-2025 12:07:39,Diverse Power
Troup,3,3,17834,07-25-2025 12:22:42,Diverse Power
Troup,2,2,17834,07-25-2025 12:37:42,Diverse Power
Troup,6,6,17835,07-25-2025 14:07:47,Diverse Power
Troup,1,1,17836,07-25-2025 14:22:51,Diverse Power
Troup,1,1,17836,07-25-2025 14:37:52,Diverse Power
Troup,1,1,17836,07-25-2025 14:52:51,Diverse Power
Troup,1,1,17836,07-25-2025 15:07:42,Diverse Power
Troup,1,1,17836,07-25-2025 15:22:50,Diverse Power
Troup,1,1,17836,07-25-2025 15:37:52,Diverse Power
Troup,1,1,17837,07-25-2025 15:52:49,Diverse Power
Troup,1,1,17837,07-25-2025 16:07:48,Diverse Power
Troup,1,1,17837,07-25-2025 16:22:43,Diverse Power
Troup,1,1,17837,07-25-2025 16:37:43,Diverse Power
Troup,1,1,17837,07-25-2025 16:52:43,Diverse Power
Troup,1,1,17837,07-25-2025 17:07:45,Diverse Power
Troup,1,1,17837,07-25-2025 17:22:49,Diverse Power
Troup,1,1,17837,07-25-2025 17:37:45,Diverse Power
Harris,1,1,8354,07-25-2025 19:37:50,Diverse Power
Harris,1,1,8354,07-25-2025 19:52:49,Diverse Power
Harris,1,1,8354,07-25-2025 20:07:47,Diverse Power
Harris,1,1,8354,07-25-2025 20:22:39,Diverse Power
Troup,1,1,17837,07-25-2025 22:22:49,Diverse Power
Troup,1,1,17837,07-25-2025 22:37:49,Diverse Power
Troup,1,1,17837,07-25-2025 22:52:47,Diverse Power
Troup,1,1,17837,07-25-2025 23:07:48,Diverse Power
Troup,1,1,17837,07-25-2025 23:22:48,Diverse Power
Harris,1,1,8354,07-26-2025 01:22:43,Diverse Power
Harris,1,1,8354,07-26-2025 01:37:45,Diverse Power
Harris,1,1,8354,07-26-2025 01:52:46,Diverse Power
Harris,1,1,8354,07-26-2025 02:07:44,Diverse Power
Harris,1,1,8354,07-26-2025 02:22:46,Diverse Power
Harris,1,1,8354,07-26-2025 02:37:44,Diverse Power
Harris,1,1,8354,07-26-2025 02:52:42,Diverse Power
Harris,1,1,8354,07-26-2025 03:07:42,Diverse Power
Harris,1,1,8354,07-26-2025 03:22:43,Diverse Power
Harris,1,1,8354,07-26-2025 03:37:43,Diverse Power
Harris,1,1,8354,07-26-2025 03:52:43,Diverse Power
Harris,1,1,8354,07-27-2025 01:22:46,Diverse Power
Harris,1,1,8354,07-27-2025 01:37:47,Diverse Power
Harris,1,1,8354,07-27-2025 01:52:45,Diverse Power
Harris,1,1,8354,07-27-2025 02:07:46,Diverse Power
Harris,1,1,8354,07-27-2025 02:22:45,Diverse Power
Harris,1,1,8354,07-27-2025 02:37:46,Diverse Power
Harris,1,1,8354,07-27-2025 02:52:45,Diverse Power
Harris,1,1,8354,07-27-2025 03:07:45,Diverse Power
Troup,1,1,17837,07-27-2025 07:22:42,Diverse Power
Troup,1,1,17837,07-27-2025 07:37:42,Diverse Power
Troup,1,1,17837,07-27-2025 07:52:42,Diverse Power
Troup,1,1,17837,07-27-2025 08:07:43,Diverse Power
Heard,1,1,485,07-27-2025 20:22:44,Diverse Power
Heard,1,1,485,07-27-2025 20:37:42,Diverse Power
Heard,1,1,485,07-27-2025 20:52:42,Diverse Power
Heard,1,1,485,07-27-2025 21:07:46,Diverse Power
Meriwether,8,8,2440,07-28-2025 11:07:42,Diverse Power
Meriwether,8,8,2440,07-28-2025 11:22:40,Diverse Power
Meriwether,8,8,2440,07-28-2025 11:37:41,Diverse Power
Meriwether,8,0,2440,07-28-2025 11:52:40,Diverse Power
Muscogee,26,26,2753,07-28-2025 14:52:51,Diverse Power
Harris,4,4,8353,07-28-2025 14:52:51,Diverse Power
Muscogee,26,26,2753,07-28-2025 15:07:54,Diverse Power
Harris,4,4,8353,07-28-2025 15:07:54,Diverse Power
Muscogee,26,26,2753,07-28-2025 15:22:50,Diverse Power
Harris,4,4,8353,07-28-2025 15:22:50,Diverse Power
Muscogee,26,26,2753,07-28-2025 15:37:50,Diverse Power
Harris,4,4,8353,07-28-2025 15:37:50,Diverse Power
Muscogee,26,26,2753,07-28-2025 15:52:51,Diverse Power
Harris,4,4,8353,07-28-2025 15:52:51,Diverse Power
Muscogee,26,26,2753,07-28-2025 16:07:51,Diverse Power
Harris,4,4,8353,07-28-2025 16:07:51,Diverse Power
Troup,1,1,17837,07-28-2025 16:37:48,Diverse Power
Troup,3,3,17837,07-28-2025 16:52:49,Diverse Power
Troup,3,3,17837,07-28-2025 17:07:45,Diverse Power
Troup,3,3,17837,07-28-2025 17:22:44,Diverse Power
Troup,3,3,17837,07-28-2025 17:37:44,Diverse Power
Harris,1,1,8353,07-28-2025 18:07:43,Diverse Power
Harris,1,1,8353,07-28-2025 18:22:44,Diverse Power
Harris,1,1,8353,07-28-2025 18:37:48,Diverse Power
Harris,1,1,8353,07-28-2025 18:52:48,Diverse Power
Harris,1,1,8353,07-28-2025 19:07:48,Diverse Power
Harris,1,1,8353,07-28-2025 19:22:46,Diverse Power
Harris,1,1,8353,07-28-2025 19:37:49,Diverse Power
Troup,2,2,17836,07-28-2025 19:52:49,Diverse Power
Harris,1,1,8353,07-28-2025 19:52:49,Diverse Power
Troup,2,2,17836,07-28-2025 20:07:48,Diverse Power
Harris,1,1,8353,07-28-2025 20:07:48,Diverse Power
Troup,2,2,17836,07-28-2025 20:22:47,Diverse Power
Chambers,2,2,687,07-28-2025 20:22:47,Diverse Power
Harris,1,1,8353,07-28-2025 20:22:47,Diverse Power
Troup,2,2,17836,07-28-2025 20:37:52,Diverse Power
Troup,1,1,17838,07-28-2025 22:37:50,Diverse Power
Troup,4,4,17838,07-29-2025 05:37:46,Diverse Power
Troup,5,5,17838,07-29-2025 05:52:45,Diverse Power
Troup,5,5,17838,07-29-2025 06:07:46,Diverse Power
Troup,4,4,17838,07-29-2025 06:22:45,Diverse Power
Troup,4,4,17838,07-29-2025 06:37:44,Diverse Power
Troup,4,4,17838,07-29-2025 06:52:43,Diverse Power
Troup,4,4,17838,07-29-2025 07:07:44,Diverse Power
Troup,4,4,17838,07-29-2025 07:22:42,Diverse Power
Troup,4,4,17838,07-29-2025 07:37:44,Diverse Power
Troup,4,4,17838,07-29-2025 07:52:43,Diverse Power
Troup,4,4,17838,07-29-2025 08:07:44,Diverse Power
Troup,2,2,17838,07-29-2025 11:52:43,Diverse Power
Troup,2,2,17838,07-29-2025 12:07:44,Diverse Power
Troup,2,2,17838,07-29-2025 12:22:49,Diverse Power
Troup,2,2,17838,07-29-2025 12:37:51,Diverse Power
Troup,2,2,17838,07-29-2025 12:52:51,Diverse Power
Troup,2,2,17839,07-29-2025 13:07:52,Diverse Power
Troup,1,1,17839,07-29-2025 13:22:53,Diverse Power
Harris,6,6,8353,07-29-2025 14:37:47,Diverse Power
Harris,5,5,8353,07-29-2025 14:52:50,Diverse Power
Harris,5,5,8353,07-29-2025 15:07:48,Diverse Power
Harris,5,5,8353,07-29-2025 15:22:47,Diverse Power
Harris,5,5,8353,07-29-2025 15:37:51,Diverse Power
Harris,5,5,8353,07-29-2025 15:52:46,Diverse Power
Harris,5,0,8353,07-29-2025 16:07:48,Diverse Power
Troup,4,4,17840,07-29-2025 17:37:43,Diverse Power
Troup,4,4,17840,07-29-2025 17:52:44,Diverse Power
Troup,4,4,17839,07-29-2025 18:07:47,Diverse Power
Troup,4,4,17839,07-29-2025 18:22:45,Diverse Power
Troup,4,4,17839,07-29-2025 18:37:43,Diverse Power
Troup,4,4,17839,07-29-2025 18:52:44,Diverse Power
Troup,4,4,17839,07-29-2025 19:07:44,Diverse Power
Troup,4,4,17839,07-29-2025 19:22:46,Diverse Power
Troup,4,4,17839,07-29-2025 19:37:51,Diverse Power
Troup,4,4,17839,07-29-2025 19:52:46,Diverse Power
Harris,1,1,8353,07-29-2025 23:22:50,Diverse Power
Harris,1,1,8353,07-29-2025 23:37:54,Diverse Power
Quitman,16,16,1317,07-29-2025 23:52:52,Diverse Power
Randolph,45,45,1737,07-29-2025 23:52:52,Diverse Power
Calhoun,32,32,1375,07-29-2025 23:52:52,Diverse Power
Harris,1,1,8353,07-29-2025 23:52:52,Diverse Power
Quitman,16,16,1317,07-30-2025 00:07:53,Diverse Power
Randolph,45,45,1737,07-30-2025 00:07:53,Diverse Power
Calhoun,32,32,1375,07-30-2025 00:07:53,Diverse Power
Harris,1,1,8353,07-30-2025 00:07:53,Diverse Power
Quitman,16,16,1317,07-30-2025 00:22:51,Diverse Power
Randolph,45,45,1737,07-30-2025 00:22:51,Diverse Power
Calhoun,33,33,1375,07-30-2025 00:22:51,Diverse Power
Harris,3,3,8353,07-30-2025 00:22:51,Diverse Power
Quitman,16,16,1317,07-30-2025 00:37:50,Diverse Power
Randolph,49,49,1737,07-30-2025 00:37:50,Diverse Power
Calhoun,33,33,1375,07-30-2025 00:37:50,Diverse Power
Harris,3,3,8353,07-30-2025 00:37:50,Diverse Power
Quitman,16,16,1317,07-30-2025 00:52:50,Diverse Power
Randolph,56,56,1737,07-30-2025 00:52:50,Diverse Power
Calhoun,33,33,1375,07-30-2025 00:52:50,Diverse Power
Harris,3,3,8353,07-30-2025 00:52:50,Diverse Power
Quitman,16,1,1317,07-30-2025 01:07:49,Diverse Power
Randolph,56,56,1737,07-30-2025 01:07:49,Diverse Power
Calhoun,33,33,1375,07-30-2025 01:07:49,Diverse Power
Harris,3,3,8353,07-30-2025 01:07:49,Diverse Power
Quitman,16,1,1317,07-30-2025 01:22:48,Diverse Power
Randolph,56,36,1737,07-30-2025 01:22:48,Diverse Power
Calhoun,33,5,1375,07-30-2025 01:22:48,Diverse Power
Harris,1,1,8353,07-30-2025 01:22:48,Diverse Power
Quitman,16,1,1317,07-30-2025 01:37:47,Diverse Power
Randolph,56,36,1737,07-30-2025 01:37:47,Diverse Power
Calhoun,38,20,1375,07-30-2025 01:37:47,Diverse Power
Harris,1,1,8353,07-30-2025 01:37:47,Diverse Power
Quitman,1,1,1317,07-30-2025 01:52:47,Diverse Power
Randolph,56,11,1737,07-30-2025 01:52:47,Diverse Power
Calhoun,37,0,1375,07-30-2025 01:52:47,Diverse Power
Harris,1,1,8353,07-30-2025 01:52:47,Diverse Power
Quitman,1,1,1317,07-30-2025 02:07:45,Diverse Power
Randolph,56,11,1737,07-30-2025 02:07:45,Diverse Power
Calhoun,37,0,1375,07-30-2025 02:07:45,Diverse Power
Harris,1,0,8353,07-30-2025 02:07:45,Diverse Power
Quitman,1,1,1317,07-30-2025 02:22:46,Diverse Power
Randolph,56,11,1737,07-30-2025 02:22:46,Diverse Power
Troup,37,37,17840,07-30-2025 02:22:46,Diverse Power
Calhoun,37,0,1375,07-30-2025 02:22:46,Diverse Power
Harris,1,0,8353,07-30-2025 02:22:46,Diverse Power
Quitman,1,1,1317,07-30-2025 02:37:46,Diverse Power
Randolph,11,11,1737,07-30-2025 02:37:46,Diverse Power
Troup,149,149,17840,07-30-2025 02:37:46,Diverse Power
Quitman,1,1,1317,07-30-2025 02:52:43,Diverse Power
Randolph,11,11,1737,07-30-2025 02:52:43,Diverse Power
Troup,48,48,17840,07-30-2025 02:52:43,Diverse Power
Meriwether,2,2,2441,07-30-2025 02:52:43,Diverse Power
Quitman,1,1,1317,07-30-2025 03:07:46,Diverse Power
Randolph,11,11,1737,07-30-2025 03:07:46,Diverse Power
Troup,54,54,17840,07-30-2025 03:07:46,Diverse Power
Meriwether,2,2,2441,07-30-2025 03:07:46,Diverse Power
Randolph,7,7,1737,07-30-2025 03:22:42,Diverse Power
Troup,52,52,17840,07-30-2025 03:22:42,Diverse Power
Meriwether,2,2,2441,07-30-2025 03:22:42,Diverse Power
Randolph,7,7,1737,07-30-2025 03:37:44,Diverse Power
Troup,52,52,17840,07-30-2025 03:37:44,Diverse Power
Meriwether,2,2,2441,07-30-2025 03:37:44,Diverse Power
Randolph,7,7,1737,07-30-2025 03:52:43,Diverse Power
Troup,52,15,17840,07-30-2025 03:52:43,Diverse Power
Calhoun,14,14,1375,07-30-2025 03:52:43,Diverse Power
Meriwether,2,2,2441,07-30-2025 03:52:43,Diverse Power
Randolph,7,7,1737,07-30-2025 04:07:42,Diverse Power
Troup,7,7,17840,07-30-2025 04:07:42,Diverse Power
Calhoun,15,15,1375,07-30-2025 04:07:42,Diverse Power
Meriwether,2,2,2441,07-30-2025 04:07:42,Diverse Power
Randolph,2,2,1737,07-30-2025 04:22:43,Diverse Power
Troup,6,6,17840,07-30-2025 04:22:43,Diverse Power
Calhoun,15,15,1375,07-30-2025 04:22:43,Diverse Power
Meriwether,2,2,2441,07-30-2025 04:22:43,Diverse Power
Randolph,2,2,1737,07-30-2025 04:37:43,Diverse Power
Troup,6,6,17840,07-30-2025 04:37:43,Diverse Power
Calhoun,15,15,1375,07-30-2025 04:37:43,Diverse Power
Meriwether,2,2,2441,07-30-2025 04:37:43,Diverse Power
Troup,5,5,17840,07-30-2025 04:52:42,Diverse Power
Calhoun,15,15,1375,07-30-2025 04:52:42,Diverse Power
Meriwether,2,2,2441,07-30-2025 04:52:42,Diverse Power
Troup,5,5,17840,07-30-2025 05:07:43,Diverse Power
Calhoun,15,15,1375,07-30-2025 05:07:43,Diverse Power
Meriwether,2,2,2441,07-30-2025 05:07:43,Diverse Power
Calhoun,15,15,1375,07-30-2025 05:22:44,Diverse Power
Meriwether,2,2,2441,07-30-2025 05:22:44,Diverse Power
Calhoun,15,15,1375,07-30-2025 05:37:43,Diverse Power
Meriwether,2,2,2441,07-30-2025 05:37:43,Diverse Power
Calhoun,15,15,1375,07-30-2025 05:52:42,Diverse Power
Calhoun,15,15,1375,07-30-2025 06:07:42,Diverse Power
Calhoun,15,15,1375,07-30-2025 06:22:42,Diverse Power
Calhoun,15,15,1375,07-30-2025 06:37:43,Diverse Power
Calhoun,15,15,1375,07-30-2025 06:52:43,Diverse Power
Calhoun,15,15,1375,07-30-2025 07:07:44,Diverse Power
Troup,4,4,17840,07-30-2025 07:22:44,Diverse Power
Calhoun,15,15,1375,07-30-2025 07:22:44,Diverse Power
Troup,4,4,17840,07-30-2025 07:37:43,Diverse Power
Calhoun,15,15,1375,07-30-2025 07:37:43,Diverse Power
Troup,4,4,17840,07-30-2025 07:52:43,Diverse Power
Troup,4,4,17840,07-30-2025 08:07:43,Diverse Power
Troup,48,48,17840,07-30-2025 08:22:44,Diverse Power
Troup,48,48,17840,07-30-2025 08:37:46,Diverse Power
Troup,48,48,17840,07-30-2025 08:52:45,Diverse Power
Troup,48,48,17840,07-30-2025 09:07:45,Diverse Power
Troup,48,48,17840,07-30-2025 09:22:45,Diverse Power
Troup,48,48,17840,07-30-2025 09:37:45,Diverse Power
Troup,4,4,17840,07-30-2025 09:52:45,Diverse Power
Troup,4,4,17840,07-30-2025 10:07:45,Diverse Power
Troup,4,4,17840,07-30-2025 10:22:44,Diverse Power
Troup,4,0,17840,07-30-2025 10:37:45,Diverse Power
Troup,1,1,17840,07-30-2025 10:52:44,Diverse Power
Troup,1,1,17840,07-30-2025 11:07:45,Diverse Power
Quitman,1,1,1317,07-30-2025 11:22:44,Diverse Power
Troup,1,1,17840,07-30-2025 11:22:44,Diverse Power
Quitman,1,1,1317,07-30-2025 11:37:45,Diverse Power
Troup,1,1,17840,07-30-2025 11:37:45,Diverse Power
Quitman,1,1,1317,07-30-2025 11:52:42,Diverse Power
Quitman,1,1,1317,07-30-2025 12:07:43,Diverse Power
Quitman,1,1,1317,07-30-2025 12:22:42,Diverse Power
Quitman,1,1,1317,07-30-2025 12:37:42,Diverse Power
Troup,10,10,17838,07-30-2025 13:52:54,Diverse Power
Harris,4,4,8353,07-30-2025 13:52:54,Diverse Power
Troup,10,10,17838,07-30-2025 14:07:55,Diverse Power
Harris,4,4,8353,07-30-2025 14:07:55,Diverse Power
Troup,10,10,17838,07-30-2025 14:22:55,Diverse Power
Troup,10,10,17837,07-30-2025 14:37:47,Diverse Power
Troup,10,10,17837,07-30-2025 14:52:55,Diverse Power
Troup,11,11,17837,07-30-2025 15:07:45,Diverse Power
Troup,11,11,17837,07-30-2025 15:22:48,Diverse Power
Calhoun,164,164,1375,07-30-2025 15:22:48,Diverse Power
Terrell,7,7,7,07-30-2025 15:22:48,Diverse Power
Troup,1,1,17837,07-30-2025 15:37:46,Diverse Power
Calhoun,165,165,1375,07-30-2025 15:37:46,Diverse Power
Terrell,7,7,7,07-30-2025 15:37:46,Diverse Power
Troup,1,1,17837,07-30-2025 15:52:48,Diverse Power
Calhoun,165,165,1375,07-30-2025 15:52:48,Diverse Power
Terrell,7,7,7,07-30-2025 15:52:48,Diverse Power
Quitman,3,3,1317,07-30-2025 16:07:47,Diverse Power
Troup,1,1,17837,07-30-2025 16:07:47,Diverse Power
Calhoun,1,1,1375,07-30-2025 16:07:47,Diverse Power
Troup,16,16,17837,07-30-2025 17:22:57,Diverse Power
Troup,16,16,17837,07-30-2025 17:37:47,Diverse Power
Meriwether,26,26,2441,07-30-2025 18:22:46,Diverse Power
Meriwether,26,26,2441,07-30-2025 18:37:46,Diverse Power
Meriwether,9,9,2441,07-30-2025 18:52:46,Diverse Power
Meriwether,9,9,2441,07-30-2025 19:07:43,Diverse Power
Meriwether,9,9,2441,07-30-2025 19:22:43,Diverse Power
Troup,2,2,17837,07-30-2025 19:37:46,Diverse Power
Troup,2,2,17837,07-30-2025 19:52:53,Diverse Power
Troup,2,2,17837,07-30-2025 20:07:56,Diverse Power
Harris,1,1,8354,07-30-2025 20:52:53,Diverse Power
Harris,1,1,8354,07-30-2025 21:07:52,Diverse Power
Harris,1,1,8354,07-30-2025 21:22:51,Diverse Power
Randolph,1,1,1737,07-30-2025 23:52:48,Diverse Power
Randolph,1,1,1737,07-31-2025 00:07:49,Diverse Power
Randolph,1,1,1737,07-31-2025 00:22:47,Diverse Power
Troup,3,3,17837,07-31-2025 00:22:47,Diverse Power
Troup,3,3,17837,07-31-2025 00:37:50,Diverse Power
Troup,3,3,17837,07-31-2025 00:52:49,Diverse Power
Troup,3,3,17837,07-31-2025 01:07:50,Diverse Power
Troup,3,3,17837,07-31-2025 01:22:51,Diverse Power
Troup,3,0,17837,07-31-2025 01:37:49,Diverse Power
Troup,3,3,17833,07-31-2025 19:52:48,Diverse Power
Troup,1,1,17833,07-31-2025 21:52:55,Diverse Power
Troup,1,1,17833,07-31-2025 22:07:50,Diverse Power
Troup,1,1,17836,07-31-2025 22:37:46,Diverse Power
Meriwether,1,1,2440,07-31-2025 23:52:49,Diverse Power
Troup,1,1,17836,08-01-2025 00:07:49,Diverse Power
Meriwether,1,1,2440,08-01-2025 00:07:49,Diverse Power
Troup,1,1,17836,08-01-2025 00:22:49,Diverse Power
Meriwether,1,1,2440,08-01-2025 00:22:49,Diverse Power
Troup,1,1,17836,08-01-2025 00:37:49,Diverse Power
Troup,1,1,17836,08-01-2025 00:52:48,Diverse Power
Troup,1,1,17836,08-01-2025 01:07:48,Diverse Power
Troup,1,1,17836,08-01-2025 01:22:48,Diverse Power
Troup,1,1,17836,08-01-2025 01:37:50,Diverse Power
Troup,1,1,17836,08-01-2025 01:52:48,Diverse Power
Troup,1,1,17836,08-01-2025 02:07:51,Diverse Power
Troup,1,1,17836,08-01-2025 02:22:51,Diverse Power
Troup,1,1,17836,08-01-2025 02:37:48,Diverse Power
Troup,1,1,17836,08-01-2025 02:52:47,Diverse Power
Muscogee,97,97,2750,08-01-2025 18:52:44,Diverse Power
Muscogee,149,149,2750,08-01-2025 19:07:48,Diverse Power
Muscogee,152,152,2750,08-01-2025 19:22:47,Diverse Power
Muscogee,152,152,2750,08-01-2025 19:37:46,Diverse Power
Muscogee,152,152,2750,08-01-2025 19:52:53,Diverse Power
Muscogee,152,152,2750,08-01-2025 20:07:55,Diverse Power
Muscogee,1,1,2750,08-01-2025 20:22:47,Diverse Power
Meriwether,2,2,2440,08-01-2025 21:07:53,Diverse Power
Troup,5,5,17831,08-01-2025 21:22:51,Diverse Power
Troup,17,17,17831,08-01-2025 21:37:51,Diverse Power
Troup,25,25,17831,08-01-2025 21:52:50,Diverse Power
Troup,25,25,17831,08-01-2025 22:07:51,Diverse Power
Meriwether,1,1,2440,08-01-2025 22:07:51,Diverse Power
Troup,31,31,17836,08-01-2025 22:22:50,Diverse Power
Meriwether,3,3,2440,08-01-2025 22:22:50,Diverse Power
Troup,31,31,17836,08-01-2025 22:37:51,Diverse Power
Meriwether,3,3,2440,08-01-2025 22:37:51,Diverse Power
Troup,31,31,17836,08-01-2025 22:52:49,Diverse Power
Meriwether,3,3,2440,08-01-2025 22:52:49,Diverse Power
Troup,31,2,17836,08-01-2025 23:07:42,Diverse Power
Meriwether,3,3,2440,08-01-2025 23:07:42,Diverse Power
Troup,5,4,17836,08-01-2025 23:22:48,Diverse Power
Meriwether,3,3,2440,08-01-2025 23:22:48,Diverse Power
Troup,4,4,17836,08-01-2025 23:37:49,Diverse Power
Meriwether,3,3,2440,08-01-2025 23:37:49,Diverse Power
Troup,1,1,17836,08-01-2025 23:52:50,Diverse Power
Meriwether,2,2,2440,08-01-2025 23:52:50,Diverse Power
Troup,9,9,17836,08-02-2025 00:07:50,Diverse Power
Troup,9,1,17836,08-02-2025 00:22:50,Diverse Power
Troup,2,2,17836,08-02-2025 01:22:48,Diverse Power
Troup,2,2,17836,08-02-2025 01:37:50,Diverse Power
Troup,1,1,17836,08-02-2025 01:52:55,Diverse Power
Troup,1,1,17836,08-02-2025 11:52:48,Diverse Power
Troup,1,1,17836,08-02-2025 12:07:50,Diverse Power
Troup,1,1,17836,08-02-2025 12:22:49,Diverse Power
Troup,1,1,17836,08-02-2025 12:37:50,Diverse Power
Troup,2,2,17836,08-02-2025 12:52:51,Diverse Power
Troup,2,2,17836,08-02-2025 13:07:48,Diverse Power
Troup,2,2,17836,08-02-2025 13:22:45,Diverse Power
Meriwether,1,1,2440,08-02-2025 14:22:47,Diverse Power
Meriwether,1,1,2440,08-02-2025 14:37:46,Diverse Power
Meriwether,1,1,2440,08-02-2025 14:52:46,Diverse Power
Meriwether,1,1,2440,08-02-2025 15:07:49,Diverse Power
Meriwether,1,1,2440,08-02-2025 15:22:49,Diverse Power
Meriwether,1,1,2440,08-02-2025 15:37:48,Diverse Power
Meriwether,1,1,2440,08-02-2025 15:52:48,Diverse Power
Meriwether,1,1,2440,08-02-2025 16:07:48,Diverse Power
Meriwether,1,1,2440,08-02-2025 16:22:44,Diverse Power
Meriwether,1,1,2440,08-02-2025 16:37:44,Diverse Power
Quitman,44,44,1316,08-02-2025 17:52:48,Diverse Power
Quitman,44,44,1316,08-02-2025 18:07:46,Diverse Power
Quitman,44,44,1316,08-02-2025 18:22:46,Diverse Power
Quitman,44,44,1316,08-02-2025 18:37:45,Diverse Power
Quitman,44,44,1316,08-02-2025 18:52:46,Diverse Power
Harris,7,7,8354,08-02-2025 20:22:55,Diverse Power
Meriwether,2,2,2440,08-02-2025 20:37:52,Diverse Power
Harris,7,7,8354,08-02-2025 20:37:52,Diverse Power
Meriwether,2,2,2440,08-02-2025 20:52:52,Diverse Power
Harris,7,7,8354,08-02-2025 20:52:52,Diverse Power
Meriwether,2,2,2440,08-02-2025 21:07:52,Diverse Power
Harris,7,7,8354,08-02-2025 21:07:52,Diverse Power
Randolph,1,1,1739,08-02-2025 21:22:51,Diverse Power
Randolph,3,3,1739,08-02-2025 21:37:50,Diverse Power
Randolph,3,3,1739,08-02-2025 21:52:53,Diverse Power
Randolph,3,3,1739,08-02-2025 22:07:51,Diverse Power
Troup,30,30,17837,08-02-2025 22:52:49,Diverse Power
Calhoun,11,11,1375,08-02-2025 22:52:49,Diverse Power
Troup,59,59,17837,08-02-2025 23:07:48,Diverse Power
Calhoun,11,11,1375,08-02-2025 23:07:48,Diverse Power
Troup,127,127,17837,08-02-2025 23:22:49,Diverse Power
Troup,127,127,17837,08-02-2025 23:37:49,Diverse Power
Troup,101,39,17837,08-02-2025 23:52:48,Diverse Power
Troup,76,9,17837,08-03-2025 00:07:49,Diverse Power
Troup,5,4,17837,08-03-2025 00:22:46,Diverse Power
Troup,4,4,17837,08-03-2025 00:37:43,Diverse Power
Muscogee,1,1,2752,08-03-2025 02:37:42,Diverse Power
Muscogee,1,1,2752,08-03-2025 02:52:43,Diverse Power
Muscogee,1,1,2752,08-03-2025 03:07:42,Diverse Power
Muscogee,1,1,2752,08-03-2025 03:22:45,Diverse Power
Muscogee,1,1,2752,08-03-2025 03:37:44,Diverse Power
Meriwether,2,2,2440,08-03-2025 06:22:42,Diverse Power
Meriwether,30,30,2440,08-03-2025 06:37:42,Diverse Power
Meriwether,30,30,2440,08-03-2025 06:52:43,Diverse Power
Meriwether,30,30,2440,08-03-2025 07:07:45,Diverse Power
Meriwether,30,30,2440,08-03-2025 07:22:45,Diverse Power
Meriwether,30,30,2440,08-03-2025 07:37:44,Diverse Power
Meriwether,30,30,2440,08-03-2025 07:52:44,Diverse Power
Meriwether,30,30,2440,08-03-2025 08:07:46,Diverse Power
Meriwether,28,28,2440,08-03-2025 08:22:47,Diverse Power
Meriwether,28,28,2440,08-03-2025 08:37:44,Diverse Power
Meriwether,28,28,2440,08-03-2025 08:52:45,Diverse Power
Meriwether,28,0,2440,08-03-2025 09:07:45,Diverse Power
Harris,1,1,8354,08-03-2025 12:07:47,Diverse Power
Troup,1,1,17837,08-03-2025 12:37:46,Diverse Power
Troup,1,1,17837,08-03-2025 12:52:45,Diverse Power
Troup,1,1,17837,08-03-2025 13:07:47,Diverse Power
Troup,1,1,17837,08-03-2025 23:52:52,Diverse Power
Troup,1,1,17837,08-04-2025 00:07:51,Diverse Power
Troup,1,0,17837,08-04-2025 00:22:52,Diverse Power
Troup,2,2,17821,08-04-2025 16:52:48,Diverse Power
Troup,2,2,17821,08-04-2025 17:07:46,Diverse Power
Troup,2,2,17821,08-04-2025 17:22:42,Diverse Power
Troup,2,2,17820,08-04-2025 17:37:44,Diverse Power
Troup,2,2,17819,08-04-2025 17:52:45,Diverse Power
Harris,2,2,8353,08-04-2025 17:52:45,Diverse Power
Troup,2,2,17819,08-04-2025 18:07:42,Diverse Power
Harris,2,2,8353,08-04-2025 18:07:42,Diverse Power
Troup,2,2,17820,08-04-2025 18:22:44,Diverse Power
Harris,2,2,8353,08-04-2025 18:22:44,Diverse Power
Troup,2,2,17820,08-04-2025 18:37:46,Diverse Power
Harris,2,2,8353,08-04-2025 18:37:46,Diverse Power
Troup,2,2,17820,08-04-2025 18:52:42,Diverse Power
Harris,2,2,8353,08-04-2025 18:52:42,Diverse Power
Troup,2,2,17820,08-04-2025 19:07:47,Diverse Power
Harris,2,2,8353,08-04-2025 19:07:47,Diverse Power
Harris,2,2,8353,08-04-2025 19:22:46,Diverse Power
Randolph,14,14,1739,08-05-2025 12:37:44,Diverse Power
Randolph,14,14,1739,08-05-2025 12:52:42,Diverse Power
Randolph,14,14,1739,08-05-2025 13:07:45,Diverse Power
Harris,2,2,8350,08-05-2025 13:07:45,Diverse Power
Randolph,14,14,1739,08-05-2025 13:22:46,Diverse Power
Harris,3,3,8339,08-05-2025 13:52:44,Diverse Power
Troup,5,5,17824,08-05-2025 16:07:44,Diverse Power
Chambers,1,1,687,08-05-2025 16:07:44,Diverse Power
Troup,2,2,17824,08-05-2025 16:22:47,Diverse Power
Troup,4,4,17824,08-05-2025 16:37:43,Diverse Power
Chambers,1,1,687,08-05-2025 16:37:43,Diverse Power
Troup,4,4,17824,08-05-2025 16:52:44,Diverse Power
Chambers,1,1,687,08-05-2025 16:52:44,Diverse Power
Clay,1,1,979,08-05-2025 17:37:41,Diverse Power
Clay,14,14,979,08-05-2025 17:52:42,Diverse Power
Clay,14,14,979,08-05-2025 18:07:42,Diverse Power
Clay,14,14,979,08-05-2025 18:22:43,Diverse Power
Clay,14,14,979,08-05-2025 18:37:45,Diverse Power
Clay,14,14,979,08-05-2025 18:52:45,Diverse Power
Harris,1,1,8339,08-05-2025 19:37:45,Diverse Power
Harris,1,1,8340,08-05-2025 19:52:46,Diverse Power
Harris,1,1,8340,08-05-2025 20:07:46,Diverse Power
Harris,1,1,8340,08-05-2025 20:22:44,Diverse Power
Harris,1,1,8341,08-05-2025 20:37:43,Diverse Power
Harris,1,1,8341,08-05-2025 20:52:42,Diverse Power
Harris,1,1,8342,08-05-2025 21:07:44,Diverse Power
Harris,1,1,8342,08-05-2025 21:22:45,Diverse Power
Harris,1,1,8342,08-05-2025 21:37:43,Diverse Power
Harris,1,1,8342,08-05-2025 21:52:45,Diverse Power
Clay,3,3,979,08-05-2025 22:37:46,Diverse Power
Chambers,3,3,687,08-06-2025 11:22:40,Diverse Power
Calhoun,1,1,1376,08-06-2025 12:52:41,Diverse Power
Calhoun,1,1,1376,08-06-2025 13:07:43,Diverse Power
Calhoun,1,1,1376,08-06-2025 13:22:48,Diverse Power
Calhoun,1,1,1376,08-06-2025 13:37:59,Diverse Power
Calhoun,1,1,1376,08-06-2025 13:53:00,Diverse Power
Calhoun,1,1,1376,08-06-2025 14:07:50,Diverse Power
Calhoun,1,1,1376,08-06-2025 14:22:49,Diverse Power
Calhoun,1,1,1376,08-06-2025 14:37:51,Diverse Power
Calhoun,1,1,1376,08-06-2025 14:52:52,Diverse Power
Calhoun,1,1,1376,08-06-2025 15:07:52,Diverse Power
Calhoun,1,1,1376,08-06-2025 15:22:48,Diverse Power
Calhoun,1,1,1376,08-06-2025 15:37:52,Diverse Power
Troup,1,1,17806,08-06-2025 15:52:54,Diverse Power
Calhoun,1,1,1376,08-06-2025 15:52:54,Diverse Power
Calhoun,1,1,1376,08-06-2025 16:08:12,Diverse Power
Calhoun,1,1,1376,08-06-2025 16:22:49,Diverse Power
Calhoun,1,1,1376,08-06-2025 16:37:48,Diverse Power
Calhoun,1,1,1376,08-06-2025 16:52:52,Diverse Power
Calhoun,1,1,1376,08-06-2025 17:07:51,Diverse Power
Calhoun,1,1,1376,08-06-2025 17:22:51,Diverse Power
Calhoun,1,1,1376,08-06-2025 17:37:53,Diverse Power
Calhoun,1,1,1376,08-06-2025 17:52:53,Diverse Power
Calhoun,1,1,1376,08-06-2025 18:07:53,Diverse Power
Calhoun,1,1,1376,08-06-2025 18:22:53,Diverse Power
Calhoun,1,1,1376,08-06-2025 18:37:49,Diverse Power
Calhoun,3,3,1376,08-06-2025 18:52:45,Diverse Power
Calhoun,3,3,1376,08-06-2025 19:07:45,Diverse Power
Calhoun,3,3,1377,08-06-2025 19:22:48,Diverse Power
Calhoun,3,3,1377,08-06-2025 19:37:49,Diverse Power
Calhoun,3,3,1377,08-06-2025 19:52:48,Diverse Power
Calhoun,3,3,1377,08-06-2025 20:07:48,Diverse Power
Calhoun,3,3,1377,08-06-2025 20:22:45,Diverse Power
Calhoun,3,3,1377,08-06-2025 20:37:45,Diverse Power
Randolph,2,2,1739,08-06-2025 21:22:45,Diverse Power
Randolph,2,2,1739,08-06-2025 21:37:44,Diverse Power
Randolph,2,2,1739,08-06-2025 21:52:43,Diverse Power
Randolph,2,2,1739,08-06-2025 22:07:44,Diverse Power
Calhoun,3,3,1377,08-06-2025 23:22:43,Diverse Power
Calhoun,3,3,1377,08-06-2025 23:37:44,Diverse Power
Calhoun,3,3,1377,08-06-2025 23:52:44,Diverse Power
Calhoun,3,3,1377,08-07-2025 00:07:43,Diverse Power
Calhoun,3,3,1377,08-07-2025 00:22:42,Diverse Power
Calhoun,3,3,1377,08-07-2025 00:37:44,Diverse Power
Calhoun,3,3,1377,08-07-2025 00:52:43,Diverse Power
Calhoun,3,3,1377,08-07-2025 01:07:47,Diverse Power
Calhoun,3,3,1377,08-07-2025 01:22:47,Diverse Power
Calhoun,3,3,1377,08-07-2025 01:37:46,Diverse Power
Calhoun,3,3,1377,08-07-2025 01:52:45,Diverse Power
Calhoun,3,3,1377,08-07-2025 02:07:45,Diverse Power
Calhoun,3,3,1377,08-07-2025 02:22:44,Diverse Power
Calhoun,3,3,1377,08-07-2025 02:37:44,Diverse Power
Calhoun,3,3,1377,08-07-2025 02:52:44,Diverse Power
Calhoun,3,3,1377,08-07-2025 03:07:42,Diverse Power
Calhoun,3,0,1377,08-07-2025 03:22:45,Diverse Power
Quitman,3,3,1314,08-07-2025 15:52:46,Diverse Power
Quitman,3,3,1314,08-07-2025 16:07:45,Diverse Power
Troup,3,3,17781,08-07-2025 19:37:43,Diverse Power
Troup,1,1,17795,08-07-2025 21:07:45,Diverse Power
Troup,1,1,17795,08-07-2025 21:22:46,Diverse Power
Troup,1,1,17795,08-07-2025 21:37:45,Diverse Power
Quitman,2,2,1315,08-07-2025 23:37:39,Diverse Power
Quitman,2,2,1315,08-07-2025 23:52:40,Diverse Power
Quitman,2,2,1315,08-08-2025 00:07:42,Diverse Power
Quitman,2,2,1315,08-08-2025 00:22:42,Diverse Power
Quitman,2,2,1315,08-08-2025 00:37:43,Diverse Power
Troup,1,1,17796,08-08-2025 03:07:43,Diverse Power
Troup,494,494,17796,08-08-2025 03:22:42,Diverse Power
Troup,494,494,17796,08-08-2025 03:37:43,Diverse Power
Troup,494,494,17796,08-08-2025 03:52:42,Diverse Power
Troup,494,494,17796,08-08-2025 04:07:42,Diverse Power
Troup,494,494,17796,08-08-2025 04:22:43,Diverse Power
Troup,494,494,17796,08-08-2025 04:37:40,Diverse Power
Troup,494,494,17796,08-08-2025 04:52:40,Diverse Power
Troup,494,494,17796,08-08-2025 05:07:39,Diverse Power
Troup,494,494,17796,08-08-2025 05:22:40,Diverse Power
Troup,494,494,17796,08-08-2025 05:37:39,Diverse Power
Troup,494,494,17796,08-08-2025 05:52:43,Diverse Power
Troup,494,494,17796,08-08-2025 06:07:42,Diverse Power
Troup,494,494,17796,08-08-2025 06:22:42,Diverse Power
Troup,494,494,17796,08-08-2025 06:37:43,Diverse Power
Troup,494,494,17796,08-08-2025 06:52:43,Diverse Power
Troup,494,494,17796,08-08-2025 07:07:40,Diverse Power
Troup,494,494,17796,08-08-2025 07:22:40,Diverse Power
Troup,494,494,17796,08-08-2025 07:37:39,Diverse Power
Troup,494,494,17796,08-08-2025 07:52:40,Diverse Power
Troup,494,494,17796,08-08-2025 08:07:42,Diverse Power
Troup,494,494,17796,08-08-2025 08:22:40,Diverse Power
Troup,494,494,17796,08-08-2025 08:37:39,Diverse Power
Troup,494,0,17796,08-08-2025 08:52:39,Diverse Power
Troup,494,0,17796,08-08-2025 09:07:39,Diverse Power
Meriwether,1,1,2437,08-08-2025 09:52:40,Diverse Power
Meriwether,1,1,2437,08-08-2025 10:07:41,Diverse Power
Meriwether,1,1,2437,08-08-2025 10:22:39,Diverse Power
Meriwether,1,1,2437,08-08-2025 10:37:40,Diverse Power
Meriwether,1,1,2437,08-08-2025 10:52:40,Diverse Power
Meriwether,1,1,2437,08-08-2025 11:07:44,Diverse Power
Quitman,1,1,1315,08-08-2025 23:52:42,Diverse Power
Calhoun,6,6,1378,08-10-2025 01:22:49,Diverse Power
Calhoun,6,6,1378,08-10-2025 01:37:46,Diverse Power
Calhoun,6,6,1378,08-10-2025 01:52:46,Diverse Power
Calhoun,6,6,1378,08-10-2025 02:07:45,Diverse Power
Calhoun,6,6,1378,08-10-2025 02:22:44,Diverse Power
Calhoun,6,6,1378,08-10-2025 02:37:45,Diverse Power
Harris,2,2,8344,08-10-2025 19:37:47,Diverse Power
Troup,2,2,17787,08-11-2025 12:22:40,Diverse Power
Troup,2,2,17787,08-11-2025 12:37:43,Diverse Power
Troup,2,2,17787,08-11-2025 12:52:42,Diverse Power
Troup,2,2,17787,08-11-2025 13:07:43,Diverse Power
Troup,2,2,17785,08-11-2025 13:23:15,Diverse Power
Troup,2,2,17784,08-11-2025 13:37:43,Diverse Power
Troup,2,2,17780,08-11-2025 13:52:45,Diverse Power
Troup,2,2,17779,08-11-2025 14:07:44,Diverse Power
Harris,12,12,8341,08-11-2025 14:07:44,Diverse Power
Harris,12,12,8342,08-11-2025 14:22:44,Diverse Power
Harris,12,12,8342,08-11-2025 14:37:45,Diverse Power
Harris,9,9,8342,08-11-2025 14:52:46,Diverse Power
Harris,9,9,8342,08-11-2025 15:07:44,Diverse Power
Harris,9,9,8342,08-11-2025 15:22:43,Diverse Power
Harris,9,9,8342,08-11-2025 15:37:42,Diverse Power
Harris,9,9,8342,08-11-2025 15:52:47,Diverse Power
Harris,9,9,8342,08-11-2025 16:07:46,Diverse Power
Meriwether,42,42,2435,08-11-2025 17:37:47,Diverse Power
Meriwether,49,49,2435,08-11-2025 17:52:45,Diverse Power
Meriwether,49,49,2435,08-11-2025 18:07:47,Diverse Power
Meriwether,49,49,2435,08-11-2025 18:22:42,Diverse Power
Meriwether,49,49,2435,08-11-2025 18:37:43,Diverse Power
Muscogee,62,62,2741,08-11-2025 20:52:49,Diverse Power
Muscogee,62,62,2741,08-11-2025 21:07:50,Diverse Power
Muscogee,62,62,2741,08-11-2025 21:22:49,Diverse Power
Muscogee,62,62,2741,08-11-2025 21:37:47,Diverse Power
Muscogee,62,62,2741,08-11-2025 21:52:44,Diverse Power
Muscogee,62,62,2741,08-11-2025 22:07:49,Diverse Power
Muscogee,62,62,2741,08-11-2025 22:22:51,Diverse Power
Quitman,7,7,1306,08-11-2025 22:37:48,Diverse Power
Muscogee,62,62,2741,08-11-2025 22:37:48,Diverse Power
Clay,7,7,978,08-11-2025 22:37:48,Diverse Power
Quitman,7,7,1306,08-11-2025 22:52:45,Diverse Power
Muscogee,62,62,2741,08-11-2025 22:52:45,Diverse Power
Clay,7,7,978,08-11-2025 22:52:45,Diverse Power
Quitman,7,7,1306,08-11-2025 23:07:48,Diverse Power
Muscogee,62,62,2741,08-11-2025 23:07:48,Diverse Power
Clay,7,7,978,08-11-2025 23:07:48,Diverse Power
Quitman,7,7,1306,08-11-2025 23:22:42,Diverse Power
Clay,7,7,978,08-11-2025 23:22:42,Diverse Power
Quitman,7,7,1306,08-11-2025 23:37:45,Diverse Power
Clay,7,7,978,08-11-2025 23:37:45,Diverse Power
Quitman,7,7,1306,08-11-2025 23:52:46,Diverse Power
Clay,7,7,978,08-11-2025 23:52:46,Diverse Power
Quitman,7,7,1306,08-12-2025 00:07:43,Diverse Power
Clay,7,7,978,08-12-2025 00:07:43,Diverse Power
Harris,1,1,8343,08-12-2025 00:07:43,Diverse Power
Quitman,7,0,1306,08-12-2025 00:22:43,Diverse Power
Clay,7,0,978,08-12-2025 00:22:43,Diverse Power
Harris,2,2,8343,08-12-2025 00:22:43,Diverse Power
Quitman,7,0,1307,08-12-2025 00:37:44,Diverse Power
Clay,7,0,978,08-12-2025 00:37:44,Diverse Power
Harris,2,2,8343,08-12-2025 00:37:44,Diverse Power
Randolph,1,1,1734,08-12-2025 14:22:52,Diverse Power
Randolph,1,1,1734,08-12-2025 14:37:49,Diverse Power
Randolph,1,1,1734,08-12-2025 14:52:53,Diverse Power
Randolph,1,1,1734,08-12-2025 15:07:50,Diverse Power
Randolph,1,1,1734,08-12-2025 15:22:51,Diverse Power
Randolph,1,1,1734,08-12-2025 15:37:52,Diverse Power
Randolph,1,1,1734,08-12-2025 15:52:57,Diverse Power
Randolph,1,1,1734,08-12-2025 16:07:48,Diverse Power
Calhoun,1,1,1376,08-12-2025 17:52:43,Diverse Power
Calhoun,1,1,1376,08-12-2025 18:07:44,Diverse Power
Calhoun,1,1,1376,08-12-2025 18:22:54,Diverse Power
Calhoun,1,1,1376,08-12-2025 18:37:45,Diverse Power
Calhoun,1,1,1376,08-12-2025 18:52:47,Diverse Power
Calhoun,1,1,1376,08-12-2025 19:07:45,Diverse Power
Calhoun,1,1,1376,08-12-2025 19:22:46,Diverse Power
Calhoun,1,1,1376,08-12-2025 19:37:46,Diverse Power
Calhoun,1,1,1376,08-12-2025 19:52:43,Diverse Power
Calhoun,1,1,1376,08-12-2025 20:07:46,Diverse Power
Calhoun,1,1,1376,08-12-2025 20:22:47,Diverse Power
Calhoun,1,1,1376,08-12-2025 20:37:46,Diverse Power
Heard,2,2,482,08-12-2025 21:07:50,Diverse Power
Troup,153,153,17802,08-12-2025 21:07:50,Diverse Power
Heard,2,2,482,08-12-2025 21:22:50,Diverse Power
Troup,182,182,17802,08-12-2025 21:22:50,Diverse Power
Heard,2,2,482,08-12-2025 21:37:50,Diverse Power
Randolph,1,1,1735,08-12-2025 21:37:50,Diverse Power
Troup,182,182,17802,08-12-2025 21:37:50,Diverse Power
Heard,2,2,482,08-12-2025 21:52:53,Diverse Power
Troup,182,182,17802,08-12-2025 21:52:53,Diverse Power
Heard,2,2,482,08-12-2025 22:07:53,Diverse Power
Troup,182,182,17802,08-12-2025 22:07:53,Diverse Power
Heard,2,2,482,08-12-2025 22:22:55,Diverse Power
Troup,182,182,17802,08-12-2025 22:22:55,Diverse Power
Heard,2,2,482,08-12-2025 22:37:59,Diverse Power
Troup,182,182,17802,08-12-2025 22:37:59,Diverse Power
Heard,2,0,482,08-12-2025 22:52:59,Diverse Power
Troup,181,94,17802,08-12-2025 22:52:59,Diverse Power
Heard,2,0,482,08-12-2025 23:07:58,Diverse Power
Troup,181,94,17802,08-12-2025 23:07:58,Diverse Power
Heard,2,0,482,08-12-2025 23:23:00,Diverse Power
Troup,181,94,17802,08-12-2025 23:23:00,Diverse Power
Heard,2,0,482,08-12-2025 23:37:56,Diverse Power
Troup,181,94,17802,08-12-2025 23:37:56,Diverse Power
Heard,2,0,482,08-12-2025 23:52:53,Diverse Power
Troup,181,94,17802,08-12-2025 23:52:53,Diverse Power
Heard,2,0,482,08-13-2025 00:07:56,Diverse Power
Troup,181,94,17802,08-13-2025 00:07:56,Diverse Power
Heard,2,0,482,08-13-2025 00:22:55,Diverse Power
Troup,181,94,17802,08-13-2025 00:22:55,Diverse Power
Heard,2,0,482,08-13-2025 00:37:47,Diverse Power
Troup,181,94,17802,08-13-2025 00:37:47,Diverse Power
Heard,2,0,482,08-13-2025 00:52:46,Diverse Power
Troup,181,94,17802,08-13-2025 00:52:46,Diverse Power
Heard,2,0,482,08-13-2025 01:07:49,Diverse Power
Troup,181,94,17802,08-13-2025 01:07:49,Diverse Power
Heard,2,0,482,08-13-2025 01:22:48,Diverse Power
Troup,181,94,17802,08-13-2025 01:22:48,Diverse Power
Heard,2,0,482,08-13-2025 01:37:48,Diverse Power
Troup,181,94,17802,08-13-2025 01:37:48,Diverse Power
Heard,2,0,482,08-13-2025 01:52:48,Diverse Power
Troup,181,94,17802,08-13-2025 01:52:48,Diverse Power
Heard,2,0,482,08-13-2025 02:07:46,Diverse Power
Troup,181,94,17802,08-13-2025 02:07:46,Diverse Power
Heard,2,0,482,08-13-2025 02:22:46,Diverse Power
Troup,181,94,17802,08-13-2025 02:22:46,Diverse Power
Heard,2,0,482,08-13-2025 02:37:45,Diverse Power
Troup,181,3,17802,08-13-2025 02:37:45,Diverse Power
Troup,3,3,17802,08-13-2025 02:52:44,Diverse Power
Troup,2,2,17802,08-13-2025 03:07:45,Diverse Power
Troup,2,2,17802,08-13-2025 03:22:45,Diverse Power
Troup,2,2,17802,08-13-2025 03:37:44,Diverse Power
Troup,2,2,17802,08-13-2025 03:52:45,Diverse Power
Troup,2,2,17802,08-13-2025 04:07:44,Diverse Power
Calhoun,2,2,1376,08-13-2025 13:22:48,Diverse Power
Meriwether,4,4,2432,08-13-2025 13:22:48,Diverse Power
Calhoun,2,2,1376,08-13-2025 13:37:48,Diverse Power
Meriwether,4,4,2432,08-13-2025 13:37:48,Diverse Power
Calhoun,2,2,1376,08-13-2025 13:52:47,Diverse Power
Meriwether,4,4,2432,08-13-2025 13:52:47,Diverse Power
Calhoun,2,2,1376,08-13-2025 14:07:51,Diverse Power
Meriwether,4,4,2432,08-13-2025 14:07:51,Diverse Power
Troup,1,1,17803,08-13-2025 14:22:49,Diverse Power
Calhoun,2,2,1376,08-13-2025 14:22:49,Diverse Power
Meriwether,4,4,2432,08-13-2025 14:22:49,Diverse Power
Troup,1,1,17803,08-13-2025 14:37:53,Diverse Power
Calhoun,2,2,1376,08-13-2025 14:37:53,Diverse Power
Meriwether,4,4,2432,08-13-2025 14:37:53,Diverse Power
Troup,1,1,17803,08-13-2025 14:52:51,Diverse Power
Calhoun,2,2,1376,08-13-2025 14:52:51,Diverse Power
Meriwether,4,4,2432,08-13-2025 14:52:51,Diverse Power
Troup,1,1,17803,08-13-2025 15:07:56,Diverse Power
Calhoun,2,2,1376,08-13-2025 15:07:56,Diverse Power
Meriwether,4,4,2432,08-13-2025 15:07:56,Diverse Power
Troup,1,1,17803,08-13-2025 15:22:56,Diverse Power
Calhoun,2,2,1376,08-13-2025 15:22:56,Diverse Power
Meriwether,4,4,2432,08-13-2025 15:22:56,Diverse Power
Troup,1,1,17803,08-13-2025 15:37:52,Diverse Power
Calhoun,2,2,1376,08-13-2025 15:37:52,Diverse Power
Meriwether,4,4,2432,08-13-2025 15:37:52,Diverse Power
Troup,1,1,17803,08-13-2025 15:52:51,Diverse Power
Calhoun,2,2,1376,08-13-2025 15:52:51,Diverse Power
Meriwether,4,4,2432,08-13-2025 15:52:51,Diverse Power
Calhoun,111,111,1376,08-13-2025 16:07:54,Diverse Power
Meriwether,4,4,2432,08-13-2025 16:07:54,Diverse Power
Terrell,7,7,7,08-13-2025 16:07:54,Diverse Power
Calhoun,111,111,1376,08-13-2025 16:22:52,Diverse Power
Meriwether,4,4,2432,08-13-2025 16:22:52,Diverse Power
Terrell,7,7,7,08-13-2025 16:22:52,Diverse Power
Calhoun,111,111,1376,08-13-2025 16:37:48,Diverse Power
Meriwether,4,4,2432,08-13-2025 16:37:48,Diverse Power
Terrell,7,7,7,08-13-2025 16:37:48,Diverse Power
Randolph,1,1,1735,08-13-2025 16:52:48,Diverse Power
Calhoun,111,111,1376,08-13-2025 16:52:48,Diverse Power
Meriwether,4,4,2432,08-13-2025 16:52:48,Diverse Power
Terrell,7,7,7,08-13-2025 16:52:48,Diverse Power
Randolph,8,8,1735,08-13-2025 17:07:49,Diverse Power
Calhoun,111,111,1376,08-13-2025 17:07:49,Diverse Power
Meriwether,4,4,2431,08-13-2025 17:07:49,Diverse Power
Terrell,7,7,7,08-13-2025 17:07:49,Diverse Power
Randolph,8,8,1735,08-13-2025 17:22:52,Diverse Power
Calhoun,111,111,1376,08-13-2025 17:22:52,Diverse Power
Meriwether,4,4,2431,08-13-2025 17:22:52,Diverse Power
Terrell,7,7,7,08-13-2025 17:22:52,Diverse Power
Randolph,8,8,1735,08-13-2025 17:37:50,Diverse Power
Calhoun,2,2,1376,08-13-2025 17:37:50,Diverse Power
Meriwether,4,4,2430,08-13-2025 17:37:50,Diverse Power
Randolph,8,8,1735,08-13-2025 17:52:51,Diverse Power
Troup,3,3,17803,08-13-2025 17:52:51,Diverse Power
Calhoun,6,6,1376,08-13-2025 17:52:51,Diverse Power
Meriwether,4,4,2430,08-13-2025 17:52:51,Diverse Power
Troup,3,3,17802,08-13-2025 18:07:49,Diverse Power
Calhoun,6,6,1376,08-13-2025 18:07:49,Diverse Power
Meriwether,4,4,2430,08-13-2025 18:07:49,Diverse Power
Troup,3,3,17802,08-13-2025 18:22:51,Diverse Power
Calhoun,2,2,1376,08-13-2025 18:22:51,Diverse Power
Meriwether,4,4,2429,08-13-2025 18:22:51,Diverse Power
Calhoun,2,2,1376,08-13-2025 18:37:54,Diverse Power
Meriwether,4,4,2429,08-13-2025 18:37:54,Diverse Power
Calhoun,2,2,1376,08-13-2025 18:52:55,Diverse Power
Meriwether,4,4,2429,08-13-2025 18:52:55,Diverse Power
Calhoun,2,2,1376,08-13-2025 19:07:53,Diverse Power
Meriwether,4,4,2429,08-13-2025 19:07:53,Diverse Power
Harris,1,1,8345,08-13-2025 19:07:53,Diverse Power
Calhoun,2,2,1376,08-13-2025 19:22:50,Diverse Power
Meriwether,4,4,2429,08-13-2025 19:22:50,Diverse Power
Harris,2,2,8345,08-13-2025 19:22:50,Diverse Power
Calhoun,2,2,1376,08-13-2025 19:37:49,Diverse Power
Meriwether,4,4,2429,08-13-2025 19:37:49,Diverse Power
Harris,2,2,8345,08-13-2025 19:37:49,Diverse Power
Calhoun,2,2,1376,08-13-2025 19:52:46,Diverse Power
Meriwether,4,4,2429,08-13-2025 19:52:46,Diverse Power
Calhoun,2,2,1376,08-13-2025 20:07:50,Diverse Power
Meriwether,4,4,2429,08-13-2025 20:07:50,Diverse Power
Calhoun,2,2,1376,08-13-2025 20:22:45,Diverse Power
Meriwether,4,4,2429,08-13-2025 20:22:45,Diverse Power
Troup,1,1,17801,08-13-2025 20:37:47,Diverse Power
Calhoun,2,2,1376,08-13-2025 20:37:47,Diverse Power
Meriwether,4,4,2429,08-13-2025 20:37:47,Diverse Power
Calhoun,2,2,1376,08-13-2025 20:52:44,Diverse Power
Meriwether,4,4,2429,08-13-2025 20:52:44,Diverse Power
Randolph,11,11,1735,08-14-2025 03:22:42,Diverse Power
Randolph,11,11,1735,08-14-2025 03:37:43,Diverse Power
Randolph,11,11,1735,08-14-2025 03:52:42,Diverse Power
Randolph,11,11,1735,08-14-2025 04:07:44,Diverse Power
Randolph,11,11,1735,08-14-2025 04:22:44,Diverse Power
Randolph,11,11,1735,08-14-2025 04:37:42,Diverse Power
Troup,36,36,17803,08-14-2025 09:22:45,Diverse Power
Troup,36,36,17803,08-14-2025 09:37:46,Diverse Power
Troup,36,36,17803,08-14-2025 09:52:45,Diverse Power
Troup,36,36,17803,08-14-2025 10:07:44,Diverse Power
Troup,36,36,17803,08-14-2025 10:22:45,Diverse Power
Troup,36,36,17803,08-14-2025 10:37:47,Diverse Power
Troup,36,36,17803,08-14-2025 10:52:44,Diverse Power
Troup,11,11,17803,08-14-2025 11:07:45,Diverse Power
Harris,77,77,8345,08-14-2025 11:07:45,Diverse Power
Troup,39,39,17803,08-14-2025 11:22:43,Diverse Power
Harris,91,91,8345,08-14-2025 11:22:43,Diverse Power
Troup,39,39,17803,08-14-2025 11:37:42,Diverse Power
Harris,91,91,8345,08-14-2025 11:37:42,Diverse Power
Troup,39,39,17803,08-14-2025 11:52:42,Diverse Power
Harris,91,91,8345,08-14-2025 11:52:42,Diverse Power
Troup,39,39,17803,08-14-2025 12:07:44,Diverse Power
Harris,91,91,8345,08-14-2025 12:07:44,Diverse Power
Troup,39,39,17804,08-14-2025 12:22:44,Diverse Power
Harris,91,91,8345,08-14-2025 12:22:44,Diverse Power
Troup,39,39,17804,08-14-2025 12:37:43,Diverse Power
Harris,91,91,8345,08-14-2025 12:37:43,Diverse Power
Troup,40,40,17804,08-14-2025 12:52:42,Diverse Power
Harris,91,91,8346,08-14-2025 12:52:42,Diverse Power
Troup,40,40,17804,08-14-2025 13:07:43,Diverse Power
Harris,91,91,8346,08-14-2025 13:07:43,Diverse Power
Troup,39,39,17804,08-14-2025 13:22:44,Diverse Power
Harris,91,91,8346,08-14-2025 13:22:44,Diverse Power
Troup,42,42,17804,08-14-2025 13:37:45,Diverse Power
Harris,91,91,8346,08-14-2025 13:37:45,Diverse Power
Troup,42,42,17804,08-14-2025 13:52:43,Diverse Power
Harris,91,91,8346,08-14-2025 13:52:43,Diverse Power
Troup,42,42,17804,08-14-2025 14:07:49,Diverse Power
Harris,91,91,8346,08-14-2025 14:07:49,Diverse Power
Troup,42,42,17803,08-14-2025 14:22:47,Diverse Power
Harris,93,93,8346,08-14-2025 14:22:47,Diverse Power
Troup,42,42,17803,08-14-2025 14:37:55,Diverse Power
Harris,93,93,8346,08-14-2025 14:37:55,Diverse Power
Troup,42,42,17803,08-14-2025 14:52:59,Diverse Power
Meriwether,4,4,2431,08-14-2025 14:52:59,Diverse Power
Harris,94,94,8346,08-14-2025 14:52:59,Diverse Power
Troup,42,42,17803,08-14-2025 15:07:56,Diverse Power
Harris,94,94,8346,08-14-2025 15:07:56,Diverse Power
Troup,3,3,17803,08-14-2025 15:22:57,Diverse Power
Harris,4,4,8346,08-14-2025 15:22:57,Diverse Power
Troup,3,3,17803,08-14-2025 15:37:57,Diverse Power
Harris,4,4,8346,08-14-2025 15:37:57,Diverse Power
Troup,3,3,17803,08-14-2025 15:53:00,Diverse Power
Harris,4,4,8346,08-14-2025 15:53:00,Diverse Power
Troup,3,3,17803,08-14-2025 16:07:50,Diverse Power
Harris,1,1,8346,08-14-2025 16:07:50,Diverse Power
Troup,3,3,17803,08-14-2025 16:22:48,Diverse Power
Harris,1,1,8346,08-14-2025 16:22:48,Diverse Power
Troup,3,3,17803,08-14-2025 16:37:50,Diverse Power
Harris,1,1,8346,08-14-2025 16:37:50,Diverse Power
Troup,3,3,17804,08-14-2025 16:52:45,Diverse Power
Harris,1,1,8346,08-14-2025 16:52:45,Diverse Power
Troup,3,3,17804,08-14-2025 17:07:44,Diverse Power
Harris,1,1,8346,08-14-2025 17:07:44,Diverse Power
Troup,3,3,17804,08-14-2025 17:22:52,Diverse Power
Harris,1,1,8346,08-14-2025 17:22:52,Diverse Power
Troup,4,4,17804,08-14-2025 17:37:49,Diverse Power
Harris,1,1,8346,08-14-2025 17:37:49,Diverse Power
Troup,4,4,17804,08-14-2025 17:52:54,Diverse Power
Harris,1,1,8346,08-14-2025 17:52:54,Diverse Power
Troup,4,4,17804,08-14-2025 18:07:56,Diverse Power
Harris,1,1,8346,08-14-2025 18:07:56,Diverse Power
Troup,4,4,17804,08-14-2025 18:22:58,Diverse Power
Harris,1,1,8346,08-14-2025 18:22:58,Diverse Power
Troup,4,4,17804,08-14-2025 18:37:53,Diverse Power
Harris,1,1,8346,08-14-2025 18:37:53,Diverse Power
Troup,3,3,17804,08-14-2025 18:52:55,Diverse Power
Harris,1,1,8346,08-14-2025 18:52:55,Diverse Power
Troup,3,3,17804,08-14-2025 19:07:54,Diverse Power
Harris,1,1,8346,08-14-2025 19:07:54,Diverse Power
Troup,3,3,17804,08-14-2025 19:22:53,Diverse Power
Harris,1,1,8346,08-14-2025 19:22:53,Diverse Power
Troup,3,3,17804,08-14-2025 19:37:53,Diverse Power
Harris,1,1,8346,08-14-2025 19:37:53,Diverse Power
Calhoun,3,3,1376,08-14-2025 19:52:51,Diverse Power
Calhoun,3,3,1376,08-14-2025 20:07:51,Diverse Power
Calhoun,3,3,1376,08-14-2025 20:22:53,Diverse Power
Calhoun,3,3,1376,08-14-2025 20:37:50,Diverse Power
Calhoun,3,3,1376,08-14-2025 20:52:46,Diverse Power
Calhoun,3,3,1376,08-14-2025 21:07:45,Diverse Power
Calhoun,3,3,1376,08-14-2025 21:22:45,Diverse Power
Calhoun,3,3,1376,08-14-2025 21:37:48,Diverse Power
Calhoun,3,3,1376,08-14-2025 21:52:47,Diverse Power
Calhoun,3,3,1376,08-14-2025 22:07:48,Diverse Power
Quitman,1,1,1310,08-14-2025 22:37:50,Diverse Power
Harris,1,1,8346,08-14-2025 22:52:46,Diverse Power
Harris,1,1,8346,08-14-2025 23:07:43,Diverse Power
Harris,1,1,8346,08-14-2025 23:22:42,Diverse Power
Harris,1,1,8346,08-14-2025 23:37:42,Diverse Power
Harris,1,1,8346,08-14-2025 23:52:43,Diverse Power
Harris,1,1,8346,08-15-2025 00:07:42,Diverse Power
Harris,1,1,8346,08-15-2025 00:22:42,Diverse Power
Troup,18,18,17803,08-15-2025 12:52:46,Diverse Power
Troup,18,18,17803,08-15-2025 13:07:49,Diverse Power
Troup,18,18,17803,08-15-2025 13:22:47,Diverse Power
Troup,18,18,17803,08-15-2025 13:37:50,Diverse Power
Troup,18,18,17803,08-15-2025 13:52:54,Diverse Power
Troup,1,1,17803,08-15-2025 14:22:53,Diverse Power
Troup,1,1,17803,08-15-2025 14:37:53,Diverse Power
Troup,1,1,17803,08-15-2025 14:52:53,Diverse Power
Troup,1,1,17803,08-15-2025 15:07:51,Diverse Power
Troup,1,1,17803,08-15-2025 15:22:49,Diverse Power
Troup,2,2,17803,08-15-2025 15:37:50,Diverse Power
Troup,16,16,17803,08-15-2025 16:22:43,Diverse Power
Troup,16,16,17803,08-15-2025 16:37:42,Diverse Power
Troup,16,16,17803,08-15-2025 16:52:45,Diverse Power
Troup,16,16,17803,08-15-2025 17:07:48,Diverse Power
Troup,16,16,17803,08-15-2025 17:22:44,Diverse Power
Troup,16,16,17803,08-15-2025 17:37:47,Diverse Power
Troup,16,16,17803,08-15-2025 17:52:46,Diverse Power
Troup,16,16,17805,08-15-2025 18:07:43,Diverse Power
Troup,16,16,17806,08-15-2025 18:22:46,Diverse Power
Troup,16,16,17805,08-15-2025 18:37:47,Diverse Power
Calhoun,1,1,1377,08-15-2025 20:22:52,Diverse Power
Calhoun,5,5,1377,08-15-2025 20:37:50,Diverse Power
Calhoun,4,4,1377,08-15-2025 20:52:46,Diverse Power
Calhoun,4,4,1377,08-15-2025 21:07:49,Diverse Power
Calhoun,4,4,1377,08-15-2025 21:22:49,Diverse Power
Heard,45,45,482,08-15-2025 21:37:50,Diverse Power
Heard,46,46,482,08-15-2025 21:53:01,Diverse Power
Heard,50,50,482,08-15-2025 22:08:02,Diverse Power
Troup,29,29,17805,08-15-2025 22:08:02,Diverse Power
Heard,50,50,482,08-15-2025 22:23:02,Diverse Power
Troup,55,55,17805,08-15-2025 22:23:02,Diverse Power
Heard,50,50,482,08-15-2025 22:38:05,Diverse Power
Troup,55,55,17805,08-15-2025 22:38:05,Diverse Power
Heard,50,50,482,08-15-2025 22:53:00,Diverse Power
Troup,55,55,17805,08-15-2025 22:53:00,Diverse Power
Heard,50,1,482,08-15-2025 23:08:02,Diverse Power
Troup,55,55,17805,08-15-2025 23:08:02,Diverse Power
Heard,1,1,482,08-15-2025 23:23:03,Diverse Power
Troup,55,55,17805,08-15-2025 23:23:03,Diverse Power
Troup,55,55,17805,08-15-2025 23:38:05,Diverse Power
Troup,55,55,17805,08-15-2025 23:53:13,Diverse Power
Troup,2,2,17805,08-16-2025 00:08:13,Diverse Power
Troup,2,2,17805,08-16-2025 00:23:10,Diverse Power
Troup,2,2,17805,08-16-2025 00:38:08,Diverse Power
Troup,2,2,17805,08-16-2025 00:53:07,Diverse Power
Troup,2,2,17805,08-16-2025 01:08:05,Diverse Power
Troup,2,2,17805,08-16-2025 01:23:02,Diverse Power
Troup,2,2,17805,08-16-2025 01:38:02,Diverse Power
Troup,2,2,17805,08-16-2025 01:53:02,Diverse Power
Troup,2,2,17805,08-16-2025 02:08:02,Diverse Power
Heard,3,3,482,08-16-2025 03:22:54,Diverse Power
Heard,3,3,482,08-16-2025 03:37:49,Diverse Power
Heard,3,3,482,08-16-2025 03:52:50,Diverse Power
Heard,3,3,482,08-16-2025 04:07:49,Diverse Power
Heard,3,3,482,08-16-2025 04:22:48,Diverse Power
Heard,3,3,482,08-16-2025 04:37:50,Diverse Power
Heard,3,3,482,08-16-2025 04:52:42,Diverse Power
Heard,3,3,482,08-16-2025 05:07:42,Diverse Power
Heard,3,3,482,08-16-2025 05:22:43,Diverse Power
Heard,3,3,482,08-16-2025 05:37:42,Diverse Power
Heard,3,3,482,08-16-2025 05:52:42,Diverse Power
Heard,3,3,482,08-16-2025 06:07:42,Diverse Power
Harris,13,13,8347,08-16-2025 18:22:47,Diverse Power
Harris,13,13,8347,08-16-2025 18:37:47,Diverse Power
Harris,13,13,8347,08-16-2025 18:52:47,Diverse Power
Harris,13,13,8347,08-16-2025 19:07:47,Diverse Power
Clay,1,1,977,08-16-2025 19:22:48,Diverse Power
Harris,13,13,8347,08-16-2025 19:22:48,Diverse Power
Clay,1,1,977,08-16-2025 19:37:46,Diverse Power
Harris,13,13,8347,08-16-2025 19:37:46,Diverse Power
Clay,1,1,977,08-16-2025 19:52:46,Diverse Power
Harris,13,13,8347,08-16-2025 19:52:46,Diverse Power
Clay,1,1,977,08-16-2025 20:07:45,Diverse Power
Muscogee,1,1,2741,08-16-2025 22:22:47,Diverse Power
Muscogee,1,1,2741,08-16-2025 22:37:48,Diverse Power
Muscogee,1,1,2741,08-16-2025 22:52:50,Diverse Power
Muscogee,1,1,2741,08-16-2025 23:07:47,Diverse Power
Quitman,2,2,1311,08-16-2025 23:22:48,Diverse Power
Muscogee,1,1,2741,08-16-2025 23:22:48,Diverse Power
Quitman,2,2,1311,08-16-2025 23:37:48,Diverse Power
Muscogee,1,1,2741,08-16-2025 23:37:48,Diverse Power
Quitman,1,1,1311,08-16-2025 23:52:46,Diverse Power
Quitman,1,1,1311,08-17-2025 00:07:47,Diverse Power
Quitman,1,1,1311,08-17-2025 00:22:47,Diverse Power
Quitman,1,1,1311,08-17-2025 00:37:46,Diverse Power
Quitman,1,1,1311,08-17-2025 00:52:46,Diverse Power
Quitman,1,1,1311,08-17-2025 01:07:44,Diverse Power
Quitman,1,1,1311,08-17-2025 01:22:42,Diverse Power
Quitman,1,1,1311,08-17-2025 01:37:39,Diverse Power
Quitman,1,1,1311,08-17-2025 01:52:42,Diverse Power
Heard,2,2,482,08-17-2025 02:07:42,Diverse Power
Quitman,1,1,1311,08-17-2025 02:07:42,Diverse Power
Troup,53,53,17805,08-17-2025 02:07:42,Diverse Power
Heard,2,2,482,08-17-2025 02:22:41,Diverse Power
Quitman,1,1,1311,08-17-2025 02:22:41,Diverse Power
Troup,10,10,17805,08-17-2025 02:22:41,Diverse Power
Heard,2,2,482,08-17-2025 02:37:43,Diverse Power
Quitman,1,1,1311,08-17-2025 02:37:43,Diverse Power
Troup,10,10,17805,08-17-2025 02:37:43,Diverse Power
Heard,2,2,482,08-17-2025 02:52:42,Diverse Power
Quitman,1,1,1311,08-17-2025 02:52:42,Diverse Power
Troup,10,10,17805,08-17-2025 02:52:42,Diverse Power
Heard,2,2,482,08-17-2025 03:07:42,Diverse Power
Quitman,1,1,1311,08-17-2025 03:07:42,Diverse Power
Troup,10,10,17805,08-17-2025 03:07:42,Diverse Power
Heard,2,2,482,08-17-2025 03:22:42,Diverse Power
Quitman,1,1,1311,08-17-2025 03:22:42,Diverse Power
Troup,10,10,17805,08-17-2025 03:22:42,Diverse Power
Heard,2,2,482,08-17-2025 03:37:43,Diverse Power
Quitman,1,1,1311,08-17-2025 03:37:43,Diverse Power
Troup,10,10,17805,08-17-2025 03:37:43,Diverse Power
Heard,2,2,482,08-17-2025 03:52:42,Diverse Power
Quitman,1,1,1311,08-17-2025 03:52:42,Diverse Power
Troup,10,10,17805,08-17-2025 03:52:42,Diverse Power
Troup,1,1,17805,08-17-2025 04:07:43,Diverse Power
Troup,1,1,17805,08-17-2025 04:22:43,Diverse Power
Troup,1,1,17805,08-17-2025 04:37:42,Diverse Power
Troup,1,1,17805,08-17-2025 04:52:41,Diverse Power
Troup,1,0,17805,08-17-2025 05:07:45,Diverse Power
Heard,1,1,482,08-17-2025 12:37:41,Diverse Power
Heard,1,1,482,08-17-2025 12:52:42,Diverse Power
Heard,1,1,482,08-17-2025 13:07:41,Diverse Power
Heard,1,1,482,08-17-2025 13:22:44,Diverse Power
Heard,1,1,482,08-17-2025 13:37:43,Diverse Power
Heard,1,1,482,08-17-2025 13:52:43,Diverse Power
Heard,2,2,482,08-17-2025 14:07:42,Diverse Power
Heard,2,2,482,08-17-2025 14:22:41,Diverse Power
Heard,2,2,482,08-17-2025 14:37:41,Diverse Power
Troup,1,1,17805,08-17-2025 20:52:53,Diverse Power
Troup,1,1,17805,08-17-2025 21:07:56,Diverse Power
Harris,4,4,8347,08-17-2025 22:52:55,Diverse Power
Harris,4,4,8347,08-17-2025 23:07:54,Diverse Power
Harris,4,4,8347,08-17-2025 23:22:54,Diverse Power
Harris,4,4,8347,08-17-2025 23:37:51,Diverse Power
Harris,4,4,8347,08-17-2025 23:52:52,Diverse Power
Harris,4,4,8347,08-18-2025 00:07:50,Diverse Power
Harris,2,2,8347,08-18-2025 09:52:45,Diverse Power
Harris,2,2,8347,08-18-2025 10:07:44,Diverse Power
Harris,2,2,8347,08-18-2025 10:22:42,Diverse Power
Harris,2,2,8347,08-18-2025 10:37:42,Diverse Power
Harris,2,2,8347,08-18-2025 10:52:42,Diverse Power
Harris,2,2,8347,08-18-2025 11:07:44,Diverse Power
Harris,2,2,8347,08-18-2025 11:22:42,Diverse Power
Harris,2,2,8347,08-18-2025 11:37:41,Diverse Power
Troup,5,5,17805,08-18-2025 12:22:41,Diverse Power
Troup,5,5,17805,08-18-2025 12:37:40,Diverse Power
Troup,5,5,17805,08-18-2025 12:52:40,Diverse Power
Troup,5,5,17805,08-18-2025 13:07:40,Diverse Power
Quitman,30,30,1312,08-18-2025 13:22:46,Diverse Power
Troup,39,39,17805,08-18-2025 13:22:46,Diverse Power
Quitman,30,30,1312,08-18-2025 13:37:46,Diverse Power
Troup,39,39,17805,08-18-2025 13:37:46,Diverse Power
Quitman,30,30,1312,08-18-2025 13:52:48,Diverse Power
Troup,5,5,17805,08-18-2025 13:52:48,Diverse Power
Quitman,30,30,1312,08-18-2025 14:07:51,Diverse Power
Troup,5,5,17805,08-18-2025 14:07:51,Diverse Power
Quitman,30,30,1312,08-18-2025 14:22:42,Diverse Power
Troup,5,5,17806,08-18-2025 14:22:42,Diverse Power
Quitman,30,30,1312,08-18-2025 14:37:42,Diverse Power
Troup,5,5,17806,08-18-2025 14:37:42,Diverse Power
Quitman,30,30,1312,08-18-2025 14:52:54,Diverse Power
Troup,5,5,17806,08-18-2025 14:52:54,Diverse Power
Quitman,30,30,1312,08-18-2025 15:07:50,Diverse Power
Troup,5,5,17806,08-18-2025 15:07:50,Diverse Power
Quitman,30,30,1312,08-18-2025 15:22:49,Diverse Power
Troup,5,5,17806,08-18-2025 15:22:49,Diverse Power
Quitman,30,30,1312,08-18-2025 15:37:48,Diverse Power
Troup,5,5,17806,08-18-2025 15:37:48,Diverse Power
Quitman,30,30,1312,08-18-2025 15:52:48,Diverse Power
Troup,5,5,17807,08-18-2025 15:52:48,Diverse Power
Quitman,30,30,1312,08-18-2025 16:07:53,Diverse Power
Troup,5,5,17807,08-18-2025 16:07:53,Diverse Power
Quitman,30,30,1312,08-18-2025 16:22:52,Diverse Power
Troup,5,5,17807,08-18-2025 16:22:52,Diverse Power
Quitman,30,30,1312,08-18-2025 16:37:54,Diverse Power
Troup,5,5,17807,08-18-2025 16:37:54,Diverse Power
Quitman,30,30,1312,08-18-2025 16:52:53,Diverse Power
Troup,5,5,17807,08-18-2025 16:52:53,Diverse Power
Quitman,30,30,1312,08-18-2025 17:07:53,Diverse Power
Troup,5,5,17807,08-18-2025 17:07:53,Diverse Power
Quitman,30,30,1312,08-18-2025 17:22:50,Diverse Power
Troup,5,5,17807,08-18-2025 17:22:50,Diverse Power
Quitman,30,30,1312,08-18-2025 17:37:55,Diverse Power
Troup,5,5,17807,08-18-2025 17:37:55,Diverse Power
Quitman,30,30,1312,08-18-2025 17:52:57,Diverse Power
Troup,5,5,17807,08-18-2025 17:52:57,Diverse Power
Quitman,30,30,1313,08-18-2025 18:07:55,Diverse Power
Troup,5,5,17807,08-18-2025 18:07:55,Diverse Power
Quitman,30,30,1313,08-18-2025 18:22:51,Diverse Power
Troup,5,5,17807,08-18-2025 18:22:51,Diverse Power
Quitman,30,30,1313,08-18-2025 18:37:48,Diverse Power
Troup,5,5,17807,08-18-2025 18:37:48,Diverse Power
Quitman,30,30,1313,08-18-2025 18:52:48,Diverse Power
Troup,5,5,17807,08-18-2025 18:52:48,Diverse Power
Quitman,30,30,1313,08-18-2025 19:07:48,Diverse Power
Troup,5,5,17807,08-18-2025 19:07:48,Diverse Power
Quitman,30,30,1313,08-18-2025 19:22:52,Diverse Power
Troup,5,5,17807,08-18-2025 19:22:52,Diverse Power
Quitman,30,30,1313,08-18-2025 19:37:51,Diverse Power
Troup,5,5,17807,08-18-2025 19:37:51,Diverse Power
Quitman,30,30,1313,08-18-2025 19:52:51,Diverse Power
Troup,5,5,17807,08-18-2025 19:52:51,Diverse Power
Quitman,30,11,1313,08-18-2025 20:07:45,Diverse Power
Troup,5,5,17807,08-18-2025 20:07:45,Diverse Power
Quitman,30,11,1313,08-18-2025 20:22:52,Diverse Power
Quitman,30,11,1313,08-18-2025 20:37:52,Diverse Power
Quitman,30,11,1313,08-18-2025 20:52:54,Diverse Power
Quitman,30,11,1313,08-18-2025 21:07:51,Diverse Power
Quitman,30,11,1313,08-18-2025 21:22:53,Diverse Power
Quitman,30,11,1313,08-18-2025 21:37:47,Diverse Power
Quitman,30,11,1313,08-18-2025 21:52:48,Diverse Power
Troup,8,8,17807,08-18-2025 21:52:48,Diverse Power
Harris,338,338,8346,08-18-2025 21:52:48,Diverse Power
Troup,8,8,17807,08-18-2025 22:07:49,Diverse Power
Harris,338,338,8346,08-18-2025 22:07:49,Diverse Power
Troup,8,8,17807,08-18-2025 22:22:48,Diverse Power
Harris,338,338,8346,08-18-2025 22:22:48,Diverse Power
Troup,8,8,17807,08-18-2025 22:37:49,Diverse Power
Harris,338,338,8346,08-18-2025 22:37:49,Diverse Power
Troup,8,8,17807,08-18-2025 22:52:51,Diverse Power
Harris,338,338,8346,08-18-2025 22:52:51,Diverse Power
Troup,8,8,17807,08-18-2025 23:07:48,Diverse Power
Harris,338,338,8346,08-18-2025 23:07:48,Diverse Power
Troup,8,8,17807,08-18-2025 23:22:51,Diverse Power
Harris,338,338,8346,08-18-2025 23:22:51,Diverse Power
Troup,8,8,17807,08-18-2025 23:37:49,Diverse Power
Harris,338,338,8346,08-18-2025 23:37:49,Diverse Power
Troup,8,8,17807,08-18-2025 23:52:48,Diverse Power
Harris,338,338,8346,08-18-2025 23:52:48,Diverse Power
Troup,8,8,17807,08-19-2025 00:07:46,Diverse Power
Harris,338,338,8346,08-19-2025 00:07:46,Diverse Power
Troup,8,0,17807,08-19-2025 00:22:45,Diverse Power
Harris,338,0,8346,08-19-2025 00:22:45,Diverse Power
Troup,8,0,17807,08-19-2025 00:37:46,Diverse Power
Harris,338,0,8346,08-19-2025 00:37:46,Diverse Power
Troup,8,0,17807,08-19-2025 00:52:47,Diverse Power
Harris,338,0,8346,08-19-2025 00:52:47,Diverse Power
Troup,8,0,17807,08-19-2025 01:07:47,Diverse Power
Harris,338,0,8346,08-19-2025 01:07:47,Diverse Power
Troup,8,0,17807,08-19-2025 01:22:47,Diverse Power
Harris,338,0,8346,08-19-2025 01:22:47,Diverse Power
Troup,8,0,17807,08-19-2025 01:37:51,Diverse Power
Harris,338,0,8346,08-19-2025 01:37:51,Diverse Power
Troup,8,0,17807,08-19-2025 01:52:49,Diverse Power
Harris,338,0,8347,08-19-2025 01:52:49,Diverse Power
Troup,8,0,17807,08-19-2025 02:07:49,Diverse Power
Harris,338,0,8347,08-19-2025 02:07:49,Diverse Power
Troup,8,0,17807,08-19-2025 02:22:48,Diverse Power
Harris,338,0,8347,08-19-2025 02:22:48,Diverse Power
Troup,8,0,17807,08-19-2025 02:37:45,Diverse Power
Harris,338,0,8347,08-19-2025 02:37:45,Diverse Power
Troup,8,0,17807,08-19-2025 02:52:46,Diverse Power
Harris,338,0,8347,08-19-2025 02:52:46,Diverse Power
Troup,8,0,17807,08-19-2025 03:07:46,Diverse Power
Harris,338,0,8347,08-19-2025 03:07:46,Diverse Power
Troup,8,0,17807,08-19-2025 03:22:44,Diverse Power
Harris,338,0,8347,08-19-2025 03:22:44,Diverse Power
Troup,8,0,17807,08-19-2025 03:37:44,Diverse Power
Harris,338,0,8347,08-19-2025 03:37:44,Diverse Power
Troup,8,0,17807,08-19-2025 03:52:42,Diverse Power
Harris,338,0,8347,08-19-2025 03:52:42,Diverse Power
Troup,8,0,17807,08-19-2025 04:07:43,Diverse Power
Harris,338,0,8347,08-19-2025 04:07:43,Diverse Power
Troup,8,0,17807,08-19-2025 04:22:39,Diverse Power
Harris,338,0,8347,08-19-2025 04:22:39,Diverse Power
Troup,8,0,17807,08-19-2025 04:37:42,Diverse Power
Harris,338,0,8347,08-19-2025 04:37:42,Diverse Power
Troup,8,0,17807,08-19-2025 04:52:40,Diverse Power
Harris,338,0,8347,08-19-2025 04:52:40,Diverse Power
Troup,8,0,17807,08-19-2025 05:07:39,Diverse Power
Harris,338,0,8347,08-19-2025 05:07:39,Diverse Power
Troup,8,0,17807,08-19-2025 05:22:40,Diverse Power
Harris,338,0,8347,08-19-2025 05:22:40,Diverse Power
Troup,8,0,17807,08-19-2025 05:37:40,Diverse Power
Harris,338,0,8347,08-19-2025 05:37:40,Diverse Power
Troup,8,0,17807,08-19-2025 05:52:40,Diverse Power
Harris,338,0,8347,08-19-2025 05:52:40,Diverse Power
Troup,8,0,17807,08-19-2025 06:07:40,Diverse Power
Harris,338,0,8347,08-19-2025 06:07:40,Diverse Power
Troup,8,0,17807,08-19-2025 06:22:40,Diverse Power
Harris,338,0,8347,08-19-2025 06:22:40,Diverse Power
Troup,12,4,17807,08-19-2025 06:37:41,Diverse Power
Harris,338,0,8347,08-19-2025 06:37:41,Diverse Power
Troup,8,0,17807,08-19-2025 06:52:39,Diverse Power
Harris,338,0,8347,08-19-2025 06:52:39,Diverse Power
Troup,8,0,17807,08-19-2025 07:07:44,Diverse Power
Harris,338,0,8347,08-19-2025 07:07:44,Diverse Power
Troup,8,0,17807,08-19-2025 07:22:45,Diverse Power
Harris,338,0,8347,08-19-2025 07:22:45,Diverse Power
Troup,8,0,17807,08-19-2025 07:37:47,Diverse Power
Harris,338,0,8347,08-19-2025 07:37:47,Diverse Power
Troup,8,0,17807,08-19-2025 07:52:46,Diverse Power
Harris,338,0,8347,08-19-2025 07:52:46,Diverse Power
Troup,8,0,17807,08-19-2025 08:07:44,Diverse Power
Harris,338,0,8347,08-19-2025 08:07:44,Diverse Power
Troup,8,0,17807,08-19-2025 08:22:45,Diverse Power
Harris,338,0,8347,08-19-2025 08:22:45,Diverse Power
Troup,8,0,17807,08-19-2025 08:37:46,Diverse Power
Harris,338,0,8347,08-19-2025 08:37:46,Diverse Power
Troup,8,0,17807,08-19-2025 08:52:44,Diverse Power
Harris,338,0,8347,08-19-2025 08:52:44,Diverse Power
Troup,8,0,17807,08-19-2025 09:07:46,Diverse Power
Harris,338,0,8347,08-19-2025 09:07:46,Diverse Power
Troup,8,0,17807,08-19-2025 09:22:47,Diverse Power
Harris,338,0,8347,08-19-2025 09:22:47,Diverse Power
Troup,8,0,17807,08-19-2025 09:37:47,Diverse Power
Harris,338,0,8347,08-19-2025 09:37:47,Diverse Power
Troup,8,0,17807,08-19-2025 09:52:43,Diverse Power
Harris,338,0,8347,08-19-2025 09:52:43,Diverse Power
Troup,8,0,17807,08-19-2025 10:07:42,Diverse Power
Harris,338,0,8347,08-19-2025 10:07:42,Diverse Power
Troup,8,0,17807,08-19-2025 10:22:42,Diverse Power
Harris,338,0,8347,08-19-2025 10:22:42,Diverse Power
Troup,8,0,17807,08-19-2025 10:37:43,Diverse Power
Harris,338,0,8347,08-19-2025 10:37:43,Diverse Power
Troup,8,0,17807,08-19-2025 10:52:42,Diverse Power
Harris,338,0,8347,08-19-2025 10:52:42,Diverse Power
Troup,8,0,17807,08-19-2025 11:07:42,Diverse Power
Harris,338,0,8347,08-19-2025 11:07:42,Diverse Power
Troup,8,0,17807,08-19-2025 11:22:42,Diverse Power
Harris,338,0,8347,08-19-2025 11:22:42,Diverse Power
Troup,8,0,17807,08-19-2025 11:37:43,Diverse Power
Harris,364,26,8347,08-19-2025 11:37:43,Diverse Power
Troup,9,1,17807,08-19-2025 11:52:43,Diverse Power
Harris,364,26,8347,08-19-2025 11:52:43,Diverse Power
Troup,9,1,17807,08-19-2025 12:07:44,Diverse Power
Harris,364,26,8347,08-19-2025 12:07:44,Diverse Power
Troup,1,1,17807,08-19-2025 12:22:43,Diverse Power
Harris,26,26,8347,08-19-2025 12:22:43,Diverse Power
Troup,1,1,17807,08-19-2025 12:37:44,Diverse Power
Muscogee,1,1,2740,08-19-2025 12:37:44,Diverse Power
Harris,26,26,8347,08-19-2025 12:37:44,Diverse Power
Troup,1,1,17807,08-19-2025 12:52:43,Diverse Power
Muscogee,1,1,2740,08-19-2025 12:52:43,Diverse Power
Harris,26,26,8347,08-19-2025 12:52:43,Diverse Power
Troup,1,1,17807,08-19-2025 13:07:48,Diverse Power
Muscogee,1,1,2740,08-19-2025 13:07:48,Diverse Power
Harris,26,26,8347,08-19-2025 13:07:48,Diverse Power
Troup,1,1,17807,08-19-2025 13:22:49,Diverse Power
Harris,1,1,8347,08-19-2025 13:22:49,Diverse Power
Troup,1,1,17807,08-19-2025 13:37:51,Diverse Power
Harris,1,1,8347,08-19-2025 13:37:51,Diverse Power
Troup,1,1,17807,08-19-2025 13:52:47,Diverse Power
Harris,1,1,8347,08-19-2025 13:52:47,Diverse Power
Harris,1,1,8347,08-19-2025 14:07:50,Diverse Power
Harris,1,1,8347,08-19-2025 14:22:48,Diverse Power
Harris,1,1,8347,08-19-2025 14:37:51,Diverse Power
Calhoun,4,4,1378,08-19-2025 18:07:44,Diverse Power
Calhoun,4,4,1378,08-19-2025 18:22:45,Diverse Power
Calhoun,4,4,1378,08-19-2025 18:37:45,Diverse Power
Harris,2,2,8347,08-19-2025 21:37:43,Diverse Power
Troup,1,1,17808,08-19-2025 22:07:46,Diverse Power
Troup,54,54,17810,08-19-2025 22:22:49,Diverse Power
Meriwether,25,25,2428,08-19-2025 22:22:49,Diverse Power
Troup,55,55,17810,08-19-2025 22:37:47,Diverse Power
Meriwether,25,25,2428,08-19-2025 22:37:47,Diverse Power
Heard,13,13,482,08-19-2025 22:52:47,Diverse Power
Troup,81,81,17810,08-19-2025 22:52:47,Diverse Power
Meriwether,25,25,2428,08-19-2025 22:52:47,Diverse Power
Heard,4,4,482,08-19-2025 23:07:47,Diverse Power
Troup,82,82,17810,08-19-2025 23:07:47,Diverse Power
Meriwether,25,25,2428,08-19-2025 23:07:47,Diverse Power
Heard,4,4,482,08-19-2025 23:22:51,Diverse Power
Troup,68,68,17810,08-19-2025 23:22:51,Diverse Power
Meriwether,25,25,2428,08-19-2025 23:22:51,Diverse Power
Harris,20,20,8347,08-19-2025 23:22:51,Diverse Power
Heard,4,4,482,08-19-2025 23:37:45,Diverse Power
Troup,68,68,17810,08-19-2025 23:37:45,Diverse Power
Meriwether,25,25,2428,08-19-2025 23:37:45,Diverse Power
Harris,20,20,8347,08-19-2025 23:37:45,Diverse Power
Heard,4,4,482,08-19-2025 23:52:47,Diverse Power
Troup,68,68,17810,08-19-2025 23:52:47,Diverse Power
Meriwether,25,25,2428,08-19-2025 23:52:47,Diverse Power
Harris,20,20,8347,08-19-2025 23:52:47,Diverse Power
Heard,4,4,482,08-20-2025 00:07:49,Diverse Power
Troup,67,67,17810,08-20-2025 00:07:49,Diverse Power
Meriwether,25,25,2428,08-20-2025 00:07:49,Diverse Power
Harris,20,20,8347,08-20-2025 00:07:49,Diverse Power
Heard,4,4,482,08-20-2025 00:22:48,Diverse Power
Troup,39,39,17810,08-20-2025 00:22:48,Diverse Power
Meriwether,25,25,2428,08-20-2025 00:22:48,Diverse Power
Harris,20,20,8347,08-20-2025 00:22:48,Diverse Power
Heard,4,4,482,08-20-2025 00:37:47,Diverse Power
Troup,39,39,17810,08-20-2025 00:37:47,Diverse Power
Meriwether,25,25,2428,08-20-2025 00:37:47,Diverse Power
Harris,20,20,8347,08-20-2025 00:37:47,Diverse Power
Heard,1,1,482,08-20-2025 00:52:42,Diverse Power
Troup,1,1,17810,08-20-2025 00:52:42,Diverse Power
Meriwether,25,25,2428,08-20-2025 00:52:42,Diverse Power
Harris,20,20,8347,08-20-2025 00:52:42,Diverse Power
Troup,3,3,17810,08-20-2025 01:07:39,Diverse Power
Meriwether,25,25,2428,08-20-2025 01:07:39,Diverse Power
Troup,3,3,17810,08-20-2025 01:22:39,Diverse Power
Meriwether,25,25,2428,08-20-2025 01:22:39,Diverse Power
Troup,3,3,17810,08-20-2025 01:37:40,Diverse Power
Meriwether,25,25,2428,08-20-2025 01:37:40,Diverse Power
Troup,3,3,17810,08-20-2025 01:52:40,Diverse Power
Meriwether,25,25,2428,08-20-2025 01:52:40,Diverse Power
Troup,3,3,17810,08-20-2025 02:07:42,Diverse Power
Meriwether,25,25,2428,08-20-2025 02:07:42,Diverse Power
Meriwether,1,1,2428,08-20-2025 04:07:47,Diverse Power
Meriwether,1,1,2428,08-20-2025 04:22:47,Diverse Power
Meriwether,1,1,2428,08-20-2025 04:37:42,Diverse Power
Meriwether,2,2,2428,08-20-2025 08:22:43,Diverse Power
Meriwether,2,2,2428,08-20-2025 08:37:47,Diverse Power
Meriwether,2,2,2428,08-20-2025 08:52:46,Diverse Power
Meriwether,2,2,2428,08-20-2025 09:07:44,Diverse Power
Meriwether,2,2,2428,08-20-2025 09:22:46,Diverse Power
Meriwether,2,2,2428,08-20-2025 09:37:45,Diverse Power
Harris,2,2,8347,08-20-2025 10:52:42,Diverse Power
Meriwether,2,2,2428,08-20-2025 14:52:43,Diverse Power
Troup,3,3,17810,08-20-2025 15:07:44,Diverse Power
Meriwether,2,2,2428,08-20-2025 15:07:44,Diverse Power
Troup,3,3,17810,08-20-2025 15:22:47,Diverse Power
Meriwether,2,2,2428,08-20-2025 15:22:47,Diverse Power
Troup,3,3,17810,08-20-2025 15:37:48,Diverse Power
Meriwether,2,2,2428,08-20-2025 15:37:48,Diverse Power
Troup,3,3,17810,08-20-2025 15:52:49,Diverse Power
Meriwether,2,2,2428,08-20-2025 15:52:49,Diverse Power
Troup,3,3,17810,08-20-2025 16:07:49,Diverse Power
Meriwether,2,2,2428,08-20-2025 16:07:49,Diverse Power
Troup,3,3,17809,08-20-2025 16:22:50,Diverse Power
Meriwether,2,2,2428,08-20-2025 16:22:50,Diverse Power
Troup,3,3,17809,08-20-2025 16:37:50,Diverse Power
Meriwether,2,2,2428,08-20-2025 16:37:50,Diverse Power
Troup,3,3,17809,08-20-2025 16:52:47,Diverse Power
Meriwether,2,2,2428,08-20-2025 16:52:47,Diverse Power
Troup,3,3,17809,08-20-2025 17:07:48,Diverse Power
Meriwether,2,2,2428,08-20-2025 17:07:48,Diverse Power
Troup,3,3,17809,08-20-2025 17:22:43,Diverse Power
Meriwether,2,2,2428,08-20-2025 17:22:43,Diverse Power
Troup,3,3,17809,08-20-2025 17:37:42,Diverse Power
Meriwether,2,2,2428,08-20-2025 17:37:42,Diverse Power
Troup,3,3,17809,08-20-2025 17:52:45,Diverse Power
Meriwether,2,2,2428,08-20-2025 17:52:45,Diverse Power
Troup,3,3,17809,08-20-2025 18:07:44,Diverse Power
Meriwether,2,2,2428,08-20-2025 18:07:44,Diverse Power
Troup,3,3,17809,08-20-2025 18:22:44,Diverse Power
Meriwether,2,2,2428,08-20-2025 18:22:44,Diverse Power
Troup,3,3,17809,08-20-2025 18:37:45,Diverse Power
Meriwether,2,2,2428,08-20-2025 18:37:45,Diverse Power
Troup,3,3,17809,08-20-2025 18:52:45,Diverse Power
Meriwether,2,2,2428,08-20-2025 18:52:45,Diverse Power
Troup,3,3,17809,08-20-2025 19:07:44,Diverse Power
Meriwether,2,2,2428,08-20-2025 19:07:44,Diverse Power
Troup,3,3,17809,08-20-2025 19:22:46,Diverse Power
Meriwether,2,2,2428,08-20-2025 19:22:46,Diverse Power
Clay,2,2,981,08-20-2025 22:07:55,Diverse Power
Clay,2,2,981,08-20-2025 22:22:46,Diverse Power
Clay,2,2,981,08-20-2025 22:37:54,Diverse Power
Clay,2,2,981,08-20-2025 22:52:52,Diverse Power
Clay,2,2,981,08-20-2025 23:07:53,Diverse Power
Quitman,597,3,1313,08-21-2025 12:07:47,Diverse Power
Randolph,19,0,1738,08-21-2025 12:07:47,Diverse Power
Quitman,3,3,1313,08-21-2025 12:22:46,Diverse Power
Quitman,3,3,1313,08-21-2025 12:37:45,Diverse Power
Quitman,3,3,1313,08-21-2025 12:52:42,Diverse Power
Quitman,3,3,1313,08-21-2025 13:07:48,Diverse Power
Quitman,3,3,1313,08-21-2025 13:22:45,Diverse Power
Quitman,3,3,1313,08-21-2025 13:37:46,Diverse Power
Quitman,3,3,1313,08-21-2025 13:52:47,Diverse Power
Quitman,3,3,1313,08-21-2025 14:07:52,Diverse Power
Quitman,3,3,1313,08-21-2025 14:22:50,Diverse Power
Quitman,3,3,1313,08-21-2025 14:37:53,Diverse Power
Quitman,3,3,1313,08-21-2025 14:52:53,Diverse Power
Quitman,3,3,1313,08-21-2025 15:07:50,Diverse Power
Quitman,3,3,1313,08-21-2025 15:22:47,Diverse Power
Quitman,3,3,1313,08-21-2025 15:37:48,Diverse Power
Quitman,3,3,1313,08-21-2025 15:52:46,Diverse Power
Quitman,3,3,1313,08-21-2025 16:07:56,Diverse Power
Quitman,3,3,1313,08-21-2025 16:22:49,Diverse Power
Quitman,3,3,1313,08-21-2025 16:37:50,Diverse Power
Quitman,3,3,1313,08-21-2025 16:52:48,Diverse Power
Heard,1,1,482,08-21-2025 17:07:52,Diverse Power
Quitman,3,3,1313,08-21-2025 17:07:52,Diverse Power
Heard,1,1,482,08-21-2025 17:22:51,Diverse Power
Quitman,3,3,1313,08-21-2025 17:22:51,Diverse Power
Heard,1,1,482,08-21-2025 17:37:48,Diverse Power
Quitman,3,3,1313,08-21-2025 17:37:48,Diverse Power
Quitman,3,3,1313,08-21-2025 17:52:50,Diverse Power
Quitman,3,3,1313,08-21-2025 18:07:49,Diverse Power
Quitman,3,3,1313,08-21-2025 18:22:49,Diverse Power
Quitman,3,3,1313,08-21-2025 18:37:49,Diverse Power
Quitman,3,3,1313,08-21-2025 18:52:53,Diverse Power
Quitman,3,3,1313,08-21-2025 19:07:51,Diverse Power
Quitman,3,3,1313,08-21-2025 19:22:50,Diverse Power
Quitman,3,3,1313,08-21-2025 19:37:49,Diverse Power
Quitman,3,3,1313,08-21-2025 19:52:55,Diverse Power
Quitman,3,3,1313,08-21-2025 20:07:58,Diverse Power
Quitman,3,3,1313,08-21-2025 20:22:59,Diverse Power
Quitman,3,3,1313,08-21-2025 20:38:03,Diverse Power
Quitman,3,3,1313,08-21-2025 20:55:47,Diverse Power
Quitman,3,3,1313,08-21-2025 21:07:49,Diverse Power
Quitman,3,3,1313,08-21-2025 21:22:50,Diverse Power
Quitman,3,3,1313,08-21-2025 21:37:51,Diverse Power
Troup,1,1,17810,08-22-2025 01:22:48,Diverse Power
Troup,1,1,17810,08-22-2025 01:37:44,Diverse Power
Troup,1,1,17810,08-22-2025 01:52:43,Diverse Power
Troup,1,1,17810,08-22-2025 02:07:42,Diverse Power
Troup,1,1,17810,08-22-2025 02:22:42,Diverse Power
Troup,1,1,17810,08-22-2025 02:37:42,Diverse Power
Meriwether,2,2,2428,08-22-2025 14:52:50,Diverse Power
Meriwether,2,2,2428,08-22-2025 15:07:47,Diverse Power
Meriwether,2,2,2428,08-22-2025 15:22:48,Diverse Power
Meriwether,2,2,2428,08-22-2025 15:37:50,Diverse Power
Meriwether,2,2,2428,08-22-2025 15:52:49,Diverse Power
Meriwether,2,2,2428,08-22-2025 16:07:50,Diverse Power
Troup,2,2,17811,08-22-2025 19:52:49,Diverse Power
Troup,337,337,17809,08-22-2025 23:52:51,Diverse Power
Troup,337,337,17809,08-23-2025 00:07:48,Diverse Power
Troup,337,0,17809,08-23-2025 00:23:42,Diverse Power
Troup,337,0,17809,08-23-2025 00:38:01,Diverse Power
Troup,47,47,17809,08-23-2025 05:07:46,Diverse Power
Troup,47,47,17809,08-23-2025 05:22:45,Diverse Power
Troup,47,47,17809,08-23-2025 05:37:46,Diverse Power
Troup,2,2,17809,08-23-2025 06:52:44,Diverse Power
Troup,2,2,17809,08-23-2025 07:07:44,Diverse Power
Troup,2,2,17809,08-23-2025 07:22:46,Diverse Power
Randolph,3,3,1736,08-23-2025 13:52:44,Diverse Power
Randolph,3,3,1736,08-23-2025 14:07:48,Diverse Power
Harris,1,1,8347,08-23-2025 15:22:43,Diverse Power
Harris,1,1,8347,08-23-2025 18:37:46,Diverse Power
Troup,1,1,17809,08-25-2025 02:52:42,Diverse Power
Troup,1,1,17809,08-25-2025 03:08:03,Diverse Power
Troup,1,1,17809,08-25-2025 03:22:46,Diverse Power
Troup,1,1,17809,08-25-2025 03:37:42,Diverse Power
Troup,1,1,17809,08-25-2025 03:52:42,Diverse Power
Troup,1,1,17809,08-25-2025 04:07:43,Diverse Power
Troup,1,1,17809,08-25-2025 04:22:42,Diverse Power
Troup,1,1,17809,08-25-2025 04:37:43,Diverse Power
Troup,1,1,17809,08-25-2025 04:52:43,Diverse Power
Troup,1,1,17809,08-25-2025 05:07:42,Diverse Power
Harris,1,1,8347,08-25-2025 19:22:44,Diverse Power
Harris,1,1,8347,08-25-2025 19:37:52,Diverse Power
Harris,1,1,8347,08-25-2025 19:52:52,Diverse Power
Harris,1,1,8347,08-25-2025 20:07:49,Diverse Power
Harris,1,1,8347,08-25-2025 20:22:53,Diverse Power
Harris,1,1,8347,08-25-2025 20:37:50,Diverse Power
Harris,1,1,8347,08-25-2025 20:52:49,Diverse Power
Harris,1,1,8347,08-25-2025 21:07:51,Diverse Power
Harris,29,29,8347,08-26-2025 02:22:43,Diverse Power
Harris,29,29,8347,08-26-2025 02:37:39,Diverse Power
Harris,29,29,8347,08-26-2025 02:52:39,Diverse Power
Harris,29,29,8347,08-26-2025 03:07:39,Diverse Power
Harris,29,29,8347,08-26-2025 03:22:40,Diverse Power
Harris,29,29,8347,08-26-2025 03:37:39,Diverse Power
Harris,29,29,8347,08-26-2025 03:52:39,Diverse Power
Harris,29,29,8347,08-26-2025 04:07:40,Diverse Power
Harris,29,29,8347,08-26-2025 04:22:39,Diverse Power
Harris,29,29,8347,08-26-2025 04:37:40,Diverse Power
Harris,12,12,8347,08-26-2025 04:52:39,Diverse Power
Harris,12,12,8347,08-26-2025 05:07:41,Diverse Power
Troup,3,3,17808,08-26-2025 16:37:45,Diverse Power
Troup,3,3,17808,08-26-2025 16:52:44,Diverse Power
Troup,3,3,17808,08-26-2025 17:07:43,Diverse Power
Troup,3,3,17808,08-26-2025 17:22:43,Diverse Power
Troup,3,3,17806,08-26-2025 17:37:50,Diverse Power
Troup,3,3,17806,08-26-2025 17:52:49,Diverse Power
Troup,3,3,17806,08-26-2025 18:07:54,Diverse Power
Troup,3,3,17806,08-26-2025 18:22:52,Diverse Power
Troup,3,3,17806,08-26-2025 18:38:07,Diverse Power
Troup,3,3,17806,08-26-2025 18:52:52,Diverse Power
Troup,3,3,17806,08-26-2025 19:07:49,Diverse Power
Troup,3,3,17806,08-26-2025 19:22:46,Diverse Power
Troup,3,3,17806,08-26-2025 19:37:47,Diverse Power
Troup,1,1,17805,08-26-2025 21:52:44,Diverse Power
Troup,1,1,17805,08-26-2025 22:07:43,Diverse Power
Troup,1,1,17808,08-26-2025 22:22:42,Diverse Power
Troup,1,1,17808,08-26-2025 22:37:44,Diverse Power
Troup,1,1,17808,08-26-2025 22:52:45,Diverse Power
Troup,1,1,17808,08-26-2025 23:07:45,Diverse Power
Troup,1,1,17808,08-26-2025 23:22:46,Diverse Power
Troup,1,1,17808,08-26-2025 23:37:43,Diverse Power
Troup,1,1,17808,08-27-2025 11:22:40,Diverse Power
Troup,1,1,17808,08-27-2025 11:37:40,Diverse Power
Troup,1,1,17808,08-27-2025 11:52:40,Diverse Power
Troup,1,1,17808,08-27-2025 12:07:40,Diverse Power
Troup,1,1,17808,08-27-2025 12:22:41,Diverse Power
Troup,1,1,17808,08-27-2025 12:37:40,Diverse Power
Troup,1,1,17808,08-27-2025 12:52:40,Diverse Power
Troup,1,1,17808,08-27-2025 13:07:42,Diverse Power
Troup,1,1,17808,08-27-2025 13:22:40,Diverse Power
Troup,49,49,17809,08-27-2025 21:52:49,Diverse Power
Troup,49,49,17809,08-27-2025 22:07:49,Diverse Power
Troup,49,49,17810,08-27-2025 22:22:45,Diverse Power
Troup,49,49,17810,08-27-2025 22:37:44,Diverse Power
Troup,49,49,17810,08-27-2025 22:52:44,Diverse Power
Troup,49,49,17810,08-27-2025 23:07:45,Diverse Power
Troup,1,1,17810,08-28-2025 00:07:43,Diverse Power
Quitman,1,1,1315,08-28-2025 10:22:39,Diverse Power
Meriwether,1,1,2430,08-28-2025 12:37:42,Diverse Power
Meriwether,1,1,2430,08-28-2025 12:52:40,Diverse Power
Meriwether,1,1,2430,08-28-2025 13:07:39,Diverse Power
Meriwether,1,1,2430,08-28-2025 13:22:47,Diverse Power
Meriwether,1,1,2430,08-28-2025 13:37:50,Diverse Power
Meriwether,1,1,2430,08-28-2025 13:52:49,Diverse Power
Meriwether,1,1,2430,08-28-2025 14:07:46,Diverse Power
Meriwether,1,1,2430,08-28-2025 14:22:49,Diverse Power
Meriwether,1,1,2430,08-28-2025 14:37:50,Diverse Power
Meriwether,1,1,2430,08-28-2025 14:52:52,Diverse Power
Meriwether,1,1,2430,08-28-2025 15:07:52,Diverse Power
Meriwether,1,1,2430,08-28-2025 15:22:54,Diverse Power
Meriwether,1,1,2430,08-28-2025 15:37:53,Diverse Power
Meriwether,1,1,2430,08-28-2025 15:52:48,Diverse Power
Meriwether,1,1,2430,08-28-2025 16:07:48,Diverse Power
Meriwether,1,1,2430,08-28-2025 16:22:47,Diverse Power
Meriwether,1,1,2430,08-28-2025 16:37:46,Diverse Power
Meriwether,1,1,2430,08-28-2025 16:52:42,Diverse Power
Meriwether,1,1,2430,08-28-2025 17:07:45,Diverse Power
Meriwether,1,1,2430,08-28-2025 17:22:46,Diverse Power
Meriwether,1,1,2430,08-28-2025 17:37:43,Diverse Power
Meriwether,1,1,2430,08-28-2025 17:52:42,Diverse Power
Meriwether,1,1,2430,08-28-2025 18:07:47,Diverse Power
Meriwether,1,1,2430,08-28-2025 18:22:45,Diverse Power
Meriwether,1,1,2430,08-28-2025 18:28:51,Diverse Power
Meriwether,1,1,2430,08-28-2025 18:37:43,Diverse Power
Meriwether,1,1,2430,08-28-2025 18:52:42,Diverse Power
Meriwether,1,1,2430,08-28-2025 19:07:49,Diverse Power
Meriwether,1,1,2430,08-28-2025 19:22:44,Diverse Power
Meriwether,1,1,2430,08-28-2025 19:37:44,Diverse Power
Meriwether,1,1,2430,08-28-2025 19:52:42,Diverse Power
Meriwether,1,1,2430,08-28-2025 20:07:43,Diverse Power
Harris,2,2,8345,08-28-2025 22:22:39,Diverse Power
Harris,2,2,8345,08-28-2025 22:37:40,Diverse Power
Harris,2,2,8345,08-28-2025 22:52:40,Diverse Power
Harris,2,2,8345,08-28-2025 23:07:39,Diverse Power
Harris,2,2,8344,08-29-2025 14:52:44,Diverse Power
Harris,2,2,8344,08-29-2025 15:07:43,Diverse Power
Harris,2,2,8344,08-29-2025 15:22:43,Diverse Power
Harris,2,2,8344,08-29-2025 15:37:45,Diverse Power
Harris,2,2,8344,08-29-2025 15:52:40,Diverse Power
Troup,20,20,17806,08-29-2025 20:07:40,Diverse Power
Troup,20,20,17805,08-29-2025 20:22:42,Diverse Power
Harris,1,1,8345,09-01-2025 07:52:42,Diverse Power
Harris,8,8,8345,09-01-2025 08:07:43,Diverse Power
Harris,8,8,8345,09-01-2025 08:22:43,Diverse Power
Harris,8,8,8345,09-01-2025 08:37:42,Diverse Power
Harris,8,8,8345,09-01-2025 08:52:42,Diverse Power
Harris,8,8,8345,09-01-2025 09:07:42,Diverse Power
Harris,8,8,8345,09-01-2025 09:22:43,Diverse Power
Harris,8,8,8345,09-01-2025 09:37:42,Diverse Power
Harris,8,8,8345,09-01-2025 09:52:42,Diverse Power
Harris,8,8,8345,09-01-2025 10:07:43,Diverse Power
Harris,8,8,8345,09-01-2025 10:22:42,Diverse Power
Harris,8,8,8345,09-01-2025 10:37:44,Diverse Power
Troup,2,2,17806,09-01-2025 10:52:40,Diverse Power
Harris,8,8,8345,09-01-2025 10:52:40,Diverse Power
Troup,2,2,17806,09-01-2025 11:07:39,Diverse Power
Harris,8,8,8345,09-01-2025 11:07:39,Diverse Power
Troup,2,2,17806,09-01-2025 11:22:40,Diverse Power
Harris,8,8,8345,09-01-2025 11:22:40,Diverse Power
Troup,2,2,17806,09-01-2025 11:37:39,Diverse Power
Harris,8,8,8345,09-01-2025 11:37:39,Diverse Power
Troup,2,2,17806,09-01-2025 11:52:41,Diverse Power
Harris,8,0,8345,09-01-2025 11:52:41,Diverse Power
Troup,2,2,17806,09-01-2025 12:07:40,Diverse Power
Harris,8,0,8345,09-01-2025 12:07:40,Diverse Power
Troup,2,2,17806,09-01-2025 12:22:40,Diverse Power
Harris,8,0,8345,09-01-2025 12:22:40,Diverse Power
Troup,2,2,17806,09-01-2025 12:37:40,Diverse Power
Harris,8,0,8345,09-01-2025 12:37:40,Diverse Power
Troup,2,2,17806,09-01-2025 12:52:39,Diverse Power
Harris,8,0,8345,09-01-2025 12:52:39,Diverse Power
Troup,2,2,17806,09-01-2025 13:07:41,Diverse Power
Harris,8,0,8345,09-01-2025 13:07:41,Diverse Power
Troup,2,2,17806,09-01-2025 13:22:43,Diverse Power
Harris,8,0,8345,09-01-2025 13:22:43,Diverse Power
Troup,2,2,17806,09-01-2025 13:37:41,Diverse Power
Harris,8,0,8345,09-01-2025 13:37:41,Diverse Power
Troup,2,2,17806,09-01-2025 13:52:39,Diverse Power
Harris,8,0,8345,09-01-2025 13:52:39,Diverse Power
Troup,2,2,17806,09-01-2025 14:07:41,Diverse Power
Harris,8,0,8345,09-01-2025 14:07:41,Diverse Power
Troup,2,2,17806,09-01-2025 14:22:45,Diverse Power
Harris,8,0,8345,09-01-2025 14:22:45,Diverse Power
Troup,2,2,17806,09-01-2025 14:37:47,Diverse Power
Harris,8,0,8345,09-01-2025 14:37:47,Diverse Power
Troup,2,2,17806,09-01-2025 14:52:49,Diverse Power
Harris,8,0,8345,09-01-2025 14:52:49,Diverse Power
Troup,2,2,17806,09-01-2025 15:07:48,Diverse Power
Harris,8,0,8345,09-01-2025 15:07:48,Diverse Power
Troup,2,2,17806,09-01-2025 15:22:42,Diverse Power
Harris,8,0,8345,09-01-2025 15:22:42,Diverse Power
Troup,2,1,17806,09-01-2025 15:37:43,Diverse Power
Harris,8,0,8345,09-01-2025 15:37:43,Diverse Power
Troup,2,1,17806,09-01-2025 15:52:42,Diverse Power
Harris,8,0,8345,09-01-2025 15:52:42,Diverse Power
Troup,2,1,17806,09-01-2025 16:07:42,Diverse Power
Harris,8,0,8345,09-01-2025 16:07:42,Diverse Power
Troup,926,925,17806,09-01-2025 16:22:43,Diverse Power
Harris,8,0,8345,09-01-2025 16:22:43,Diverse Power
Troup,926,925,17806,09-01-2025 16:37:46,Diverse Power
Harris,8,0,8345,09-01-2025 16:37:46,Diverse Power
Troup,926,1,17806,09-01-2025 16:52:47,Diverse Power
Harris,8,0,8345,09-01-2025 16:52:47,Diverse Power
Troup,926,1,17806,09-01-2025 17:07:44,Diverse Power
Harris,8,0,8345,09-01-2025 17:07:44,Diverse Power
Harris,8,0,8345,09-01-2025 17:22:40,Diverse Power
Harris,8,0,8345,09-01-2025 17:37:40,Diverse Power
Harris,8,0,8345,09-01-2025 17:52:40,Diverse Power
Harris,8,0,8345,09-01-2025 18:07:40,Diverse Power
Harris,8,0,8345,09-01-2025 18:22:40,Diverse Power
Harris,8,0,8345,09-01-2025 18:37:43,Diverse Power
Harris,8,0,8345,09-01-2025 18:52:45,Diverse Power
Harris,8,0,8345,09-01-2025 19:07:45,Diverse Power
Harris,8,0,8345,09-01-2025 19:22:44,Diverse Power
Harris,8,0,8345,09-01-2025 19:37:40,Diverse Power
Harris,8,0,8345,09-01-2025 19:52:40,Diverse Power
Harris,8,0,8345,09-01-2025 20:07:43,Diverse Power
Troup,1,1,17806,09-01-2025 20:22:46,Diverse Power
Harris,8,0,8345,09-01-2025 20:22:46,Diverse Power
Harris,8,0,8345,09-01-2025 20:37:49,Diverse Power
Harris,8,0,8345,09-01-2025 20:52:49,Diverse Power
Harris,8,0,8345,09-01-2025 21:07:49,Diverse Power
Harris,8,0,8345,09-01-2025 21:22:50,Diverse Power
Harris,8,0,8345,09-01-2025 21:37:48,Diverse Power
Troup,5,5,17806,09-02-2025 09:37:42,Diverse Power
Chambers,66,66,686,09-02-2025 09:37:42,Diverse Power
Troup,5,5,17806,09-02-2025 09:52:42,Diverse Power
Chambers,66,66,686,09-02-2025 09:52:42,Diverse Power
Troup,5,5,17806,09-02-2025 10:07:42,Diverse Power
Chambers,66,66,686,09-02-2025 10:07:42,Diverse Power
Troup,5,5,17806,09-02-2025 10:22:43,Diverse Power
Chambers,66,66,686,09-02-2025 10:22:43,Diverse Power
Troup,5,5,17806,09-02-2025 10:37:42,Diverse Power
Chambers,66,66,686,09-02-2025 10:37:42,Diverse Power
Troup,5,5,17806,09-02-2025 10:52:43,Diverse Power
Chambers,92,92,686,09-02-2025 10:52:43,Diverse Power
Troup,5,5,17806,09-02-2025 11:07:43,Diverse Power
Chambers,92,92,686,09-02-2025 11:07:43,Diverse Power
Troup,2,2,17806,09-02-2025 13:22:47,Diverse Power
Troup,2,2,17806,09-02-2025 13:37:47,Diverse Power
Troup,2,2,17803,09-02-2025 13:52:55,Diverse Power
Troup,2,2,17803,09-02-2025 14:07:53,Diverse Power
Troup,2,2,17802,09-02-2025 14:23:03,Diverse Power
Troup,2,2,17802,09-02-2025 14:37:48,Diverse Power
Troup,2,2,17802,09-02-2025 14:53:01,Diverse Power
Troup,2,2,17802,09-02-2025 15:08:07,Diverse Power
Troup,5,5,17802,09-02-2025 15:23:07,Diverse Power
Troup,5,5,17802,09-02-2025 15:38:18,Diverse Power
Troup,5,5,17802,09-02-2025 15:53:34,Diverse Power
Troup,5,5,17803,09-02-2025 16:08:09,Diverse Power
Troup,5,5,17802,09-02-2025 16:22:53,Diverse Power
Troup,5,5,17802,09-02-2025 16:37:54,Diverse Power
Troup,5,5,17801,09-02-2025 16:52:53,Diverse Power
Troup,5,5,17801,09-02-2025 17:09:06,Diverse Power
Troup,5,5,17801,09-02-2025 17:23:20,Diverse Power
Troup,5,5,17801,09-02-2025 17:38:01,Diverse Power
Troup,5,5,17801,09-02-2025 17:52:49,Diverse Power
Troup,5,5,17802,09-02-2025 18:07:49,Diverse Power
Troup,5,5,17802,09-02-2025 18:22:52,Diverse Power
Troup,5,5,17802,09-02-2025 18:38:04,Diverse Power
Troup,5,5,17802,09-02-2025 18:52:51,Diverse Power
Troup,3,3,17802,09-02-2025 19:07:44,Diverse Power
Troup,3,3,17802,09-02-2025 19:22:46,Diverse Power
Troup,1,1,17802,09-02-2025 20:07:51,Diverse Power
Troup,1,1,17802,09-02-2025 20:22:57,Diverse Power
Troup,1,1,17802,09-02-2025 20:37:47,Diverse Power
Troup,1,1,17802,09-02-2025 20:52:46,Diverse Power
Troup,1,1,17802,09-02-2025 21:07:43,Diverse Power
Troup,1,1,17802,09-02-2025 21:22:45,Diverse Power
Troup,1,1,17802,09-02-2025 21:37:43,Diverse Power
Troup,1,1,17802,09-02-2025 21:52:44,Diverse Power
Troup,1,1,17802,09-02-2025 22:07:43,Diverse Power
Troup,1,1,17806,09-02-2025 22:22:41,Diverse Power
Troup,58,58,17806,09-02-2025 22:37:39,Diverse Power
Troup,64,64,17806,09-02-2025 22:52:40,Diverse Power
Troup,1,1,17806,09-03-2025 11:22:40,Diverse Power
Troup,1,1,17806,09-03-2025 11:37:42,Diverse Power
Troup,1,1,17806,09-03-2025 11:52:42,Diverse Power
Troup,1,1,17806,09-03-2025 12:07:44,Diverse Power
Troup,1,1,17806,09-03-2025 12:22:42,Diverse Power
Troup,2,2,17806,09-03-2025 12:37:45,Diverse Power
Harris,1,1,8346,09-03-2025 12:37:45,Diverse Power
Troup,2,2,17804,09-03-2025 12:52:45,Diverse Power
Harris,1,1,8346,09-03-2025 12:52:45,Diverse Power
Troup,2,2,17803,09-03-2025 13:07:46,Diverse Power
Harris,1,1,8346,09-03-2025 13:07:46,Diverse Power
Troup,2,2,17799,09-03-2025 13:22:46,Diverse Power
Harris,1,1,8346,09-03-2025 13:22:46,Diverse Power
Troup,2,2,17797,09-03-2025 13:37:49,Diverse Power
Harris,1,1,8346,09-03-2025 13:37:49,Diverse Power
Troup,5,5,17791,09-03-2025 13:52:42,Diverse Power
Harris,1,1,8346,09-03-2025 13:52:42,Diverse Power
Troup,2,2,17788,09-03-2025 14:07:42,Diverse Power
Harris,1,1,8346,09-03-2025 14:07:42,Diverse Power
Troup,1,1,17789,09-03-2025 14:22:45,Diverse Power
Harris,1,1,8346,09-03-2025 14:22:45,Diverse Power
Troup,1,1,17789,09-03-2025 14:37:50,Diverse Power
Troup,1,1,17790,09-03-2025 14:52:48,Diverse Power
Troup,1,1,17791,09-03-2025 15:07:48,Diverse Power
Troup,1,1,17791,09-03-2025 15:22:45,Diverse Power
Troup,1,1,17792,09-03-2025 15:37:45,Diverse Power
Harris,2,2,8346,09-03-2025 15:37:45,Diverse Power
Troup,1,1,17793,09-03-2025 15:52:47,Diverse Power
Harris,2,2,8345,09-03-2025 15:52:47,Diverse Power
Troup,1,1,17794,09-03-2025 16:07:55,Diverse Power
Harris,2,2,8345,09-03-2025 16:07:55,Diverse Power
Troup,1,1,17794,09-03-2025 16:22:50,Diverse Power
Troup,1,1,17794,09-03-2025 16:37:47,Diverse Power
Troup,1,1,17795,09-03-2025 16:52:43,Diverse Power
Troup,1,1,17795,09-03-2025 17:07:43,Diverse Power
Troup,1,1,17796,09-03-2025 17:22:46,Diverse Power
Troup,1,1,17796,09-03-2025 17:37:48,Diverse Power
Troup,20,20,17796,09-03-2025 17:52:44,Diverse Power
Troup,20,20,17796,09-03-2025 18:07:51,Diverse Power
Troup,20,1,17796,09-03-2025 18:22:46,Diverse Power
Troup,1,1,17797,09-03-2025 18:37:48,Diverse Power
Troup,1,1,17797,09-03-2025 18:52:47,Diverse Power
Troup,1,1,17797,09-03-2025 19:07:44,Diverse Power
Troup,1,1,17797,09-03-2025 19:22:47,Diverse Power
Troup,1,1,17798,09-03-2025 19:37:46,Diverse Power
Troup,1,1,17798,09-03-2025 19:52:49,Diverse Power
Troup,1,1,17799,09-03-2025 20:07:45,Diverse Power
Troup,1,1,17800,09-03-2025 20:22:48,Diverse Power
Troup,2,2,17801,09-03-2025 21:52:50,Diverse Power
Meriwether,1,1,2426,09-03-2025 23:37:46,Diverse Power
Harris,1,1,8345,09-04-2025 12:22:43,Diverse Power
Harris,1,1,8345,09-04-2025 12:37:43,Diverse Power
Harris,1,1,8344,09-04-2025 12:52:48,Diverse Power
Harris,1,1,8345,09-04-2025 13:07:50,Diverse Power
Heard,4,4,483,09-04-2025 13:22:53,Diverse Power
Harris,1,1,8339,09-04-2025 13:22:53,Diverse Power
Harris,1,1,8329,09-04-2025 15:22:52,Diverse Power
Harris,1,1,8329,09-04-2025 15:37:53,Diverse Power
Harris,1,1,8331,09-04-2025 15:52:54,Diverse Power
Harris,1,1,8331,09-04-2025 16:07:54,Diverse Power
Harris,1,0,8331,09-04-2025 16:22:54,Diverse Power
Harris,1,1,8342,09-05-2025 11:07:40,Diverse Power
Harris,1,1,8342,09-05-2025 11:22:41,Diverse Power
Harris,1,1,8342,09-05-2025 11:37:40,Diverse Power
Harris,1,1,8342,09-05-2025 11:52:40,Diverse Power
Harris,1,1,8342,09-05-2025 12:07:41,Diverse Power
Harris,1,1,8340,09-05-2025 12:22:43,Diverse Power
Harris,1,1,8334,09-05-2025 12:37:40,Diverse Power
Harris,1,1,8328,09-05-2025 12:52:42,Diverse Power
Harris,1,1,8329,09-05-2025 13:07:41,Diverse Power
Harris,1,1,8318,09-05-2025 13:22:41,Diverse Power
Heard,1,1,482,09-05-2025 15:52:45,Diverse Power
Heard,1,1,482,09-05-2025 16:07:50,Diverse Power
Heard,1,1,482,09-05-2025 16:22:47,Diverse Power
Heard,1,1,482,09-05-2025 16:37:45,Diverse Power
Troup,2,2,17799,09-05-2025 21:52:44,Diverse Power
Meriwether,1,1,2427,09-05-2025 23:07:45,Diverse Power
Troup,2,2,17800,09-06-2025 12:07:42,Diverse Power
Troup,2,2,17800,09-06-2025 12:22:45,Diverse Power
Troup,2,2,17800,09-06-2025 12:37:40,Diverse Power
Troup,2,2,17800,09-06-2025 12:52:40,Diverse Power
Troup,2,2,17800,09-06-2025 13:07:41,Diverse Power
Troup,2,2,17800,09-06-2025 13:22:39,Diverse Power
Troup,2,2,17800,09-06-2025 13:37:43,Diverse Power
Troup,8,8,17800,09-06-2025 13:52:42,Diverse Power
Troup,6,6,17800,09-06-2025 14:07:49,Diverse Power
Troup,6,6,17800,09-06-2025 14:22:45,Diverse Power
Troup,6,6,17800,09-06-2025 14:37:48,Diverse Power
Troup,6,6,17800,09-06-2025 14:52:48,Diverse Power
Meriwether,1,1,2428,09-06-2025 19:07:48,Diverse Power
Meriwether,1,1,2428,09-06-2025 19:22:49,Diverse Power
Heard,62,62,482,09-06-2025 19:37:46,Diverse Power
Troup,3,3,17801,09-06-2025 19:37:46,Diverse Power
Meriwether,1,1,2428,09-06-2025 19:37:46,Diverse Power
Heard,62,62,482,09-06-2025 19:52:57,Diverse Power
Troup,3,3,17801,09-06-2025 19:52:57,Diverse Power
Meriwether,1,1,2428,09-06-2025 19:52:57,Diverse Power
Heard,62,62,482,09-06-2025 20:07:56,Diverse Power
Troup,3,3,17801,09-06-2025 20:07:56,Diverse Power
Meriwether,1,1,2428,09-06-2025 20:07:56,Diverse Power
Heard,62,62,482,09-06-2025 20:22:55,Diverse Power
Troup,3,3,17801,09-06-2025 20:22:55,Diverse Power
Heard,62,62,482,09-06-2025 20:37:56,Diverse Power
Troup,3,3,17801,09-06-2025 20:37:56,Diverse Power
Meriwether,1,1,2428,09-06-2025 20:37:56,Diverse Power
Heard,62,62,482,09-06-2025 20:52:52,Diverse Power
Meriwether,1,1,2428,09-06-2025 20:52:52,Diverse Power
Heard,62,62,482,09-06-2025 21:07:49,Diverse Power
Meriwether,1,1,2428,09-06-2025 21:07:49,Diverse Power
Heard,62,62,482,09-06-2025 21:22:50,Diverse Power
Meriwether,17,17,2428,09-06-2025 21:22:50,Diverse Power
Heard,62,62,482,09-06-2025 21:37:47,Diverse Power
Meriwether,17,17,2428,09-06-2025 21:37:47,Diverse Power
Heard,62,62,482,09-06-2025 21:52:43,Diverse Power
Meriwether,17,1,2428,09-06-2025 21:52:43,Diverse Power
Heard,62,62,482,09-06-2025 22:07:43,Diverse Power
Meriwether,17,1,2428,09-06-2025 22:07:43,Diverse Power
Heard,62,62,482,09-06-2025 22:22:42,Diverse Power
Meriwether,17,1,2428,09-06-2025 22:22:42,Diverse Power
Heard,62,62,482,09-06-2025 22:37:42,Diverse Power
Meriwether,17,1,2428,09-06-2025 22:37:42,Diverse Power
Heard,62,62,482,09-06-2025 22:52:42,Diverse Power
Meriwether,16,0,2428,09-06-2025 22:52:42,Diverse Power
Heard,62,62,482,09-06-2025 23:07:41,Diverse Power
Meriwether,16,0,2428,09-06-2025 23:07:41,Diverse Power
Harris,2,2,8328,09-06-2025 23:07:41,Diverse Power
Heard,62,62,482,09-06-2025 23:22:42,Diverse Power
Meriwether,16,0,2428,09-06-2025 23:22:42,Diverse Power
Heard,62,62,482,09-06-2025 23:37:42,Diverse Power
Meriwether,16,0,2428,09-06-2025 23:37:42,Diverse Power
Heard,62,62,482,09-06-2025 23:52:42,Diverse Power
Meriwether,16,0,2428,09-06-2025 23:52:42,Diverse Power
Harris,2,2,8328,09-06-2025 23:52:42,Diverse Power
Heard,62,62,482,09-07-2025 00:07:43,Diverse Power
Meriwether,16,0,2428,09-07-2025 00:07:43,Diverse Power
Harris,2,2,8328,09-07-2025 00:07:43,Diverse Power
Troup,14,14,17801,09-07-2025 04:52:42,Diverse Power
Harris,138,138,8328,09-07-2025 04:52:42,Diverse Power
Harris,138,138,8328,09-07-2025 05:07:42,Diverse Power
Harris,138,138,8328,09-07-2025 05:22:42,Diverse Power
Harris,138,138,8328,09-07-2025 05:37:41,Diverse Power
Harris,138,138,8328,09-07-2025 05:52:42,Diverse Power
Harris,138,138,8328,09-07-2025 06:07:43,Diverse Power
Harris,138,138,8328,09-07-2025 06:22:42,Diverse Power
Harris,139,139,8328,09-07-2025 06:37:43,Diverse Power
Harris,310,310,8328,09-07-2025 06:52:42,Diverse Power
Harris,310,310,8328,09-07-2025 07:07:42,Diverse Power
Harris,310,310,8328,09-07-2025 07:22:43,Diverse Power
Harris,310,310,8328,09-07-2025 07:37:42,Diverse Power
Harris,3,3,8328,09-07-2025 07:52:42,Diverse Power
Harris,3,3,8328,09-07-2025 08:07:43,Diverse Power
Harris,3,3,8328,09-07-2025 08:22:43,Diverse Power
Harris,3,3,8328,09-07-2025 08:37:42,Diverse Power
Harris,3,3,8328,09-07-2025 08:52:42,Diverse Power
Harris,3,3,8328,09-07-2025 09:07:43,Diverse Power
Harris,3,3,8328,09-07-2025 09:22:42,Diverse Power
Harris,3,3,8328,09-07-2025 09:37:42,Diverse Power
Harris,3,3,8328,09-07-2025 09:52:42,Diverse Power
Harris,3,3,8328,09-07-2025 10:07:42,Diverse Power
Harris,3,3,8328,09-07-2025 10:22:41,Diverse Power
Harris,3,3,8328,09-07-2025 10:37:43,Diverse Power
Harris,3,3,8328,09-07-2025 10:52:42,Diverse Power
Harris,3,3,8328,09-07-2025 11:07:45,Diverse Power
Harris,3,3,8328,09-07-2025 11:22:47,Diverse Power
Harris,3,3,8328,09-07-2025 11:37:47,Diverse Power
Troup,2,2,17801,09-07-2025 20:22:47,Diverse Power
Troup,2,2,17801,09-07-2025 20:37:44,Diverse Power
Troup,2,2,17801,09-07-2025 20:52:44,Diverse Power
Heard,34,34,482,09-07-2025 23:22:43,Diverse Power
Heard,34,34,482,09-07-2025 23:37:42,Diverse Power
Heard,34,34,482,09-07-2025 23:52:42,Diverse Power
Heard,34,34,482,09-08-2025 00:07:42,Diverse Power
Heard,34,34,482,09-08-2025 00:22:39,Diverse Power
Heard,34,34,482,09-08-2025 00:37:39,Diverse Power
Harris,2,2,8329,09-08-2025 00:37:39,Diverse Power
Harris,2,2,8329,09-08-2025 00:52:42,Diverse Power
Harris,2,2,8329,09-08-2025 01:07:45,Diverse Power
Harris,2,2,8329,09-08-2025 01:22:42,Diverse Power
Harris,2,2,8329,09-08-2025 01:37:39,Diverse Power
Harris,2,2,8329,09-08-2025 01:52:39,Diverse Power
Harris,2,2,8329,09-08-2025 02:07:43,Diverse Power
Meriwether,21,21,2428,09-08-2025 11:37:43,Diverse Power
Meriwether,21,21,2428,09-08-2025 11:52:46,Diverse Power
Meriwether,21,21,2428,09-08-2025 12:07:46,Diverse Power
Meriwether,21,21,2428,09-08-2025 12:22:49,Diverse Power
Meriwether,21,21,2428,09-08-2025 12:37:47,Diverse Power
Meriwether,21,21,2428,09-08-2025 12:52:46,Diverse Power
Meriwether,21,21,2428,09-08-2025 13:07:45,Diverse Power
Meriwether,21,21,2428,09-08-2025 13:22:47,Diverse Power
Meriwether,21,21,2428,09-08-2025 13:37:50,Diverse Power
Troup,50,50,17746,09-08-2025 13:52:46,Diverse Power
Meriwether,21,21,2428,09-08-2025 13:52:46,Diverse Power
Troup,49,49,17739,09-08-2025 14:07:49,Diverse Power
Meriwether,21,1,2428,09-08-2025 14:07:49,Diverse Power
Troup,49,49,17725,09-08-2025 14:22:49,Diverse Power
Meriwether,21,21,2428,09-08-2025 14:22:49,Diverse Power
Troup,49,49,17723,09-08-2025 14:37:50,Diverse Power
Meriwether,21,21,2428,09-08-2025 14:37:50,Diverse Power
Harris,2,2,8328,09-08-2025 15:52:52,Diverse Power
Troup,3,3,17767,09-08-2025 19:52:45,Diverse Power
Troup,1,1,17772,09-09-2025 01:52:42,Diverse Power
Troup,1,1,17772,09-09-2025 02:07:44,Diverse Power
Troup,1,1,17772,09-09-2025 02:22:41,Diverse Power
Troup,1,1,17772,09-09-2025 02:37:40,Diverse Power
Troup,1,1,17772,09-09-2025 02:52:40,Diverse Power
Troup,1,1,17772,09-09-2025 03:07:42,Diverse Power
Troup,1,1,17753,09-09-2025 13:07:48,Diverse Power
Troup,1,1,17740,09-09-2025 13:22:48,Diverse Power
Troup,1,1,17736,09-09-2025 13:37:46,Diverse Power
Troup,3,3,17735,09-09-2025 15:37:54,Diverse Power
Troup,3,3,17737,09-09-2025 15:52:51,Diverse Power
Troup,3,3,17738,09-09-2025 16:07:52,Diverse Power
Troup,12,12,17764,09-09-2025 22:37:47,Diverse Power
Troup,12,12,17764,09-09-2025 22:52:47,Diverse Power
Troup,12,12,17765,09-09-2025 23:07:45,Diverse Power
Troup,12,12,17765,09-09-2025 23:22:46,Diverse Power
Troup,12,12,17765,09-09-2025 23:37:43,Diverse Power
Troup,17,17,17765,09-09-2025 23:52:44,Diverse Power
Troup,2,2,17767,09-10-2025 01:52:46,Diverse Power
Troup,12,12,17767,09-10-2025 02:52:44,Diverse Power
Troup,2,2,17767,09-10-2025 10:52:40,Diverse Power
Troup,2,2,17767,09-10-2025 11:07:40,Diverse Power
Troup,2,2,17767,09-10-2025 11:22:40,Diverse Power
Muscogee,5,5,2744,09-10-2025 12:52:45,Diverse Power
Muscogee,5,5,2744,09-10-2025 13:07:45,Diverse Power
Muscogee,5,5,2744,09-10-2025 13:22:45,Diverse Power
Muscogee,5,5,2744,09-10-2025 13:37:43,Diverse Power
Muscogee,5,5,2744,09-10-2025 13:52:45,Diverse Power
Troup,3,3,17769,09-10-2025 15:07:53,Diverse Power
Troup,3,3,17769,09-10-2025 15:22:53,Diverse Power
Clay,1,1,978,09-10-2025 15:22:53,Diverse Power
Troup,3,3,17769,09-10-2025 15:37:54,Diverse Power
Meriwether,32,32,2421,09-10-2025 16:52:45,Diverse Power
Meriwether,32,32,2422,09-10-2025 17:07:45,Diverse Power
Meriwether,32,32,2421,09-10-2025 17:22:48,Diverse Power
Meriwether,32,32,2421,09-10-2025 17:37:39,Diverse Power
Meriwether,32,32,2421,09-10-2025 17:52:42,Diverse Power
Troup,2,2,17770,09-10-2025 18:07:44,Diverse Power
Meriwether,32,32,2421,09-10-2025 18:07:44,Diverse Power
Troup,2,2,17771,09-10-2025 18:22:47,Diverse Power
Meriwether,32,32,2421,09-10-2025 18:22:47,Diverse Power
Harris,1,1,8334,09-10-2025 18:22:47,Diverse Power
Troup,2,2,17771,09-10-2025 18:37:45,Diverse Power
Meriwether,32,32,2421,09-10-2025 18:37:45,Diverse Power
Harris,1,1,8334,09-10-2025 18:37:45,Diverse Power
Harris,2,2,8334,09-10-2025 19:52:42,Diverse Power
Harris,4,4,8334,09-10-2025 21:52:47,Diverse Power
Harris,4,4,8334,09-10-2025 22:07:46,Diverse Power
Harris,4,4,8334,09-10-2025 22:22:43,Diverse Power
Harris,4,2,8334,09-10-2025 22:37:44,Diverse Power
Harris,4,2,8334,09-10-2025 22:52:45,Diverse Power
Muscogee,5,5,2745,09-10-2025 23:52:45,Diverse Power
Harris,3,3,8334,09-10-2025 23:52:45,Diverse Power
Muscogee,5,5,2745,09-11-2025 00:07:45,Diverse Power
Harris,3,3,8334,09-11-2025 00:07:45,Diverse Power
Muscogee,5,5,2745,09-11-2025 00:22:45,Diverse Power
Harris,3,3,8334,09-11-2025 00:22:45,Diverse Power
Muscogee,5,5,2745,09-11-2025 00:37:44,Diverse Power
Harris,3,3,8334,09-11-2025 00:37:44,Diverse Power
Troup,1,1,17773,09-11-2025 00:52:42,Diverse Power
Muscogee,5,5,2745,09-11-2025 00:52:42,Diverse Power
Harris,3,3,8334,09-11-2025 00:52:42,Diverse Power
Troup,1,1,17773,09-11-2025 01:07:42,Diverse Power
Muscogee,5,5,2745,09-11-2025 01:07:42,Diverse Power
Harris,3,3,8334,09-11-2025 01:07:42,Diverse Power
Troup,1,1,17773,09-11-2025 01:22:43,Diverse Power
Muscogee,5,5,2745,09-11-2025 01:22:43,Diverse Power
Harris,3,3,8334,09-11-2025 01:22:43,Diverse Power
Troup,1,1,17773,09-11-2025 01:37:43,Diverse Power
Muscogee,5,0,2745,09-11-2025 01:37:43,Diverse Power
Harris,3,3,8334,09-11-2025 01:37:43,Diverse Power
Troup,1,1,17773,09-11-2025 01:52:44,Diverse Power
Muscogee,5,5,2745,09-11-2025 01:52:44,Diverse Power
Harris,3,3,8334,09-11-2025 01:52:44,Diverse Power
Muscogee,5,5,2745,09-11-2025 02:07:46,Diverse Power
Harris,3,3,8334,09-11-2025 02:07:46,Diverse Power
Muscogee,5,5,2745,09-11-2025 02:22:44,Diverse Power
Harris,3,3,8334,09-11-2025 02:22:44,Diverse Power
Muscogee,5,5,2745,09-11-2025 02:37:41,Diverse Power
Harris,3,3,8334,09-11-2025 02:37:41,Diverse Power
Muscogee,5,0,2745,09-11-2025 02:52:43,Diverse Power
Harris,3,3,8334,09-11-2025 02:52:43,Diverse Power
Muscogee,5,0,2745,09-11-2025 03:07:45,Diverse Power
Harris,3,3,8334,09-11-2025 03:07:45,Diverse Power
Muscogee,5,0,2745,09-11-2025 03:22:44,Diverse Power
Harris,3,3,8334,09-11-2025 03:22:44,Diverse Power
Muscogee,5,0,2745,09-11-2025 03:37:44,Diverse Power
Harris,3,3,8334,09-11-2025 03:37:44,Diverse Power
Muscogee,5,2,2745,09-11-2025 03:52:44,Diverse Power
Harris,3,3,8334,09-11-2025 03:52:44,Diverse Power
Muscogee,5,2,2745,09-11-2025 04:07:45,Diverse Power
Harris,3,3,8334,09-11-2025 04:07:45,Diverse Power
Muscogee,5,2,2745,09-11-2025 04:22:42,Diverse Power
Harris,3,3,8334,09-11-2025 04:22:42,Diverse Power
Muscogee,5,0,2745,09-11-2025 04:37:39,Diverse Power
Harris,3,3,8334,09-11-2025 04:37:39,Diverse Power
Muscogee,5,0,2745,09-11-2025 04:52:40,Diverse Power
Harris,3,3,8334,09-11-2025 04:52:40,Diverse Power
Muscogee,5,0,2745,09-11-2025 05:07:40,Diverse Power
Harris,3,3,8334,09-11-2025 05:07:40,Diverse Power
Muscogee,5,0,2745,09-11-2025 05:22:39,Diverse Power
Harris,3,3,8334,09-11-2025 05:22:39,Diverse Power
Muscogee,5,0,2745,09-11-2025 05:37:46,Diverse Power
Harris,3,3,8334,09-11-2025 05:37:46,Diverse Power
Muscogee,5,0,2745,09-11-2025 05:52:41,Diverse Power
Harris,3,3,8334,09-11-2025 05:52:41,Diverse Power
Muscogee,5,0,2745,09-11-2025 06:07:40,Diverse Power
Harris,3,3,8334,09-11-2025 06:07:40,Diverse Power
Muscogee,5,0,2745,09-11-2025 06:22:41,Diverse Power
Harris,3,3,8334,09-11-2025 06:22:41,Diverse Power
Muscogee,5,0,2745,09-11-2025 06:37:42,Diverse Power
Harris,3,3,8334,09-11-2025 06:37:42,Diverse Power
Muscogee,5,0,2745,09-11-2025 06:52:42,Diverse Power
Harris,3,3,8334,09-11-2025 06:52:42,Diverse Power
Muscogee,5,0,2745,09-11-2025 07:07:41,Diverse Power
Harris,3,3,8334,09-11-2025 07:07:41,Diverse Power
Muscogee,5,0,2745,09-11-2025 07:22:42,Diverse Power
Harris,3,3,8334,09-11-2025 07:22:42,Diverse Power
Muscogee,5,0,2745,09-11-2025 07:37:41,Diverse Power
Harris,3,3,8334,09-11-2025 07:37:41,Diverse Power
Troup,1,1,17774,09-11-2025 12:22:54,Diverse Power
Troup,1,1,17773,09-11-2025 12:37:53,Diverse Power
Troup,1,1,17773,09-11-2025 12:52:54,Diverse Power
Troup,1,1,17771,09-11-2025 13:07:54,Diverse Power
Troup,1,1,17768,09-11-2025 13:22:54,Diverse Power
Troup,1,1,17760,09-11-2025 13:37:57,Diverse Power
Troup,1,1,17749,09-11-2025 13:53:05,Diverse Power
Troup,1,1,17748,09-11-2025 14:08:04,Diverse Power
Troup,1,1,17745,09-11-2025 14:22:47,Diverse Power
Troup,1,1,17746,09-11-2025 14:37:48,Diverse Power
Troup,1,1,17749,09-11-2025 14:52:48,Diverse Power
Troup,2,2,17760,09-11-2025 19:52:44,Diverse Power
Troup,3,3,17760,09-11-2025 20:07:47,Diverse Power
Troup,38,38,17760,09-11-2025 20:22:41,Diverse Power
Troup,38,38,17760,09-11-2025 20:37:40,Diverse Power
Troup,38,38,17760,09-11-2025 20:52:40,Diverse Power
Troup,38,38,17760,09-11-2025 21:07:44,Diverse Power
Troup,38,38,17761,09-11-2025 21:22:44,Diverse Power
Troup,38,38,17761,09-11-2025 21:37:44,Diverse Power
Meriwether,4,4,2421,09-11-2025 22:52:47,Diverse Power
Troup,2,2,17769,09-13-2025 07:52:39,Diverse Power
Troup,2,2,17769,09-13-2025 08:07:40,Diverse Power
Troup,2,2,17769,09-13-2025 08:22:43,Diverse Power
Troup,2,2,17769,09-13-2025 08:37:42,Diverse Power
Troup,2,2,17769,09-13-2025 08:52:42,Diverse Power
Troup,2,2,17769,09-13-2025 18:52:46,Diverse Power
Troup,5,5,17770,09-14-2025 01:52:46,Diverse Power
Harris,1,1,8338,09-15-2025 14:37:47,Diverse Power
Harris,1,1,8338,09-15-2025 14:52:50,Diverse Power
Harris,1,1,8338,09-15-2025 15:07:50,Diverse Power
Harris,1,1,8338,09-15-2025 15:22:55,Diverse Power
Troup,11,11,17772,09-15-2025 16:07:57,Diverse Power
Harris,1,1,8338,09-15-2025 19:52:45,Diverse Power
Troup,4,4,17775,09-16-2025 13:37:45,Diverse Power
Troup,4,4,17775,09-16-2025 13:52:48,Diverse Power
Troup,4,4,17776,09-16-2025 14:07:49,Diverse Power
Troup,4,4,17776,09-16-2025 14:22:50,Diverse Power
Troup,4,4,17776,09-16-2025 14:37:52,Diverse Power
Troup,4,4,17776,09-16-2025 14:52:50,Diverse Power
Troup,4,4,17776,09-16-2025 15:07:48,Diverse Power
Troup,4,4,17776,09-16-2025 15:22:50,Diverse Power
Harris,4,4,8338,09-16-2025 17:07:48,Diverse Power
Troup,4,4,17776,09-16-2025 17:22:49,Diverse Power
Harris,4,4,8338,09-16-2025 17:22:49,Diverse Power
Troup,4,4,17776,09-16-2025 17:37:50,Diverse Power
Troup,4,4,17776,09-16-2025 17:52:47,Diverse Power
Troup,4,4,17777,09-16-2025 18:07:50,Diverse Power
Troup,4,4,17777,09-16-2025 18:22:51,Diverse Power
Troup,4,4,17776,09-16-2025 18:37:54,Diverse Power
Troup,4,4,17776,09-16-2025 18:52:49,Diverse Power
Troup,4,4,17776,09-16-2025 19:07:48,Diverse Power
Muscogee,2,2,2743,09-16-2025 19:07:48,Diverse Power
Harris,6,6,8338,09-16-2025 19:07:48,Diverse Power
Troup,4,4,17776,09-16-2025 19:22:47,Diverse Power
Muscogee,2,2,2743,09-16-2025 19:22:47,Diverse Power
Harris,6,6,8338,09-16-2025 19:22:47,Diverse Power
Muscogee,2,2,2743,09-16-2025 19:37:46,Diverse Power
Harris,6,6,8338,09-16-2025 19:37:46,Diverse Power
Muscogee,2,0,2743,09-16-2025 19:52:46,Diverse Power
Harris,6,0,8338,09-16-2025 19:52:46,Diverse Power
Harris,8,8,8338,09-17-2025 10:07:42,Diverse Power
Harris,8,8,8338,09-17-2025 10:22:40,Diverse Power
Harris,8,8,8338,09-17-2025 10:37:39,Diverse Power
Harris,8,8,8338,09-17-2025 10:52:40,Diverse Power
Harris,8,8,8338,09-17-2025 11:07:39,Diverse Power
Harris,8,8,8338,09-17-2025 11:22:41,Diverse Power
Harris,8,8,8338,09-17-2025 11:37:40,Diverse Power
Harris,8,8,8338,09-17-2025 11:52:41,Diverse Power
Harris,8,8,8338,09-17-2025 12:07:43,Diverse Power
Harris,8,8,8338,09-17-2025 12:22:43,Diverse Power
Harris,8,8,8338,09-17-2025 12:37:40,Diverse Power
Harris,8,8,8338,09-17-2025 12:52:40,Diverse Power
Quitman,1,1,1314,09-17-2025 18:22:48,Diverse Power
Meriwether,1,1,2421,09-17-2025 18:37:49,Diverse Power
Meriwether,1,1,2421,09-17-2025 18:52:46,Diverse Power
Troup,2,2,17778,09-18-2025 14:37:48,Diverse Power
Troup,2,2,17778,09-18-2025 14:52:43,Diverse Power
Troup,2,2,17778,09-18-2025 15:07:43,Diverse Power
Troup,1,1,17780,09-18-2025 17:37:47,Diverse Power
Troup,1,1,17780,09-18-2025 17:52:46,Diverse Power
Troup,1,1,17780,09-18-2025 18:07:46,Diverse Power
Troup,1,1,17780,09-18-2025 18:22:48,Diverse Power
Troup,1,1,17780,09-18-2025 18:37:44,Diverse Power
Troup,1,1,17780,09-18-2025 18:52:42,Diverse Power
Troup,1,1,17781,09-18-2025 19:07:42,Diverse Power
Troup,1,1,17782,09-18-2025 19:22:45,Diverse Power
Troup,1,1,17782,09-19-2025 02:07:40,Diverse Power
Troup,1,1,17782,09-19-2025 02:22:40,Diverse Power
Troup,1,1,17782,09-19-2025 02:37:39,Diverse Power
Troup,1,1,17782,09-19-2025 02:52:41,Diverse Power
Troup,1,1,17782,09-19-2025 03:07:40,Diverse Power
Troup,1,1,17782,09-19-2025 03:22:40,Diverse Power
Troup,1,1,17782,09-19-2025 03:37:39,Diverse Power
Troup,1,1,17782,09-19-2025 03:52:40,Diverse Power
Troup,1,1,17782,09-19-2025 04:07:39,Diverse Power
Troup,1,1,17782,09-19-2025 04:22:40,Diverse Power
Troup,2,2,17781,09-19-2025 10:37:40,Diverse Power
Troup,7,7,17781,09-19-2025 10:52:39,Diverse Power
Troup,7,7,17781,09-19-2025 11:07:39,Diverse Power
Troup,7,7,17781,09-19-2025 11:22:39,Diverse Power
Troup,7,7,17781,09-19-2025 11:37:40,Diverse Power
Troup,7,7,17781,09-19-2025 11:52:39,Diverse Power
Troup,7,7,17781,09-19-2025 12:07:39,Diverse Power
Troup,7,7,17781,09-19-2025 12:22:42,Diverse Power
Troup,7,7,17781,09-19-2025 12:37:44,Diverse Power
Troup,7,7,17781,09-19-2025 12:52:46,Diverse Power
Troup,7,7,17781,09-19-2025 13:07:48,Diverse Power
Troup,7,0,17781,09-19-2025 13:22:47,Diverse Power
Randolph,2,2,1735,09-19-2025 16:07:48,Diverse Power
Randolph,2,2,1735,09-19-2025 16:22:43,Diverse Power
Randolph,2,2,1735,09-19-2025 16:37:43,Diverse Power
Randolph,2,2,1735,09-19-2025 16:52:44,Diverse Power
Randolph,2,2,1735,09-19-2025 17:07:42,Diverse Power
Randolph,2,2,1735,09-19-2025 17:22:40,Diverse Power
Randolph,2,2,1735,09-19-2025 17:37:44,Diverse Power
Randolph,2,2,1735,09-19-2025 17:52:45,Diverse Power
Randolph,2,2,1736,09-19-2025 18:07:46,Diverse Power
Harris,1,1,8337,09-19-2025 20:07:45,Diverse Power
Harris,1,1,8337,09-19-2025 20:22:46,Diverse Power
Harris,1,1,8337,09-19-2025 20:37:44,Diverse Power
Harris,1,1,8337,09-19-2025 20:52:46,Diverse Power
Troup,6,6,17782,09-19-2025 23:37:51,Diverse Power
Chambers,240,240,685,09-19-2025 23:37:51,Diverse Power
Troup,6,6,17782,09-19-2025 23:52:49,Diverse Power
Chambers,241,241,685,09-19-2025 23:52:49,Diverse Power
Randolph,1,1,1736,09-20-2025 00:07:50,Diverse Power
Troup,6,6,17782,09-20-2025 00:07:50,Diverse Power
Chambers,241,241,685,09-20-2025 00:07:50,Diverse Power
Troup,6,6,17782,09-20-2025 00:22:48,Diverse Power
Chambers,240,240,685,09-20-2025 00:22:48,Diverse Power
Troup,6,6,17782,09-20-2025 00:37:45,Diverse Power
Chambers,240,240,685,09-20-2025 00:37:45,Diverse Power
Troup,6,6,17782,09-20-2025 00:52:44,Diverse Power
Chambers,240,240,685,09-20-2025 00:52:44,Diverse Power
Troup,6,6,17782,09-20-2025 01:07:45,Diverse Power
Chambers,240,240,685,09-20-2025 01:07:45,Diverse Power
Troup,6,6,17782,09-20-2025 01:22:46,Diverse Power
Chambers,240,240,685,09-20-2025 01:22:46,Diverse Power
Troup,6,6,17782,09-20-2025 01:37:48,Diverse Power
Chambers,240,240,685,09-20-2025 01:37:48,Diverse Power
Troup,6,0,17782,09-20-2025 01:52:48,Diverse Power
Chambers,240,2,685,09-20-2025 01:52:48,Diverse Power
Troup,6,0,17782,09-20-2025 02:07:45,Diverse Power
Chambers,240,2,685,09-20-2025 02:07:45,Diverse Power
Troup,6,0,17782,09-20-2025 02:22:46,Diverse Power
Chambers,240,2,685,09-20-2025 02:22:46,Diverse Power
Meriwether,1,1,2422,09-21-2025 05:22:39,Diverse Power
Troup,1,1,17782,09-21-2025 17:37:45,Diverse Power
Troup,1,1,17782,09-21-2025 17:52:44,Diverse Power
Troup,1,1,17782,09-21-2025 18:07:44,Diverse Power
Troup,1,1,17782,09-21-2025 18:22:45,Diverse Power
Troup,1,1,17782,09-21-2025 18:37:47,Diverse Power
Troup,1,1,17782,09-21-2025 18:52:49,Diverse Power
Troup,3,3,17782,09-21-2025 21:37:47,Diverse Power
Harris,1,1,8337,09-21-2025 23:22:46,Diverse Power
Harris,1,1,8337,09-21-2025 23:37:46,Diverse Power
Harris,1,1,8337,09-21-2025 23:52:41,Diverse Power
Troup,3,3,17782,09-22-2025 06:22:40,Diverse Power
Harris,1,1,8336,09-22-2025 13:22:46,Diverse Power
Harris,1,1,8336,09-22-2025 13:52:48,Diverse Power
Harris,3,3,8336,09-22-2025 14:07:50,Diverse Power
Harris,3,3,8336,09-22-2025 14:22:46,Diverse Power
Harris,1,1,8336,09-22-2025 14:37:48,Diverse Power
Troup,128,128,17780,09-22-2025 18:52:46,Diverse Power
Troup,128,128,17780,09-22-2025 19:07:47,Diverse Power
Troup,128,128,17780,09-22-2025 19:22:41,Diverse Power
Meriwether,1,1,2423,09-22-2025 20:52:46,Diverse Power
Meriwether,2,2,2423,09-22-2025 21:07:42,Diverse Power
Troup,13,13,17779,09-22-2025 21:22:46,Diverse Power
Meriwether,2,2,2423,09-22-2025 21:22:46,Diverse Power
Troup,12,12,17779,09-22-2025 21:37:49,Diverse Power
Meriwether,2,2,2423,09-22-2025 21:37:49,Diverse Power
Troup,12,12,17779,09-22-2025 21:52:49,Diverse Power
Meriwether,2,2,2423,09-22-2025 21:52:49,Diverse Power
Troup,12,12,17779,09-22-2025 22:07:49,Diverse Power
Meriwether,2,2,2423,09-22-2025 22:07:49,Diverse Power
Troup,12,12,17779,09-22-2025 22:22:47,Diverse Power
Meriwether,2,0,2423,09-22-2025 22:22:47,Diverse Power
Troup,12,12,17781,09-22-2025 22:37:49,Diverse Power
Meriwether,2,0,2422,09-22-2025 22:37:49,Diverse Power
Troup,12,12,17781,09-22-2025 22:52:46,Diverse Power
Meriwether,2,0,2422,09-22-2025 22:52:46,Diverse Power
Troup,12,12,17781,09-22-2025 23:07:43,Diverse Power
Troup,12,12,17781,09-22-2025 23:22:43,Diverse Power
Troup,12,0,17781,09-22-2025 23:37:43,Diverse Power
Troup,12,0,17781,09-22-2025 23:52:45,Diverse Power
Troup,12,0,17781,09-23-2025 00:07:46,Diverse Power
Troup,12,0,17781,09-23-2025 00:22:44,Diverse Power
Troup,12,0,17781,09-23-2025 00:37:42,Diverse Power
Troup,12,0,17781,09-23-2025 00:52:42,Diverse Power
Troup,12,0,17781,09-23-2025 01:07:43,Diverse Power
Troup,12,0,17781,09-23-2025 01:22:42,Diverse Power
Troup,12,0,17781,09-23-2025 01:37:42,Diverse Power
Troup,12,0,17781,09-23-2025 01:52:42,Diverse Power
Troup,12,0,17781,09-23-2025 02:07:40,Diverse Power
Troup,12,0,17781,09-23-2025 02:22:40,Diverse Power
Troup,12,0,17781,09-23-2025 02:37:40,Diverse Power
Troup,12,0,17781,09-23-2025 02:52:40,Diverse Power
Troup,12,0,17781,09-23-2025 03:07:46,Diverse Power
Troup,12,0,17781,09-23-2025 03:22:46,Diverse Power
Troup,12,0,17781,09-23-2025 03:37:44,Diverse Power
Troup,12,0,17781,09-23-2025 03:52:42,Diverse Power
Troup,12,0,17781,09-23-2025 04:07:43,Diverse Power
Troup,12,0,17781,09-23-2025 04:22:44,Diverse Power
Troup,12,0,17781,09-23-2025 04:37:44,Diverse Power
Troup,12,0,17781,09-23-2025 04:52:43,Diverse Power
Troup,12,0,17781,09-23-2025 05:07:43,Diverse Power
Troup,12,0,17781,09-23-2025 05:22:43,Diverse Power
Troup,12,0,17781,09-23-2025 05:37:42,Diverse Power
Troup,12,0,17781,09-23-2025 05:52:42,Diverse Power
Troup,12,0,17781,09-23-2025 06:07:40,Diverse Power
Troup,12,0,17781,09-23-2025 06:22:40,Diverse Power
Troup,12,0,17781,09-23-2025 06:37:42,Diverse Power
Troup,12,0,17781,09-23-2025 06:52:42,Diverse Power
Troup,12,0,17781,09-23-2025 07:07:42,Diverse Power
Troup,12,0,17781,09-23-2025 07:22:42,Diverse Power
Troup,12,0,17781,09-23-2025 07:37:44,Diverse Power
Troup,12,0,17781,09-23-2025 07:52:43,Diverse Power
Troup,12,0,17781,09-23-2025 08:07:43,Diverse Power
Troup,12,0,17781,09-23-2025 08:22:43,Diverse Power
Troup,12,0,17781,09-23-2025 08:37:44,Diverse Power
Troup,12,0,17781,09-23-2025 08:52:43,Diverse Power
Harris,1,1,8334,09-23-2025 12:52:42,Diverse Power
Harris,1,1,8334,09-23-2025 13:07:46,Diverse Power
Troup,1,1,17781,09-23-2025 13:22:48,Diverse Power
Harris,1,1,8334,09-23-2025 13:22:48,Diverse Power
Troup,1,1,17781,09-23-2025 13:37:54,Diverse Power
Harris,1,1,8334,09-23-2025 13:37:54,Diverse Power
Troup,1,1,17782,09-23-2025 13:52:51,Diverse Power
Harris,1,1,8334,09-23-2025 13:52:51,Diverse Power
Troup,1,1,17781,09-23-2025 14:07:52,Diverse Power
Harris,1,1,8334,09-23-2025 14:07:52,Diverse Power
Harris,1,1,8334,09-23-2025 14:22:55,Diverse Power
Harris,1,1,8334,09-23-2025 14:37:50,Diverse Power
Harris,1,1,8334,09-23-2025 14:52:50,Diverse Power
Harris,1,1,8334,09-23-2025 15:07:50,Diverse Power
Harris,1,1,8334,09-23-2025 15:22:47,Diverse Power
Harris,1,1,8334,09-23-2025 15:37:49,Diverse Power
Harris,1,1,8334,09-23-2025 15:52:48,Diverse Power
Harris,1,1,8334,09-23-2025 16:07:50,Diverse Power
Harris,1,1,8334,09-23-2025 16:22:42,Diverse Power
Meriwether,2,2,2421,09-23-2025 16:37:43,Diverse Power
Meriwether,2,2,2421,09-23-2025 16:52:42,Diverse Power
Meriwether,2,2,2421,09-23-2025 17:07:43,Diverse Power
Meriwether,2,2,2421,09-23-2025 17:22:44,Diverse Power
Troup,1,1,17781,09-23-2025 21:37:43,Diverse Power
Troup,1,1,17781,09-23-2025 21:52:42,Diverse Power
Troup,1,1,17781,09-23-2025 22:07:44,Diverse Power
Troup,1,1,17781,09-23-2025 22:22:45,Diverse Power
Troup,1,1,17782,09-24-2025 13:22:48,Diverse Power
Troup,1,1,17783,09-24-2025 13:37:47,Diverse Power
Troup,1,1,17783,09-24-2025 13:52:50,Diverse Power
Troup,1,0,17783,09-24-2025 14:07:53,Diverse Power
Troup,1,0,17783,09-24-2025 14:22:53,Diverse Power
Troup,1,1,17783,09-24-2025 16:37:53,Diverse Power
Troup,1,1,17782,09-24-2025 16:52:53,Diverse Power
Troup,1,1,17782,09-24-2025 17:07:52,Diverse Power
Troup,1,1,17782,09-24-2025 17:22:44,Diverse Power
Troup,1,1,17782,09-24-2025 17:37:48,Diverse Power
Troup,1,1,17782,09-24-2025 17:52:48,Diverse Power
Harris,15,15,8333,09-24-2025 17:52:48,Diverse Power
Troup,1,1,17782,09-24-2025 18:07:49,Diverse Power
Harris,15,15,8333,09-24-2025 18:07:49,Diverse Power
Troup,1,1,17782,09-24-2025 18:22:48,Diverse Power
Harris,15,15,8333,09-24-2025 18:22:48,Diverse Power
Harris,15,15,8334,09-24-2025 18:37:46,Diverse Power
Troup,3,3,17784,09-25-2025 04:37:46,Diverse Power
Troup,3,3,17784,09-25-2025 04:52:46,Diverse Power
Troup,3,3,17784,09-25-2025 05:07:45,Diverse Power
Troup,3,3,17784,09-25-2025 05:22:44,Diverse Power
Troup,3,3,17784,09-25-2025 05:37:44,Diverse Power
Troup,3,3,17784,09-25-2025 05:52:45,Diverse Power
Troup,4,4,17784,09-25-2025 11:37:51,Diverse Power
Troup,10,10,17784,09-25-2025 11:52:53,Diverse Power
Muscogee,22,22,2745,09-25-2025 11:52:53,Diverse Power
Troup,10,10,17784,09-25-2025 12:07:54,Diverse Power
Muscogee,22,22,2745,09-25-2025 12:07:54,Diverse Power
Troup,10,10,17784,09-25-2025 12:22:57,Diverse Power
Muscogee,22,22,2745,09-25-2025 12:22:57,Diverse Power
Troup,6,6,17784,09-25-2025 12:37:57,Diverse Power
Muscogee,22,22,2745,09-25-2025 12:37:57,Diverse Power
Troup,6,6,17784,09-25-2025 12:52:58,Diverse Power
Muscogee,22,22,2745,09-25-2025 12:52:58,Diverse Power
Muscogee,22,22,2745,09-25-2025 13:08:00,Diverse Power
Muscogee,22,22,2745,09-25-2025 13:22:57,Diverse Power
Muscogee,22,22,2745,09-25-2025 13:38:27,Diverse Power
Muscogee,22,22,2745,09-25-2025 13:52:54,Diverse Power
Muscogee,22,22,2745,09-25-2025 14:08:29,Diverse Power
Muscogee,22,22,2745,09-25-2025 14:22:55,Diverse Power
Muscogee,22,22,2745,09-25-2025 14:37:51,Diverse Power
Muscogee,22,22,2745,09-25-2025 14:52:51,Diverse Power
Muscogee,22,22,2745,09-25-2025 15:07:51,Diverse Power
Muscogee,22,22,2745,09-25-2025 15:23:26,Diverse Power
Muscogee,22,22,2745,09-25-2025 15:37:50,Diverse Power
Muscogee,22,22,2745,09-25-2025 15:52:49,Diverse Power
Muscogee,22,22,2745,09-25-2025 16:07:50,Diverse Power
Muscogee,22,22,2745,09-25-2025 16:22:53,Diverse Power
Meriwether,4,4,2421,09-25-2025 18:37:47,Diverse Power
Meriwether,10,10,2420,09-25-2025 18:52:50,Diverse Power
Meriwether,10,10,2420,09-25-2025 19:07:48,Diverse Power
Meriwether,10,10,2420,09-25-2025 19:22:48,Diverse Power
Meriwether,10,10,2420,09-25-2025 19:37:47,Diverse Power
Meriwether,10,10,2420,09-25-2025 19:52:44,Diverse Power
Clay,2,2,979,09-25-2025 20:07:44,Diverse Power
Clay,2,2,979,09-25-2025 20:22:44,Diverse Power
Clay,2,2,979,09-25-2025 20:37:46,Diverse Power
Clay,2,2,979,09-25-2025 20:52:47,Diverse Power
Troup,23,23,17787,09-25-2025 23:52:44,Diverse Power
Troup,23,23,17787,09-26-2025 00:07:50,Diverse Power
Troup,23,23,17787,09-26-2025 00:22:48,Diverse Power
Troup,23,23,17787,09-26-2025 00:37:45,Diverse Power
Troup,1023,1023,17787,09-26-2025 00:52:45,Diverse Power
Troup,1006,1006,17787,09-26-2025 01:07:47,Diverse Power
Troup,1006,1006,17787,09-26-2025 01:22:45,Diverse Power
Troup,1006,1006,17787,09-26-2025 01:37:42,Diverse Power
Harris,1,1,8334,09-26-2025 01:37:42,Diverse Power
Troup,1000,1000,17787,09-26-2025 01:52:45,Diverse Power
Harris,2,2,8334,09-26-2025 01:52:45,Diverse Power
Troup,929,929,17787,09-26-2025 02:07:46,Diverse Power
Harris,18,18,8334,09-26-2025 02:07:46,Diverse Power
Troup,929,929,17787,09-26-2025 02:22:47,Diverse Power
Harris,18,18,8334,09-26-2025 02:22:47,Diverse Power
Troup,23,23,17787,09-26-2025 02:37:45,Diverse Power
Harris,18,18,8334,09-26-2025 02:37:45,Diverse Power
Troup,23,23,17787,09-26-2025 02:52:44,Diverse Power
Harris,18,18,8334,09-26-2025 02:52:44,Diverse Power
Troup,23,23,17787,09-26-2025 03:07:42,Diverse Power
Harris,18,18,8334,09-26-2025 03:07:42,Diverse Power
Troup,23,23,17787,09-26-2025 03:22:42,Diverse Power
Harris,18,18,8334,09-26-2025 03:22:42,Diverse Power
Harris,17,17,8334,09-26-2025 03:37:43,Diverse Power
Harris,17,17,8334,09-26-2025 03:52:42,Diverse Power
Harris,17,17,8334,09-26-2025 04:07:43,Diverse Power
Harris,17,17,8334,09-26-2025 04:22:43,Diverse Power
Harris,16,16,8334,09-26-2025 04:37:43,Diverse Power
Harris,16,16,8334,09-26-2025 04:52:42,Diverse Power
Harris,16,16,8334,09-26-2025 05:07:41,Diverse Power
Harris,16,16,8334,09-26-2025 05:22:40,Diverse Power
Harris,16,16,8334,09-26-2025 05:37:41,Diverse Power
Harris,16,16,8334,09-26-2025 05:52:40,Diverse Power
Harris,16,16,8334,09-26-2025 06:07:41,Diverse Power
Harris,16,16,8334,09-26-2025 06:22:40,Diverse Power
Meriwether,7,7,2420,09-26-2025 07:07:43,Diverse Power
Meriwether,7,7,2420,09-26-2025 07:22:42,Diverse Power
Meriwether,7,7,2420,09-26-2025 07:37:41,Diverse Power
Meriwether,7,7,2420,09-26-2025 07:52:42,Diverse Power
Troup,3,3,17787,09-26-2025 09:22:40,Diverse Power
Troup,3,3,17787,09-26-2025 09:37:40,Diverse Power
Troup,3,3,17787,09-26-2025 09:52:40,Diverse Power
Harris,28,28,8334,09-26-2025 09:52:40,Diverse Power
Troup,3,3,17787,09-26-2025 10:07:40,Diverse Power
Harris,28,28,8334,09-26-2025 10:07:40,Diverse Power
Troup,3,3,17787,09-26-2025 10:22:40,Diverse Power
Harris,28,28,8334,09-26-2025 10:22:40,Diverse Power
Troup,3,3,17787,09-26-2025 10:37:40,Diverse Power
Harris,28,28,8334,09-26-2025 10:37:40,Diverse Power
Troup,3,3,17787,09-26-2025 10:52:40,Diverse Power
Harris,28,28,8334,09-26-2025 10:52:40,Diverse Power
Harris,28,28,8334,09-26-2025 11:07:40,Diverse Power
Harris,28,28,8334,09-26-2025 11:22:39,Diverse Power
Harris,28,28,8334,09-26-2025 11:37:43,Diverse Power
Harris,28,28,8334,09-26-2025 11:52:42,Diverse Power
Troup,1,1,17787,09-26-2025 12:07:45,Diverse Power
Harris,28,28,8334,09-26-2025 12:07:45,Diverse Power
Troup,5,5,17787,09-26-2025 12:22:45,Diverse Power
Harris,28,28,8334,09-26-2025 12:22:45,Diverse Power
Troup,2,2,17787,09-26-2025 12:37:45,Diverse Power
Harris,28,28,8334,09-26-2025 12:37:45,Diverse Power
Troup,2,2,17787,09-26-2025 12:52:43,Diverse Power
Harris,29,1,8334,09-26-2025 12:52:43,Diverse Power
Troup,2,2,17787,09-26-2025 13:07:47,Diverse Power
Harris,1,1,8333,09-26-2025 13:07:47,Diverse Power
Troup,2,2,17787,09-26-2025 13:22:50,Diverse Power
Harris,1,1,8333,09-26-2025 13:22:50,Diverse Power
Troup,2,2,17788,09-26-2025 13:37:50,Diverse Power
Troup,2,2,17788,09-26-2025 13:52:47,Diverse Power
Troup,1,1,17788,09-26-2025 14:07:45,Diverse Power
Troup,1,1,17788,09-26-2025 14:22:47,Diverse Power
Troup,1,1,17788,09-26-2025 14:37:46,Diverse Power
Troup,1,1,17788,09-26-2025 14:52:44,Diverse Power
Troup,2,2,17789,09-26-2025 15:07:45,Diverse Power
Troup,1,1,17789,09-26-2025 15:22:46,Diverse Power
Meriwether,18,18,2420,09-26-2025 15:22:46,Diverse Power
Troup,1,1,17789,09-26-2025 15:37:47,Diverse Power
Meriwether,18,18,2420,09-26-2025 15:37:47,Diverse Power
Troup,1,1,17788,09-26-2025 15:52:45,Diverse Power
Meriwether,18,18,2420,09-26-2025 15:52:45,Diverse Power
Troup,1,1,17788,09-26-2025 16:07:46,Diverse Power
Meriwether,18,18,2420,09-26-2025 16:07:46,Diverse Power
Meriwether,18,18,2420,09-26-2025 16:22:46,Diverse Power
Meriwether,18,18,2420,09-26-2025 16:37:46,Diverse Power
Meriwether,19,19,2420,09-26-2025 16:52:46,Diverse Power
Meriwether,19,19,2420,09-26-2025 17:07:46,Diverse Power
Meriwether,19,19,2420,09-26-2025 17:22:45,Diverse Power
Meriwether,19,2,2420,09-26-2025 17:37:42,Diverse Power
Meriwether,19,2,2420,09-26-2025 17:52:43,Diverse Power
Meriwether,18,1,2420,09-26-2025 18:07:43,Diverse Power
Meriwether,18,1,2420,09-26-2025 18:22:42,Diverse Power
Meriwether,18,1,2420,09-26-2025 18:37:45,Diverse Power
Muscogee,2,2,2744,09-26-2025 18:52:44,Diverse Power
Meriwether,18,1,2420,09-26-2025 18:52:44,Diverse Power
Meriwether,2,2,2420,09-27-2025 04:37:42,Diverse Power
Chambers,3,3,686,09-27-2025 04:37:42,Diverse Power
Meriwether,2,2,2420,09-27-2025 04:52:43,Diverse Power
Chambers,3,3,686,09-27-2025 04:52:43,Diverse Power
Meriwether,2,2,2420,09-27-2025 05:07:43,Diverse Power
Chambers,3,3,686,09-27-2025 05:07:43,Diverse Power
Meriwether,2,2,2420,09-27-2025 05:22:39,Diverse Power
Chambers,3,3,686,09-27-2025 05:22:39,Diverse Power
Meriwether,2,2,2420,09-27-2025 05:37:41,Diverse Power
Chambers,3,3,686,09-27-2025 05:37:41,Diverse Power
Meriwether,2,2,2420,09-27-2025 05:52:39,Diverse Power
Chambers,3,3,686,09-27-2025 05:52:39,Diverse Power
Meriwether,2,2,2420,09-27-2025 06:07:40,Diverse Power
Chambers,5,5,686,09-27-2025 06:07:40,Diverse Power
Meriwether,2,2,2420,09-27-2025 06:22:42,Diverse Power
Chambers,5,5,686,09-27-2025 06:22:42,Diverse Power
Meriwether,2,2,2420,09-27-2025 06:37:39,Diverse Power
Chambers,5,5,686,09-27-2025 06:37:39,Diverse Power
Meriwether,2,2,2420,09-27-2025 06:52:42,Diverse Power
Chambers,5,5,686,09-27-2025 06:52:42,Diverse Power
Meriwether,2,2,2420,09-27-2025 07:07:39,Diverse Power
Chambers,5,5,686,09-27-2025 07:07:39,Diverse Power
Meriwether,2,2,2420,09-27-2025 07:22:41,Diverse Power
Chambers,2,2,686,09-27-2025 07:22:41,Diverse Power
Meriwether,2,2,2420,09-27-2025 07:37:39,Diverse Power
Chambers,2,2,686,09-27-2025 07:37:39,Diverse Power
Meriwether,2,2,2420,09-27-2025 07:52:40,Diverse Power
Chambers,2,2,686,09-27-2025 07:52:40,Diverse Power
Meriwether,2,0,2420,09-27-2025 08:07:41,Diverse Power
Chambers,2,2,686,09-27-2025 08:07:41,Diverse Power
Chambers,2,2,686,09-27-2025 08:22:39,Diverse Power
Troup,1,1,17790,09-27-2025 11:07:42,Diverse Power
Troup,1,1,17790,09-27-2025 11:22:42,Diverse Power
Troup,1,1,17790,09-27-2025 11:37:42,Diverse Power
Troup,1,1,17790,09-27-2025 11:52:42,Diverse Power
Troup,1,1,17790,09-27-2025 12:07:42,Diverse Power
Troup,1,1,17790,09-27-2025 12:22:44,Diverse Power
Troup,1,1,17790,09-27-2025 12:37:46,Diverse Power
Troup,1,1,17790,09-27-2025 12:52:46,Diverse Power
Troup,1,1,17790,09-27-2025 13:07:46,Diverse Power
Harris,2,2,8333,09-27-2025 13:07:46,Diverse Power
Troup,1,1,17790,09-27-2025 13:22:50,Diverse Power
Harris,2,2,8333,09-27-2025 13:22:50,Diverse Power
Troup,1,1,17790,09-27-2025 13:37:48,Diverse Power
Harris,2,2,8333,09-27-2025 13:37:48,Diverse Power
Troup,1,1,17790,09-27-2025 13:52:44,Diverse Power
Harris,2,2,8333,09-27-2025 13:52:44,Diverse Power
Heard,2,2,481,09-27-2025 14:07:46,Diverse Power
Troup,1,0,17790,09-27-2025 14:07:46,Diverse Power
Harris,2,2,8333,09-27-2025 14:07:46,Diverse Power
Heard,2,2,481,09-27-2025 14:22:44,Diverse Power
Harris,2,2,8333,09-27-2025 14:22:44,Diverse Power
Heard,2,2,481,09-27-2025 14:37:41,Diverse Power
Meriwether,1,1,2420,09-27-2025 15:52:40,Diverse Power
Muscogee,1,1,2745,09-27-2025 18:07:48,Diverse Power
Muscogee,1,1,2745,09-27-2025 18:22:49,Diverse Power
Muscogee,1,1,2745,09-27-2025 18:37:48,Diverse Power
Muscogee,1,1,2745,09-27-2025 18:52:47,Diverse Power
Randolph,1,1,1736,09-27-2025 20:22:45,Diverse Power
Randolph,1,1,1736,09-27-2025 20:37:43,Diverse Power
Randolph,1,1,1736,09-27-2025 20:52:46,Diverse Power
Randolph,1,1,1736,09-27-2025 21:07:45,Diverse Power
Randolph,1,1,1736,09-27-2025 21:22:45,Diverse Power
Randolph,1,1,1736,09-27-2025 21:37:45,Diverse Power
Muscogee,1,1,2745,09-27-2025 21:52:46,Diverse Power
Muscogee,1,1,2745,09-27-2025 22:07:50,Diverse Power
Muscogee,1,1,2745,09-27-2025 22:22:49,Diverse Power
Muscogee,1,1,2745,09-27-2025 22:37:48,Diverse Power
Muscogee,1,1,2745,09-27-2025 22:52:48,Diverse Power
Muscogee,1,1,2745,09-27-2025 23:07:47,Diverse Power
Muscogee,1,1,2745,09-27-2025 23:22:48,Diverse Power
Troup,24,24,17790,09-28-2025 05:52:39,Diverse Power
Troup,24,24,17790,09-28-2025 06:07:40,Diverse Power
Troup,24,24,17790,09-28-2025 06:22:39,Diverse Power
Troup,24,4,17790,09-28-2025 06:37:42,Diverse Power
Troup,4,4,17790,09-28-2025 06:52:43,Diverse Power
Troup,4,4,17790,09-28-2025 07:07:40,Diverse Power
Troup,4,4,17790,09-28-2025 07:22:40,Diverse Power
Troup,4,4,17790,09-28-2025 07:37:40,Diverse Power
Troup,4,4,17790,09-28-2025 07:52:39,Diverse Power
Troup,2,2,17790,09-28-2025 20:37:47,Diverse Power
Troup,2,2,17790,09-28-2025 20:52:44,Diverse Power
Troup,12,12,17787,09-29-2025 12:37:47,Diverse Power
Troup,13,13,17786,09-29-2025 12:52:47,Diverse Power
Troup,13,13,17787,09-29-2025 13:07:46,Diverse Power
Troup,13,13,17787,09-29-2025 13:22:46,Diverse Power
Troup,13,13,17787,09-29-2025 13:37:47,Diverse Power
Troup,13,13,17787,09-29-2025 13:52:47,Diverse Power
Troup,13,13,17787,09-29-2025 14:07:47,Diverse Power
Troup,13,13,17787,09-29-2025 14:22:48,Diverse Power
Troup,13,13,17787,09-29-2025 14:37:49,Diverse Power
Troup,13,13,17787,09-29-2025 14:52:51,Diverse Power
Troup,17,17,17787,09-29-2025 15:07:53,Diverse Power
Troup,17,17,17787,09-29-2025 15:22:54,Diverse Power
Troup,17,17,17788,09-29-2025 15:37:58,Diverse Power
Troup,17,17,17788,09-29-2025 15:52:57,Diverse Power
Troup,17,17,17788,09-29-2025 16:07:55,Diverse Power
Troup,17,17,17788,09-29-2025 16:22:56,Diverse Power
Troup,17,17,17788,09-29-2025 16:37:52,Diverse Power
Troup,13,13,17788,09-29-2025 16:52:55,Diverse Power
Troup,1,1,17788,09-29-2025 17:07:52,Diverse Power
Troup,1,1,17788,09-29-2025 17:22:53,Diverse Power
Harris,3,3,8332,09-29-2025 17:22:53,Diverse Power
Troup,1,1,17788,09-29-2025 17:37:51,Diverse Power
Harris,3,3,8332,09-29-2025 17:37:51,Diverse Power
Troup,1,1,17788,09-29-2025 17:52:50,Diverse Power
Harris,3,3,8332,09-29-2025 17:52:50,Diverse Power
Quitman,4,4,1314,09-29-2025 18:07:51,Diverse Power
Troup,1,1,17788,09-29-2025 18:07:51,Diverse Power
Harris,3,3,8332,09-29-2025 18:07:51,Diverse Power
Quitman,4,4,1314,09-29-2025 18:22:48,Diverse Power
Troup,1,1,17788,09-29-2025 18:22:48,Diverse Power
Harris,3,3,8332,09-29-2025 18:22:48,Diverse Power
Quitman,4,4,1314,09-29-2025 18:37:49,Diverse Power
Quitman,4,4,1314,09-29-2025 18:52:49,Diverse Power
Quitman,4,4,1314,09-29-2025 19:07:52,Diverse Power
Quitman,4,4,1314,09-29-2025 19:22:45,Diverse Power
Troup,1,1,17791,09-30-2025 10:07:39,Diverse Power
Troup,1,1,17791,09-30-2025 10:22:40,Diverse Power
Troup,1,1,17791,09-30-2025 10:37:39,Diverse Power
Troup,1,1,17791,09-30-2025 10:52:41,Diverse Power
Troup,1,1,17791,09-30-2025 11:07:40,Diverse Power
Troup,1,1,17791,09-30-2025 11:22:41,Diverse Power
Troup,1,1,17791,09-30-2025 11:37:41,Diverse Power
Muscogee,10,10,2744,09-30-2025 11:37:41,Diverse Power
Troup,1,1,17791,09-30-2025 11:52:40,Diverse Power
Muscogee,10,10,2744,09-30-2025 11:52:40,Diverse Power
Muscogee,10,10,2744,09-30-2025 12:07:43,Diverse Power
Muscogee,10,10,2744,09-30-2025 12:22:44,Diverse Power
Muscogee,10,10,2744,09-30-2025 12:37:44,Diverse Power
Muscogee,10,10,2744,09-30-2025 12:52:41,Diverse Power
Muscogee,10,10,2744,09-30-2025 13:07:44,Diverse Power
Muscogee,10,10,2744,09-30-2025 13:22:43,Diverse Power
Muscogee,10,10,2744,09-30-2025 13:37:49,Diverse Power
Muscogee,10,10,2744,09-30-2025 13:52:52,Diverse Power
Randolph,4,4,1736,09-30-2025 14:37:54,Diverse Power
Randolph,6,6,1736,09-30-2025 14:52:52,Diverse Power
Harris,3,3,8333,09-30-2025 14:52:52,Diverse Power
Randolph,6,6,1736,09-30-2025 15:07:52,Diverse Power
Harris,3,3,8332,09-30-2025 15:07:52,Diverse Power
Randolph,6,6,1736,09-30-2025 15:22:46,Diverse Power
Harris,3,3,8332,09-30-2025 15:22:46,Diverse Power
Randolph,6,6,1736,09-30-2025 15:37:49,Diverse Power
Harris,3,3,8332,09-30-2025 15:37:49,Diverse Power
Randolph,6,6,1736,09-30-2025 15:52:47,Diverse Power
Harris,3,3,8332,09-30-2025 15:52:47,Diverse Power
Randolph,6,6,1736,09-30-2025 16:07:46,Diverse Power
Harris,3,3,8332,09-30-2025 16:07:46,Diverse Power
Harris,3,3,8331,09-30-2025 16:22:45,Diverse Power
Muscogee,1,1,2744,09-30-2025 22:07:45,Diverse Power
Troup,1,1,17797,10-01-2025 12:22:40,Diverse Power
Troup,1,1,17797,10-01-2025 12:37:42,Diverse Power
Troup,1,1,17797,10-01-2025 12:52:43,Diverse Power
Troup,1,1,17797,10-01-2025 13:07:42,Diverse Power
Troup,1,1,17797,10-01-2025 13:22:42,Diverse Power
Troup,5,5,17797,10-01-2025 13:37:40,Diverse Power
Troup,5,5,17797,10-01-2025 13:52:44,Diverse Power
Troup,5,5,17797,10-01-2025 14:07:49,Diverse Power
Troup,5,5,17795,10-01-2025 14:22:49,Diverse Power
Troup,4,4,17795,10-01-2025 14:37:49,Diverse Power
Troup,4,4,17795,10-01-2025 14:52:49,Diverse Power
Meriwether,2,2,2420,10-01-2025 15:07:49,Diverse Power
Meriwether,2,2,2420,10-01-2025 15:22:53,Diverse Power
Meriwether,2,2,2420,10-01-2025 15:37:50,Diverse Power
Meriwether,2,2,2420,10-01-2025 15:52:51,Diverse Power
Meriwether,2,2,2420,10-01-2025 16:07:49,Diverse Power
Meriwether,2,2,2420,10-01-2025 16:22:52,Diverse Power
Meriwether,2,2,2420,10-01-2025 16:37:52,Diverse Power
Meriwether,2,2,2420,10-01-2025 16:52:49,Diverse Power
Meriwether,2,2,2420,10-01-2025 17:07:49,Diverse Power
Meriwether,2,2,2420,10-01-2025 17:22:48,Diverse Power
Troup,4,4,17792,10-01-2025 17:37:41,Diverse Power
Troup,4,4,17792,10-01-2025 17:52:40,Diverse Power
Harris,1,1,8330,10-01-2025 19:07:42,Diverse Power
Harris,1,1,8330,10-01-2025 19:22:45,Diverse Power
Harris,1,1,8330,10-01-2025 19:37:45,Diverse Power
Harris,1,1,8330,10-01-2025 19:52:43,Diverse Power
Harris,1,1,8330,10-01-2025 20:07:43,Diverse Power
Harris,1,1,8330,10-01-2025 20:22:43,Diverse Power
Quitman,5,5,1314,10-02-2025 13:37:47,Diverse Power
Randolph,1,1,1734,10-02-2025 17:07:48,Diverse Power
Quitman,78,78,1314,10-02-2025 17:22:47,Diverse Power
Harris,1,1,8334,10-02-2025 18:37:47,Diverse Power
Harris,1,1,8334,10-02-2025 18:52:48,Diverse Power
Harris,1,1,8334,10-02-2025 19:07:46,Diverse Power
Harris,1,1,8334,10-02-2025 19:22:46,Diverse Power
Harris,1,1,8334,10-02-2025 19:37:45,Diverse Power
Harris,1,1,8334,10-02-2025 19:52:48,Diverse Power
Heard,105,105,481,10-02-2025 23:52:40,Diverse Power
Heard,92,92,481,10-03-2025 00:07:43,Diverse Power
Heard,92,92,481,10-03-2025 00:22:41,Diverse Power
Heard,92,92,481,10-03-2025 00:37:44,Diverse Power
Heard,92,92,481,10-03-2025 00:52:42,Diverse Power
Heard,479,479,481,10-03-2025 01:07:40,Diverse Power
Troup,22,22,17794,10-03-2025 01:07:40,Diverse Power
Heard,479,479,481,10-03-2025 01:22:46,Diverse Power
Troup,22,22,17794,10-03-2025 01:22:46,Diverse Power
Heard,479,299,481,10-03-2025 01:37:45,Diverse Power
Troup,22,0,17794,10-03-2025 01:37:45,Diverse Power
Heard,479,299,481,10-03-2025 01:52:48,Diverse Power
Troup,22,0,17794,10-03-2025 01:52:48,Diverse Power
Harris,2,2,8334,10-03-2025 12:22:43,Diverse Power
Harris,2,2,8334,10-03-2025 12:37:42,Diverse Power
Harris,2,2,8334,10-03-2025 12:52:43,Diverse Power
Harris,2,2,8334,10-03-2025 13:07:43,Diverse Power
Harris,2,2,8334,10-03-2025 13:22:43,Diverse Power
Harris,2,2,8334,10-03-2025 13:37:50,Diverse Power
Harris,2,2,8334,10-03-2025 13:52:51,Diverse Power
Meriwether,1,1,2419,10-03-2025 14:52:53,Diverse Power
Meriwether,424,424,2420,10-03-2025 15:07:52,Diverse Power
Meriwether,424,424,2420,10-03-2025 15:22:48,Diverse Power
Meriwether,424,424,2420,10-03-2025 15:37:46,Diverse Power
Meriwether,2,2,2420,10-03-2025 16:52:44,Diverse Power
Harris,2,2,8335,10-04-2025 13:07:40,Diverse Power
Harris,2,2,8335,10-04-2025 13:22:40,Diverse Power
Harris,2,2,8335,10-04-2025 13:37:42,Diverse Power
Harris,2,2,8335,10-04-2025 13:52:44,Diverse Power
Harris,2,2,8335,10-04-2025 14:07:43,Diverse Power
Harris,2,2,8335,10-04-2025 14:22:46,Diverse Power
Troup,15,15,17792,10-04-2025 19:07:40,Diverse Power
Troup,15,15,17792,10-04-2025 19:22:40,Diverse Power
Harris,1,1,8336,10-05-2025 14:22:43,Diverse Power
Calhoun,1,1,1372,10-06-2025 12:07:42,Diverse Power
Calhoun,1,1,1372,10-06-2025 12:22:42,Diverse Power
Calhoun,1,1,1372,10-06-2025 12:37:45,Diverse Power
Calhoun,1,1,1372,10-06-2025 12:52:44,Diverse Power
Calhoun,1,1,1372,10-06-2025 13:07:43,Diverse Power
Calhoun,1,1,1372,10-06-2025 13:22:42,Diverse Power
Harris,1,1,8335,10-06-2025 13:22:42,Diverse Power
Randolph,7,7,1735,10-06-2025 13:37:43,Diverse Power
Harris,1,1,8335,10-06-2025 13:37:43,Diverse Power
Randolph,7,7,1735,10-06-2025 13:52:43,Diverse Power
Harris,1,1,8335,10-06-2025 13:52:43,Diverse Power
Randolph,7,7,1735,10-06-2025 14:07:39,Diverse Power
Harris,1,1,8335,10-06-2025 14:07:39,Diverse Power
Randolph,7,7,1735,10-06-2025 14:22:40,Diverse Power
Harris,1,1,8335,10-06-2025 14:22:40,Diverse Power
Randolph,7,7,1735,10-06-2025 14:37:42,Diverse Power
Harris,1,1,8335,10-06-2025 14:37:42,Diverse Power
Randolph,7,7,1735,10-06-2025 14:52:42,Diverse Power
Harris,1,1,8335,10-06-2025 14:52:42,Diverse Power
Randolph,7,7,1735,10-06-2025 15:07:41,Diverse Power
Troup,3,3,17774,10-06-2025 15:07:41,Diverse Power
Harris,1,1,8335,10-06-2025 15:07:41,Diverse Power
Randolph,7,7,1735,10-06-2025 15:22:47,Diverse Power
Troup,3,3,17776,10-06-2025 15:22:47,Diverse Power
Harris,1,1,8335,10-06-2025 15:22:47,Diverse Power
Randolph,7,7,1735,10-06-2025 15:37:48,Diverse Power
Troup,3,3,17777,10-06-2025 15:37:48,Diverse Power
Harris,1,1,8335,10-06-2025 15:37:48,Diverse Power
Randolph,7,7,1735,10-06-2025 15:52:50,Diverse Power
Meriwether,2,2,2415,10-06-2025 15:52:50,Diverse Power
Harris,1,1,8335,10-06-2025 15:52:50,Diverse Power
Randolph,7,7,1735,10-06-2025 16:07:50,Diverse Power
Meriwether,2,2,2416,10-06-2025 16:07:50,Diverse Power
Randolph,7,7,1735,10-06-2025 16:22:47,Diverse Power
Meriwether,2,2,2416,10-06-2025 16:22:47,Diverse Power
Randolph,7,7,1735,10-06-2025 16:37:45,Diverse Power
Meriwether,2,2,2416,10-06-2025 16:37:45,Diverse Power
Randolph,7,7,1735,10-06-2025 16:52:47,Diverse Power
Meriwether,2,2,2416,10-06-2025 16:52:47,Diverse Power
Randolph,7,7,1735,10-06-2025 17:07:48,Diverse Power
Randolph,7,7,1735,10-06-2025 17:22:48,Diverse Power
Troup,17,17,17782,10-07-2025 00:22:43,Diverse Power
Troup,38,38,17782,10-07-2025 00:37:43,Diverse Power
Troup,38,38,17782,10-07-2025 00:52:44,Diverse Power
Troup,38,38,17782,10-07-2025 01:07:46,Diverse Power
Troup,38,38,17782,10-07-2025 01:22:44,Diverse Power
Troup,38,38,17782,10-07-2025 01:37:43,Diverse Power
Troup,38,38,17782,10-07-2025 01:52:44,Diverse Power
Troup,38,38,17782,10-07-2025 02:07:43,Diverse Power
Troup,38,38,17782,10-07-2025 02:22:44,Diverse Power
Troup,38,38,17782,10-07-2025 02:37:45,Diverse Power
Troup,38,0,17783,10-07-2025 02:52:42,Diverse Power
Randolph,4,4,1735,10-07-2025 12:37:50,Diverse Power
Randolph,4,4,1735,10-07-2025 12:52:51,Diverse Power
Harris,1,1,8329,10-07-2025 12:52:51,Diverse Power
Randolph,7,7,1735,10-07-2025 13:07:50,Diverse Power
Harris,1,1,8325,10-07-2025 13:07:50,Diverse Power
Randolph,7,7,1735,10-07-2025 13:22:50,Diverse Power
Harris,1,1,8322,10-07-2025 13:22:50,Diverse Power
Randolph,7,7,1735,10-07-2025 13:37:53,Diverse Power
Troup,10,10,17782,10-07-2025 13:37:53,Diverse Power
Calhoun,2,2,1372,10-07-2025 13:37:53,Diverse Power
Randolph,7,7,1735,10-07-2025 13:52:54,Diverse Power
Troup,10,10,17782,10-07-2025 13:52:54,Diverse Power
Calhoun,2,2,1372,10-07-2025 13:52:54,Diverse Power
Randolph,7,7,1735,10-07-2025 14:07:54,Diverse Power
Troup,10,10,17782,10-07-2025 14:07:54,Diverse Power
Calhoun,2,2,1372,10-07-2025 14:07:54,Diverse Power
Randolph,7,7,1735,10-07-2025 14:22:57,Diverse Power
Troup,10,10,17782,10-07-2025 14:22:57,Diverse Power
Calhoun,2,2,1372,10-07-2025 14:22:57,Diverse Power
Randolph,7,7,1735,10-07-2025 14:37:53,Diverse Power
Troup,10,10,17782,10-07-2025 14:37:53,Diverse Power
Calhoun,2,2,1372,10-07-2025 14:37:53,Diverse Power
Randolph,7,7,1735,10-07-2025 14:52:53,Diverse Power
Troup,10,10,17782,10-07-2025 14:52:53,Diverse Power
Calhoun,2,2,1372,10-07-2025 14:52:53,Diverse Power
Randolph,7,7,1735,10-07-2025 15:07:54,Diverse Power
Troup,10,10,17782,10-07-2025 15:07:54,Diverse Power
Randolph,7,7,1735,10-07-2025 15:22:47,Diverse Power
Troup,10,10,17782,10-07-2025 15:22:47,Diverse Power
Randolph,7,7,1735,10-07-2025 15:37:47,Diverse Power
Troup,10,10,17783,10-07-2025 15:37:47,Diverse Power
Randolph,7,7,1735,10-07-2025 15:52:48,Diverse Power
Troup,1,1,17783,10-07-2025 17:07:54,Diverse Power
Troup,1,1,17783,10-07-2025 17:22:53,Diverse Power
Troup,1,1,17783,10-07-2025 17:38:01,Diverse Power
Troup,1,1,17784,10-07-2025 17:52:49,Diverse Power
Troup,1,1,17784,10-07-2025 18:07:49,Diverse Power
Troup,1,1,17784,10-07-2025 18:22:52,Diverse Power
Troup,1,1,17785,10-07-2025 18:37:55,Diverse Power
Troup,1,1,17785,10-07-2025 18:52:54,Diverse Power
Troup,1,1,17785,10-07-2025 19:07:58,Diverse Power
Troup,1,1,17785,10-07-2025 19:22:50,Diverse Power
Troup,1,1,17785,10-07-2025 19:38:07,Diverse Power
Troup,1,1,17785,10-07-2025 19:52:47,Diverse Power
Troup,1,1,17785,10-07-2025 20:07:51,Diverse Power
Troup,1,1,17786,10-07-2025 22:22:48,Diverse Power
Harris,1,1,8320,10-07-2025 23:37:48,Diverse Power
Harris,1,1,8320,10-08-2025 00:22:44,Diverse Power
Harris,1,1,8320,10-08-2025 00:37:42,Diverse Power
Harris,1,1,8320,10-08-2025 00:52:42,Diverse Power
Troup,1,1,17786,10-08-2025 04:07:39,Diverse Power
Troup,1,1,17786,10-08-2025 04:22:42,Diverse Power
Troup,1,1,17786,10-08-2025 04:37:42,Diverse Power
Troup,1,1,17786,10-08-2025 04:52:42,Diverse Power
Troup,1,1,17786,10-08-2025 05:07:42,Diverse Power
Troup,1,1,17786,10-08-2025 05:22:39,Diverse Power
Troup,1,1,17786,10-08-2025 05:37:39,Diverse Power
Troup,1,1,17786,10-08-2025 05:52:39,Diverse Power
Troup,1,1,17786,10-08-2025 12:07:40,Diverse Power
Troup,2,2,17782,10-08-2025 13:07:40,Diverse Power
Troup,2,2,17780,10-08-2025 13:22:40,Diverse Power
Harris,4,4,8309,10-08-2025 13:22:40,Diverse Power
Troup,2,2,17778,10-08-2025 13:37:43,Diverse Power
Troup,14,14,17782,10-08-2025 14:22:48,Diverse Power
Calhoun,1,1,1372,10-08-2025 15:37:47,Diverse Power
Calhoun,1,1,1372,10-08-2025 15:52:47,Diverse Power
Calhoun,1,1,1372,10-08-2025 16:07:49,Diverse Power
Calhoun,1,1,1372,10-08-2025 16:22:48,Diverse Power
Calhoun,1,1,1372,10-08-2025 16:37:47,Diverse Power
Calhoun,1,1,1372,10-08-2025 16:52:47,Diverse Power
Calhoun,1,1,1372,10-08-2025 17:07:49,Diverse Power
Calhoun,1,1,1372,10-08-2025 17:22:48,Diverse Power
Calhoun,1,1,1372,10-08-2025 17:37:48,Diverse Power
Calhoun,1,1,1372,10-08-2025 17:52:48,Diverse Power
Calhoun,1,1,1372,10-08-2025 18:07:47,Diverse Power
Calhoun,1,1,1372,10-08-2025 18:22:52,Diverse Power
Muscogee,4,4,2734,10-08-2025 18:37:47,Diverse Power
Calhoun,1,1,1372,10-08-2025 18:37:47,Diverse Power
Muscogee,4,4,2734,10-08-2025 18:52:48,Diverse Power
Calhoun,1,1,1372,10-08-2025 18:52:48,Diverse Power
Muscogee,4,4,2734,10-08-2025 19:07:50,Diverse Power
Calhoun,1,1,1372,10-08-2025 19:07:50,Diverse Power
Muscogee,4,4,2734,10-08-2025 19:22:44,Diverse Power
Calhoun,1,1,1372,10-08-2025 19:22:44,Diverse Power
Muscogee,4,4,2734,10-08-2025 19:37:44,Diverse Power
Calhoun,1,1,1372,10-08-2025 19:37:44,Diverse Power
Muscogee,4,4,2734,10-08-2025 19:52:44,Diverse Power
Calhoun,1,1,1372,10-08-2025 19:52:44,Diverse Power
Meriwether,2,2,2420,10-08-2025 19:52:44,Diverse Power
Calhoun,1,1,1372,10-08-2025 20:07:42,Diverse Power
Meriwether,2,2,2420,10-08-2025 20:07:42,Diverse Power
Calhoun,1,1,1372,10-08-2025 20:22:39,Diverse Power
Meriwether,2,2,2420,10-08-2025 20:22:39,Diverse Power
Calhoun,1,1,1372,10-08-2025 20:37:41,Diverse Power
Meriwether,2,2,2420,10-08-2025 20:37:41,Diverse Power
Calhoun,1,1,1372,10-08-2025 20:52:40,Diverse Power
Calhoun,1,1,1372,10-08-2025 21:07:40,Diverse Power
Calhoun,1,1,1372,10-08-2025 21:22:42,Diverse Power
Calhoun,1,1,1372,10-08-2025 21:37:42,Diverse Power
Troup,1,1,17790,10-08-2025 23:22:42,Diverse Power
Harris,2,2,8320,10-09-2025 01:07:39,Diverse Power
Meriwether,1,1,2420,10-09-2025 14:37:48,Diverse Power
Meriwether,1,1,2420,10-09-2025 14:52:49,Diverse Power
Meriwether,1,1,2420,10-09-2025 15:07:50,Diverse Power
Meriwether,1,1,2420,10-09-2025 15:22:57,Diverse Power
Meriwether,1,1,2420,10-09-2025 15:37:49,Diverse Power
Meriwether,1,1,2420,10-09-2025 15:52:49,Diverse Power
Clay,1,1,978,10-10-2025 13:07:44,Diverse Power
Harris,3,3,8318,10-10-2025 14:37:43,Diverse Power
Harris,3,3,8318,10-10-2025 14:52:43,Diverse Power
Troup,2,2,17706,10-10-2025 15:07:43,Diverse Power
Harris,3,3,8317,10-10-2025 15:07:43,Diverse Power
Troup,2,2,17706,10-10-2025 15:22:46,Diverse Power
Muscogee,8,8,2736,10-10-2025 15:22:46,Diverse Power
Harris,3,3,8317,10-10-2025 15:22:46,Diverse Power
Muscogee,62,62,2736,10-10-2025 15:37:47,Diverse Power
Harris,3,3,8318,10-10-2025 15:37:47,Diverse Power
Muscogee,62,62,2736,10-10-2025 15:52:46,Diverse Power
Harris,3,3,8318,10-10-2025 15:52:46,Diverse Power
Troup,2,2,17718,10-10-2025 16:07:45,Diverse Power
Muscogee,62,62,2736,10-10-2025 16:07:45,Diverse Power
Harris,3,3,8318,10-10-2025 16:07:45,Diverse Power
Muscogee,62,62,2736,10-10-2025 16:22:44,Diverse Power
Harris,3,3,8318,10-10-2025 16:22:44,Diverse Power
Muscogee,62,62,2736,10-10-2025 16:37:45,Diverse Power
Harris,3,3,8318,10-10-2025 16:37:45,Diverse Power
Muscogee,62,62,2737,10-10-2025 16:52:40,Diverse Power
Harris,3,3,8318,10-10-2025 16:52:40,Diverse Power
Harris,3,3,8318,10-10-2025 17:07:40,Diverse Power
Harris,3,3,8318,10-10-2025 17:22:40,Diverse Power
Harris,3,3,8318,10-10-2025 17:37:42,Diverse Power
Troup,1,1,17771,10-10-2025 22:22:46,Diverse Power
Randolph,31,31,1736,10-11-2025 16:37:41,Diverse Power
Randolph,31,31,1736,10-11-2025 16:52:47,Diverse Power
Randolph,31,31,1736,10-11-2025 17:07:45,Diverse Power
Randolph,31,31,1736,10-11-2025 17:22:46,Diverse Power
Randolph,31,31,1736,10-11-2025 17:37:47,Diverse Power
Randolph,31,31,1736,10-11-2025 17:52:48,Diverse Power
Meriwether,1,1,2421,10-11-2025 17:52:48,Diverse Power
Randolph,31,31,1736,10-11-2025 18:07:49,Diverse Power
Randolph,4,4,1736,10-11-2025 18:22:50,Diverse Power
Randolph,4,4,1736,10-11-2025 18:37:49,Diverse Power
Randolph,4,0,1736,10-11-2025 18:52:46,Diverse Power
Troup,1,1,17827,10-13-2025 13:07:45,Diverse Power
Troup,1,1,17822,10-13-2025 13:22:48,Diverse Power
Troup,1,1,17824,10-13-2025 13:37:47,Diverse Power
Troup,1,1,17822,10-13-2025 13:52:48,Diverse Power
Randolph,1,1,1733,10-13-2025 14:07:48,Diverse Power
Troup,1,1,17822,10-13-2025 14:07:48,Diverse Power
Randolph,1,1,1733,10-13-2025 14:22:50,Diverse Power
Troup,1,1,17822,10-13-2025 14:22:50,Diverse Power
Randolph,1,1,1733,10-13-2025 14:37:55,Diverse Power
Troup,3,3,17821,10-13-2025 14:37:55,Diverse Power
Randolph,1,1,1733,10-13-2025 14:52:52,Diverse Power
Randolph,1,0,1734,10-13-2025 15:07:55,Diverse Power
Meriwether,1,1,2438,10-13-2025 15:37:51,Diverse Power
Meriwether,1,1,2438,10-13-2025 15:52:46,Diverse Power
Meriwether,1,1,2438,10-13-2025 16:07:49,Diverse Power
Meriwether,1,1,2438,10-13-2025 16:22:53,Diverse Power
Meriwether,1,1,2438,10-13-2025 16:37:57,Diverse Power
Meriwether,1,1,2438,10-13-2025 16:52:57,Diverse Power
Troup,1,1,17825,10-13-2025 17:07:50,Diverse Power
Meriwether,1,1,2438,10-13-2025 17:07:50,Diverse Power
Troup,1,1,17825,10-13-2025 17:22:50,Diverse Power
Meriwether,1,1,2438,10-13-2025 17:22:50,Diverse Power
Troup,1,1,17826,10-13-2025 17:37:52,Diverse Power
Meriwether,1,1,2438,10-13-2025 17:37:52,Diverse Power
Troup,1,1,17826,10-13-2025 17:52:48,Diverse Power
Meriwether,1,1,2438,10-13-2025 17:52:48,Diverse Power
Troup,4,4,17825,10-13-2025 18:07:47,Diverse Power
Meriwether,1,1,2438,10-13-2025 18:07:47,Diverse Power
Troup,4,4,17826,10-13-2025 18:22:47,Diverse Power
Meriwether,1,1,2438,10-13-2025 18:22:47,Diverse Power
Troup,4,4,17825,10-13-2025 18:37:46,Diverse Power
Meriwether,1,1,2438,10-13-2025 18:37:46,Diverse Power
Troup,4,4,17826,10-13-2025 18:52:46,Diverse Power
Meriwether,1,1,2438,10-13-2025 18:52:46,Diverse Power
Troup,4,4,17827,10-13-2025 19:07:54,Diverse Power
Meriwether,1,1,2438,10-13-2025 19:07:54,Diverse Power
Troup,4,4,17827,10-13-2025 19:22:52,Diverse Power
Meriwether,1,1,2438,10-13-2025 19:22:52,Diverse Power
Troup,4,4,17827,10-13-2025 19:37:49,Diverse Power
Meriwether,1,1,2438,10-13-2025 19:37:49,Diverse Power
Meriwether,1,1,2438,10-13-2025 19:52:42,Diverse Power
Harris,1,1,8372,10-14-2025 11:37:42,Diverse Power
Harris,1,1,8372,10-14-2025 11:52:41,Diverse Power
Harris,1,1,8372,10-14-2025 12:07:42,Diverse Power
Harris,1,1,8372,10-14-2025 12:22:44,Diverse Power
Harris,1,1,8372,10-14-2025 12:37:47,Diverse Power
Harris,1,1,8371,10-14-2025 12:52:48,Diverse Power
Harris,1,1,8367,10-14-2025 13:07:45,Diverse Power
Harris,1,1,8368,10-14-2025 13:22:49,Diverse Power
Harris,1,1,8370,10-14-2025 13:37:46,Diverse Power
Harris,1,1,8370,10-14-2025 13:52:49,Diverse Power
Harris,1,1,8371,10-14-2025 14:07:52,Diverse Power
Harris,1,1,8371,10-14-2025 14:22:55,Diverse Power
Chambers,1,1,687,10-14-2025 14:37:58,Diverse Power
Chambers,1,1,687,10-14-2025 14:52:52,Diverse Power
Chambers,1,1,687,10-14-2025 15:07:52,Diverse Power
Chambers,1,1,687,10-14-2025 15:22:47,Diverse Power
Chambers,1,1,687,10-14-2025 15:37:50,Diverse Power
Chambers,1,1,687,10-14-2025 15:52:48,Diverse Power
Troup,5,5,17836,10-15-2025 00:37:44,Diverse Power
Troup,5,5,17836,10-15-2025 00:52:45,Diverse Power
Troup,2,2,17838,10-15-2025 12:52:43,Diverse Power
Troup,2,2,17839,10-15-2025 13:07:45,Diverse Power
Troup,2,2,17839,10-15-2025 13:22:46,Diverse Power
Troup,2,2,17839,10-15-2025 13:37:49,Diverse Power
Troup,2,2,17839,10-15-2025 13:52:52,Diverse Power
Troup,2,2,17839,10-15-2025 14:07:50,Diverse Power
Troup,2,2,17840,10-15-2025 14:22:51,Diverse Power
Troup,2,2,17840,10-15-2025 14:37:54,Diverse Power
Muscogee,1,1,2746,10-15-2025 17:37:47,Diverse Power
Muscogee,1,1,2746,10-15-2025 17:52:49,Diverse Power
Muscogee,1,1,2746,10-15-2025 18:07:47,Diverse Power
Muscogee,1,1,2746,10-15-2025 18:22:46,Diverse Power
Quitman,2,2,1314,10-16-2025 00:22:43,Diverse Power
Quitman,2,2,1314,10-16-2025 00:52:43,Diverse Power
Randolph,5,5,1737,10-16-2025 09:22:43,Diverse Power
Randolph,5,5,1737,10-16-2025 09:37:43,Diverse Power
Randolph,5,5,1737,10-16-2025 09:52:42,Diverse Power
Randolph,5,5,1737,10-16-2025 10:07:44,Diverse Power
Randolph,5,5,1737,10-16-2025 10:22:43,Diverse Power
Randolph,4,0,1737,10-16-2025 10:37:42,Diverse Power
Troup,2,2,17837,10-16-2025 12:07:45,Diverse Power
Troup,2,2,17837,10-16-2025 12:22:46,Diverse Power
Troup,2,2,17837,10-16-2025 12:37:40,Diverse Power
Harris,3,3,8368,10-16-2025 12:37:40,Diverse Power
Troup,2,2,17837,10-16-2025 12:52:40,Diverse Power
Harris,3,3,8368,10-16-2025 12:52:40,Diverse Power
Troup,2,2,17837,10-16-2025 13:07:40,Diverse Power
Troup,2,2,17837,10-16-2025 13:22:40,Diverse Power
Troup,2,2,17838,10-16-2025 13:37:43,Diverse Power
Muscogee,3,3,2745,10-16-2025 13:37:43,Diverse Power
Harris,1,1,8367,10-16-2025 13:37:43,Diverse Power
Troup,2,2,17838,10-16-2025 13:52:46,Diverse Power
Muscogee,3,3,2745,10-16-2025 13:52:46,Diverse Power
Troup,2,2,17838,10-16-2025 14:07:47,Diverse Power
Troup,2,2,17838,10-16-2025 14:22:52,Diverse Power
Troup,3,3,17840,10-16-2025 14:37:54,Diverse Power
Troup,3,3,17841,10-16-2025 14:52:45,Diverse Power
Heard,1,1,484,10-16-2025 15:37:42,Diverse Power
Muscogee,5,5,2744,10-16-2025 16:52:48,Diverse Power
Muscogee,5,5,2744,10-16-2025 17:07:49,Diverse Power
Harris,1,1,8367,10-16-2025 17:07:49,Diverse Power
Muscogee,5,5,2744,10-16-2025 17:22:49,Diverse Power
Harris,1,1,8367,10-16-2025 17:22:49,Diverse Power
Harris,1,1,8367,10-16-2025 17:37:48,Diverse Power
Harris,1,1,8367,10-16-2025 17:52:47,Diverse Power
Harris,1,1,8367,10-16-2025 18:07:41,Diverse Power
Harris,1,1,8367,10-16-2025 18:22:45,Diverse Power
Harris,1,1,8367,10-16-2025 18:37:46,Diverse Power
Harris,1,1,8367,10-16-2025 18:52:46,Diverse Power
Harris,1,1,8367,10-16-2025 19:07:45,Diverse Power
Harris,1,1,8367,10-16-2025 19:22:48,Diverse Power
Calhoun,3,3,1372,10-16-2025 21:22:40,Diverse Power
Calhoun,1,1,1372,10-16-2025 21:37:41,Diverse Power
Calhoun,1,1,1372,10-16-2025 21:52:42,Diverse Power
Calhoun,1,1,1372,10-16-2025 22:07:42,Diverse Power
Calhoun,1,1,1372,10-16-2025 22:22:40,Diverse Power
Troup,1,1,17841,10-17-2025 12:22:40,Diverse Power
Troup,2,2,17841,10-17-2025 12:37:41,Diverse Power
Troup,5,5,17841,10-17-2025 12:52:45,Diverse Power
Troup,5,5,17841,10-17-2025 13:07:46,Diverse Power
Troup,6,6,17841,10-17-2025 13:22:45,Diverse Power
Troup,2,2,17839,10-17-2025 13:37:44,Diverse Power
Troup,2,2,17839,10-17-2025 13:52:43,Diverse Power
Troup,2,2,17840,10-17-2025 14:07:43,Diverse Power
Troup,2,2,17840,10-17-2025 14:22:46,Diverse Power
Clay,5,5,977,10-17-2025 14:22:46,Diverse Power
Clay,5,5,977,10-17-2025 14:37:47,Diverse Power
Clay,5,5,977,10-17-2025 14:52:46,Diverse Power
Clay,5,5,977,10-17-2025 15:07:46,Diverse Power
Harris,106,106,8367,10-17-2025 16:37:46,Diverse Power
Harris,106,106,8367,10-17-2025 16:52:43,Diverse Power
Harris,106,106,8367,10-17-2025 17:07:44,Diverse Power
Harris,106,106,8367,10-17-2025 17:22:44,Diverse Power
Harris,106,106,8367,10-17-2025 17:37:44,Diverse Power
Harris,106,106,8367,10-17-2025 17:52:46,Diverse Power
Meriwether,2,2,2440,10-17-2025 18:07:44,Diverse Power
Harris,37,37,8367,10-17-2025 18:07:44,Diverse Power
Meriwether,2,2,2440,10-17-2025 18:22:43,Diverse Power
Harris,37,37,8367,10-17-2025 18:22:43,Diverse Power
Troup,91,91,17841,10-17-2025 18:37:42,Diverse Power
Harris,37,37,8367,10-17-2025 18:37:42,Diverse Power
Troup,91,91,17841,10-17-2025 18:52:44,Diverse Power
Harris,37,37,8368,10-17-2025 18:52:44,Diverse Power
Troup,91,91,17842,10-17-2025 19:07:48,Diverse Power
Harris,37,37,8368,10-17-2025 19:07:48,Diverse Power
Troup,91,91,17842,10-17-2025 19:22:47,Diverse Power
Harris,37,37,8368,10-17-2025 19:22:47,Diverse Power
Harris,37,37,8368,10-17-2025 19:37:47,Diverse Power
Harris,37,37,8368,10-17-2025 19:52:48,Diverse Power
Harris,40,40,8368,10-17-2025 20:07:42,Diverse Power
Harris,2,2,8368,10-17-2025 20:37:45,Diverse Power
Harris,2,2,8368,10-17-2025 20:52:43,Diverse Power
Harris,1,1,8370,10-18-2025 22:22:42,Diverse Power
Harris,1,1,8370,10-18-2025 22:37:43,Diverse Power
Harris,2,2,8370,10-19-2025 12:53:08,Diverse Power
Harris,2,2,8370,10-19-2025 13:08:04,Diverse Power
Troup,2,2,17842,10-19-2025 15:37:59,Diverse Power
Troup,2,2,17842,10-19-2025 15:52:59,Diverse Power
Troup,2,2,17842,10-19-2025 16:07:54,Diverse Power
Calhoun,1,1,1371,10-19-2025 16:07:54,Diverse Power
Troup,2,2,17842,10-19-2025 16:22:56,Diverse Power
Calhoun,1,1,1371,10-19-2025 16:22:56,Diverse Power
Calhoun,1,1,1371,10-19-2025 16:37:54,Diverse Power
Calhoun,1,1,1371,10-19-2025 16:52:56,Diverse Power
Troup,1,1,17842,10-20-2025 12:22:41,Diverse Power
Troup,51,51,17843,10-20-2025 13:37:46,Diverse Power
Troup,51,51,17843,10-20-2025 13:52:51,Diverse Power
Calhoun,3,3,1371,10-20-2025 15:22:52,Diverse Power
Calhoun,1,1,1371,10-20-2025 15:37:47,Diverse Power
Calhoun,1,1,1371,10-20-2025 15:52:48,Diverse Power
Calhoun,1,1,1371,10-20-2025 16:07:51,Diverse Power
Meriwether,1,1,2441,10-20-2025 16:07:51,Diverse Power
Calhoun,1,1,1371,10-20-2025 16:22:48,Diverse Power
Meriwether,1,1,2442,10-20-2025 16:22:48,Diverse Power
Meriwether,1,1,2442,10-21-2025 13:07:44,Diverse Power
Troup,1,1,17842,10-21-2025 17:07:52,Diverse Power
Troup,1,1,17842,10-21-2025 17:22:51,Diverse Power
